#pragma once

static const unsigned int hindi_size = 230116;
static const unsigned int hindi_data[57530] = {
0x00000100, 0x00011000, 0x00000400, 0x4d544646, 0x15d8a391, 0xc8820300, 0x1c000000, 0x46454447, 
0x979b79a0, 0xf8560200, 0xf8030000, 0x534f5047, 0x04d37f26, 0x90320300, 0x38500000, 0x42555347, 
0x7695c767, 0xf05a0200, 0xa0d70000, 0x322f534f, 0x577e1a01, 0x88010000, 0x60000000, 0x70616d63, 
0xefadc01e, 0x38150000, 0x84040000, 0x70736167, 0x10000000, 0xf0560200, 0x08000000, 0x66796c67, 
0xeb0074c2, 0x70230000, 0x58e50100, 0x64616568, 0x5f530e14, 0x0c010000, 0x36000000, 0x61656868, 
0xd503a406, 0x44010000, 0x24000000, 0x78746d68, 0x51252ef9, 0xe8010000, 0x4e130000, 0x61636f6c, 
0x222f32a7, 0xc4190000, 0xaa090000, 0x7078616d, 0x3401e804, 0x68010000, 0x20000000, 0x656d616e, 
0xe672a971, 0xc8080200, 0x40080000, 0x74736f70, 0x998c2a17, 0x08110200, 0xe7450000, 0x70657270, 
0x858c0668, 0xbc190000, 0x07000000, 0x00000100, 0x06010200, 0x1744670a, 0xf53c0f5f, 0xe8030b00, 
0x00000000, 0xa33f83d1, 0x00000000, 0x18ce49e0, 0x76fea2fd, 0x43057f05, 0x08000000, 0x00000200, 
0x00000000, 0x00000100, 0x68fe8003, 0x15050000, 0x84fba2fd, 0x01007f05, 0x00000000, 0x00000000, 
0x00000000, 0xd3040000, 0x00000100, 0xa300d404, 0x8f000800, 0x01000800, 0x00000000, 0x00000000, 
0x00000000, 0x01000300, 0x31020400, 0x05009001, 0x8a020000, 0x00005802, 0x8a024b00, 0x00005802, 
0x32005e01, 0x00004201, 0x00000000, 0x00000000, 0x00800000, 0x00002380, 0x00004620, 0x00000000, 
0x4f470000, 0xc000474f, 0xffa80000, 0x68fe8003, 0x43050000, 0x00009801, 0x00009300, 0x18020000, 
0x00006e02, 0x0a002000, 0x5e005802, 0x00000000, 0x00004d01, 0x00000000, 0x00000401, 0x00000401, 
0x93007f01, 0x7300f601, 0x22008d02, 0x3e003c02, 0x39003c03, 0x3500dc02, 0x73004601, 0x44006201, 
0x3b006201, 0x49005f02, 0x32002702, 0x2e000c01, 0x31005401, 0x48000c01, 0x2a00ad01, 0x30002702, 
0x57002702, 0x2f002702, 0x28002702, 0x0b002702, 0x40002702, 0x37002702, 0x2c002702, 0x34002702, 
0x34002702, 0x55002601, 0x2c002601, 0x32002702, 0x32002702, 0x32002702, 0x47000602, 0x3a008303, 
0x00007f02, 0x61008a02, 0x3d007802, 0x6100da02, 0x61002c02, 0x61000702, 0x3d00d802, 0x6100e502, 
0x28005301, 0xb2ff1101, 0x61006b02, 0x61000c02, 0x61008b03, 0x6100f802, 0x3d000d03, 0x61005d02, 
0x3d000d03, 0x61006e02, 0x33002502, 0x0a002c02, 0x5a00db02, 0x00005802, 0x0c00a203, 0x04004a02, 
0x00003602, 0x26003c02, 0x6c006401, 0x2a00ad01, 0x36006401, 0x1d002702, 0xfeff9b01, 0x28001901, 
0x2e003102, 0x55006702, 0x3700e001, 0x37006702, 0x37003402, 0x0f005801, 0x37006702, 0x55006a02, 
0x4e000201, 0xc9ff0201, 0x55001602, 0x55000201, 0x5500a703, 0x55006a02, 0x37005d02, 0x55006702, 
0x37006702, 0x55009d01, 0x3300df01, 0x10006901, 0x4f006a02, 0x0000fc01, 0x0b001203, 0x12001102, 
0x0100fe01, 0x2700d601, 0x2c008701, 0xea001c02, 0x36007801, 0x32002702, 0x00000401, 0x48000d01, 
0x5b003c02, 0x20003c02, 0x0e003c02, 0x3b000102, 0x95004402, 0x31004003, 0x20006501, 0x2800fd01, 
0x31004003, 0xfdfff401, 0x3700ac01, 0x28001901, 0x37008f02, 0x48000c01, 0x0e00e100, 0x20007801, 
0x2700fd01, 0x1800b201, 0x00007f02, 0x00007f02, 0x00007f02, 0x00007f02, 0x00007f02, 0x00007f02, 
0xffff7103, 0x3d007802, 0x61002c02, 0x61002c02, 0x61002c02, 0x61002c02, 0x28005301, 0x28005301, 
0x01005301, 0x1e005301, 0x1e00da02, 0x6100f802, 0x3d000d03, 0x3d000d03, 0x3d000d03, 0x3d000d03, 
0x3d000d03, 0x45002702, 0x3d000d03, 0x5a00db02, 0x5a00db02, 0x5a00db02, 0x5a00db02, 0x00003602, 
0x61005d02, 0x55007702, 0x2e003102, 0x2e003102, 0x2e003102, 0x2e003102, 0x2e003102, 0x2e003102, 
0x2e006003, 0x3700e001, 0x37003402, 0x37003402, 0x37003402, 0x37003402, 0xffff0201, 0x4c000201, 
0xd8ff0201, 0xf5ff0201, 0x37005d02, 0x55006a02, 0x37005d02, 0x37005d02, 0x37005d02, 0x37005d02, 
0x37005d02, 0x32002702, 0x37005d02, 0x4f006a02, 0x4f006a02, 0x4f006a02, 0x4f006a02, 0x0100fe01, 
0x55006702, 0x0100fe01, 0x00007f02, 0x2e003102, 0x00007f02, 0x2e003102, 0x00007f02, 0x2e003102, 
0x3d007802, 0x3700e001, 0x3d007802, 0x3700e001, 0x3d007802, 0x3700e001, 0x6100da02, 0x37006702, 
0x1e00da02, 0x37006902, 0x61002c02, 0x37003402, 0x61002c02, 0x37003402, 0x61002c02, 0x37003402, 
0x61002c02, 0x37003402, 0x3d00d802, 0x37006702, 0x3d00d802, 0x37006702, 0x3d00d802, 0x37006702, 
0x0000e502, 0x09006a02, 0x15005301, 0xecff0201, 0x28005301, 0x1b000201, 0x28005301, 0x55000201, 
0x28006402, 0x4e000402, 0x61006b02, 0x55001602, 0x57000c02, 0x4c000201, 0x61000c02, 0x41000201, 
0x61000c02, 0x55000201, 0x0d000c02, 0xf7ff0201, 0x6100f802, 0x55006a02, 0x6100f802, 0x55006a02, 
0x6100f802, 0x55006a02, 0x6100f802, 0x55006a02, 0x3d000d03, 0x37005d02, 0x3d000d03, 0x37005d02, 
0x3d00a003, 0x3600b203, 0x61006e02, 0x55009d01, 0x61006e02, 0x3e009d01, 0x61006e02, 0x47009d01, 
0x33002502, 0x3300df01, 0x33002502, 0x3300df01, 0x33002502, 0x3300df01, 0x0a002c02, 0x10006901, 
0x5a00db02, 0x4f006a02, 0x5a00db02, 0x4f006a02, 0x5a00db02, 0x4f006a02, 0x5a00db02, 0x4f006a02, 
0x5a00db02, 0x4f006a02, 0x0c00a203, 0x0b001203, 0x00003602, 0x0100fe01, 0x00003602, 0x26003c02, 
0x2700d601, 0x26003c02, 0x2700d601, 0x26003c02, 0x2700d601, 0x33002502, 0x3300df01, 0x0a002c02, 
0x10006901, 0xc9ff0201, 0x51003801, 0x2800a201, 0x2800a201, 0x28007901, 0x28008701, 0x2800b700, 
0x28002c01, 0x2800f500, 0x2800bf01, 0x2800b701, 0x13fe0000, 0xbbfe0000, 0x59ff0000, 0x15fe0000, 
0x6cff0000, 0x65ff0000, 0xcdff0000, 0x73ff0000, 0x94ff0000, 0x82ff0000, 0x57ff0000, 0xb1ff0000, 
0xc0ff0000, 0x9eff0000, 0xaeff0000, 0xa0fe0000, 0xa0fe0000, 0x47ff0000, 0x4e001001, 0x1d00fc02, 
0x1d00fc02, 0x1d00ff03, 0x0000eb01, 0x0000eb01, 0x00002402, 0x0000fd02, 0x00005503, 0x0000bb02, 
0x00002902, 0x00002902, 0x00002902, 0x00002902, 0x1d00ff03, 0x1d00ff03, 0x1d00ff03, 0x1d00ff03, 
0x0000fa02, 0x00003203, 0x00003302, 0x00004f02, 0x00008702, 0x00007a02, 0x0000bd02, 0x0000e602, 
0x0000f402, 0x0000e602, 0x0000f801, 0x00004902, 0x00004102, 0x00003302, 0x0000d302, 0x00003a02, 
0x2e008202, 0x00000802, 0x2a006702, 0x00002b02, 0x00002b02, 0x00003802, 0x00000303, 0x00003b02, 
0x2e00bf02, 0x00005602, 0x00004402, 0x00009901, 0x00009901, 0x0000a602, 0x0000f802, 0x0000f802, 
0x00002c02, 0x2800a802, 0x00004202, 0x0000a402, 0x00001302, 0x56ff0000, 0x00000301, 0xaefe0000, 
0x1a00d301, 0x00000301, 0x00000301, 0x24ff0301, 0x39fe0000, 0xb3fe0000, 0xf6fe0000, 0xf6fe0000, 
0xa0fe0000, 0x25fe0000, 0x67fe0000, 0x54fe0000, 0x85ff0301, 0x28ff0301, 0x6aff0301, 0x57ff0301, 
0x4dff0000, 0x67001101, 0x1cff0301, 0x1d008603, 0x5bff0000, 0x63fe0000, 0xf6fe0000, 0x4eff0000, 
0xadfe0000, 0x0bfe0000, 0x0bfe0000, 0x0000fa02, 0x00003203, 0x00003302, 0x0000e602, 0x00004102, 
0x00003302, 0x00000303, 0x00004402, 0x00005503, 0x0000bb02, 0x2efe0000, 0x2efe0000, 0xc2007b01, 
0xc2005702, 0x4b002702, 0x80002702, 0x54002702, 0x5a002702, 0x3e002702, 0x54002702, 0x67002702, 
0x26002702, 0x48002702, 0x47002702, 0x4000aa01, 0x69003d01, 0x1d00fc02, 0x1d00fc02, 0x1d00ff03, 
0x1d00ff03, 0x1d00fc02, 0x1d00fc02, 0x00002b02, 0x0000e602, 0x00004402, 0x00003302, 0x0000d302, 
0x3f00d501, 0x00004102, 0x00003b02, 0x9bfe0000, 0x9bfe0000, 0xa8fe0000, 0x32001201, 0xf1fe0000, 
0x31fe0000, 0x50fe0000, 0x45fe0000, 0xa0fe0000, 0xcffe0000, 0x20ff0000, 0xf1fe0000, 0x5bff0000, 
0x33ff0000, 0xc0fe0000, 0x32fe0000, 0x2900ba01, 0xdbff8c01, 0xedfe0000, 0x83ffd100, 0x2400cd00, 
0x2400cd00, 0x83ffd100, 0x83ff1101, 0xdeffd200, 0x33001e03, 0x2a00ec02, 0x2a00ef02, 0x2a003c03, 
0x57ff0000, 0x38001b02, 0x3a00cc01, 0x29001f02, 0x2400f701, 0x27000202, 0x27001e02, 0xa0fe0000, 
0x2d000a02, 0x2f007402, 0x19ff0000, 0xadfe0000, 0x0c00a203, 0x0b001203, 0x0c00a203, 0x0b001203, 
0x0c00a203, 0x0b001203, 0x5a00c502, 0x00003602, 0x0100fe01, 0x00000000, 0xe6ff0000, 0x6eff0000, 
0x31005401, 0x2800f401, 0x2800e803, 0x52003801, 0x51003801, 0x1f00fa00, 0x5300f401, 0x5100f401, 
0x1f00a001, 0x4d007801, 0x48002403, 0x28003601, 0x27003601, 0x17003c02, 0x48002702, 0x52ff0000, 
0x11000503, 0x32002702, 0x3400fe01, 0x4e00ed00, 0x4e00b501, 0x4e007d02, 0x28006e02, 0x28006e02, 
0x28006e02, 0x4300cc01, 0x3900fd01, 0x63ff3301, 0x63ff5101, 0x19ff0000, 0x2fff0000, 0x28ff0000, 
0x2cff0000, 0x1aff0000, 0x14ff0000, 0x15ff0000, 0xf5fe0000, 0x1cff0000, 0x12ff0000, 0xa0fe0000, 
0xddfe0000, 0xaafe0000, 0xd7fe0000, 0xdffe0000, 0x10ff0000, 0x8cfe0000, 0x10ff0000, 0x36000b02, 
0x3a001502, 0x3a001502, 0x3a001502, 0x3a001502, 0x3a001502, 0x3900da02, 0x3a00a002, 0x5bff0000, 
0x5800b802, 0x13001b03, 0x00006102, 0x00002902, 0x19fe0000, 0x1d00fc02, 0x1d00fc02, 0x1d00ff03, 
0x0000eb01, 0x0000eb01, 0x00002402, 0x0000fd02, 0x00005503, 0x0000bb02, 0x00002902, 0x00002902, 
0x00002902, 0x00002902, 0x1d00ff03, 0x1d00ff03, 0x1d00ff03, 0x1d00ff03, 0x00005503, 0x0000bb02, 
0x1d00fc02, 0x00004f02, 0x00008702, 0x00007a02, 0x0000bd02, 0x0000f402, 0x0000e602, 0x0000f801, 
0x00004902, 0x0000d302, 0x00003a02, 0x2e008202, 0x00000802, 0x2a006702, 0x00003802, 0x00003b02, 
0x2e00bf02, 0x00005602, 0x0000a602, 0x00002c02, 0x2800a802, 0x00004202, 0x00009f02, 0x00001302, 
0x2e00c802, 0x00008102, 0x10ff0000, 0x2efe0000, 0x00005b02, 0x00008802, 0x00001901, 0x00005f01, 
0x00008702, 0x00008c01, 0x0000bd02, 0x00003c02, 0x0000f101, 0x00001c02, 0x0000f801, 0x00004902, 
0x00004102, 0x00003302, 0x0000d301, 0x00005d01, 0x2e008501, 0x00000802, 0x2a006a01, 0x00006601, 
0x00003401, 0x00006402, 0x00009101, 0x2e00b701, 0x00005e01, 0x00004801, 0x00008f01, 0x0000f401, 
0x0000cc02, 0x00008801, 0x28009701, 0x00007801, 0x00008501, 0x0000b001, 0x00003c02, 0x00004801, 
0x2e00cc01, 0x0000a201, 0x00005b02, 0x00008802, 0x00001901, 0x00005f01, 0x00008702, 0x00008c01, 
0x0000bd02, 0x00003c02, 0x0000f101, 0x00001c02, 0x0000f801, 0x00004902, 0x00004102, 0x00003302, 
0x0000d301, 0x00005d01, 0x2e008501, 0x00000802, 0x2a006a01, 0x00006601, 0x00003401, 0x00006402, 
0x00009101, 0x2e00b701, 0x00005e01, 0x00004801, 0x0000f401, 0x0000cc02, 0x00008801, 0x28009701, 
0x00007801, 0x00008501, 0x0000b001, 0x0000fa02, 0x00003203, 0x00003302, 0x00004f02, 0x00008702, 
0x00007a02, 0x0000bd02, 0x00000803, 0x00003203, 0x00000303, 0x0000f801, 0x00004902, 0x00004102, 
0x00003302, 0x0000d302, 0x00002802, 0x2e008202, 0x00000802, 0x2a006702, 0x00002b02, 0x00003802, 
0x00000303, 0x00003b02, 0x2e00bf02, 0x00005602, 0x00004402, 0xf5ff9901, 0x0000ba02, 0x0000f802, 
0x00002c02, 0x1c00c302, 0x00004202, 0x0000cb02, 0x00002c02, 0x00002b02, 0x00000803, 0x00004402, 
0x2e00f402, 0x0000cd02, 0x0000fa02, 0x00003203, 0x00003302, 0x00004f02, 0x00008702, 0x00007a02, 
0x0000bd02, 0x00000803, 0x00003203, 0x00000303, 0x0000f801, 0x00004902, 0x00004102, 0x00003302, 
0x0000d302, 0x00002802, 0x2e008202, 0x00000802, 0x2a006702, 0x00002b02, 0x00003802, 0x00000303, 
0x00003b02, 0x2e00bf02, 0x00005602, 0x00004402, 0xf5ff9901, 0x0000ba02, 0x0000f802, 0x00002c02, 
0x1c00c302, 0x00004202, 0x0000cb02, 0x00002c02, 0x00005b02, 0x00008802, 0x00005001, 0x00005f01, 
0x00008702, 0x00008702, 0x00008c01, 0x0000bd02, 0x00005e02, 0x00008802, 0x00005902, 0x0000f801, 
0x0000f801, 0x00004902, 0x00004902, 0x00004102, 0x00004102, 0x00003302, 0x00003302, 0x0000ef01, 
0x00007e01, 0x2e008501, 0x2a006a01, 0x00008101, 0x00003401, 0x00006402, 0x00009101, 0x2e001502, 
0x0000ac01, 0x00004801, 0x00008f01, 0x0000f401, 0x0000cc02, 0x00008801, 0x1c001902, 0x00007801, 
0x00002b02, 0x00002c02, 0x00005e02, 0x00004801, 0x2e004a02, 0x00002302, 0x00005b02, 0x00008802, 
0x00005001, 0x00005f01, 0x00008702, 0x00008c01, 0x0000bd02, 0x00005e02, 0x00008802, 0x00005902, 
0x0000f801, 0x00004902, 0x00004102, 0x00003302, 0x0000ef01, 0x00007e01, 0x2e008501, 0x2a006a01, 
0x00008101, 0x00003401, 0x00006402, 0x00009101, 0x2e001502, 0x0000ac01, 0x00004801, 0x0000f401, 
0x0000cc02, 0x00008801, 0x1c001902, 0x00007801, 0x00002b02, 0x00002c02, 0x00001302, 0x00001302, 
0x00001302, 0x00001302, 0x00002602, 0x00002602, 0x00001302, 0x00001302, 0x00002602, 0x00002602, 
0x00002c02, 0x00002c02, 0x00002c02, 0x00002c02, 0x00003302, 0x00001303, 0x00000802, 0x00000802, 
0x00000802, 0x00000802, 0x00000802, 0x00000802, 0x00003302, 0x00001303, 0x00000802, 0x00000802, 
0x00000802, 0x00004102, 0x00004102, 0x00003302, 0x00003302, 0x47ff0000, 0x05ff0000, 0x05ff0000, 
0x00000301, 0x00000301, 0x00000301, 0x24ff0301, 0x24ff0301, 0x24ff0301, 0xa0fe0000, 0xf1fd0000, 
0xf1fd0000, 0x25fe0000, 0x25fe0000, 0x25fe0000, 0x67fe0000, 0x67fe0000, 0x67fe0000, 0x54fe0000, 
0x54fe0000, 0x54fe0000, 0x85ff0301, 0xf4fe0301, 0xf4fe0301, 0x28ff0301, 0x28ff0301, 0x28ff0301, 
0x6aff0301, 0x6aff0301, 0x6aff0301, 0x57ff0301, 0x57ff0301, 0x57ff0301, 0x1cff0301, 0xdbfe0301, 
0xdbfe0301, 0x10ff0000, 0x1d00fc02, 0x0000eb01, 0x00002902, 0x00002902, 0x00002902, 0x1d00ff03, 
0x1d00ff03, 0x1d00ff03, 0x1d00ff03, 0x1d00fc02, 0x1d00fc02, 0x1d00ff03, 0x1d00ff03, 0x1d00fc02, 
0x0000eb01, 0x00002902, 0x00002902, 0x00002902, 0x1d00ff03, 0x1d00ff03, 0x1d00ff03, 0x1d00ff03, 
0x1d00fc02, 0x00005b03, 0x0000ca04, 0x0000ef04, 0x00008702, 0x00008702, 0x00009c04, 0x0000e603, 
0x00005204, 0x00005204, 0x0000e204, 0x0000b004, 0x00000104, 0x0000e004, 0x0000f801, 0x0000f801, 
0x00001e02, 0x00001e02, 0x0000f603, 0x00004902, 0x00006804, 0x00004102, 0x00004102, 0x00004102, 
0x00005b04, 0x00005b04, 0x00003302, 0x00005204, 0x0000a902, 0x0000e001, 0x0000ac03, 0x0000d403, 
0x0000cb02, 0x00000802, 0x00007502, 0x00001703, 0x00006c02, 0x00006a04, 0x00001703, 0x00001505, 
0x00001c02, 0x0000e003, 0x0000dc02, 0x0000ac02, 0x0000e901, 0x00001f03, 0x00001f03, 0x00009103, 
0x00009103, 0x00008703, 0x00008a02, 0x00008703, 0x00006702, 0x0000e303, 0x00003802, 0x0000b203, 
0x00009303, 0x00009303, 0x00008f02, 0x00005e04, 0x0000c603, 0x0000b803, 0x0000b803, 0x00005904, 
0x00009a03, 0x1c00b802, 0x1c00b802, 0x1c001e04, 0x1c00c302, 0x00004802, 0x00004c04, 0x00004802, 
0x00004d02, 0x00006604, 0x00004d02, 0x0000fe03, 0x00000103, 0x0000dc03, 0x0000d802, 0x0000dc03, 
0x0000a704, 0x0000e902, 0x00009902, 0x00002003, 0x00001303, 0x0000e902, 0x0000c102, 0x0000bb02, 
0x0000bb02, 0x0000bb02, 0x0000bb02, 0x1c003d04, 0x00009f02, 0x00009c01, 0x00009f02, 0x00009c01, 
0x2e009c03, 0x2e009c03, 0x2e00fd02, 0x2e00fd02, 0x2e009c03, 0x2e009c03, 0x2e00fd02, 0x2e00fd02, 
0x58002702, 0x38002702, 0x52002702, 0x00000301, 0x00000301, 0x00000301, 0x00000301, 0x00000301, 
0x00000301, 0x00000301, 0x00000301, 0x00000301, 0x00000301, 0x00000301, 0x00000301, 0x00000301, 
0x00000301, 0x00000301, 0x00000301, 0x00000301, 0x00000301, 0x00000301, 0x00000301, 0x00000301, 
0x00000301, 0x00000301, 0x00000301, 0x00000301, 0x00000301, 0x00000301, 0x00000301, 0x00000301, 
0x00000301, 0x00000301, 0x00000301, 0x00000301, 0x00000301, 0x00000301, 0x00000301, 0x00000301, 
0x00000301, 0x00000301, 0x00000301, 0x00000301, 0x00000301, 0x00000301, 0x00000301, 0x00000301, 
0x00000301, 0x00000301, 0x00000301, 0x00000000, 0xeffe0301, 0xb8fe0301, 0x4afe0301, 0xeffe0301, 
0xb8fe0301, 0x4afe0301, 0xeefe0301, 0xb7fe0301, 0x49fe0301, 0xeefe0301, 0xb7fe0301, 0x49fe0301, 
0xebfd0000, 0xebfd0000, 0x77fe0000, 0x0dfe0000, 0x0dfe0000, 0x48fe0000, 0x48fe0000, 0x48fe0000, 
0x48fe0000, 0x2efe0000, 0xa6fd0000, 0xa6fd0000, 0xa6fd0000, 0x2efe0000, 0xa6fd0000, 0xb8fe0000, 
0xa2fd0000, 0xa2fd0000, 0xa2fd0000, 0xa2fd0000, 0x00008702, 0x0000bd02, 0x0000f801, 0x00004902, 
0x00004102, 0x00003302, 0x0000f802, 0x0000bb02, 0x00008702, 0x0000bd02, 0x0000f801, 0x00004902, 
0x00004102, 0x00003302, 0x0000f802, 0x0000bb02, 0x1c00c901, 0x34fe0000, 0x34fe0000, 0x1cfe0000, 
0x49fe0000, 0x49fe0000, 0x1cfe0000, 0x2efe0000, 0x2efe0000, 0x1cfe0000, 0x49fe0000, 0x2efe0000, 
0x2efe0000, 0x2efe0000, 0x2efe0000, 0x1cfe0000, 0x49fe0000, 0x1cfe0000, 0x58fe0000, 0x08fe0000, 
0x39fe0000, 0xb3fe0000, 0xf6fe0000, 0xf6fe0000, 0x2efe0000, 0x2efe0000, 0x4dff0000, 0x0bfe0000, 
0x0bfe0000, 0x00001c02, 0x00002d03, 0x02ff0000, 0x56ff0000, 0x00000301, 0xfafd0000, 0x25fe0000, 
0x67fe0000, 0x54fe0000, 0xfdfe0301, 0x28ff0301, 0x6aff0301, 0x57ff0301, 0x1cff0301, 0x00000301, 
0x00000301, 0x00000301, 0x00000301, 0x00000301, 0x00000301, 0x00000301, 0x00000301, 0x00000301, 
0x00000301, 0x00000301, 0x00000301, 0x24ff0301, 0xeffe0301, 0xb8fe0301, 0x4afe0301, 0xfbfe0000, 
0xfeff0301, 0xf1fd0000, 0x25fe0000, 0x67fe0000, 0x54fe0000, 0xf4fe0301, 0x28ff0301, 0x6aff0301, 
0x57ff0301, 0xdbfe0301, 0x00000301, 0x00000301, 0x00000301, 0x00000301, 0x00000301, 0x00000301, 
0x00000301, 0x00000301, 0x00000301, 0x00000301, 0x00000301, 0x00000301, 0x24ff0301, 0xeefe0301, 
0xb7fe0301, 0x49fe0301, 0x49fe0000, 0x2cfe0000, 0x2cfe0000, 0xaafe0000, 0x07fe0000, 0xe7fd0000, 
0x63fe0000, 0x4bfe0000, 0x57fe0000, 0x20fe0000, 0x41fe0000, 0x46fe0000, 0xe4fd0000, 0xc3fd0000, 
0x0a002901, 0x2400dd01, 0x2400dd01, 0xdeffe201, 0x1f008c01, 0x1c00b802, 0x00002902, 0x19fe0000, 
0x19fe0000, 0xd8fd0000, 0xd8fd0000, 0xd8fd0000, 0x0000ae03, 0x00000b03, 0x00009302, 0x00002e03, 
0x48000c01, 0x0c006701, 0x0c00af00, 0x0c00af00, 0xbe00f401, 0x0000b900, 0x03000000, 0x03000000, 
0x1c000000, 0x00000100, 0x7a020000, 0x01000300, 0x1c000000, 0x5e020400, 0x5a000000, 0x05004000, 
0x00001a00, 0x7e000d00, 0xab00a500, 0x0701bb00, 0x1b011301, 0x2b012301, 0x37013301, 0x48013e01, 
0x5b014d01, 0x7e016501, 0x37021b02, 0xc902bc02, 0x0403dd02, 0x12030c03, 0x7f092803, 0xf91cf61c, 
0x9e1e851e, 0x2620f31e, 0xac203a20, 0xf020b920, 0x12222221, 0x39a8cc25, 0xffffffa8, 0x00000000, 
0x20000d00, 0xa700a000, 0xbf00ae00, 0x16010a01, 0x26011e01, 0x36012e01, 0x41013901, 0x50014a01, 
0x6a015e01, 0x37021802, 0xc602bc02, 0x0003d802, 0x12030603, 0x00092603, 0xf81cd01c, 0x9e1e801e, 
0x0b20f21e, 0xac203920, 0xf020b920, 0x12222221, 0x30a8cc25, 0xffffe0a8, 0xf7ff0300, 0x0000e5ff, 
0x0000c2ff, 0xb6ffb8ff, 0xb2ffb4ff, 0xacff0000, 0xa9ffaaff, 0xa6ffa7ff, 0x0000a4ff, 0x03ff9cff, 
0x64fee8fe, 0x4cfe0000, 0x00002afe, 0x10fe23fe, 0xe9e439f8, 0x62e3e8e4, 0xf7e24ae3, 0xc0e10000, 
0x43e14fe1, 0xdce00de1, 0x34dceddf, 0x00000000, 0x00000100, 0x00000000, 0x00005400, 0x00005c00, 
0x00000000, 0x6e000000, 0x00000000, 0x00000000, 0x00000000, 0x00006c00, 0x00000000, 0x72000000, 
0x00000000, 0x00007400, 0x00000000, 0x00000000, 0x00000000, 0x70000000, 0x00000000, 0x00000000, 
0x00000000, 0x98000000, 0x0000aa00, 0x65006400, 0x67006600, 0x68000000, 0x6f006e00, 0x00007000, 
0x00000000, 0x00007100, 0x73007200, 0x00007400, 0x76007500, 0xd700d600, 0x00000000, 0xd900d800, 
0x01010001, 0x03010201, 0x00000000, 0x05010401, 0x22012101, 0x23010000, 0x30012f01, 0x00003101, 
0x33013201, 0xeb013401, 0xed01ec01, 0x00000000, 0x0000ee01, 0xef010000, 0x0000f001, 0x00000000, 
0xf201f101, 0x0000f301, 0xf501f401, 0x0000f601, 0x00000000, 0x0000f701, 0x00000000, 0x0102f801, 
0x03020202, 0x05020402, 0x07020602, 0x09020802, 0x0b020a02, 0x0d020c02, 0x0f020e02, 0x11021002, 
0x13021202, 0x15021402, 0x17021602, 0x19021802, 0x1b021a02, 0x1d021c02, 0x1f021e02, 0x21022002, 
0x23022202, 0x25022402, 0x27022602, 0x29022802, 0x06002a02, 0x00000a02, 0x00010000, 0x00000300, 
0x00000000, 0x00000000, 0x00000000, 0x02000100, 0x00000000, 0x04000000, 0x00000000, 0x00000000, 
0x00000000, 0x00000000, 0x00000000, 0x00000000, 0x00000000, 0x01000000, 0x00000000, 0x06000500, 
0x08000700, 0x0a000900, 0x0c000b00, 0x0e000d00, 0x10000f00, 0x12001100, 0x14001300, 0x16001500, 
0x18001700, 0x1a001900, 0x1c001b00, 0x1e001d00, 0x20001f00, 0x22002100, 0x24002300, 0x26002500, 
0x28002700, 0x2a002900, 0x2c002b00, 0x2e002d00, 0x30002f00, 0x32003100, 0x34003300, 0x36003500, 
0x38003700, 0x3a003900, 0x3c003b00, 0x3e003d00, 0x40003f00, 0x42004100, 0x44004300, 0x46004500, 
0x48004700, 0x4a004900, 0x4c004b00, 0x4e004d00, 0x50004f00, 0x52005100, 0x54005300, 0x56005500, 
0x58005700, 0x5a005900, 0x5c005b00, 0x5e005d00, 0x60005f00, 0x62006100, 0x00006300, 0x7d007c00, 
0x81007f00, 0x8e008900, 0x99009400, 0x9a009800, 0x9b009c00, 0x9f009d00, 0xa000a100, 0xa300a200, 
0xa400a500, 0xa700a600, 0xab00a900, 0xac00aa00, 0xad00ae00, 0xb100b200, 0xb400b300, 0x70000000, 
0x67006600, 0xf7016900, 0x97007200, 0x6b006e00, 0x7100fe01, 0x00006a00, 0x90007e00, 0x00000000, 
0x00000000, 0x00006800, 0x00000000, 0x00000000, 0x6c000000, 0x00007500, 0xb0009e00, 0x65007700, 
0x00000000, 0x00000000, 0x6d000000, 0xf8017600, 0x78006400, 0x8d007b00, 0xf700f600, 0xf001ef01, 
0xf501f401, 0xf201f101, 0x0000af00, 0x1401b700, 0xfb010000, 0xfa01f901, 0x00000000, 0x73000000, 
0xf601f301, 0x7a000000, 0x79008200, 0x80008300, 0x86008500, 0x84008700, 0x8c008b00, 0x8a000000, 
0x93009200, 0xdd009100, 0x28012101, 0x24016f00, 0x26012501, 0x29017400, 0x22012701, 0x85ff01b8, 
0x008d04b0, 0x16000000, 0x16001600, 0x16001600, 0x34001600, 0x7a004a00, 0x1a01cc00, 0x84017601, 
0xc001a201, 0xf201de01, 0x14020802, 0x38022a02, 0x7e026202, 0xf002ac02, 0x48031603, 0xa0038e03, 
0x3e04f603, 0x8a046404, 0xb0049c04, 0x0405c404, 0x9a057405, 0x0606d405, 0x42062a06, 0x8a065606, 
0xba06a206, 0xf806da06, 0x30070807, 0x86075207, 0xe607ac07, 0x58081208, 0x8c086a08, 0xf008ac08, 
0x22090c09, 0x4c093a09, 0x6c095a09, 0x8c097e09, 0xe209a409, 0x4a0a1a0a, 0xb40a800a, 0x260bdc0a, 
0x6e0b500b, 0xbe0b9c0b, 0x060cca0b, 0x5e0c2a0c, 0xd40c9c0c, 0x3a0dfa0c, 0x8a0d620d, 0xec0da80d, 
0x380e060e, 0x880e500e, 0xce0e960e, 0xfc0efc0e, 0x520f1a0f, 0xaa0f860f, 0x36101010, 0xd0109410, 
0x4611ee10, 0x80115411, 0xb8119811, 0xe811c211, 0x2e121012, 0x7c127012, 0x94128812, 0xac12a012, 
0xdc12b812, 0xf412e812, 0x0c130013, 0x24131813, 0x3c133013, 0x74134813, 0x8c138013, 0xa4139813, 
0xbc13b013, 0x2414d613, 0x3c143014, 0x54144814, 0x88146014, 0xea14de14, 0x0215f614, 0x1a150e15, 
0x8c152615, 0xa4159815, 0xbc15b015, 0xd415c815, 0xec15e015, 0x4816f815, 0x60165416, 0x78166c16, 
0x90168416, 0x0a17be16, 0x22171617, 0x3a172e17, 0x86174617, 0x9e179217, 0xb617aa17, 0xce17c217, 
0xe617da17, 0xfe17f217, 0x16180a18, 0x2e182218, 0x42183a18, 0x8c188018, 0xa4189818, 0xbc18b018, 
0x1a190e19, 0x32192619, 0x4a193e19, 0x62195619, 0x94196e19, 0xd219c619, 0xea19de19, 0x021af619, 
0x1a1a0e1a, 0x321a261a, 0x4a1a3e1a, 0x621a561a, 0x7a1a6e1a, 0xa01a861a, 0xc41ab81a, 0xdc1ad01a, 
0xf41ae81a, 0x361b001b, 0x7a1b6e1b, 0x921b861b, 0xde1b9e1b, 0x441c381c, 0x5c1c501c, 0x741c681c, 
0x8c1c801c, 0xa41c981c, 0xbc1cb01c, 0xd41cc81c, 0xec1ce01c, 0x041df81c, 0x1c1d101d, 0x341d281d, 
0x801d401d, 0x981d8c1d, 0xb01da41d, 0xc81dbc1d, 0xe01dd41d, 0xf81dec1d, 0x101e041e, 0x281e1c1e, 
0x401e341e, 0x661e5e1e, 0xaa1e881e, 0xd61eb81e, 0x121fec1e, 0x5e1f361f, 0x921f881f, 0xa61f9c1f, 
0xba1fb01f, 0xcc1fc41f, 0xe01fd61f, 0xf41fea1f, 0x1420fc1f, 0x24201c20, 0x7c205020, 0xb8209220, 
0xb6214821, 0x96223022, 0xe822a222, 0xc6234823, 0x44243824, 0x9c245024, 0xb424a824, 0xcc24c024, 
0x3025d824, 0xce25aa25, 0x80262226, 0x3227bc26, 0xfa276e27, 0x7e284828, 0x0c29bc28, 0x9a295e29, 
0x1e2ace29, 0xdc2a742a, 0x0c2b002b, 0x982b442b, 0x282cde2b, 0x8e2c502c, 0x1a2dcc2c, 0xc62d662d, 
0x0e2ed22d, 0xa02e622e, 0x5a2f062f, 0x722f662f, 0xce2f882f, 0xe82fe02f, 0x42301630, 0x94307030, 
0xf030d430, 0x36311831, 0x74316831, 0x8c318031, 0xb6319831, 0xd231c631, 0x84327832, 0xa0329232, 
0xd232ae32, 0x1e33ee32, 0x36332a33, 0x4e334233, 0x66335a33, 0x7e337233, 0xa6341634, 0x7c350435, 
0x9e358a35, 0x1236ca35, 0xaa365236, 0x48370837, 0xea37ae37, 0x60381438, 0xa2388c38, 0xba38ae38, 
0xd238c638, 0xea38de38, 0x92392839, 0x0e3ae239, 0x7a3a503a, 0x1c3bd03a, 0x463b2e3b, 0x683b543b, 
0xaa3b763b, 0xe03bba3b, 0xfc3bea3b, 0x263c0e3c, 0x3e3c303c, 0x9a3c643c, 0xfc3cc23c, 0x3c3d0a3d, 
0x9e3d6e3d, 0x163ed03d, 0xc43e5c3e, 0xae3f3e3f, 0x38402a40, 0x0441a040, 0xf0417441, 0x50422042, 
0x86426c42, 0xc642bc42, 0xe042d442, 0xf842ec42, 0x10430443, 0x5c431c43, 0x74436843, 0x82437443, 
0xa843a043, 0xc443b643, 0xf443dc43, 0x2444fe43, 0x56444c44, 0xa8447244, 0xcc44ba44, 0x50451845, 
0x9e456e45, 0x0246ac45, 0x24461046, 0x50464046, 0x88466846, 0xee46b446, 0x4e471847, 0xba477447, 
0x5248fa47, 0xe448aa48, 0x80494c49, 0xea49a849, 0x8e4a4e4a, 0xfe4adc4a, 0x664b2c4b, 0xf44bbc4b, 
0x0c4cfe4b, 0x844c1e4c, 0x684d004d, 0x164ed24d, 0x364e284e, 0xfc4e7a4e, 0x524f084f, 0x6e4f624f, 
0x864f7a4f, 0xa24f964f, 0xba4fae4f, 0xd64fc64f, 0xf24fe64f, 0x12500250, 0x32502250, 0x4e504250, 
0x6a505a50, 0x82507650, 0x9a508e50, 0xb250a650, 0xca50be50, 0xe250d650, 0xfa50ee50, 0x12510651, 
0x2a511e51, 0x42513651, 0x5a514e51, 0xdc516651, 0xca524052, 0x44532053, 0xa2535653, 0x2e541054, 
0x88547c54, 0x2c55bc54, 0xe4556455, 0x38562c56, 0x50564456, 0x90565c56, 0x0257c056, 0x68570e57, 
0xb8578a57, 0x3a58fe57, 0xa2588058, 0xfa58d858, 0x9c594059, 0x185ad059, 0xa45a4a5a, 0x5a5bf45a, 
0x1c5c9e5b, 0x765c6a5c, 0x8e5c825c, 0xa65c9a5c, 0xbe5cb25c, 0xd65cca5c, 0xee5ce25c, 0x065dfa5c, 
0x1e5d125d, 0x365d2a5d, 0x525d465d, 0x6a5d5e5d, 0x825d765d, 0x9a5d8e5d, 0xb25da65d, 0xca5dbe5d, 
0xe25dd65d, 0xac5e4c5e, 0x8e5f0e5f, 0x1660ba5f, 0x66602260, 0xb6607260, 0x9e614861, 0xb661aa61, 
0xce61c261, 0x46621062, 0xfe62a062, 0x9a636e63, 0x3664da63, 0xd6648464, 0x4c650665, 0xac655865, 
0xfc65b865, 0x96664e66, 0x5667fa66, 0x0e689c67, 0xf8686668, 0x60695469, 0x78696c69, 0xfe698469, 
0x9c6a0a6a, 0xb46aa86a, 0x106bc06a, 0xd66b6a6b, 0x4e6c426c, 0x666c5a6c, 0x7e6c726c, 0x966c8a6c, 
0xae6ca26c, 0xc66cba6c, 0x2c6dd26c, 0x486d386d, 0x606d546d, 0xe06d6c6d, 0xa06e4c6e, 0x3c6f166f, 
0x9c6f906f, 0xe46fa86f, 0x3070f06f, 0x0871b670, 0x20711471, 0x38712c71, 0x50714471, 0x68715c71, 
0xce71a671, 0x7e721a72, 0xdc72a672, 0x6e732a73, 0xe673bc73, 0x30742474, 0x88747c74, 0x0c75c474, 
0xa2754875, 0x1c76ae75, 0xf4766a76, 0x56774a77, 0x6e776277, 0x0c787a77, 0xa4781878, 0xbc78b078, 
0x3079c878, 0x227aa079, 0xb27aa67a, 0xca7abe7a, 0xe27ad67a, 0xfa7aee7a, 0x127b067b, 0x2a7b1e7b, 
0x467b367b, 0x5e7b527b, 0xd47b6a7b, 0xd27c567c, 0xcc7d507d, 0xbc7e4a7e, 0xd67f4a7f, 0xe8806680, 
0x08828681, 0x12838e82, 0xf6839883, 0xe8846c84, 0xda856685, 0xe8866086, 0xd4876687, 0xe2885888, 
0x7a896e89, 0x868afe89, 0x968b0c8b, 0xda8bb28b, 0x1e8c128c, 0x368c2a8c, 0x8c8c428c, 0xee8ce68c, 
0x728d288d, 0xea8daa8d, 0x688e3a8e, 0xf88ea88e, 0x8a8f3a8f, 0xf48fe88f, 0x0c900090, 0x24901890, 
0x3c903090, 0x54904890, 0x6c906090, 0x84907890, 0x9c909090, 0xdc90d090, 0xf490e890, 0x0c910091, 
0x24911891, 0x3c913091, 0x54914891, 0x6c916091, 0x8c917c91, 0xac919c91, 0xcc91bc91, 0xec91dc91, 
0x0c92fc91, 0xf6925e92, 0x2694b493, 0x3e959e94, 0x4a96a695, 0x0e975696, 0xfa977a97, 0xd0987898, 
0xb2994e99, 0xb09a3a9a, 0xa29b209b, 0xb09c309c, 0xe49d569d, 0x149f7e9e, 0xd89fa49f, 0x80a008a0, 
0x92a1fca0, 0x6ca2f2a1, 0x72a302a3, 0xc2a422a4, 0x14a6a0a5, 0x1aa7c8a6, 0xd6a77ca7, 0x4aa83ea8, 
0x2ca9b6a8, 0x22aaaea9, 0xf2aaacaa, 0xbaab60ab, 0xa8ac56ac, 0x4aad02ad, 0x1eaeb8ad, 0xb8aeacae, 
0xb2af46af, 0x9ab026b0, 0x8ab120b1, 0x6ab2dab1, 0xd6b276b2, 0x82b376b3, 0xbcb426b4, 0xcab548b5, 
0x06b75eb6, 0xfcb78cb7, 0xdab866b8, 0xe8b966b9, 0x48ba3cba, 0x64ba54ba, 0x48bbeeba, 0xa8bb9cbb, 
0x1abcb4bb, 0x80bc26bc, 0xfabc8cbc, 0x66bd06bd, 0xc6bd72bd, 0x64be0abe, 0xc8be98be, 0x2abff8be, 
0x8ebf5cbf, 0xeebfbebf, 0x52c020c0, 0xb8c084c0, 0xd0c0c4c0, 0xe8c0dcc0, 0x00c1f4c0, 0x18c10cc1, 
0x30c124c1, 0x48c13cc1, 0xecc19ac1, 0x92c23ec2, 0x32c3e2c2, 0xcec380c3, 0x6ec41ec4, 0x10c5bec4, 
0xd4c572c5, 0x98c636c6, 0x54c7f6c6, 0x10c8b2c7, 0xd0c870c8, 0x90c930c9, 0xbec990c9, 0x18caecc9, 
0x30ca24ca, 0x86ca3cca, 0x1ecbd4ca, 0xd4cb76cb, 0x3acc2ecc, 0x74cc46cc, 0x8ccc80cc, 0xa4cc98cc, 
0xbcccb0cc, 0xd0ccc4cc, 0xe8ccdccc, 0xfcccf0cc, 0x54cd28cd, 0x9ccd5ccd, 0xfecda4cd, 0xa6ce74ce, 
0x2ecfe4ce, 0xdecf80cf, 0x9ad030d0, 0xe8d0a6d0, 0x90d136d1, 0xfcd1f0d1, 0x46d208d2, 0xb6d27ed2, 
0x38d3fed2, 0xbcd372d3, 0x1cd4ecd3, 0xa8d45cd4, 0x92d510d5, 0xe6d5bcd5, 0x44d61ed6, 0xb6d67ad6, 
0x08d700d7, 0x18d710d7, 0xb4d758d7, 0x30d828d8, 0x42d83ad8, 0x4ed9b8d8, 0xcad998d9, 0x48da08da, 
0xdada96da, 0x3edb32db, 0xe4db96db, 0xc0dc46dc, 0x6edd18dd, 0x1adec4dd, 0xc6de70de, 0x70df1adf, 
0x1ce0c6df, 0xcae072e0, 0x70e11ee1, 0x14e2c2e1, 0x6ee262e2, 0x36e3d0e2, 0x14e49ee3, 0x2ce420e4, 
0x44e438e4, 0xc8e450e4, 0xbce544e5, 0xaae634e6, 0x94e720e7, 0x82e80ae8, 0x6ee9f8e8, 0x56eae4e9, 
0x3cebc8ea, 0xfaebaceb, 0xe2ec60ec, 0xfaeceeec, 0x12ed06ed, 0x2aed1eed, 0x42ed36ed, 0x5aed4eed, 
0x72ed66ed, 0x8aed7eed, 0xc8ed96ed, 0x3eee32ee, 0x04ef96ee, 0xd6ef66ef, 0xdaf05cf0, 0xb0f136f1, 
0x24f20ef2, 0x62f24cf2, 0x94f27af2, 0x0000acf2, 0x5e000200, 0xf9010000, 0x0300ca02, 0x00000700, 
0x21112113, 0x11211125, 0xfe9b015e, 0xfe680165, 0xfdca02cb, 0x64023336, 0x00009cfd, 0x93000200, 
0x0f01f2ff, 0x0300ca02, 0x00000f00, 0x03330337, 0x33363407, 0x14151632, 0x26222306, 0x196b19b5, 
0x191a245b, 0x1a192525, 0x0102c924, 0x2593fffd, 0x24251e1e, 0x00002020, 0x73000200, 0x9101d701, 
0x0300d902, 0x00000700, 0x03330313, 0x03330333, 0x196f198c, 0x196e1973, 0x0201d701, 0x0201fefe, 
0x0000fefe, 0x22000200, 0x6b020000, 0x1b007802, 0x00001f00, 0x33352337, 0x33352337, 0x33073337, 
0x33073337, 0x33072315, 0x23072315, 0x23072337, 0x07233725, 0x1f897d9f, 0x46228f84, 0x45228c21, 
0x1d8b7e22, 0x46229285, 0x45228c23, 0x8c1eff00, 0x9842b01d, 0xadadad41, 0x429841ad, 0xf2b0b0b0, 
0x00009898, 0x3e000300, 0x0402c6ff, 0x2400f702, 0x35002c00, 0x2e370000, 0x1e352701, 0x2e351701, 
0x3e343502, 0x33353701, 0x17011e15, 0x27012e07, 0x15021e15, 0x15070614, 0x013e3723, 0x012e3435, 
0x020e0327, 0x011e1415, 0x6837fd17, 0x336a2220, 0x2f295442, 0x35403a56, 0x201b2457, 0x5842284d, 
0x405f682d, 0x14363b40, 0x24402c31, 0x2e13172e, 0x11013128, 0x1810550f, 0x2f12ca01, 0x46312f44, 
0x57580329, 0x4a0f1501, 0xc903130d, 0x323f2b13, 0x6f0a5746, 0x222b06bd, 0x0b182119, 0x15021f01, 
0x251a1622, 0x00000a19, 0x39000500, 0x0203f6ff, 0x03007802, 0x1b000f00, 0x33002700, 0x33010000, 
0x22132301, 0x36343526, 0x15163233, 0x32270614, 0x26343536, 0x15062223, 0x22011614, 0x36343526, 
0x15163233, 0x32270614, 0x26343536, 0x15062223, 0x39021614, 0x4e7ffe4d, 0x454a4713, 0x464b484c, 
0x2525264e, 0x22222626, 0x4948cd01, 0x49494c45, 0x25264d45, 0x22262625, 0xfd6e0222, 0x600f0192, 
0x5e5e5655, 0x3f605556, 0x3a3b3a3c, 0x3c3a3b3a, 0x5461a8fe, 0x565f5f56, 0x3a416154, 0x3b3b3b3a, 
0x003a3a3b, 0x35000300, 0xda02f6ff, 0x2500d502, 0x3c003000, 0x32010000, 0x1415011e, 0x3e170706, 
0x0e333701, 0x23170701, 0x23020e27, 0x35012e22, 0x37013e34, 0x3435022e, 0x0e13013e, 0x16141502, 
0x37363233, 0x15062203, 0x3e171614, 0x26343501, 0x4d363001, 0xc13e512a, 0x590b211a, 0x92263010, 
0x481f5777, 0x65453857, 0x2f462537, 0x2c1a2815, 0x33240d53, 0x403e4a1c, 0x2aa71f5c, 0x3b242635, 
0xd5023033, 0x3f314425, 0x1fba2458, 0x6e402f51, 0x1c548e29, 0x582d182a, 0x3a4a333f, 0x3d34181b, 
0x25463124, 0x2b1580fe, 0x42372434, 0x02021d2a, 0x3d24272c, 0x283d2225, 0x00002e24, 0x73000100, 
0xe200d701, 0x0300d902, 0x03130000, 0x198c0333, 0xd701196f, 0xfefe0201, 0x44000100, 0x27015bff, 
0x0f004003, 0x26170000, 0x36343502, 0x020e3337, 0x011e1415, 0x464bd517, 0x2d514c45, 0x3f20213f, 
0x0167a52f, 0xfd8c8a05, 0xaea14666, 0xa4b0585b, 0x00000049, 0x3b000100, 0x1e015bff, 0x0f004003, 
0x3e170000, 0x2e343502, 0x16332701, 0x06141512, 0x3f2d3c07, 0x2f3e2020, 0x46464b52, 0xa247a54b, 
0xaf5958ae, 0xfe6749a5, 0xfe8b8afa, 0x00000065, 0x49000100, 0x1f022501, 0x0e00e902, 0x37130000, 
0x27173727, 0x17370733, 0x27071707, 0xb7768a07, 0x6415bf0e, 0xb90dc215, 0x4d565778, 0x0e9f5401, 
0xc0c0365e, 0x9f0e5e36, 0x00afaf2f, 0x32000100, 0xf5016100, 0x0b002402, 0x23130000, 0x33353335, 
0x23153315, 0xbdef2315, 0xbdbd49bd, 0x491e0149, 0xbd49bdbd, 0x2e000100, 0xc7007fff, 0x0a007400, 
0x3e170000, 0x17333702, 0x2e07020e, 0x050f130a, 0x1c090761, 0x28811120, 0x0b225457, 0x25515123, 
0x31000100, 0x23010001, 0x03005201, 0x33130000, 0xf2312315, 0x525201f2, 0x48000100, 0xc400f2ff, 
0x0b007900, 0x34370000, 0x16323336, 0x23061415, 0x24482622, 0x25251a19, 0x3624191a, 0x251e1e25, 
0x00202024, 0x2a000100, 0x83015aff, 0x03004103, 0x33010000, 0x31012301, 0x53fafe52, 0x19fc4103, 
0x30000200, 0xf801f6ff, 0x0e00d502, 0x00001a00, 0x35262205, 0x33013e34, 0x14151632, 0x3227020e, 
0x26343536, 0x15062223, 0x13011614, 0x642d7073, 0x19717452, 0x4b3e5836, 0x4b4b4040, 0xc30a3e3e, 
0x57a474ad, 0x8857aec1, 0x904c325f, 0x91919294, 0x00929292, 0x57000100, 0x5b010000, 0x0d00ca02, 
0x11210000, 0x35013e34, 0x010f010e, 0x11333727, 0x02020501, 0x48141710, 0x0149bb2f, 0x3d411cbe, 
0x11151116, 0xfd923c3b, 0x00000036, 0x2f000100, 0xec010000, 0x1d00d402, 0x013f0000, 0x3435023e, 
0x06222326, 0x023e2707, 0x011e3233, 0x010e1415, 0x2115010f, 0xab2f2115, 0x40264531, 0x224b2e33, 
0x4b3f1a32, 0x325b3f2a, 0x89324d2c, 0x43fe5001, 0x5435ba4c, 0x3e393152, 0x183a1d26, 0x552e1626, 
0x6062373c, 0x51049235, 0x28000100, 0xeb01f6ff, 0x2f00d402, 0x22170000, 0x1e352726, 0x36323301, 
0x012e3435, 0x3335012b, 0x35013e32, 0x23012e34, 0x27070622, 0x3233013e, 0x1415011e, 0x1507010e, 
0x1415011e, 0x35e5010e, 0x622b295f, 0x2d535a2e, 0x41413a53, 0x1f264935, 0x50342536, 0x6c252d24, 
0x305f4644, 0x562e4527, 0x0a74385a, 0x16531611, 0x2c424b19, 0x224a1a38, 0x3022283d, 0x3d1a211a, 
0x4f2e2b1e, 0x2c473034, 0x590a0308, 0x36613e47, 0x0b000200, 0x13020000, 0x0a00ce02, 0x00001600, 
0x01352125, 0x15331133, 0x3d231523, 0x023e3401, 0x010e2335, 0x55010307, 0x4401b6fe, 0x5668685c, 
0x04020202, 0xc90b1a07, 0xe0014ea0, 0xa05123fe, 0x3c1baef1, 0x1310323a, 0xd7fe1134, 0x40000100, 
0xef01f6ff, 0x2000ca02, 0x22170000, 0x1e352726, 0x36323302, 0x23263435, 0x27070622, 0x21152113, 
0x33013e07, 0x15011e32, 0x32ee0614, 0x3d16205c, 0x574d1b42, 0x431a5256, 0x011b2c14, 0x13fcfe51, 
0x411f3710, 0x0a843d67, 0x0f541413, 0x4f4a0b15, 0x04094947, 0x5150011c, 0x2f0604cd, 0x7f70455d, 
0x37000200, 0xf901f6ff, 0x2100d402, 0x00002f00, 0x012e2205, 0x033e3435, 0x17163233, 0x23012e15, 
0x07020e22, 0x33013e33, 0x15011e32, 0x27010e14, 0x34353632, 0x0e222326, 0x1e141501, 0x41200101, 
0x280f3e6a, 0x134e6d46, 0x2b111031, 0x31554215, 0x14060216, 0x5b3e3a48, 0x44613532, 0x4140493b, 
0x2024422c, 0x8c440a40, 0x6b783e6b, 0x05042f53, 0x2e06064c, 0x233a684f, 0x45613330, 0x4b3a6c4a, 
0x4f445550, 0x2b203b27, 0x00003754, 0x2c000100, 0xf7010000, 0x0600ca02, 0x21010000, 0x01152135, 
0xfe9c0123, 0xfecb0190, 0x79025ff1, 0x7dfd4751, 0x34000300, 0xf401f6ff, 0x1e00d502, 0x3a002b00, 
0x22050000, 0x3e343526, 0x022e3701, 0x013e3435, 0x011e3233, 0x010e1415, 0x15021e07, 0x27010e14, 
0x34353632, 0x020e2726, 0x13161415, 0x3435023e, 0x0e222326, 0x1e141501, 0x6b140101, 0x263f2575, 
0x381f3420, 0x5b37355c, 0x25392237, 0x392c4526, 0x46454564, 0x37294d49, 0x2049411c, 0x363d1e33, 
0x1e1c3322, 0x59670a34, 0x12354831, 0x2b423215, 0x26264c39, 0x412b3a4c, 0x35141330, 0x583c3047, 
0x37424a30, 0x13244730, 0x3424392f, 0x0f5e0141, 0x32233224, 0x212d1733, 0x00233124, 0x34000200, 
0xf601f6ff, 0x2200d402, 0x00003100, 0x27262217, 0x33011e35, 0x37023e32, 0x23020e23, 0x35012e22, 
0x33013e34, 0x15011e32, 0x03030e14, 0x35013e32, 0x23022e34, 0x14150622, 0x3013be16, 0x152b1111, 
0x16305642, 0x290d0602, 0x5c3d2739, 0x42623532, 0x0f3e6942, 0x016d4628, 0x1224422c, 0x3a243524, 
0x050a414a, 0x06064c04, 0x3a684f2e, 0x33162617, 0x6b4b4561, 0x6b8c443a, 0x536b793d, 0x275b012f, 
0x40211f3c, 0x55502035, 0x00004f44, 0x55000200, 0xd100f2ff, 0x0b002602, 0x00001700, 0x35262213, 
0x32333634, 0x06141516, 0x35262203, 0x32333634, 0x06141516, 0x24241a93, 0x24241a1a, 0x24241a1a, 
0x24241a1a, 0x24209e01, 0x261e1e26, 0x54fe2024, 0x1e262420, 0x2024261e, 0x2c000200, 0xd1007fff, 
0x0a002602, 0x00001600, 0x020e1737, 0x023e2307, 0x26221337, 0x33363435, 0x14151632, 0x0907be06, 
0x4311201c, 0x050f130a, 0x24241a36, 0x24241a1a, 0x51230b74, 0x57282551, 0x2a012254, 0x1e262420, 
0x2024261e, 0x32000100, 0xf5014d00, 0x06003802, 0x35130000, 0x010d1525, 0xc3013215, 0x670199fe, 
0xeb311c01, 0x4e9eb14e, 0x32000200, 0xf501ba00, 0x0300cb01, 0x00000700, 0x21152113, 0x21152115, 
0xfec30132, 0xfec3013d, 0x49cb013d, 0x0000497f, 0x32000100, 0xf5014d00, 0x06003802, 0x2d370000, 
0x15053501, 0x67013205, 0xc30199fe, 0x9e9b3dfe, 0x31eb4eb1, 0x000000cf, 0x47000200, 0xbe01f2ff, 
0x1f00d402, 0x00002b00, 0x3e343537, 0x023e3701, 0x23263435, 0x27070622, 0x3233013e, 0x0e141516, 
0x020e0701, 0x3407011d, 0x16323336, 0x23061415, 0x0ebe2622, 0x271f2025, 0x28363912, 0x281f224a, 
0x695b2f5c, 0x21232f17, 0x245b0e24, 0x24241a1a, 0xca241a1a, 0x32372612, 0x302a1b1b, 0x193a2f22, 
0x1d144711, 0x402b5660, 0x291d1f36, 0x94091d28, 0x261e1e26, 0x00202024, 0x3a000200, 0x4903a7ff, 
0x4200ca02, 0x00005000, 0x020e1401, 0x27262223, 0x23010e23, 0x34352622, 0x3233013e, 0x06071716, 
0x16141514, 0x013e3233, 0x012e3435, 0x020e2223, 0x011e1415, 0x37363233, 0x23010e15, 0x35012e22, 
0x33023e34, 0x05021e32, 0x32331614, 0x2e013f36, 0x0e222301, 0x15490301, 0x2e2c402c, 0x12050635, 
0x534c3546, 0x2c415f34, 0x010a1855, 0x2b1f1925, 0x53834b17, 0x2e598455, 0x3d628746, 0x6b2b2b6f, 
0x59a87641, 0x639d6e3a, 0x3561834e, 0x2b3307fe, 0x06043138, 0x3115280d, 0x65011a3c, 0x2b47582e, 
0x32252235, 0x65425466, 0xcb090f3a, 0x34030f12, 0x33553322, 0x3644815d, 0x62508562, 0x101b4789, 
0x58171244, 0x9f5d74a5, 0x5d314175, 0x3a409384, 0x047d4354, 0x004b3006, 0x00000200, 0x7e020000, 
0x0700cd02, 0x00001200, 0x07212721, 0x09330123, 0x27022e01, 0x010f020e, 0x56210233, 0x5b55e5fe, 
0x01511701, 0x03e2fe16, 0x05040d0e, 0x51040b0b, 0x02dddde2, 0x0233fdcd, 0x2d2a0805, 0x2229140c, 
0x0000d80c, 0x61000300, 0x54020000, 0x1200ca02, 0x25001b00, 0x32010000, 0x0e141516, 0x1e150701, 
0x0e141502, 0x11012b01, 0x35363213, 0x012b2634, 0x3311011d, 0x34353632, 0x0123012e, 0x1f89862d, 
0x492d2c3d, 0x4d6f3c2a, 0x445cdefb, 0x90765b53, 0x4d214a5f, 0x4fca0242, 0x2b412a62, 0x26070508, 
0x5b413846, 0xfeca022f, 0x3b3a3bd0, 0xfe4be333, 0x263c4afd, 0x00001f38, 0x3d000100, 0x5902f6ff, 
0x1f00d402, 0x22010000, 0x1415020e, 0x3233011e, 0x0e153736, 0x2e222301, 0x3e343501, 0x16323302, 
0x012e0717, 0x5c399301, 0x6d372240, 0x28542f52, 0x6d3b5528, 0x572d4992, 0x66375380, 0x51212428, 
0x4b278502, 0x8258436b, 0x4e0c1046, 0xa65a0e0f, 0x62865170, 0x4c141635, 0x0000180f, 0x61000200, 
0x9d020000, 0x0a00ca02, 0x00001400, 0x010e1401, 0x3311012b, 0x07011e32, 0x2b012e34, 0x32331101, 
0x599d0236, 0xdcc776a6, 0x5f569e6c, 0x7556793f, 0x01919161, 0x52a2786c, 0x9b50ca02, 0x3b7a5f76, 
0x008fd0fd, 0x61000100, 0xf0010000, 0x0b00ca02, 0x01290000, 0x21152111, 0x21152115, 0xf0012115, 
0x8f0171fe, 0x2301cbfe, 0x3501ddfe, 0xdf4fca02, 0x0000ff4e, 0x61000100, 0xf0010000, 0x0900ca02, 
0x23330000, 0x21152111, 0x21152115, 0x8f015abb, 0x2201cbfe, 0xca02defe, 0x004ffd4f, 0x3d000100, 
0x8e02f6ff, 0x2100d402, 0x33010000, 0x23010e11, 0x35012e22, 0x33013e34, 0x07171632, 0x2223012e, 
0x1415010e, 0x3233011e, 0x23353736, 0x3af79701, 0x986f4b76, 0x75a5584f, 0x222e6b3c, 0x55335f26, 
0x7637407a, 0x1b422f60, 0xfe79019d, 0x591213a2, 0xa47071a5, 0x4e14165b, 0x81461811, 0x49835559, 
0x00d4070a, 0x61000100, 0x83020000, 0x0b00ca02, 0x23210000, 0x23112111, 0x21113311, 0x83023311, 
0x5a92fe5a, 0x5a6e015a, 0xb3fe4d01, 0xd2feca02, 0x00002e01, 0x28000100, 0x2a010000, 0x0b00ca02, 
0x01290000, 0x27113735, 0x07152135, 0x2a011711, 0x5454fefe, 0x54540201, 0x3b021334, 0x14343414, 
0x0013c5fd, 0xb2ff0100, 0xb60042ff, 0x1100ca02, 0x22070000, 0x1e352726, 0x3e323301, 0x33113501, 
0x010e1411, 0x0e241804, 0x19142410, 0x2e5a1c2d, 0x0607be54, 0x1406044c, 0xc6022d32, 0x594541fd, 
0x0000002b, 0x61000100, 0x6b020000, 0x0e00ca02, 0x23210000, 0x23110703, 0x3e113311, 0x33013f01, 
0x6a6b0201, 0x5a5a49fd, 0xc11f3e1e, 0x01e5fe69, 0xebfe4055, 0xa0feca02, 0xd8224422, 0x0000c9fe, 
0x61000100, 0xf3010000, 0x0500ca02, 0x11330000, 0x15211133, 0x38015a61, 0x86fdca02, 0x00000050, 
0x61000100, 0x2a030000, 0x1700ca02, 0x03210000, 0x15021e23, 0x33112311, 0x33133313, 0x34112311, 
0x2337013e, 0xeb9c0103, 0x02030204, 0x04dc8553, 0x025984e0, 0xee040104, 0x3e147202, 0x4ffe2649, 
0xb7fdca02, 0x36fd4902, 0x4523b701, 0x8ffd153d, 0x61000100, 0x97020000, 0x1300ca02, 0x23210000, 
0x021e2301, 0x11231115, 0x2e330133, 0x33113502, 0xfe699702, 0x03020482, 0x01685303, 0x0301047d, 
0x51025403, 0x25473f17, 0xca0271fe, 0x4010b1fd, 0x9301204c, 0x3d000200, 0xd002f6ff, 0x1100d502, 
0x00002000, 0x020e1401, 0x022e2223, 0x013e3435, 0x011e3233, 0x011e1405, 0x013e3233, 0x23263435, 
0x02010e22, 0x7b532ad0, 0x527c5451, 0x70934828, 0xfd4b926b, 0x506932cc, 0x70326751, 0x32695179, 
0x87536601, 0x61353462, 0xa46e5388, 0x6fa55b5c, 0x4646825a, 0x99875a82, 0x00008145, 0x61000200, 
0x2a020000, 0x0c00ca02, 0x00001600, 0x15163201, 0x2b020e14, 0x11231101, 0x33112317, 0x35013e32, 
0x1e012634, 0x421d808c, 0x5a52506e, 0x44485bb5, 0x02582c5a, 0x2c646eca, 0xfe254051, 0x4dca02ea, 
0x401de6fe, 0x00444534, 0x3d000200, 0xd00256ff, 0x1600d502, 0x00002500, 0x010e1401, 0x27231707, 
0x22230622, 0x3435022e, 0x3233013e, 0x1405011e, 0x3233011e, 0x3435013e, 0x0e222326, 0x2fd00201, 
0x81ab455c, 0x060d068a, 0x28527c54, 0x6b709348, 0xccfd4b92, 0x51506932, 0x79703267, 0x01326951, 
0x628e5766, 0x01a1b217, 0x53886135, 0x5b5ca46e, 0x825a6fa5, 0x5a824646, 0x81459987, 0x61000200, 
0x5f020000, 0x0f00ca02, 0x00001900, 0x011e3201, 0x010e1415, 0x03231307, 0x11231123, 0x33112317, 
0x34353632, 0x2601012e, 0x2a387359, 0x69c42441, 0xc05a8ead, 0x50576b66, 0xca024c25, 0x39445a2d, 
0xfe0d2d4c, 0xfe2701c0, 0x4eca02d9, 0x4345f7fe, 0x001a382f, 0x33000100, 0xf601f6ff, 0x2f00d402, 
0x14250000, 0x2223010e, 0x3527012e, 0x3233011e, 0x3435013e, 0x2e27012e, 0x3e343503, 0x16323301, 
0x012e0717, 0x010e2223, 0x011e1415, 0x01021e17, 0x4e733ef6, 0x173c4928, 0x35396b24, 0x491e2448, 
0x2e452e41, 0x43673a17, 0x1c28623b, 0x2d2f5725, 0x441e1e3c, 0x2d573f3a, 0x305940bf, 0x560b0f08, 
0x341c1a10, 0x29302323, 0x32271117, 0x51392a40, 0x4d12162c, 0x2f1a1610, 0x2630241f, 0x4a351716, 
0x0a000100, 0x21020000, 0x0700ca02, 0x23210000, 0x21352311, 0x43012315, 0x1702df5a, 0x4f7b02de, 
0x0000004f, 0x5a000100, 0x8002f6ff, 0x1300ca02, 0x14250000, 0x2223010e, 0x33113526, 0x33161411, 
0x35013e32, 0x80023311, 0x855f7b3c, 0x5e5d5a8b, 0x59265141, 0x45774afc, 0xcc017791, 0x605731fe, 
0x0136532f, 0x000000ce, 0x00000100, 0x58020000, 0x0e00ca02, 0x03010000, 0x13330323, 0x3e17021e, 
0x02133702, 0xff5aff58, 0x100ba15e, 0x0d05050d, 0x02a00a11, 0x0236fdca, 0x1d36feca, 0x18183136, 
0x011e3632, 0x000000c8, 0x0c000100, 0x95030000, 0x2900ca02, 0x03010000, 0x032e0323, 0x07030e27, 
0x33032303, 0x17031e13, 0x1337033e, 0x031e1333, 0x37023e17, 0xbe950313, 0x0c068b5b, 0x0101070a, 
0x070b0a05, 0x5ebd5b87, 0x090a066f, 0x07030306, 0x7e060c0a, 0x0c07835d, 0x0303070a, 0x6e080e0a, 
0x36fdca02, 0x2c15d401, 0x07071d28, 0x172d281d, 0xca022ffe, 0x2d174cfe, 0x1413282b, 0x162e2d2a, 
0x4efeaf01, 0x292c2f17, 0x3c371911, 0x00b3011f, 0x04000100, 0x46020000, 0x0b00ca02, 0x23210000, 
0x1323010b, 0x011b3303, 0x46020333, 0x5fc0bd66, 0xaf64deed, 0x01dd5fb0, 0x01cafe36, 0xfe560174, 
0xfe1801e8, 0x000000ac, 0x00000100, 0x36020000, 0x0800ca02, 0x13010000, 0x23110333, 0x01330311, 
0xee61ba1b, 0x0162ee5a, 0xfe5f016b, 0x01ebfe4b, 0x00b90111, 0x26000100, 0x15020000, 0x0900ca02, 
0x01290000, 0x35210135, 0x21011521, 0x11fe1502, 0x94fe7801, 0x88fed901, 0x02448201, 0xfd445036, 
0x000000ca, 0x6c000100, 0x2e015aff, 0x07004003, 0x33130000, 0x33112315, 0xc26c2315, 0x03c27272, 
0xa6fc4640, 0x00000046, 0x2a000100, 0x83015aff, 0x03004003, 0x33130000, 0x522a2301, 0x03520701, 
0x001afc40, 0x36000100, 0xf8005aff, 0x07004003, 0x33170000, 0x33352311, 0x71362311, 0x60c2c271, 
0xfc465a03, 0x0000001a, 0x1d000100, 0x09020c01, 0x0600cf02, 0x33130000, 0x010b2313, 0xda32fd23, 
0x4faaa54e, 0x3dfecf02, 0x99fe6701, 0xfeff0100, 0x9d0162ff, 0x0300a6ff, 0x21070000, 0x01022115, 
0x5a61fe9f, 0x00000044, 0x28000100, 0xf1005e02, 0x0c00fe02, 0x1e130000, 0x23151702, 0x3527032e, 
0x25210b91, 0x2a113b0f, 0x02092129, 0x343716fe, 0x270e0c13, 0x0a0e282b, 0x2e000200, 0xe001f6ff, 
0x1d002102, 0x00002800, 0x15163201, 0x23272311, 0x2223020e, 0x3435012e, 0x35013f36, 0x22232634, 
0x3e270706, 0x010e1301, 0x33161415, 0x013d3632, 0x5e622001, 0x17041140, 0x302d3f31, 0x837e2c4d, 
0x2a353a5b, 0x231b214c, 0x4d644e60, 0x5a442b37, 0x5e562102, 0x1d4c93fe, 0x47221227, 0x04575036, 
0x34432003, 0x13421019, 0x04e2fe1b, 0x2a2d3338, 0x00304e4b, 0x55000200, 0x3002f6ff, 0x1600f802, 
0x00002400, 0x07061413, 0x33013e33, 0x14151632, 0x2223010e, 0x07232726, 0x13331123, 0x1d010e22, 
0x33161401, 0x34353632, 0x0203ad26, 0x3f501705, 0x64377964, 0x17503f42, 0x583f1207, 0x1c423997, 
0x47485841, 0x223f0247, 0x2e22113b, 0x7c5c8a8b, 0x44202e3e, 0xe0fef802, 0x0445592b, 0x646a6963, 
0x00006665, 0x37000100, 0xbf01f6ff, 0x1d002202, 0x22050000, 0x3435012e, 0x3233013e, 0x2e071716, 
0x0e222301, 0x1e141501, 0x36323301, 0x010e1537, 0x6f472c01, 0x4871423f, 0x1b184c29, 0x361c4018, 
0x44222246, 0x1c432c33, 0x3a0a411b, 0x7c635f7a, 0x490c113a, 0x5a2e1009, 0x2e5a4043, 0x0e4e0d12, 
0x0000000f, 0x37000200, 0x1202f6ff, 0x1700f802, 0x00002400, 0x35262205, 0x32333634, 0x3317011e, 
0x013d012e, 0x27231133, 0x27020e23, 0x013d3632, 0x22232634, 0x16141506, 0x78641301, 0x3e2a6479, 
0x0106102e, 0x0d475805, 0x3f2e1004, 0x4245551c, 0x47474759, 0x8a8a8b0a, 0x1624158d, 0xd60f330d, 
0x174808fd, 0x5d491625, 0x6b64105e, 0x6a605f71, 0x37000200, 0x0102f6ff, 0x17002202, 0x00001f00, 
0x011e3201, 0x1e21011d, 0x36323301, 0x010e1537, 0x012e2223, 0x013e3435, 0x07062217, 0x012e3421, 
0x63452401, 0x0291fe35, 0x4f335059, 0x3750292a, 0x3b41754c, 0x493f466b, 0x1c110107, 0x3c220239, 
0x5b35496d, 0x4d12135f, 0x7b3e1112, 0x447e5859, 0x2e485148, 0x00002744, 0x0f000100, 0x83010000, 
0x1800fd02, 0x23010000, 0x23112311, 0x34353735, 0x3233013e, 0x2e071716, 0x06222301, 0x0133011d, 
0x5e58874c, 0x374e295e, 0x17133520, 0x2c162a10, 0xd401872b, 0xd4012cfe, 0x451f1e29, 0x070b2856, 
0x3b0a0545, 0x0000233f, 0x37000200, 0x120210ff, 0x22002202, 0x00003300, 0x17163201, 0x11333733, 
0x23010e14, 0x35272622, 0x3233011e, 0x34013d36, 0x0e233736, 0x26222301, 0x17363435, 0x15010e22, 
0x32331614, 0x013d023e, 0x01012e34, 0x1e553513, 0x34460c05, 0x613a526a, 0x3a662626, 0x01024f45, 
0x37531c04, 0x73757568, 0x49213f2d, 0x263a2946, 0x02462112, 0x47292822, 0x674cdffd, 0x51111134, 
0x46511614, 0x092d0c15, 0x83922829, 0x304a9780, 0x6963425c, 0x30462d15, 0x2a5a4915, 0x55000100, 
0x19020000, 0x1a00f802, 0x14130000, 0x3e330706, 0x1e323302, 0x23111501, 0x23263411, 0x15010e22, 
0x33112311, 0x060203ad, 0x22403411, 0x572c5741, 0x443c3e3a, 0x0258581d, 0x10281319, 0x2913241c, 
0xa3fe4556, 0x40415701, 0xfe3f572d, 0x00f802eb, 0x4e000200, 0xb5000000, 0x0300e102, 0x00000f00, 
0x11231113, 0x15163237, 0x22230614, 0x36343526, 0x142d58ad, 0x16141f1f, 0x18021e1e, 0x1802e8fd, 
0x1c1d1bc9, 0x1d1c1c1c, 0x0000001b, 0xc9ff0200, 0xb50010ff, 0x1000e102, 0x00001c00, 0x27262217, 
0x33011e35, 0x11353632, 0x0e141133, 0x36341301, 0x15163233, 0x22230614, 0x26191626, 0x13200f0e, 
0x20582a20, 0x161e0342, 0x141f1f14, 0x07f01e16, 0x06044705, 0x6b023123, 0x483298fd, 0x1d990326, 
0x1c1d1b1b, 0x00001c1c, 0x55000100, 0x0d020000, 0x1300f802, 0x14130000, 0x3e330706, 0x33013f02, 
0x27231307, 0x11231507, 0x0103ac33, 0x19180604, 0xd967ab09, 0x3dba6ae8, 0x6b015757, 0x08133410, 
0xb50a1f1e, 0xfacdfee5, 0xf802c535, 0x55000100, 0xad000000, 0x0300f802, 0x23330000, 0x58ad3311, 
0x00f80258, 0x55000100, 0x56030000, 0x27002202, 0x32010000, 0x23111516, 0x23263411, 0x11150622, 
0x2e341123, 0x0e222301, 0x23111501, 0x33173311, 0x3233023e, 0x3e331716, 0x5ba10201, 0x3835575a, 
0x1857434e, 0x3e362630, 0x0d47581b, 0x3c311105, 0x13533e20, 0x025d1b05, 0xfe685d22, 0x3f5901a3, 
0xfe565a40, 0x2a5901d8, 0x562d1c39, 0x02eafe3f, 0x251c4918, 0x2e2e2c12, 0x0000002c, 0x55000100, 
0x19020000, 0x15002202, 0x32010000, 0x23111516, 0x23263411, 0x11150622, 0x17331123, 0x01023e33, 
0x57626057, 0x44593e3a, 0x050d4758, 0x02403512, 0xfe685d22, 0x415701a3, 0xfe5e6440, 0x491802ea, 
0x0012251c, 0x37000200, 0x2702f6ff, 0x11002202, 0x00002000, 0x020e1401, 0x022e2223, 0x013e3435, 
0x011e3233, 0x011e1405, 0x013e3233, 0x012e3435, 0x02062223, 0x5d412327, 0x425a3539, 0x4d703c25, 
0xfe3f6f49, 0x3646216b, 0x22214636, 0x4a523745, 0x67430d01, 0x48252548, 0x7b594367, 0x597b4141, 
0x32325d3f, 0x5a403f5d, 0x00006c31, 0x55000200, 0x300210ff, 0x18002202, 0x00002800, 0x15163201, 
0x23010e14, 0x27012e22, 0x1d011e23, 0x33112301, 0x023e3317, 0x010e2217, 0x1e141507, 0x3e323301, 
0x26343501, 0x79635401, 0x29436337, 0x06102d40, 0x48580402, 0x2d10040c, 0x42361b3f, 0x431c011e, 
0x1f3f313a, 0x8a220247, 0x3f7d5b8b, 0x11152316, 0x03dc1334, 0x26174908, 0x52294a16, 0x5c42113f, 
0x3c5d3630, 0x00006e5c, 0x37000200, 0x120210ff, 0x16002202, 0x00002400, 0x37363405, 0x23010e23, 
0x34352622, 0x3233013e, 0x37331716, 0x03231133, 0x37013e32, 0x23263435, 0x14150622, 0x02ba0116, 
0x51170603, 0x38796140, 0x503f4164, 0x460d0418, 0x43379858, 0x5744011e, 0x0b474648, 0x22113012, 
0x5c8a8b30, 0x23303f7c, 0x01f8fc49, 0x3e53282f, 0x71696612, 0x006b5f5f, 0x55000100, 0x8e010000, 
0x15002202, 0x32010000, 0x2e071716, 0x0e222301, 0x23111502, 0x33173311, 0x4f01023e, 0x0b0d230f, 
0x1f0e1f0d, 0x58192c38, 0x11040a48, 0x22023e30, 0x03510303, 0x422f1a04, 0x02e2fe29, 0x311e6218, 
0x0000001d, 0x33000100, 0xb201f6ff, 0x2a002202, 0x14250000, 0x2223010e, 0x1e352726, 0x36323301, 
0x012e3435, 0x35022e27, 0x32333634, 0x2e071716, 0x06222301, 0x011e1415, 0x01021e17, 0x426034b2, 
0x201f5138, 0x3c432f5b, 0x34353916, 0x5a6f284a, 0x1e255531, 0x36274a22, 0x333d1a39, 0x94264833, 
0x12244634, 0x1b105010, 0x2014242b, 0x28141420, 0x4a442c38, 0x0e461113, 0x161e2314, 0x13141d1f, 
0x00003928, 0x10000100, 0x5301f6ff, 0x18009302, 0x32250000, 0x0e153736, 0x2e222301, 0x23113501, 
0x33013f35, 0x23153315, 0x01161411, 0x0d2a1408, 0x2a18340e, 0x4d4c2c47, 0x9b9b3423, 0x04073e2f, 
0x1d090743, 0x38014148, 0x7b72232a, 0x31cafe44, 0x0000002f, 0x4f000100, 0x1502f6ff, 0x17001802, 
0x11010000, 0x0e232723, 0x2e222302, 0x33113501, 0x33161411, 0x35013e32, 0x48150211, 0x3611040d, 
0x57402340, 0x3d3a592c, 0x021d453c, 0x47e8fd18, 0x2911241c, 0x5f014456, 0x4040a7fe, 0x013e572d, 
0x00000017, 0x00000100, 0xfc010000, 0x0f001802, 0x03330000, 0x021e1333, 0x023e3317, 0x03331337, 
0x725ecbcb, 0x030e1208, 0x130f0404, 0xcc5e7207, 0xc4fe1802, 0x11313616, 0x15363211, 0xe8fd3c01, 
0x0b000100, 0x07030100, 0x2a001902, 0x2e010000, 0x0e232703, 0x23030703, 0x1e133303, 0x3e331702, 
0x33133703, 0x17021e13, 0x37023e33, 0x23033313, 0x0c06af01, 0x04020809, 0x0b090702, 0x93646007, 
0x0e084a5b, 0x0304020b, 0x050b0908, 0x075c605f, 0x04020c0f, 0x080f0b02, 0x67955a4b, 0x29152f01, 
0x0b0b2025, 0x15292620, 0x1802d3fe, 0x3b1de2fe, 0x240c1335, 0x01102828, 0x17d2fe2e, 0x11133134, 
0x011e3d33, 0x00e8fd1e, 0x12000100, 0xff010000, 0x0b001802, 0x03130000, 0x33371733, 0x27231303, 
0xb9d42307, 0x63898a64, 0x9264c3b9, 0x12016394, 0xcaca0601, 0xeefefafe, 0x0000d6d6, 0x01000100, 
0xfe0110ff, 0x1d001802, 0x33130000, 0x17021e13, 0x37013e33, 0x0e033313, 0x26222302, 0x011e3527, 
0x013e3233, 0x5e01013f, 0x0e110a74, 0x1a060404, 0xe75f6d0e, 0x34493313, 0x0b0d2418, 0x2d1f111f, 
0x021c0b20, 0x1bcffe18, 0x19162f32, 0x30012951, 0x4b329efd, 0x46030529, 0x2b170402, 0x0000471d, 
0x27000100, 0xaf010000, 0x09001802, 0x01290000, 0x35210135, 0x21011521, 0x78feaf01, 0xf1fe2001, 
0xe4fe7001, 0x013a2301, 0xfe42449a, 0x0000006e, 0x2c000100, 0x51015aff, 0x25004003, 0x32130000, 
0x013d013e, 0x37013e34, 0x010e2215, 0x0614011d, 0x011e1507, 0x1e14011d, 0x2e151701, 0x34013d02, 
0x2c23012e, 0x2c1c3728, 0x281b314d, 0x34343616, 0x1b281636, 0x1c2c4d31, 0x72012837, 0xe7202812, 
0x011d3d32, 0x1f1f0d48, 0x0b3b32e6, 0x333a0a05, 0x0c201fe5, 0x1d014801, 0x21e7323d, 0x00001227, 
0xea000100, 0x32015aff, 0x03004003, 0x33130000, 0x48ea2311, 0xfc400348, 0x0000001a, 0x36000100, 
0x5b015aff, 0x25004003, 0x22010000, 0x011d010e, 0x07010e14, 0x3d023e35, 0x37363401, 0x3d012e35, 
0x012e3401, 0x021e3523, 0x1e14011d, 0x5b013301, 0x2d1c3628, 0x281c314d, 0x34343615, 0x1c281536, 
0x1c2d4d31, 0x28012836, 0xe7212712, 0x011d3d32, 0x200c0148, 0x3a33e51f, 0x3b0b050a, 0x1f1fe632, 
0x1d01480d, 0x20e7323d, 0x00001228, 0x32000100, 0xf5010001, 0x1b008501, 0x3e130000, 0x1e323301, 
0x011e1701, 0x37363233, 0x23010e15, 0x27012e22, 0x2223012e, 0x19320706, 0x2013243c, 0x28251e28, 
0x173c1c15, 0x13243d18, 0x241f2720, 0x3c1b1727, 0x1b4f0118, 0x0d0d051a, 0x19220b10, 0x051b1a4f, 
0x0b100d0d, 0x00001922, 0x48000200, 0xc4004aff, 0x03002202, 0x00000f00, 0x23133313, 0x23061413, 
0x34352622, 0x16323336, 0x6c193a68, 0x191a2475, 0x1a192525, 0xfe4a0124, 0x25940200, 0x24251e1e, 
0x00002020, 0x5b000100, 0xe501f6ff, 0x2300d402, 0x1e010000, 0x2e071701, 0x0e222301, 0x1e141501, 
0x36323301, 0x010e1537, 0x35231507, 0x3435022e, 0x3537013e, 0x26610133, 0x1a1a1945, 0x47361b42, 
0x33452322, 0x1b1f412c, 0x3b43273a, 0x58303057, 0x8402443a, 0x490b1101, 0x5b2d100a, 0x2a584545, 
0x0d4d0d11, 0x6461020f, 0x59723c09, 0x093e745b, 0x00000054, 0x20000100, 0x17020000, 0x2300d302, 
0x32010000, 0x2e071716, 0x06222301, 0x1533011d, 0x0e141523, 0x15210701, 0x023e3521, 0x3523013d, 
0x3e343533, 0x374e0101, 0x1e1f2258, 0x3c392949, 0x1f13cccc, 0xfe800112, 0x1a2c1d09, 0x5c326060, 
0x1118d302, 0x3b180e46, 0x68428b42, 0x0b203528, 0x21074a50, 0x42692c39, 0x2d543c94, 0x0e000100, 
0x2c020000, 0x1600ca02, 0x13010000, 0x15330333, 0x15331523, 0x35231523, 0x35333523, 0x03333523, 
0xb31d0133, 0x977cc95c, 0x97569797, 0xc77a9797, 0x016d015d, 0x4089fe5d, 0x81814052, 0x01405240, 
0x00000077, 0x3b000200, 0xbf01fbff, 0x3600fd02, 0x00004500, 0x37363413, 0x3435012e, 0x16323336, 
0x012e0717, 0x15062223, 0x17011e14, 0x1415021e, 0x011e0706, 0x23061415, 0x35272622, 0x3233021e, 
0x2e343536, 0x022e2701, 0x011e1437, 0x013e011f, 0x012e3435, 0x43010e27, 0x28241f30, 0x4e385f66, 
0x44221b25, 0x18313c30, 0x48343339, 0x231d2e27, 0x37677327, 0x38162052, 0x384a1f40, 0x34373713, 
0x1b4b274b, 0x1716353f, 0x3e441b29, 0x8b012c1c, 0x140f3d32, 0x453c2837, 0x0e430f13, 0x121c1f13, 
0x13131d1d, 0x3328392c, 0x35131141, 0x114c4526, 0x130a4b10, 0x131c2b0c, 0x14141f1c, 0x18363a2a, 
0x08142327, 0x19222b0e, 0x07132528, 0x0000002e, 0x95000200, 0xae017702, 0x0b00da02, 0x00001700, 
0x33363413, 0x14151632, 0x26222306, 0x33363437, 0x14151632, 0x26222306, 0x13131c95, 0x13131c1c, 
0x131bbc1c, 0x131c1c13, 0xa9021b13, 0x1a17171a, 0x19191919, 0x1a17171a, 0x00191919, 0x31000300, 
0x0f03f6ff, 0x1a00d402, 0x42002e00, 0x22250000, 0x3e343526, 0x16323301, 0x012e0717, 0x15062223, 
0x32331614, 0x0e153736, 0x2e220701, 0x3e343502, 0x1e323302, 0x0e141502, 0x3e322702, 0x2e343502, 
0x0e222302, 0x1e141502, 0x63af0102, 0x415a2e62, 0x1d1c401f, 0x3b152f19, 0x17423941, 0x32181939, 
0x63865032, 0x86633636, 0x65854c50, 0x86633639, 0x56704050, 0x71532e30, 0x53724444, 0x72532e2e, 
0x41657b85, 0x0e103965, 0x540d0d3d, 0x0d534c4a, 0x0e0a400a, 0x8663368f, 0x63865050, 0x86633636, 
0x63865050, 0x552e3536, 0x72414572, 0x552e3156, 0x72414572, 0x00003156, 0x20000200, 0x34017f01, 
0x1c00d202, 0x00002700, 0x1d163213, 0x0e272301, 0x2e222301, 0x3e343501, 0x35013f01, 0x22232634, 
0x3e270706, 0x010e1701, 0x33161415, 0x013d3632, 0x2f4241b1, 0x2638140c, 0x22192f1f, 0x2a383547, 
0x17321c1d, 0x37411a16, 0x191d2a3c, 0xd2022d33, 0x2adc3b36, 0x2c161b15, 0x182d2221, 0x21160202, 
0x310b0f1a, 0x02b4100d, 0x17191b1f, 0x0017282f, 0x28000200, 0xd6013800, 0x0600d701, 0x00000d00, 
0x07173713, 0x3f270717, 0x17071701, 0xa8282707, 0x3f8c8c3f, 0x3eaac6a8, 0xaa3e8c8c, 0x24c90e01, 
0xc925abab, 0xab24c90d, 0x00c925ab, 0x31000400, 0x0f03f6ff, 0x0d00d402, 0x2a001600, 0x00003e00, 
0x32331125, 0x06141516, 0x27231707, 0x32371523, 0x26343536, 0x1315012b, 0x35022e22, 0x33023e34, 
0x15021e32, 0x27020e14, 0x35023e32, 0x23022e34, 0x15020e22, 0x01021e14, 0x4c528017, 0x56741e30, 
0x27323e64, 0x312c282c, 0x6386503d, 0x86633636, 0x65854c50, 0x86633639, 0x56704050, 0x71532e30, 
0x53724444, 0x72532e2e, 0x40b5018a, 0x0c372f41, 0xebadadc2, 0x20231f28, 0x3681fe8a, 0x50508663, 
0x36366386, 0x50508663, 0x35366386, 0x4572552e, 0x31567241, 0x4572552e, 0x31567241, 0xfdff0100, 
0xf701f802, 0x03003a03, 0x21010000, 0xf7012135, 0xfa0106fe, 0x0042f802, 0x37000200, 0x7501a101, 
0x0f00d402, 0x00001b00, 0x012e2213, 0x013e3435, 0x011e3233, 0x010e1415, 0x35363227, 0x22232634, 
0x16141506, 0x284730d6, 0x2f314727, 0x48282848, 0x2f2d302e, 0x2e2e312e, 0x4527a101, 0x27452e2d, 
0x2d2e4527, 0x343b2745, 0x34342c2a, 0x00342a2c, 0x28000100, 0xf1005e02, 0x0c00fe02, 0x0e130000, 
0x35230703, 0x3337023e, 0x292209f1, 0x0f3a1229, 0x6a0b2223, 0x280ef402, 0x0c0e272b, 0x16373413, 
0x37000100, 0x250281ff, 0x1200f802, 0x23050000, 0x23112311, 0x23010e11, 0x35012e22, 0x33013e34, 
0x3a250221, 0x270f3a66, 0x335c3e11, 0x01416437, 0x3f037f12, 0x9001c1fc, 0x6c2e0504, 0x2e6d605b, 
0x4800ffff, 0xc4001d01, 0x0712a401, 0x0000ce04, 0x00002b01, 0x0e000100, 0xd40010ff, 0x16000000, 
0x14170000, 0x26222306, 0x011e3527, 0x35363233, 0x37272634, 0x021e0733, 0x0f4a4ad4, 0x1e09081b, 
0x3526240e, 0x1a3a2b26, 0x8b172818, 0x02033530, 0x13030237, 0x05181a19, 0x15053556, 0x00000022, 
0x20000200, 0x59017f01, 0x0c00d202, 0x00001800, 0x23061401, 0x34352622, 0x1e323336, 0x16140701, 
0x35363233, 0x22232634, 0x56590106, 0x54584348, 0x27462f49, 0x31312cfa, 0x31312c2c, 0x5129022c, 
0x52535759, 0x374b2757, 0x3a3b3b3a, 0x0039393b, 0x27000200, 0xd5013800, 0x0600d701, 0x00000d00, 
0x37270701, 0x0f173727, 0x27372701, 0xd5011737, 0x8c8c3eaa, 0xa9c7aa3e, 0x3e8c8c3e, 0xc90101a9, 
0x24abab25, 0x25c90dc9, 0xc924abab, 0x18000200, 0xa40140ff, 0x1f002202, 0x00002b00, 0x010e1401, 
0x15020e07, 0x32331614, 0x0e173736, 0x26222301, 0x013e3435, 0x3d023e37, 0x14373301, 0x26222306, 
0x33363435, 0x24011632, 0x2621240f, 0x3a3f122c, 0x1f224c32, 0x5f3c6128, 0x24351d68, 0x460c2222, 
0x191b2317, 0x1b192424, 0x25300123, 0x201c3138, 0x301e2a2d, 0x46101a34, 0x515e1c15, 0x1e353f2d, 
0x1c2a291d, 0x1e259311, 0x2024251e, 0x00000020, 0x0000ffff, 0x7e020000, 0x2612b003, 0x00002600, 
0x45000710, 0xb2009400, 0x0000ffff, 0x7e020000, 0x2612b003, 0x00002600, 0x71000710, 0xb200e100, 
0x0000ffff, 0x7e020000, 0x2612b003, 0x00002600, 0x21010710, 0xb2006d00, 0x0000ffff, 0x7e020000, 
0x26129103, 0x00002600, 0x28010710, 0xb2005f00, 0x0000ffff, 0x7e020000, 0x26128c03, 0x00002600, 
0x6a000710, 0xb2001d00, 0x0000ffff, 0x7e020000, 0x26126e03, 0x00002600, 0x26010710, 0x3d00a800, 
0xffff0200, 0x35030000, 0x0f00ca02, 0x00001300, 0x23350129, 0x21012307, 0x21152115, 0x21152115, 
0x23113325, 0x8cfe3503, 0x015d6bfa, 0xfee30153, 0xfe0701e6, 0xfd1a01f9, 0xdd3ad7b5, 0x4fca02dd, 
0xdeff4edf, 0x00004d01, 0x3d00ffff, 0x590210ff, 0x2612d402, 0x00002800, 0x74000710, 0x00000501, 
0x6100ffff, 0xf0010000, 0x2612b003, 0x00002a00, 0x45000710, 0xb2008700, 0x6100ffff, 0xf0010000, 
0x2612b003, 0x00002a00, 0x71000710, 0xb200d400, 0x6100ffff, 0xf0010000, 0x2612b003, 0x00002a00, 
0x21010710, 0xb2006000, 0x6100ffff, 0xf0010000, 0x26128c03, 0x00002a00, 0x6a000710, 0xb2001000, 
0x2800ffff, 0x2a010000, 0x2612b003, 0x00002e00, 0x45000710, 0xb2000000, 0x2800ffff, 0x3e010000, 
0x2612b003, 0x00002e00, 0x71000710, 0xb2004d00, 0x0100ffff, 0x53010000, 0x2612b003, 0x00002e00, 
0x21010710, 0xb200d9ff, 0x1e00ffff, 0x37010000, 0x26128c03, 0x00002e00, 0x6a000710, 0xb20089ff, 
0x1e000200, 0x9d020000, 0x0e00ca02, 0x00001c00, 0x011e3201, 0x010e1415, 0x2311012b, 0x17113335, 
0x15331523, 0x32331523, 0x2e343536, 0x6b3d0101, 0xa759579e, 0x4a4abf76, 0xb2b26ec8, 0x4090925a, 
0x50ca0278, 0xa278739b, 0x4e3a0152, 0xf54d4201, 0x8d8fed4e, 0x003b7a5f, 0x6100ffff, 0x97020000, 
0x26129103, 0x00003300, 0x28010710, 0xb2009d00, 0x3d00ffff, 0xd002f6ff, 0x2612b003, 0x00003400, 
0x45000710, 0xb200dd00, 0x3d00ffff, 0xd002f6ff, 0x2612b003, 0x00003400, 0x71000710, 0xb2002a01, 
0x3d00ffff, 0xd002f6ff, 0x2612b003, 0x00003400, 0x21010710, 0xb200b600, 0x3d00ffff, 0xd002f6ff, 
0x26129103, 0x00003400, 0x28010710, 0xb200a800, 0x3d00ffff, 0xd002f6ff, 0x26128c03, 0x00003400, 
0x6a000710, 0xb2006600, 0x45000100, 0xe3017300, 0x0b001002, 0x07010000, 0x37273727, 0x07173717, 
0x13010717, 0x9b9a329b, 0x339d9b33, 0x01329c9d, 0x9a339a0e, 0x9b9b339c, 0x329c9d32, 0x3d000300, 
0xd002e1ff, 0x1a00ea02, 0x2f002400, 0x14010000, 0x2223020e, 0x27072726, 0x35012e37, 0x33013e34, 
0x37171632, 0x011e0717, 0x01273407, 0x3233011e, 0x1425013e, 0x2e011716, 0x0e222301, 0x2ad00201, 
0x38517b53, 0x3d30245d, 0x482c2c34, 0x59347093, 0x333d2e25, 0x335f302e, 0x451ac0fe, 0x3267512a, 
0x18172bfe, 0x41193f01, 0x32695128, 0x87536601, 0x17183462, 0x314a2844, 0xa46e578c, 0x4215185c, 
0x8c304729, 0xfe498158, 0x4614123a, 0x643d5a82, 0x11c30125, 0x00814512, 0x5a00ffff, 0x8002f6ff, 
0x2612b003, 0x00003a00, 0x45000710, 0xb200c400, 0x5a00ffff, 0x8002f6ff, 0x2612b003, 0x00003a00, 
0x71000710, 0xb2001101, 0x5a00ffff, 0x8002f6ff, 0x2612b003, 0x00003a00, 0x21010710, 0xb2009d00, 
0x5a00ffff, 0x8002f6ff, 0x26128c03, 0x00003a00, 0x6a000710, 0xb2004d00, 0x0000ffff, 0x36020000, 
0x2612b003, 0x00003e00, 0x71000710, 0xb200be00, 0x61000200, 0x2a020000, 0x0e00ca02, 0x00001800, 
0x020e1401, 0x2315012b, 0x33153311, 0x32051632, 0x3435013e, 0x11012b26, 0x421c2a02, 0x5a51526e, 
0x7e91605a, 0x5946d9fe, 0x5962572b, 0x522d7e01, 0x029b253f, 0xf96e7cca, 0x4534411d, 0x00e6fe43, 
0x55000100, 0x4a02f6ff, 0x3c00fd02, 0x14010000, 0x1415030e, 0x1e17011e, 0x0e141502, 0x26222301, 
0x021e3527, 0x35363233, 0x27012e34, 0x3435022e, 0x3435033e, 0x0e222326, 0x23111501, 0x013e3411, 
0x011e3233, 0x2a1c0a02, 0x260d1c2a, 0x1c342425, 0x2f37542f, 0x2e111a48, 0x30371a35, 0x2a242911, 
0x291b142f, 0x38471b29, 0x58253d23, 0x413f643a, 0x69023661, 0x20273322, 0x160d121f, 0x3018191d, 
0x4839283a, 0x4f101222, 0x2e0c140a, 0x24251828, 0x2c2b1b17, 0x212c1f1a, 0x2a1b2620, 0x2b2e1326, 
0x4802b8fd, 0x21234f43, 0x00000041, 0x2e00ffff, 0xe001f6ff, 0x2612fe02, 0x00004600, 0x45000610, 
0x0000006f, 0x2e00ffff, 0xe001f6ff, 0x2612fe02, 0x00004600, 0x71000710, 0x0000bc00, 0x2e00ffff, 
0xe001f6ff, 0x2612fe02, 0x00004600, 0x21010610, 0x00000048, 0x2e00ffff, 0xe001f6ff, 0x2612df02, 
0x00004600, 0x28010610, 0x0000003a, 0x2e00ffff, 0xe001f6ff, 0x2612da02, 0x00004600, 0x6a000610, 
0x000000f8, 0x2e00ffff, 0xe001f6ff, 0x26123103, 0x00004600, 0x26010710, 0x00008300, 0x2e000300, 
0x2d03f6ff, 0x31002202, 0x45003d00, 0x32010000, 0x011d011e, 0x33011e21, 0x15373632, 0x2223010e, 
0x0e27012e, 0x2e222302, 0x3e343501, 0x35013f01, 0x22232634, 0x3e270706, 0x16323301, 0x03013e17, 
0x1415010e, 0x3e323316, 0x37013d01, 0x33070622, 0x02012e34, 0x335e415b, 0x4f02a9fe, 0x264c324a, 
0x2e324d28, 0x17153b4d, 0x30344937, 0x6d352d4d, 0x333d5a52, 0x1b214d28, 0x3e316423, 0x541a1551, 
0x33485ef6, 0x27432a2a, 0x05433ae0, 0x023419f8, 0x486c3c22, 0x135b6036, 0x11124d12, 0x22253319, 
0x47221c33, 0x294a3636, 0x41220302, 0x42111834, 0x2d291a14, 0xe1fe2e29, 0x2d333804, 0x3444212a, 
0x4a4fd430, 0x0026452e, 0x3700ffff, 0xbf0110ff, 0x26122202, 0x00004800, 0x74000710, 0x0000aa00, 
0x3700ffff, 0x0102f6ff, 0x2612fe02, 0x00004a00, 0x45000610, 0x00000073, 0x3700ffff, 0x0102f6ff, 
0x2612fe02, 0x00004a00, 0x71000710, 0x0000c000, 0x3700ffff, 0x0102f6ff, 0x2612fe02, 0x00004a00, 
0x21010610, 0x0000004c, 0x3700ffff, 0x0102f6ff, 0x2612da02, 0x00004a00, 0x6a000610, 0x000000fc, 
0xffffffff, 0xc8000000, 0x2612fe02, 0x0000dd00, 0x45000610, 0x000000d7, 0x4c00ffff, 0x15010000, 
0x2612fe02, 0x0000dd00, 0x71000610, 0x00000024, 0xd8ffffff, 0x2a010000, 0x2612fe02, 0x0000dd00, 
0x21010610, 0x000000b0, 0xf5ffffff, 0x0e010000, 0x2612da02, 0x0000dd00, 0x6a000710, 0x000060ff, 
0x37000200, 0x2702f6ff, 0x2400fd02, 0x00003400, 0x17011e13, 0x1e071737, 0x0e141502, 0x2e222301, 
0x3e343501, 0x1e323301, 0x2e371701, 0x27072701, 0x27012e37, 0x010e2213, 0x011e1415, 0x35363233, 
0xd8022e34, 0x731d4120, 0x452e6326, 0x4e703c28, 0x3a3f6f48, 0x3b234869, 0x1004102e, 0x26822a42, 
0x172e1570, 0x2146387b, 0x53374721, 0x3b28134c, 0x240ffd02, 0x39364315, 0x518a712a, 0x3b3f7f5f, 
0x6b4b4b6d, 0x141a0c3a, 0x26603902, 0x0e40374b, 0xd1fe0c1b, 0x31384c28, 0x5c612b4c, 0x1829371f, 
0x5500ffff, 0x19020000, 0x2612df02, 0x00005300, 0x28010610, 0x00000056, 0x3700ffff, 0x2702f6ff, 
0x2612fe02, 0x00005400, 0x45000710, 0x00008500, 0x3700ffff, 0x2702f6ff, 0x2612fe02, 0x00005400, 
0x71000710, 0x0000d200, 0x3700ffff, 0x2702f6ff, 0x2612fe02, 0x00005400, 0x21010610, 0x0000005e, 
0x3700ffff, 0x2702f6ff, 0x2612df02, 0x00005400, 0x28010610, 0x00000050, 0x3700ffff, 0x2702f6ff, 
0x2612da02, 0x00005400, 0x6a000610, 0x0000000e, 0x32000300, 0xf5015f00, 0x03002e02, 0x1b000f00, 
0x21130000, 0x22172115, 0x36343526, 0x15163233, 0x22030614, 0x36343526, 0x15163233, 0x01320614, 
0xe13dfec3, 0x17212117, 0x17212117, 0x17212117, 0x01212117, 0x1dbf4967, 0x1b1b2220, 0x011d2022, 
0x22201d55, 0x20221b1b, 0x0000001d, 0x37000300, 0x2702dfff, 0x18003602, 0x2d002200, 0x14010000, 
0x2223010e, 0x27072726, 0x35012e37, 0x32333634, 0x17371716, 0x05011e07, 0x13171614, 0x2223012e, 
0x26340506, 0x011e0327, 0x013e3233, 0x703d2702, 0x1c40254d, 0x1f2d3a28, 0x25738621, 0x3b271c42, 
0xfe221d2d, 0xdc0d0b6b, 0x521a2d11, 0x0c3a014a, 0x2c11dc0b, 0x21463619, 0x7d590d01, 0x38101141, 
0x65243e27, 0x13908540, 0x3f263811, 0x263e6323, 0x32011941, 0x5f6c0d0c, 0xfe183e25, 0x320c0bce, 
0x0000005d, 0x4f00ffff, 0x1502f6ff, 0x2612fe02, 0x00005a00, 0x45000710, 0x00008b00, 0x4f00ffff, 
0x1502f6ff, 0x2612fe02, 0x00005a00, 0x71000710, 0x0000d800, 0x4f00ffff, 0x1502f6ff, 0x2612fe02, 
0x00005a00, 0x21010610, 0x00000064, 0x4f00ffff, 0x1502f6ff, 0x2612da02, 0x00005a00, 0x6a000610, 
0x00000014, 0x0100ffff, 0xfe0110ff, 0x2612fe02, 0x00005e00, 0x71000710, 0x0000a200, 0x55000200, 
0x300210ff, 0x1c00f802, 0x00002a00, 0x010e1401, 0x012e2223, 0x021e2327, 0x1123011d, 0x06141533, 
0x023e3307, 0x07163233, 0x22232634, 0x14150706, 0x3e323316, 0x37300201, 0x3f2a4263, 0x0106102e, 
0x58580203, 0x10040102, 0x632b3e2d, 0x4a465b79, 0x41024452, 0x1f3f3158, 0x7d5b0d01, 0x1524153f, 
0x0b222007, 0xe0e803e0, 0x170d2d0e, 0x888c1625, 0x5c5c6565, 0x306b6313, 0x0000005d, 0x0100ffff, 
0xfe0110ff, 0x2612da02, 0x00005e00, 0x6a000610, 0x000000de, 0x0000ffff, 0x7e020000, 0x26125703, 
0x00002600, 0x23010710, 0xb2008100, 0x2e00ffff, 0xe001f6ff, 0x2612a502, 0x00004600, 0x23010610, 
0x0000005c, 0x0000ffff, 0x7e020000, 0x26129603, 0x00002600, 0x24010710, 0xb2007a00, 0x2e00ffff, 
0xe001f6ff, 0x2612e402, 0x00004600, 0x24010610, 0x00000055, 0x0000ffff, 0x7e0224ff, 0x2612cd02, 
0x00002600, 0x27010710, 0x0000b101, 0x2e00ffff, 0xf90124ff, 0x26122102, 0x00004600, 0x27010710, 
0x00002c01, 0x3d00ffff, 0x5902f6ff, 0x2612b003, 0x00002800, 0x71000710, 0xb2001f01, 0x3700ffff, 
0xbf01f6ff, 0x2612fe02, 0x00004800, 0x71000710, 0x0000bf00, 0x3d00ffff, 0x5902f6ff, 0x26129303, 
0x00002800, 0x25010710, 0xb2002101, 0x3700ffff, 0xbf01f6ff, 0x2612e102, 0x00004800, 0x25010710, 
0x0000c100, 0x3d00ffff, 0x5902f6ff, 0x2612b003, 0x00002800, 0x22010710, 0xb200ab00, 0x3700ffff, 
0xc501f6ff, 0x2612fe02, 0x00004800, 0x22010610, 0x0000004b, 0x6100ffff, 0x9d020000, 0x2612b003, 
0x00002900, 0x22010710, 0xb2009800, 0x3700ffff, 0xb002f6ff, 0x2612f802, 0x00004900, 0xd2040710, 
0x00007a01, 0x1e00ffff, 0x9d020000, 0x0612ca02, 0x00008800, 0x37000200, 0x5e02f6ff, 0x1f00f802, 
0x00002c00, 0x35262205, 0x32333634, 0x3317011e, 0x013d012e, 0x35333523, 0x15331533, 0x27231123, 
0x27020e23, 0x013d3632, 0x22232634, 0x16141506, 0x78641301, 0x3f2a6379, 0x0206102e, 0x58d5d504, 
0x0d484c4c, 0x3e2e1004, 0x4245541b, 0x46464759, 0x8c888b0a, 0x1624158a, 0x3d10330d, 0x42595942, 
0x1748a3fd, 0x5c491625, 0x6865115d, 0x6960606e, 0x6100ffff, 0xf0010000, 0x26125703, 0x00002a00, 
0x23010710, 0xb2007400, 0x3700ffff, 0x0102f6ff, 0x2612a502, 0x00004a00, 0x23010610, 0x00000060, 
0x6100ffff, 0xf0010000, 0x26129303, 0x00002a00, 0x25010710, 0xb200d600, 0x3700ffff, 0x0102f6ff, 
0x2612e102, 0x00004a00, 0x25010710, 0x0000c200, 0x6100ffff, 0xf00124ff, 0x2612ca02, 0x00002a00, 
0x27010710, 0x00001e01, 0x37000300, 0x010224ff, 0x15002202, 0x35002d00, 0x14050000, 0x36323316, 
0x010e1537, 0x35262223, 0x3f013e34, 0x03020e01, 0x1d011e32, 0x011e2101, 0x37363233, 0x23010e15, 
0x35012e22, 0x17013e34, 0x21070622, 0x01012e34, 0x11151885, 0x1c0e0817, 0x1d323514, 0x2850142b, 
0x4561102c, 0x91fe3563, 0x33505902, 0x50292a4f, 0x41754c37, 0x3f466b3b, 0x11010749, 0x1674391c, 
0x38010517, 0x2c320504, 0x0e2c361d, 0x2830200a, 0x6d3c8102, 0x5f5b3549, 0x124d1213, 0x597b3e11, 
0x48447e58, 0x442e4851, 0x00000027, 0x6100ffff, 0xf0010000, 0x2612b003, 0x00002a00, 0x22010710, 
0xb2006000, 0x3700ffff, 0x0102f6ff, 0x2612fe02, 0x00004a00, 0x22010610, 0x0000004c, 0x3d00ffff, 
0x8e02f6ff, 0x26129603, 0x00002c00, 0x24010710, 0xb200d100, 0x3700ffff, 0x120210ff, 0x2612e402, 
0x00004c00, 0x24010610, 0x00000065, 0x3d00ffff, 0x8e02f6ff, 0x26129303, 0x00002c00, 0x25010710, 
0xb2003a01, 0x3700ffff, 0x120210ff, 0x2612e102, 0x00004c00, 0x25010710, 0x0000ce00, 0x3d00ffff, 
0x8e0223ff, 0x2612d402, 0x00002c00, 0x36010710, 0x00009201, 0x3700ffff, 0x120210ff, 0x2612fe02, 
0x00004c00, 0xd3040610, 0x00000031, 0x00000200, 0xe4020000, 0x1300ca02, 0x00001700, 0x35231133, 
0x15333533, 0x15333521, 0x11231533, 0x19211123, 0x21352101, 0x5a616161, 0x615a6e01, 0x92fe5a61, 
0x92fe6e01, 0x77480b02, 0x48777777, 0x4d01f5fd, 0x9c01b3fe, 0x0000006f, 0x09000100, 0x19020000, 
0x2200f802, 0x15130000, 0x15231533, 0x33070614, 0x3233023e, 0x1115011e, 0x26341123, 0x010e2223, 
0x11231115, 0x35333523, 0x03d4d4ad, 0x34110602, 0x56412340, 0x3e3a572c, 0x581d443c, 0xf8024c4c, 
0x1357425a, 0x241c1027, 0x45572913, 0x4301b7fe, 0x562d4041, 0x02fefe3f, 0x005a425c, 0x1500ffff, 
0x3e010000, 0x26125703, 0x00002e00, 0x23010710, 0xb200edff, 0xecffffff, 0x15010000, 0x2612a502, 
0x0000dd00, 0x23010610, 0x000000c4, 0x2800ffff, 0x2a0124ff, 0x2612ca02, 0x00002e00, 0x27010610, 
0x0000005c, 0x1b00ffff, 0xc00024ff, 0x2612e102, 0x00004e00, 0x27010610, 0x000000f3, 0x2800ffff, 
0x2a010000, 0x26129303, 0x00002e00, 0x25010710, 0xb2004f00, 0x55000100, 0xad000000, 0x03001802, 
0x23330000, 0x58ad3311, 0x00180258, 0x2800ffff, 0x090242ff, 0x2610ca02, 0x00002e00, 0x2f000710, 
0x00005301, 0x4e00ffff, 0xb70110ff, 0x2610e102, 0x00004e00, 0x4f000710, 0x00000201, 0x6100ffff, 
0x6b0223ff, 0x2612ca02, 0x00003000, 0x36010710, 0x00004a01, 0x5500ffff, 0x0d0223ff, 0x2612f802, 
0x00005000, 0x36010710, 0x00000b01, 0x5700ffff, 0xf3010000, 0x2612b003, 0x00003100, 0x71000710, 
0xb2002f00, 0x4c00ffff, 0x15010000, 0x2612de03, 0x00005100, 0x71000710, 0xe0002400, 0x6100ffff, 
0xf30123ff, 0x2612ca02, 0x00003100, 0x36010710, 0x00002c01, 0x4100ffff, 0xc10023ff, 0x2612f802, 
0x00005100, 0x36010710, 0x00008100, 0x6100ffff, 0xf3010000, 0x2612ca02, 0x00003100, 0xd2040710, 
0xd2ffbd00, 0x5500ffff, 0x51010000, 0x2612f802, 0x00005100, 0xd2040610, 0x0000001b, 0x0d000100, 
0xf3010000, 0x0d00ca02, 0x35330000, 0x11372707, 0x17371133, 0x15211507, 0x54233161, 0xad24895a, 
0x1cf73801, 0x8101323c, 0x3f51b4fe, 0x0050dc64, 0xf7ff0100, 0x0b010000, 0x0b00f802, 0x11330000, 
0x11372707, 0x17371133, 0x334e1107, 0x40585724, 0x1d016525, 0x01383b20, 0x2cb1fe88, 0xaafe443b, 
0x6100ffff, 0x97020000, 0x2612b003, 0x00003300, 0x71000710, 0xb2001f01, 0x5500ffff, 0x19020000, 
0x2612fe02, 0x00005300, 0x71000710, 0x0000d800, 0x6100ffff, 0x970223ff, 0x2612ca02, 0x00003300, 
0x36010710, 0x00007c01, 0x5500ffff, 0x190223ff, 0x26122202, 0x00005300, 0x36010710, 0x00003501, 
0x6100ffff, 0x97020000, 0x2612b003, 0x00003300, 0x22010710, 0xb200ab00, 0x5500ffff, 0x19020000, 
0x2612fe02, 0x00005300, 0x22010610, 0x00000064, 0x61000100, 0x970242ff, 0x2100ca02, 0x22050000, 
0x1e352726, 0x3e323301, 0x23013501, 0x1115021e, 0x01331123, 0x35022e33, 0x14113311, 0xdb01010e, 
0x100e2519, 0x2f1a1626, 0x046dfe1f, 0x53030302, 0x047d0168, 0x54020302, 0x07be542e, 0x06044c06, 
0x022b3113, 0x50461351, 0x027dfe25, 0x16c4fdca, 0x01254c41, 0x433cfd74, 0x00002a57, 0x55000100, 
0x1a0210ff, 0x24002202, 0x22050000, 0x1e352726, 0x36323301, 0x26341135, 0x010e2223, 0x11231115, 
0x3e331733, 0x1e323302, 0x14111501, 0x8a01010e, 0x0e0d2218, 0x261d121c, 0x463b3d3a, 0x0e47581d, 
0x40331205, 0x2b574222, 0x07f03f1f, 0x06044705, 0xab013123, 0x562c3f41, 0x02e9fe3f, 0x251c4918, 
0x45562912, 0x483252fe, 0x00000026, 0x3d00ffff, 0xd002f6ff, 0x26125703, 0x00003400, 0x23010710, 
0xb200ca00, 0x3700ffff, 0x2702f6ff, 0x2612a502, 0x00005400, 0x23010610, 0x00000072, 0x3d00ffff, 
0xd002f6ff, 0x2612b003, 0x00003400, 0x29010710, 0xb200ab00, 0x3700ffff, 0x2702f6ff, 0x2612fe02, 
0x00005400, 0x29010610, 0x00000053, 0x3d000200, 0x6403f6ff, 0x1800d502, 0x00002800, 0x17163201, 
0x15211521, 0x15211521, 0x0e211521, 0x2e222301, 0x3e343501, 0x0e221701, 0x1e141502, 0x36323301, 
0x012e1137, 0x301a8201, 0xfe820116, 0xfe0c01e1, 0xfe1f01f4, 0x1a311684, 0x4748936f, 0x5b3d7591, 
0x6a331d3a, 0x14331c51, 0xd5023115, 0xdf4f0506, 0x044fff4e, 0x6fa65c06, 0x4f5ba46f, 0x446a4b27, 
0x0946825a, 0x08210208, 0x00000008, 0x36000300, 0x7e03f6ff, 0x24002102, 0x3b003300, 0x32010000, 
0x011d011e, 0x33011e21, 0x15373632, 0x2223010e, 0x010e2726, 0x012e2223, 0x013e3435, 0x17163233, 
0x2205023e, 0x1e141506, 0x3e323301, 0x2e343501, 0x06222501, 0x2e342107, 0x44a50201, 0x9cfe3461, 
0x354d5302, 0x4e28284d, 0x20684435, 0x4642661f, 0x6e3b3f6d, 0x1e643f4c, 0xfe453714, 0x1f464fab, 
0x42343543, 0x01432020, 0x06463c48, 0x371a0501, 0x6c3c2102, 0x5a603549, 0x124d1213, 0x37373811, 
0x597d4138, 0x38417b58, 0x19312436, 0x43656649, 0x5a2e2f5c, 0x2e5b4642, 0x2e4a4e01, 0x00002644, 
0x6100ffff, 0x5f020000, 0x2612b003, 0x00003700, 0x71000710, 0xb200da00, 0x5500ffff, 0x8e010000, 
0x2612fe02, 0x00005700, 0x71000710, 0x00009300, 0x6100ffff, 0x5f0223ff, 0x2612ca02, 0x00003700, 
0x36010710, 0x00004801, 0x3e00ffff, 0x8e0123ff, 0x26122202, 0x00005700, 0x36010610, 0x0000007e, 
0x6100ffff, 0x5f020000, 0x2612b003, 0x00003700, 0x22010710, 0xb2006600, 0x4700ffff, 0x99010000, 
0x2612fe02, 0x00005700, 0x22010610, 0x0000001f, 0x3300ffff, 0xf601f6ff, 0x2612b003, 0x00003800, 
0x71000710, 0xb200c000, 0x3300ffff, 0xb201f6ff, 0x2612fe02, 0x00005800, 0x71000710, 0x00009300, 
0x3300ffff, 0xf60110ff, 0x2612d402, 0x00003800, 0x74000710, 0x00009000, 0x3300ffff, 0xb20110ff, 
0x26122202, 0x00005800, 0x74000610, 0x0000007f, 0x3300ffff, 0xf601f6ff, 0x2612b003, 0x00003800, 
0x22010710, 0xb2004c00, 0x3300ffff, 0xb201f6ff, 0x2612fe02, 0x00005800, 0x22010610, 0x0000001f, 
0x0a00ffff, 0x21020000, 0x2612b003, 0x00003900, 0x22010710, 0xb2004500, 0x1000ffff, 0xd601f6ff, 
0x2612f802, 0x00005900, 0xd2040710, 0x0000a000, 0x5a00ffff, 0x8002f6ff, 0x26125703, 0x00003a00, 
0x23010710, 0xb200b100, 0x4f00ffff, 0x1502f6ff, 0x2612a502, 0x00005a00, 0x23010610, 0x00000078, 
0x5a00ffff, 0x8002f6ff, 0x26129603, 0x00003a00, 0x24010710, 0xb200aa00, 0x4f00ffff, 0x1502f6ff, 
0x2612e402, 0x00005a00, 0x24010610, 0x00000071, 0x5a00ffff, 0x8002f6ff, 0x2612e303, 0x00003a00, 
0x26010710, 0xb200d800, 0x4f00ffff, 0x1502f6ff, 0x26123103, 0x00005a00, 0x26010710, 0x00009f00, 
0x5a00ffff, 0x8002f6ff, 0x2612b003, 0x00003a00, 0x29010710, 0xb2009200, 0x4f00ffff, 0x1502f6ff, 
0x2612fe02, 0x00005a00, 0x29010610, 0x00000059, 0x5a000200, 0x800224ff, 0x1500ca02, 0x00002900, 
0x33161405, 0x15373632, 0x2223010e, 0x3e343526, 0x0e013f01, 0x0e141302, 0x26222301, 0x11331135, 
0x32331614, 0x1135013e, 0x18d20133, 0x08171115, 0x35141c0e, 0x142e2032, 0x13281e3f, 0x5f7b3cae, 
0x5d5a8b85, 0x2651415e, 0x191d6b59, 0x04380105, 0x20333405, 0x0b0e323d, 0x012e3622, 0x45774a4f, 
0xcc017791, 0x605731fe, 0x0136532f, 0x000000ce, 0x4f00ffff, 0x1d0224ff, 0x26121802, 0x00005a00, 
0x27010710, 0x00005001, 0x0c00ffff, 0x95030000, 0x2612b003, 0x00003c00, 0x21010710, 0xb2000001, 
0x0b00ffff, 0x07030100, 0x2612fe02, 0x00005c00, 0x21010710, 0x0000b800, 0x0000ffff, 0x36020000, 
0x2612b003, 0x00003e00, 0x21010710, 0xb2004a00, 0x0100ffff, 0xfe0110ff, 0x2612fe02, 0x00005e00, 
0x21010610, 0x0000002e, 0x0000ffff, 0x36020000, 0x26128c03, 0x00003e00, 0x6a000710, 0xb200faff, 
0x2600ffff, 0x15020000, 0x2612b003, 0x00003f00, 0x71000710, 0xb200c500, 0x2700ffff, 0xaf010000, 
0x2612fe02, 0x00005f00, 0x71000710, 0x00008e00, 0x2600ffff, 0x15020000, 0x26129303, 0x00003f00, 
0x25010710, 0xb200c700, 0x2700ffff, 0xaf010000, 0x2612e102, 0x00005f00, 0x25010710, 0x00009000, 
0x2600ffff, 0x15020000, 0x2612b003, 0x00003f00, 0x22010710, 0xb2005100, 0x2700ffff, 0xaf010000, 
0x2612fe02, 0x00005f00, 0x22010610, 0x0000001a, 0x3300ffff, 0xf60123ff, 0x2612d402, 0x00003800, 
0x36010710, 0x00000101, 0x3300ffff, 0xb20123ff, 0x26122202, 0x00005800, 0x36010710, 0x0000f000, 
0x0a00ffff, 0x210223ff, 0x2612ca02, 0x00003900, 0x36010710, 0x00001601, 0x1000ffff, 0x530123ff, 
0x26129302, 0x00005900, 0x36010710, 0x0000d600, 0xc9ff0100, 0xad0010ff, 0x10001802, 0x22170000, 
0x1e352726, 0x36323301, 0x11331135, 0x16010e14, 0x0f0e2619, 0x2a201320, 0xf0422058, 0x04470507, 
0x02312306, 0x3298fd6b, 0x00002648, 0x5100ffff, 0xea00e401, 0x0612d902, 0x0000f201, 0x28000100, 
0x7a015e02, 0x1200fe02, 0x1e130000, 0x23151702, 0x0e27012e, 0x35230701, 0xfd37023e, 0x13312d0c, 
0x1b381a3e, 0x3c1a361b, 0x0d2c2f13, 0x3716fe02, 0x100b1335, 0x2e1b1b2f, 0x34140b11, 0x00001637, 
0x28000100, 0x7a015e02, 0x1200fe02, 0x2e130000, 0x33352702, 0x3e17011e, 0x15333701, 0xa307020e, 
0x12302c0d, 0x19381a3c, 0x3e1a381b, 0x0c2d3113, 0x35175e02, 0x110d1334, 0x301b1b30, 0x34130d11, 
0x00001735, 0x28000100, 0x51015e02, 0x0300a502, 0x15010000, 0x51013521, 0xa502d7fe, 0x00004747, 
0x28000100, 0x5f015e02, 0x1000e402, 0x0e010000, 0x26222302, 0x021e3327, 0x013e3233, 0x035f0137, 
0x4a304427, 0x0336044b, 0x1a1e2b19, 0x02031d2b, 0x223c28e4, 0x1b1b3d49, 0x1a1b0a09, 0x28000100, 
0x8f007102, 0x0b00e102, 0x32130000, 0x06141516, 0x35262223, 0x145c3634, 0x16141f1f, 0xe1021e1e, 
0x1c1c1d1b, 0x1b1d1c1c, 0x28000200, 0x04015e02, 0x0b003103, 0x00001700, 0x35262213, 0x32333634, 
0x06141516, 0x35363227, 0x22232634, 0x16141506, 0x3c3c3195, 0x3f402f31, 0x201f1930, 0x1d201818, 
0x32385e02, 0x31373732, 0x1e323833, 0x1e1e1a1a, 0x001e1a1a, 0x28000100, 0xcd0024ff, 0x14000f00, 
0x14170000, 0x36323316, 0x010e1537, 0x35262223, 0x37013e34, 0x70010e17, 0x17111518, 0x141c0e08, 
0x2b1d3235, 0x22223014, 0x05171674, 0x05043801, 0x361d2c32, 0x200f0e2c, 0x00000035, 0x28000100, 
0x97015e02, 0x1900df02, 0x3e130000, 0x1e323303, 0x36323302, 0x010e3337, 0x022e2223, 0x07062223, 
0x1c110328, 0x29161826, 0x17102326, 0x06320719, 0x28152f38, 0x18112327, 0x5e020718, 0x12212f1e, 
0x1d111711, 0x11463a1d, 0x1d1d1117, 0x28000200, 0x8f015e02, 0x0c00fe02, 0x00001900, 0x07030e01, 
0x023e3523, 0x0e073337, 0x35230703, 0x3337023e, 0x1e088f01, 0x32112727, 0x0a1f200e, 0x1e08b060, 
0x32112727, 0x0b1e200e, 0x0df40260, 0x0e272c28, 0x3734130c, 0x280d0a16, 0x0c0e272c, 0x16373413, 
0x13feffff, 0xdcfe5e02, 0x0710fe02, 0xebfd4500, 0x00000000, 0xbbfeffff, 0x84ff5e02, 0x0710fe02, 
0x93fe7100, 0x00000000, 0x59ffffff, 0xab005e02, 0x0710fe02, 0x31ff2101, 0x00000000, 0x15feffff, 
0x84ff5e02, 0x0710df02, 0xedfd2801, 0x00000000, 0x6cffffff, 0x95005e02, 0x0710a502, 0x44ff2301, 
0x00000000, 0x65ffffff, 0x9c005e02, 0x0710e402, 0x3dff2401, 0x00000000, 0xcdffffff, 0x34007102, 
0x0610e102, 0x00a52501, 0x73ffffff, 0x8c007702, 0x0710da02, 0xdefe6a00, 0x00000000, 0x94ffffff, 
0x70005e02, 0x07103103, 0x6cff2601, 0x00000000, 0x82ffffff, 0xe9005e02, 0x0710fe02, 0x5aff2901, 
0x00000000, 0x57ffffff, 0xa9005e02, 0x0710fe02, 0x2fff2201, 0x00000000, 0xb1ffffff, 0x4800d501, 
0x0610ca02, 0x00a5d004, 0xc0ff0100, 0x400023ff, 0x0b00c3ff, 0x0e170000, 0x35230702, 0x3337023e, 
0x21190440, 0x11083012, 0x4657020e, 0x16383712, 0x3935110c, 0x00000015, 0x9effffff, 0x640010ff, 
0x06100000, 0x00907400, 0xaeffffff, 0x530024ff, 0x06100f00, 0x00862701, 0xa0fe0200, 0x4500a802, 
0x0d008003, 0x00001900, 0x33013e01, 0x07171632, 0x2223012e, 0x14370706, 0x26222306, 0x33363435, 
0xa0fe1632, 0x484c6b18, 0x1a45226c, 0x383a3544, 0x141eb811, 0x141e1e14, 0xc9021e14, 0x5f585265, 
0x4b464718, 0x1d152a43, 0x1d15151d, 0x0000001d, 0xa0fe0200, 0x4500a802, 0x0b008003, 0x00001900, 
0x33363403, 0x14151632, 0x26222306, 0x23010e25, 0x37272622, 0x3233011e, 0x1dbc3736, 0x1d1d1514, 
0x011d1415, 0x4d6b1701, 0x45226c48, 0x3a36441a, 0x4f031038, 0x151c1c15, 0x251d1d15, 0x5e595364, 
0x4b464618, 0x00000043, 0x47ff0100, 0xb5ffca02, 0x0b003e03, 0x34030000, 0x16323336, 0x23061415, 
0x21b92622, 0x20201716, 0x03211617, 0x22221804, 0x22221818, 0x4e000200, 0xc8003600, 0x0b00f301, 
0x00001700, 0x33363437, 0x14151632, 0x26222306, 0x33363411, 0x14151632, 0x26222306, 0x1919244e, 
0x19192424, 0x19192424, 0x19192424, 0x261a7624, 0x261a1a26, 0x1a570126, 0x1a1a2626, 0x00002626, 
0x1d000500, 0x0b030000, 0x07008003, 0x38001c00, 0x61004800, 0x11010000, 0x35231123, 0x32251521, 
0x0e141516, 0x3e270701, 0x26343501, 0x07062223, 0x13013e27, 0x23010e14, 0x27012e22, 0x33021e37, 
0x34353632, 0x013f2726, 0x011f011e, 0x3237011e, 0x0e153736, 0x2e222301, 0x37012f01, 0x2e13011e, 
0x06222302, 0x012e2223, 0x021e3727, 0x33363233, 0x17021e32, 0x4951a302, 0x1ffe0201, 0x582d534e, 
0x39440542, 0x3c251f2f, 0x4d1a1922, 0x2d472add, 0x2a576139, 0x483f1d47, 0x42302629, 0x0e2b3b2f, 
0x0d050a22, 0x4630100e, 0x29452b2f, 0x0823280f, 0x401d062f, 0x22180b8e, 0x0d1a0d19, 0x142f3923, 
0x23170b42, 0x12200e1c, 0x1f252d1c, 0xfd27020d, 0x472702d9, 0x3b4e5147, 0x0228452b, 0x252c0246, 
0x11142024, 0xfe180e45, 0x1e3e2e62, 0x1a627a38, 0x23376747, 0x1d463027, 0x220c0903, 0x2a131311, 
0x48110f6b, 0x07050c13, 0x070f3803, 0x30090108, 0x16021636, 0x1d17373b, 0x13041328, 0x003a4c2c, 
0x1d000400, 0x0b030000, 0x07007802, 0x38001c00, 0x00004800, 0x11231101, 0x15213523, 0x15163225, 
0x07010e14, 0x35013e27, 0x22232634, 0x3e270706, 0x0e141301, 0x2e222301, 0x1e372701, 0x36323302, 
0x27263435, 0x011e013f, 0x011e011f, 0x37363237, 0x23010e15, 0x2f012e22, 0x011e3701, 0x4951a302, 
0x1ffe0201, 0x582d534e, 0x39440542, 0x3c251f2f, 0x4d1a1922, 0x2d472add, 0x2a576139, 0x483f1d47, 
0x42302629, 0x0e2b3b2f, 0x0d050a22, 0x4630100e, 0x29452b2f, 0x0823280f, 0x401d062f, 0xd9fd2702, 
0x47472702, 0x2b3b4e51, 0x46022845, 0x24252c02, 0x45111420, 0x62fe180e, 0x381e3e2e, 0x471a627a, 
0x27233767, 0x031d4630, 0x11220c09, 0x6b2a1313, 0x1348110f, 0x0307050c, 0x08070f38, 0x1d000500, 
0x0e040000, 0x07007802, 0x38001c00, 0x50004800, 0x11010000, 0x35231123, 0x32251521, 0x0e141516, 
0x3e270701, 0x26343501, 0x07062223, 0x13013e27, 0x23010e14, 0x27012e22, 0x33021e37, 0x34353632, 
0x013f2726, 0x011f011e, 0x3237011e, 0x0e153736, 0x2e222301, 0x37012f01, 0x1125011e, 0x35231123, 
0xa3021521, 0x02014951, 0x534e1ffe, 0x0542582d, 0x1f2f3944, 0x19223c25, 0x2add4d1a, 0x61392d47, 
0x1d472a57, 0x2629483f, 0x3b2f4230, 0x0a220e2b, 0x100e0d05, 0x2b2f4630, 0x280f2945, 0x062f0823, 
0xe201401d, 0x12015951, 0xd9fd2702, 0x47472702, 0x2b3b4e51, 0x46022845, 0x24252c02, 0x45111420, 
0x62fe180e, 0x381e3e2e, 0x471a627a, 0x27233767, 0x031d4630, 0x11220c09, 0x6b2a1313, 0x1348110f, 
0x0307050c, 0x08070f38, 0x02d9fdc9, 0x00474727, 0x00000100, 0xf90192ff, 0x49006e02, 0x22250000, 
0x022e0706, 0x37363435, 0x013b023e, 0x21352135, 0x23152315, 0x0e070622, 0x16141501, 0x33013e17, 
0x14151632, 0x2a23010e, 0x022e2701, 0x33363435, 0x1e171632, 0x2e071702, 0x1e012f01, 0x36323301, 
0x012e3435, 0x3a1d0f01, 0x1d331f17, 0x250f1114, 0xfe5d2131, 0x6ef901c6, 0x091a1fb8, 0x101c0807, 
0x4a1a3417, 0x44613462, 0x2a0b160c, 0x1a1b223d, 0x18333d1c, 0x21203e38, 0x24347d46, 0x4614491b, 
0xde2a164d, 0x2e130b0e, 0x281c2238, 0x060e0c0d, 0x9d474756, 0x11060706, 0x0d21180b, 0x414b0908, 
0x01234433, 0x161c0c02, 0x33281d16, 0x0a15160c, 0x23472046, 0x290c0c40, 0x101f162c, 0x0000ffff, 
0xf90192ff, 0x26128003, 0x00004001, 0x58020710, 0x0000e301, 0x00000300, 0x33020000, 0x03006e02, 
0x2c001300, 0x21110000, 0x1e252115, 0x06141503, 0x013e2707, 0x27263435, 0x15021e17, 0x23010e14, 
0x27012e22, 0x33021e37, 0x35013e32, 0x02272634, 0x01cdfd33, 0x2e3f2639, 0x056a7319, 0x2330474a, 
0x21341b42, 0x39304e2d, 0x472c5f67, 0x2e4f431c, 0x3d182a1c, 0x476e0237, 0x29190341, 0x5d4b1e35, 
0x30024602, 0x09342731, 0x463816da, 0x2244322d, 0x19728a3d, 0x1043774e, 0x4f302026, 0x00000023, 
0x00000400, 0x0c030000, 0x03006e02, 0x2c001300, 0x00004000, 0x21152111, 0x15031e25, 0x27070614, 
0x3435013e, 0x1e172726, 0x0e141502, 0x2e222301, 0x1e372701, 0x3e323302, 0x26343501, 0x013e1727, 
0x15163233, 0x27070614, 0x3435013e, 0x06222326, 0xfc0c0307, 0x263901f4, 0x73192e3f, 0x474a056a, 
0x1b422330, 0x4e2d2134, 0x5f673930, 0x431c472c, 0x2a1c2e4f, 0x8c373d18, 0x41254121, 0x48231e53, 
0x23292019, 0x02203d1c, 0x0341476e, 0x1e352919, 0x46025d4b, 0x27313002, 0x16da0934, 0x322d4638, 
0x8a3d2244, 0x774e1972, 0x20261043, 0x28234f30, 0x454f1a19, 0x292f5c2e, 0x2c28471d, 0x00282727, 
0x00000500, 0x6303deff, 0x07006e02, 0x1d001900, 0x52003c00, 0x11010000, 0x35211123, 0x3e051521, 
0x1e323301, 0x010f1701, 0x2223032e, 0x27130706, 0x3e371725, 0x2e153701, 0x36343501, 0x011e3233, 
0x07061415, 0x0717011e, 0x27022e23, 0x0107020e, 0x2223010e, 0x3435012e, 0x1737013e, 0x1415010e, 
0x36323316, 0x50ce0137, 0x630382fe, 0x4a22b8fc, 0x45442c2c, 0x1927152b, 0x17262428, 0x4829391c, 
0x2721012f, 0x17532822, 0x192a0707, 0x1c14251a, 0x0d1b0e14, 0x1708300b, 0x38110615, 0x8101193c, 
0x3229421a, 0x391d2648, 0x2e342c2a, 0x2f201f31, 0xfd270222, 0x472702d9, 0x17108647, 0x203b451e, 
0x1d2f2108, 0xfe15100d, 0x38af43ea, 0x070a024d, 0x0d180c09, 0x23141f20, 0x08221c16, 0x21132b18, 
0x0d27250d, 0x01070c06, 0x150dfcfe, 0x20294024, 0x3d092a37, 0x22212908, 0x00120f1f, 0x00000400, 
0xcb0291ff, 0x07006e02, 0x35002000, 0x00004b00, 0x27152301, 0x21352135, 0x011e3205, 0x012e0717, 
0x15062223, 0x17011e14, 0x35022e07, 0x13023e34, 0x17373634, 0x1415010e, 0x36323316, 0x010e1737, 
0x012e2223, 0x011e3213, 0x07061415, 0x35013e27, 0x22232634, 0x2707010e, 0xca02013e, 0x2afe50a4, 
0x02feca02, 0x18343821, 0x263b1f20, 0x522b2b28, 0x603a363a, 0x382f1d38, 0x0f5e54f5, 0x1f323a3d, 
0x19222f20, 0x32294319, 0x21542648, 0x11183045, 0x2c1c1155, 0x2e331923, 0x75194d12, 0x23ad2702, 
0x10c4478a, 0x1a41161f, 0x26242e23, 0x34314b45, 0x355d5b32, 0x11253928, 0x503874fe, 0x2c0a420e, 
0x101f2224, 0x150d4511, 0xb6013f24, 0x293b4720, 0x1d13204d, 0x2b2d2a40, 0x183d3f18, 0x0000635f, 
0x0000ffff, 0x380248ff, 0x26127903, 0x00004801, 0x7e010710, 0x0000d101, 0x0000ffff, 0x380248ff, 
0x26128003, 0x00004801, 0x7f010710, 0x00003302, 0x00000100, 0x380248ff, 0x32006e02, 0x23010000, 
0x07061415, 0x2707010e, 0x3e37013e, 0x23013d01, 0x021e1415, 0x021e011f, 0x07061415, 0x35013e27, 
0x2f012e34, 0x27012e01, 0x013d012e, 0x02213523, 0x120f5e38, 0x10283d11, 0x0c0a1f16, 0x1406e90b, 
0x2a6e2228, 0x0e211733, 0x10170d48, 0x27573130, 0x08080e37, 0x0238024f, 0x3c33ab27, 0x031d1617, 
0x0b0b044a, 0xab29230c, 0x263a2ec6, 0x183e141f, 0x2822312c, 0x142a1447, 0x1d13162d, 0x17321c23, 
0x32132231, 0x0047eb23, 0x0000ffff, 0x380248ff, 0x26128003, 0x00004801, 0x80010710, 0x00003302, 
0x1d00ffff, 0x27040000, 0x26127903, 0x00003f01, 0x7e010710, 0x0000e203, 0x1d00ffff, 0x0e040000, 
0x26128003, 0x00003f01, 0x7f010710, 0x0000ff03, 0x1d00ffff, 0x0e040000, 0x26128003, 0x00003f01, 
0x80010710, 0x0000ff03, 0x1d00ffff, 0x0e040000, 0x26128003, 0x00003f01, 0x81010710, 0x0000ff03, 
0x00000100, 0x09030000, 0x3c006e02, 0x21010000, 0x013e2715, 0x15163233, 0x27070614, 0x3435013e, 
0x06222326, 0x23113707, 0x020e1735, 0x012e2223, 0x013e3435, 0x17163233, 0x23012e07, 0x14150622, 
0x36323316, 0x21110737, 0x09032135, 0x1804bbfe, 0x5241233e, 0x1948231e, 0x1b232720, 0x51051e3a, 
0x3b2d100e, 0x32532f27, 0x173a5a32, 0x10060f39, 0x403a1331, 0x4d32283d, 0x8dfe1121, 0x27020903, 
0x1c1a09d7, 0x682e4d53, 0x54202932, 0x262e2f29, 0xebfe1928, 0x200e18d2, 0x394d2616, 0x072a4e36, 
0x06044903, 0x33352f34, 0x01362436, 0x00004747, 0x00000300, 0x41030000, 0x30006e02, 0x54003800, 
0x37010000, 0x1415011e, 0x3707010e, 0x3233021e, 0x0e173736, 0x2e222301, 0x012e2702, 0x33363435, 
0x17011e32, 0x35023e27, 0x17272634, 0x15213523, 0x11231133, 0x15213523, 0x23010e03, 0x35012e22, 
0x33013e34, 0x07171632, 0x2223012e, 0x16141506, 0x37363233, 0x0b0b0901, 0x2c3e210b, 0x72642f04, 
0x2b5a3342, 0x386c2711, 0x62636736, 0x1e121b31, 0x1e251922, 0x1d1c3d0d, 0x150d0a0c, 0xe9f001d7, 
0x7401bb51, 0x324b16a5, 0x2c2b4b2f, 0x3611344f, 0x250f060e, 0x37373012, 0x14472f2a, 0x130a2702, 
0x50382133, 0x39071236, 0x1f1d2950, 0x1a222240, 0x233f5837, 0x2215132d, 0x1f1d2917, 0x1a352808, 
0x0d15371e, 0xd9fd4747, 0x47472702, 0x1e11acfe, 0x312e4627, 0x05052544, 0x2c060445, 0x31292b2c, 
0x00000019, 0x00000100, 0x42020000, 0x16006e02, 0x11130000, 0x22230614, 0x3435022e, 0x35013b36, 
0x15213523, 0x11231123, 0x131719d0, 0x1b16242a, 0x027f1922, 0x02516842, 0x1ac3fe27, 0x2d28181e, 
0xc01c1715, 0xd9fd4747, 0x00002702, 0x00000200, 0x5d020000, 0x29006e02, 0x00003800, 0x23112301, 
0x020e1735, 0x35262223, 0x013f3634, 0x3233013e, 0x26071716, 0x0e222322, 0x16141501, 0x37363233, 
0x35211107, 0x2e220121, 0x36343501, 0x010e1737, 0x17161415, 0x51675d02, 0x3b311505, 0x1b604d26, 
0x3a170a1c, 0x071a0c1f, 0x06100706, 0x381a2f21, 0x194e362c, 0x025bfe03, 0x3276fe5d, 0x19212b4c, 
0x381a1546, 0xfd27022a, 0x0e13bcd9, 0x43510e17, 0x0e143b20, 0x01010d0f, 0x23120146, 0x2e272a1a, 
0x3101111d, 0x29eefe47, 0x31292844, 0x270d2213, 0x01292a1a, 0x00000200, 0x96020000, 0x37006e02, 
0x00004300, 0x07062225, 0x3435022e, 0x023e3736, 0x2135013b, 0x23152135, 0x06222315, 0x15010e07, 
0x3e171614, 0x16323301, 0x010e1415, 0x012e2223, 0x011e3727, 0x35363233, 0x34372634, 0x16323336, 
0x23061415, 0x66012622, 0x1e173a1d, 0x11141e33, 0x2131250f, 0x026ffe5d, 0x1fb8b496, 0x0807091a, 
0x3417101c, 0x2c624a1a, 0x71414257, 0x393d285e, 0x393b4b77, 0x161e6b31, 0x161e1e16, 0x0ede1e16, 
0x392e120b, 0x0d281c22, 0x56060e0c, 0x069d4747, 0x0b110607, 0x080d2118, 0x2d414b09, 0x48282746, 
0x4144312e, 0x24222529, 0x20201773, 0x21211617, 0x00000100, 0x89020000, 0x27006e02, 0x23010000, 
0x17352311, 0x2223020e, 0x36343526, 0x21350737, 0x07331632, 0x15062223, 0x33011e14, 0x37013e32, 
0x35211107, 0x68890221, 0x2c110350, 0x634d2337, 0x01931319, 0x04241225, 0x473a2007, 0x21192c1b, 
0x02132c36, 0x89022ffe, 0xd9fd2702, 0x170b13ba, 0x1d47560f, 0x48021033, 0x2f314601, 0x1413271c, 
0x010d1422, 0x0000472e, 0x00000300, 0xcb020000, 0x07006e02, 0x53003e00, 0x15010000, 0x35213523, 
0x32011521, 0x3435023e, 0x06222326, 0x17161415, 0x35012e07, 0x32333634, 0x1415011e, 0x2223020e, 
0x36343526, 0x37013e37, 0x3233013e, 0x26071716, 0x06222322, 0x27161415, 0x3435012e, 0x3233013e, 
0x2e071716, 0x06222301, 0x17161415, 0xfe501702, 0xfecb0239, 0x4d65395d, 0x22292e2b, 0x213a351d, 
0x44484a51, 0x322d4b2e, 0x6152845d, 0x031a1962, 0x36150304, 0x07180b1d, 0x050f0606, 0x2d3e302e, 
0x4a295547, 0x0d341130, 0x15230e06, 0x28372d2b, 0x69692702, 0x1ffe4747, 0x33584124, 0x19243e2f, 
0x3f0e3320, 0x37345317, 0x3b4d2748, 0x34586e3a, 0x381b4053, 0x02090213, 0x01020e0e, 0x23230146, 
0x0f8b2628, 0x37283a4d, 0x4505051d, 0x20210704, 0x00082120, 0x00000100, 0xf5020000, 0x26006e02, 
0x11010000, 0x22231123, 0x1e012f26, 0x0e141501, 0x2e222301, 0x1e372702, 0x36323302, 0x27263435, 
0x21352137, 0x02152135, 0x1a89518d, 0x2a07091f, 0x28432936, 0x41454928, 0x401f4720, 0x29202746, 
0x011d2d3d, 0x02c4fd0e, 0xfd2702f5, 0x027201d9, 0x581d0a03, 0x1e3e2e32, 0x597b4b22, 0x3e7a5919, 
0x4e2c2822, 0x476e401c, 0x00000047, 0x00000300, 0x030392ff, 0x07006e02, 0x62005200, 0x11010000, 
0x35231123, 0x22011521, 0x022e0706, 0x37363435, 0x013b023e, 0x21352135, 0x23152315, 0x0e070622, 
0x16141501, 0x33013e17, 0x15011e32, 0x23010e14, 0x2e27012a, 0x36343502, 0x17163233, 0x0717021e, 
0x012f012e, 0x3233011e, 0x2e343536, 0x36323701, 0x010e1537, 0x2f262223, 0x021e3701, 0x61519b02, 
0x0cfe1a01, 0x1f173a1d, 0x11141d33, 0x222f230f, 0x01c6fe60, 0x1fb86ef9, 0x0807091a, 0x3417101c, 
0x2d4d321a, 0x0c446134, 0x3d2a0b16, 0x1c1a1b22, 0x3818333d, 0x4621203e, 0x1b24347d, 0x4d461449, 
0x2ab22a16, 0x422b2f44, 0x1338162c, 0x29140630, 0xfd27022f, 0x472702d9, 0x0eb7fe47, 0x382e130b, 
0x0d281c22, 0x56060e0c, 0x069d4747, 0x0b110607, 0x080d2118, 0x2b3f2209, 0x01234433, 0x161c0c02, 
0x33281d16, 0x0a15160c, 0x23472046, 0x290c0c40, 0x101f162c, 0x48110f2e, 0x080c0c13, 0x07040f33, 
0x00000004, 0x00000300, 0xf4020000, 0x07006e02, 0x32001500, 0x11010000, 0x35211123, 0x0e031521, 
0x26222301, 0x011e012f, 0x37363233, 0x33013e25, 0x14151632, 0x2223020e, 0x3727012e, 0x3233011e, 
0x26343536, 0x07062223, 0xfd518d02, 0x6ef402c4, 0x0c354e1f, 0x0a0b0b0d, 0x4738121c, 0x1f3afe1a, 
0x624a1b41, 0x1d413924, 0x22526239, 0x42592945, 0x29393e37, 0x02172e19, 0x02d9fd27, 0xfe474727, 
0x021815fb, 0x07044d02, 0x0e1d1c30, 0x324d520c, 0x2f0f2642, 0x5d1b4c61, 0x2e2b3450, 0x000b0e28, 
0x00000100, 0x07020000, 0x22006e02, 0x23010000, 0x06222315, 0x15010e07, 0x33011e14, 0x17373632, 
0x2223010e, 0x3435012e, 0x013b013e, 0x35213507, 0x94070221, 0x17403037, 0x472c1d1a, 0x2a4c362a, 
0x35632c1b, 0x443e6d45, 0x03053f6f, 0x0702defe, 0x10ca2702, 0x2134120f, 0x191e3f30, 0x1b144a16, 
0x41466234, 0x87042e59, 0x00000047, 0x00000200, 0x58020000, 0x17006e02, 0x00002800, 0x1e152301, 
0x0e141501, 0x2e222301, 0x3e343501, 0x07013b01, 0x21352135, 0x013e3201, 0x27263435, 0x07062223, 
0x1415010e, 0xe5580216, 0x6e425850, 0x3f714b42, 0x073e6f44, 0x02defe04, 0x30cdfe58, 0x393a2b4a, 
0x173d2523, 0x025f211c, 0x711e8927, 0x29574649, 0x43456132, 0x88052e5b, 0x1bdafd47, 0x4d302c39, 
0x110e0e18, 0x44462737, 0x00000100, 0x50020000, 0x37006e02, 0x22250000, 0x022e0706, 0x37363435, 
0x013b023e, 0x21352135, 0x23152315, 0x0e070622, 0x16141501, 0x33013e17, 0x14151632, 0x2223010e, 
0x3727012e, 0x3233011e, 0x26343536, 0x3a1d6601, 0x1d331f17, 0x250f1114, 0xfe5d2131, 0x6e50026f, 
0x091a1fb8, 0x101c0807, 0x4a1a3417, 0x42572c62, 0x285e7141, 0x4b77393d, 0xde31393b, 0x2e130b0e, 
0x281c2238, 0x060e0c0d, 0x9d474756, 0x11060706, 0x0d21180b, 0x414b0908, 0x2828452d, 0x44312e48, 
0x23252941, 0x00000023, 0x00000100, 0x41020000, 0x39006e02, 0x22210000, 0x3435012e, 0x3337013e, 
0x35213507, 0x15231521, 0x07062223, 0x1415010e, 0x1617011e, 0x36323336, 0x23263435, 0x14150622, 
0x2e071716, 0x3e343501, 0x1e323301, 0x06141501, 0x754e3301, 0x46774842, 0xcffe0907, 0x27c04102, 
0x1e194540, 0x2f442320, 0x38081c08, 0x231c2348, 0x4714122c, 0x41211513, 0x1f3f3131, 0x49673773, 
0x01315f46, 0x4747740b, 0x131111b0, 0x3f2b293c, 0x01010726, 0x221e292e, 0x2f1c262b, 0x3f230e1d, 
0x253c2225, 0x46223c25, 0x00000057, 0x00000200, 0xe1020000, 0x17006e02, 0x00002500, 0x11231101, 
0x0e141523, 0x010e0701, 0x27262223, 0x013d012e, 0x15213523, 0x3e373201, 0x23013d01, 0x17161415, 
0x7a02011e, 0x0f088551, 0x2f42150c, 0x1116442f, 0xe1024f12, 0x143418fe, 0x08b3070b, 0x02210b0a, 
0x02d9fd27, 0x2c1ce627, 0x1b190f24, 0x46171d1e, 0x4747c736, 0x1120b2fe, 0xc6c62b2c, 0x10112e27, 
0x00000012, 0x00000100, 0x4802f4ff, 0x20006e02, 0x11010000, 0x22231123, 0x010e0706, 0x011e1415, 
0x022e0717, 0x37363435, 0x013b023e, 0x21352135, 0x51e10115, 0x133d3d6d, 0x41210c0c, 0x4f2e362f, 
0x13151b2f, 0x802d4330, 0x480270fe, 0xd9fd2702, 0x110c4801, 0x21161e0a, 0x3426413d, 0x30565028, 
0x11123823, 0x47980a15, 0x00000047, 0x2e000100, 0x90020000, 0x36007802, 0x17250000, 0x2223020e, 
0x023e2726, 0x23263435, 0x14150622, 0x0717011e, 0x3435012e, 0x3233013e, 0x1415011e, 0x3707010e, 
0x3233011e, 0x11073736, 0x15213523, 0x01231123, 0x34130fd8, 0x77552a42, 0x214c3f15, 0x2019252f, 
0x081c2411, 0x3a214c41, 0x304b2923, 0x0e3b512a, 0x3b3a3d1b, 0x52112351, 0x51670a01, 0x1c0e19d8, 
0x0e5d6111, 0x32243728, 0x11171833, 0x46030f19, 0x263a3d09, 0x48231932, 0x374e3538, 0x2e302113, 
0x01362733, 0xfd474738, 0x000000d9, 0x00000100, 0x1602c6ff, 0x3b006e02, 0x2e050000, 0x2e012f02, 
0x36343501, 0x15163233, 0x0f010e14, 0x23010e01, 0x35022e22, 0x3e373634, 0x07013b01, 0x21352135, 
0x23152315, 0x0e070622, 0x16141501, 0x37363233, 0x17011e17, 0x1e109d01, 0x060e0818, 0x2b192a09, 
0x1522142d, 0x16270d19, 0x2b47552a, 0x6021191f, 0xfe24293b, 0x9e1602d9, 0x19473a31, 0x524f1916, 
0x301c1a0c, 0x3a1e230e, 0x1231361a, 0x0b240820, 0x1d311d23, 0x0512211b, 0x15050402, 0x2c394f2f, 
0x1a1d163f, 0x47478324, 0x0f100ea6, 0x4535202e, 0x1d2c0602, 0x0000293a, 0x2a000200, 0x76020000, 
0x2b007802, 0x00004800, 0x23112301, 0x020e1735, 0x35262223, 0x3e373634, 0x013e3701, 0x17163233, 
0x23222607, 0x15010e22, 0x32331614, 0x11073736, 0x01333523, 0x3435022e, 0x3233013e, 0x06141516, 
0x013e2707, 0x23263435, 0x14150622, 0x0217011e, 0x12516876, 0x2c3f3118, 0x1d1a5f4d, 0x17040402, 
0x1b0b1f3a, 0x11060707, 0x1a302105, 0x4f3d2c39, 0xf73e0e1b, 0x53336bfe, 0x2a412631, 0x14144735, 
0x14090b3d, 0x24281c1a, 0x27021d37, 0x19bad9fd, 0x51101b0f, 0x153b2043, 0x0f020902, 0x4601020e, 
0x1a231201, 0x21372829, 0x47560134, 0x2606dcfe, 0x3f283344, 0x182d3824, 0x0a27152b, 0x1b0f0b17, 
0x2723232c, 0x00000211, 0x00000100, 0x39020000, 0x16006e02, 0x21110000, 0x23112315, 0x14152311, 
0x2e222306, 0x36343502, 0x21352133, 0x51673902, 0x12171cb5, 0x1b162329, 0xfe1f0122, 0x476e027f, 
0x2a01d9fd, 0x181c1c36, 0x17152d28, 0x0000b61c, 0x0000ffff, 0x3902eaff, 0x26126e02, 0x00006101, 
0x75010710, 0xaa00d001, 0x00000200, 0x47020000, 0x14006e02, 0x00002300, 0x35231101, 0x23020e17, 
0x2e272622, 0x23013d02, 0x2b152135, 0x1e141501, 0x011e1701, 0x013e3233, 0xdf010737, 0x30151351, 
0x41282539, 0x0a161115, 0xb947024f, 0x0b0d06ee, 0x1f19240c, 0x10102f39, 0xd9fd2702, 0x1b0e18e3, 
0x12151b10, 0xc12b3c2b, 0x29b64747, 0x0c0b1d30, 0x1425180b, 0x00000034, 0x00000200, 0x12030000, 
0x2a006e02, 0x00003800, 0x3e271501, 0x16323301, 0x07061415, 0x35013e27, 0x22232634, 0x3707010e, 
0x17352311, 0x2223010e, 0x022e2726, 0x3523013d, 0x15211521, 0x1e171614, 0x3e323301, 0x11073701, 
0x1c12cc01, 0x52412a42, 0x1948231e, 0x14232820, 0x14162c2c, 0x47191051, 0x13402833, 0x4f091510, 
0x8efd1203, 0x1e0b100c, 0x2d342113, 0x27021213, 0x242111ee, 0x682e4d53, 0x54202932, 0x172e2f29, 
0xfe3f202d, 0x1617e5db, 0x13161d26, 0xc526382c, 0x37bf4747, 0x0b0c1130, 0x36162515, 0x00003401, 
0x00000200, 0x49020000, 0x28006e02, 0x00002c00, 0x23112301, 0x020e1735, 0x012e2223, 0x013e3435, 
0x011e3233, 0x012e0717, 0x15062223, 0x32331614, 0x0737013e, 0x21352111, 0x27071705, 0x51674902, 
0x4131120f, 0x3259382b, 0x0e416337, 0x060b2728, 0x42193214, 0x2930434b, 0x0d113141, 0x49026ffe, 
0x2eac84fe, 0xfd2702bc, 0x0d1ac9d9, 0x4b2a111b, 0x29503933, 0x45030403, 0x35370604, 0x281a3334, 
0x4b013315, 0x2ad7c647, 0x000000ea, 0x2e000100, 0xcd020000, 0x34007802, 0x32130000, 0x011e1716, 
0x3533011d, 0x15213523, 0x35231123, 0x06141523, 0x022e2223, 0x3b363435, 0x26343501, 0x23012e27, 
0x14150622, 0x0717011e, 0x3435012e, 0x25ae013e, 0x1712163a, 0x3b0183c9, 0x1dc95167, 0x242a1314, 
0x1d211b16, 0x210a0b0a, 0x141c1b14, 0x4b08262e, 0x023a2359, 0x13191578, 0xe6743e44, 0xd9fd4747, 
0x1d2125fa, 0x132c2719, 0x2f691912, 0x0e100f32, 0x1a12151a, 0x0647020f, 0x3227403d, 0x00000017, 
0x00000200, 0x64020000, 0x16006e02, 0x00001a00, 0x35231101, 0x06141523, 0x022e2223, 0x3b363435, 
0x35233501, 0x012b1521, 0xfd013315, 0x131ddd51, 0x17242a13, 0x7e1a221b, 0xddb86402, 0xfd2702dd, 
0x2125fad9, 0x2c27191d, 0xe6191213, 0x00e64747, 0x00000200, 0x53020000, 0x17006e02, 0x00002700, 
0x11231501, 0x0e173523, 0x2e222302, 0x013e2701, 0x27263435, 0x17352317, 0x15011e37, 0x1e070614, 
0x36323301, 0x02110737, 0x10516853, 0x27413312, 0x0a375a3c, 0x11213c3e, 0x17af9f31, 0x38371614, 
0x39313d14, 0x020f1b52, 0xd9fd476e, 0x1c0e19d8, 0x42643711, 0x232c2f0d, 0x470f1238, 0x431c1547, 
0x124a3420, 0x22373131, 0x00380135, 0x00000100, 0xa801f4ff, 0x27006e02, 0x37010000, 0x1415011e, 
0x3707010e, 0x0717021e, 0x2e27022e, 0x36343501, 0x17163233, 0x35013e27, 0x17272634, 0x15213521, 
0x0b1c1c01, 0x33502e0d, 0x544b1e04, 0x683b362b, 0x0d161750, 0x3026221e, 0x34393e13, 0xfe2d0b0f, 
0x02a801ed, 0x36100f27, 0x364d3826, 0x4b230814, 0x31362249, 0x1f1f5864, 0x22131124, 0x13232b32, 
0x391d2f43, 0x47470e0b, 0x00000200, 0xa801eaff, 0x0b006e02, 0x00003300, 0x33363437, 0x14151632, 
0x26222306, 0x011e3713, 0x010e1415, 0x021e3707, 0x022e0717, 0x35012e27, 0x32333634, 0x3e271716, 
0x26343501, 0x35211727, 0x21351521, 0x20201716, 0xe7211617, 0x2e0d0b1c, 0x1e043350, 0x362b544b, 
0x1750683b, 0x221e0d16, 0x3e133026, 0x0b0f3439, 0x01edfe2d, 0x221824a8, 0x21191822, 0x0f1c0221, 
0x38263610, 0x0814364d, 0x22494b23, 0x58643136, 0x11241f1f, 0x2b322213, 0x2f431323, 0x0e0b391d, 
0x00004747, 0x00000200, 0xb502f4ff, 0x19006e02, 0x00003200, 0x15213511, 0x11231123, 0x23012e17, 
0x07010e22, 0x33013e27, 0x011f1632, 0x2e033527, 0x06222301, 0x011e1415, 0x022e0717, 0x023e3435, 
0x011e3233, 0x68b50217, 0x1d112c51, 0x2e32180c, 0x73194d12, 0x0c221150, 0x1fab3903, 0x2b28263b, 
0x363a522b, 0x1d38603a, 0x211b382f, 0x02183438, 0xfd474727, 0x247901d9, 0x3f18050a, 0x635f183d, 
0x13160406, 0x1afdfe8a, 0x26242e23, 0x34314b45, 0x355d5b32, 0x11253928, 0x00161f10, 0x00000200, 
0x07034000, 0x07006e02, 0x00004400, 0x15213511, 0x35231523, 0x23012e03, 0x14150622, 0x3e323316, 
0x3e013f01, 0x1e323303, 0x0e141501, 0x26222301, 0x011e3727, 0x35363233, 0x22232634, 0x0e010f06, 
0x2e222303, 0x3e343501, 0x16323301, 0xb5070317, 0x462a7f51, 0x363f2a2a, 0x22281a25, 0x2915160f, 
0x301e332d, 0x4f2b2e4d, 0x2e593f36, 0x2a472922, 0x25373f2a, 0x16183526, 0x332e2a13, 0x2e4d2f1e, 
0x3f33502d, 0x27022e59, 0x98984747, 0x322ee9fe, 0x353e3e38, 0x31232f17, 0x0d213a2e, 0x353d542c, 
0x2e393055, 0x37312e3f, 0x3534403e, 0x3a2d3035, 0x542b0e21, 0x2f54383d, 0x00002f39, 0x0000ffff, 
0x070377ff, 0x26126e02, 0x00006c01, 0x75010710, 0x3700ec01, 0x00000100, 0x3b020000, 0x26006e02, 
0x23010000, 0x17352311, 0x2223010e, 0x3435012e, 0x1e323336, 0x2e071701, 0x06222301, 0x33161415, 
0x37013e32, 0x35211107, 0x683b0221, 0x501b0f50, 0x3154363e, 0x270d5e73, 0x13050a25, 0x463e1730, 
0x3d282d3f, 0xfe0d112f, 0x023b027d, 0xc9d9fd27, 0x2a251519, 0x5c56334b, 0x49030403, 0x32360604, 
0x281b3033, 0x48013313, 0x00000047, 0x28000200, 0xb702ffff, 0x07007802, 0x00003800, 0x11231101, 
0x15213523, 0x35262201, 0x32333634, 0x1e011f16, 0x2e071702, 0x3e012f01, 0x26343502, 0x15062223, 
0x17021e14, 0x35012e07, 0x32333634, 0x1415011e, 0x4f02010e, 0x12015951, 0x2f23c3fd, 0x2e151c24, 
0x45230c29, 0x3d40183e, 0x2f0c2b61, 0x2f3b2d4c, 0x1b0a1e1f, 0x5e112a35, 0x2f43475d, 0x76413352, 
0xd9fd2702, 0x47472702, 0x1f2396fe, 0x21151e1d, 0x49451b0e, 0x65572c22, 0x2a01311f, 0x4338364f, 
0x190c171b, 0x46010f17, 0x333a5306, 0x40552b40, 0x00457343, 0x00000300, 0x51020000, 0x14006e02, 
0x26002200, 0x15010000, 0x35231123, 0x23020e17, 0x2e272622, 0x23013d02, 0x15230535, 0x17011e14, 
0x3233011e, 0x01013f36, 0x02071337, 0x13516851, 0x273d3316, 0x11154128, 0x014f0a16, 0x0d06f998, 
0x19240c0b, 0x23173a1e, 0xeb2ef2fe, 0x476e0231, 0x19e4d9fd, 0x1b111a0e, 0x3c2b1215, 0x4747c12b, 
0x1d3029b6, 0x150b0c0b, 0x0801110f, 0x29cffe2c, 0x00000300, 0xb302f4ff, 0x2b006e02, 0x44003300, 
0x37130000, 0x1415011e, 0x0e010f06, 0x1e370701, 0x2e071701, 0x012e2702, 0x33363435, 0x17011e32, 
0x35023e27, 0x17272634, 0x15213523, 0x11231133, 0x15213523, 0x013e3205, 0x010e1537, 0x012e2223, 
0x021e3727, 0x0e0b1cf5, 0x12011315, 0x29041f31, 0x38363f71, 0x16164c63, 0x19221e0b, 0x3d0d1e25, 
0x0e0c1d1c, 0x01ed2b09, 0x6e51aaa1, 0xbefe2701, 0x20383822, 0x2135472b, 0x14144049, 0x023a3414, 
0x36100f27, 0x15412c26, 0x0c221709, 0x32723509, 0x58643136, 0x11241f1f, 0x29172213, 0x28081f1d, 
0x37261a35, 0x47470d0d, 0x2702d9fd, 0x06e54747, 0x11490c0d, 0x0a11090c, 0x060c073c, 0x00000200, 
0x220272ff, 0x1c006e02, 0x00003b00, 0x35012e37, 0x3e373634, 0x35013b02, 0x15213521, 0x22231523, 
0x010e0706, 0x1f161415, 0x35013e01, 0x22232634, 0x1e141506, 0x2e071702, 0x3e343502, 0x1e323301, 
0x06141501, 0x2b198907, 0x240f1114, 0xfe841b2d, 0x68220297, 0x091a1fd4, 0x131d0807, 0x3a2e247c, 
0x0c494541, 0x36354122, 0x412c553d, 0x57453a67, 0xe5414429, 0x1c2c3d12, 0x0e0c0d28, 0x47475606, 
0x0607069d, 0x24180b11, 0x240bcd0d, 0x392b2620, 0x302b1730, 0x3035273c, 0x38335855, 0x432a264c, 
0x114c3a26, 0x56ff0100, 0xa7ff6702, 0x03002503, 0x35030000, 0x51aa1533, 0xbebe6702, 0x0000ffff, 
0x11010000, 0x26122503, 0x00007701, 0x73010710, 0x00000301, 0xaefe0100, 0x1cff40ff, 0x0b00b4ff, 
0x34050000, 0x16323336, 0x23061415, 0xaefe2622, 0x20171621, 0x21161720, 0x22221886, 0x21211918, 
0x1a000100, 0xa4012a00, 0x2e006e02, 0x14250000, 0x2223010e, 0x3727012e, 0x3233011e, 0x2e343536, 
0x022e2701, 0x37363435, 0x013b023e, 0x06222315, 0x15010e07, 0x17011e14, 0xa401021e, 0x2e2f4527, 
0x45294a4e, 0x24324a26, 0x2b2f132d, 0x1812312c, 0x35220d16, 0x27665d2a, 0x0b0a091e, 0x2d262c12, 
0x2cbb1736, 0x52222441, 0x52452349, 0x291a2524, 0x38242230, 0x2e20182f, 0x070c0a0f, 0x06050647, 
0x20110f14, 0x3c241f28, 0x0000003b, 0x00000100, 0x11010000, 0x07006e02, 0x11130000, 0x35231123, 
0x51aa1521, 0x02110159, 0x02d9fd27, 0x00474727, 0x0000ffff, 0xc0020000, 0x06128003, 0x0000fc03, 
0x24ff0100, 0x11010000, 0x1e008003, 0x2e030000, 0x36343501, 0x021e3233, 0x23153317, 0x23112311, 
0x022e3335, 0x15062223, 0xb9171614, 0x4b541211, 0x2a34422d, 0x51676e13, 0x27125759, 0x2a282532, 
0x67020e14, 0x41224023, 0x68422053, 0xd9fd4748, 0x46472702, 0x2b312c59, 0x001d3722, 0x39fe0100, 
0x1600f4fe, 0x1c000b00, 0x3e070000, 0x16323301, 0x23061415, 0x27012e22, 0x33021e37, 0x34353632, 
0x2223012e, 0x1af80706, 0x534b1c3a, 0x6940565d, 0x273d2859, 0x35314f46, 0x15241735, 0x0c152b1b, 
0x3f4d0c0b, 0x4b2a4e3d, 0x3e302b33, 0x1624261d, 0x0b0b0e1d, 0xb3fe0100, 0x9100f4fe, 0x1d000b00, 
0x0e070000, 0x2e222301, 0x36343501, 0x011e3233, 0x022e0717, 0x15062223, 0x33011e14, 0x3f373632, 
0x321c3919, 0x4f5c2648, 0x2256704b, 0x5149243e, 0x17343331, 0x2a1b1426, 0x0d0af515, 0x392a4024, 
0x355b3850, 0x284c3727, 0x1e192027, 0x000a0b0d, 0xf6fe0100, 0x1b00f4fe, 0x14001200, 0x0e170000, 
0x2e222301, 0x36343501, 0x010e1737, 0x33161415, 0x1b373632, 0x32294319, 0x58592648, 0x32343a07, 
0x222f201f, 0x24160de9, 0x53382a40, 0x2c074205, 0x0f1f2221, 0x00000012, 0xf6fe0200, 0x420076fe, 
0x14001200, 0x00002900, 0x23010e17, 0x35012e22, 0x17373634, 0x1415010e, 0x36323316, 0x010e1737, 
0x012e2223, 0x37363435, 0x15010e17, 0x32331614, 0x191b3736, 0x49292943, 0x0758592e, 0x242d343a, 
0x40222f20, 0x35294319, 0x0c0e2447, 0x2c0d0e4b, 0x22302025, 0x1e150dcc, 0x4a2f2b3a, 0x25054204, 
0x0d1a1c19, 0x160dda0f, 0x11263c22, 0x0c1b1022, 0x191c0e17, 0x00000f0d, 0xa0fe0100, 0x4500a802, 
0x0d007903, 0x0e130000, 0x26222301, 0x011e3727, 0x37363233, 0x4d6b1745, 0x47226c48, 0x3935431a, 
0x5f031037, 0x5e595364, 0x49444618, 0x00000043, 0x25fe0100, 0xa2ff6702, 0x18008003, 0x2e030000, 
0x06222302, 0x012e2223, 0x021e3727, 0x33363233, 0x17021e32, 0x22180baa, 0x0d1a0d19, 0x142f3923, 
0x23170b42, 0x12200e1c, 0x1f252d1c, 0x3067020d, 0x16021636, 0x1d17373b, 0x13041328, 0x003a4c2c, 
0x67fe0100, 0xa2ff6702, 0x10008003, 0x2e030000, 0x06222302, 0x013e2707, 0x021e3233, 0x2915a917, 
0x22162232, 0x2a15180e, 0x3440291c, 0x6702152e, 0x09265b4f, 0x06084905, 0x506d401c, 0x54fe0100, 
0xa2ff6702, 0x1f008003, 0x2e030000, 0x06222302, 0x013e2707, 0x17163233, 0x23022e37, 0x27070622, 
0x3233013e, 0xb317021e, 0x1a2b2d1b, 0x1a142a14, 0x2d1d3217, 0x14041846, 0x181f2c26, 0x15170e20, 
0x40291c2a, 0x02152e34, 0x0b252867, 0x0a45090c, 0x02262b0c, 0x08183934, 0x06084506, 0x506d401c, 
0x85ffffff, 0x2a010000, 0x26127903, 0x00007701, 0x7e010710, 0x0000e500, 0x28ffffff, 0x11010000, 
0x26128003, 0x00007701, 0x7f010710, 0x00000301, 0x6affffff, 0x11010000, 0x26128003, 0x00007701, 
0x80010710, 0x00000301, 0x57ffffff, 0x11010000, 0x26128003, 0x00007701, 0x81010710, 0x00000301, 
0x4dff0100, 0x9700f4fe, 0x0f00d9ff, 0x3e070000, 0x1e323301, 0x2e071701, 0x06222302, 0x180bb307, 
0x4f65440d, 0x43213922, 0x150c2d4a, 0x03022c09, 0x29335633, 0x03214535, 0x00000002, 0x67000100, 
0x20010000, 0x05006e02, 0x11130000, 0x15331123, 0x02b951b8, 0x02d9fd27, 0x0000476e, 0x1cffffff, 
0x11010000, 0x26128003, 0x00007701, 0x2a020710, 0x00000301, 0x1d000500, 0x5a035000, 0x2c006203, 
0x59004100, 0x73006500, 0x1e010000, 0x36323301, 0x023e013f, 0x011e3233, 0x010e1415, 0x27262223, 
0x33011e37, 0x34353632, 0x06222326, 0x020e010f, 0x012e2223, 0x013e012f, 0x15163233, 0x07010e14, 
0x35013e27, 0x22232634, 0x14010706, 0x2223010e, 0x3727012e, 0x3233021e, 0x26343536, 0x1e173727, 
0x36341301, 0x15163233, 0x22230614, 0x010e2526, 0x27262223, 0x33011e37, 0x01373632, 0x15261a69, 
0x1e122014, 0x24362e17, 0x2b2d4626, 0x442e364e, 0x2e173120, 0x2b39231f, 0x18281c21, 0x2e230e1b, 
0x212d1f1f, 0x4d1abb0f, 0x2d534e31, 0x44054258, 0x251f2f39, 0x2b01223c, 0x392d472a, 0x472a5761, 
0x29483f1d, 0x2f423026, 0x221a2262, 0x14151d20, 0x15141e1e, 0x1701011d, 0x6c484c6b, 0x441a4522, 
0x10393a35, 0x161c8a01, 0x262f1d17, 0x4f25152d, 0x2c4f363f, 0x15351c23, 0x34363518, 0x2c292237, 
0x12152618, 0x0ef81620, 0x2b3b4e18, 0x46022845, 0x24252c02, 0xfe111420, 0x1e3e2ecd, 0x1a627a38, 
0x23376747, 0x1d463027, 0x3b1d2201, 0x1d153302, 0x1d15151d, 0x5365261d, 0x46175f59, 0x00434b46, 
0x5bff0100, 0xa2ff9f02, 0x03006803, 0x23030000, 0x475e3335, 0xc99f0247, 0x63fe0100, 0xacff6cff, 
0x0300b3ff, 0x21050000, 0x63fe2115, 0xb7fe4901, 0x0000474d, 0xf6fe0100, 0xa9ffab02, 0x03006903, 
0x27030000, 0x72981733, 0xab02476c, 0x0000bebe, 0x4eff0100, 0x0000ab02, 0x03006903, 0x07110000, 
0x41713723, 0xbe690347, 0x000000be, 0xadfe0200, 0x2a008f02, 0x03008003, 0x00001200, 0x21152101, 
0x23020e25, 0x37272622, 0x3233011e, 0xcefe3736, 0xb8fe4801, 0x360d5c01, 0x63402e4b, 0x3a16441e, 
0x0e32322f, 0xd840cf02, 0x441b3f35, 0x2e34184b, 0x0000342f, 0x0bfe0100, 0x93ff4aff, 0x0d00ccff, 
0x22050000, 0x1e372726, 0x36323301, 0x010e1737, 0x6441cffe, 0x4d23171f, 0x224d3d3d, 0xb6641f18, 
0x19421927, 0x42192222, 0x00002719, 0x0bfe0200, 0x93fff4fe, 0x0d00ecff, 0x00001b00, 0x27262205, 
0x33011e37, 0x17373632, 0x2207010e, 0x1e372726, 0x36323301, 0x010e1737, 0x6440cffe, 0x4d231720, 
0x224d3d3d, 0x3e671f18, 0x17236041, 0x32324f2c, 0x23182b4f, 0x1a269660, 0x21211a42, 0x2719421a, 
0x42142076, 0x1a14141a, 0x00201442, 0x0000ffff, 0x0903d2ff, 0x26126e02, 0x00004e01, 0x75010710, 
0x9200a901, 0x0000ffff, 0x4103eaff, 0x26126e02, 0x00004f01, 0x75010710, 0xaa008701, 0x0000ffff, 
0x4202eaff, 0x26126e02, 0x00005001, 0x75010710, 0xaa00bc01, 0x0000ffff, 0xf5028fff, 0x26126e02, 
0x00005501, 0x75010710, 0x4f003102, 0x0000ffff, 0x500240ff, 0x26126e02, 0x00005a01, 0x75010710, 
0x00005302, 0x0000ffff, 0x410240ff, 0x26126e02, 0x00005b01, 0x75010710, 0x00002f02, 0x0000ffff, 
0x1203d2ff, 0x26126e02, 0x00006401, 0x75010710, 0x9200a901, 0x0000ffff, 0x5302dcff, 0x26126e02, 
0x00006801, 0x75010710, 0x9c00b301, 0x00000600, 0x6f035eff, 0x07006e02, 0x1d001900, 0x51003c00, 
0x00006600, 0x11231101, 0x15213521, 0x33013e05, 0x17011e32, 0x032e010f, 0x07062223, 0x17252713, 
0x37013e37, 0x35012e15, 0x32333634, 0x1415011e, 0x011e0706, 0x2e230717, 0x020e2702, 0x010e0507, 
0x012e2223, 0x37363435, 0x15010e17, 0x32331614, 0x0e173736, 0x2e222301, 0x36343501, 0x010e1737, 
0x33161415, 0x01373632, 0x82fe50ce, 0xb8fc6303, 0x2c2c4a22, 0x152b4544, 0x24281927, 0x391c1726, 
0x012f4829, 0x28222721, 0x07071753, 0x251a192a, 0x0e141c14, 0x300b0d1b, 0x06151708, 0x193c3811, 
0x421a8101, 0x26483229, 0x37254443, 0x20252c2b, 0x1a40222f, 0x47352942, 0x49151624, 0x252c1119, 
0x02222f20, 0x02d9fd27, 0x86474727, 0x451e1710, 0x21091f3b, 0x100d1d2f, 0x43eafe15, 0x024d38af, 
0x0c09070a, 0x1f200d18, 0x1c162314, 0x2b180822, 0x250d2113, 0x0c060d27, 0x0de90107, 0x253c2315, 
0x3e0d4329, 0x1c152807, 0xd90e0d19, 0x3c22160d, 0x102b1726, 0x111a1020, 0x0f0d191c, 0x00000500, 
0xf5023aff, 0x14006e02, 0x41002b00, 0x62005a00, 0x0e050000, 0x2e222301, 0x36343501, 0x010e1737, 
0x33161415, 0x27373632, 0x2223010e, 0x3435012e, 0x1737013e, 0x1415020e, 0x36323316, 0x06142737, 
0x013e2707, 0x23263435, 0x07010e22, 0x33013e27, 0x25011e32, 0x17011e32, 0x23012e07, 0x14150622, 
0x0717011e, 0x3435022e, 0x2125023e, 0x23152135, 0xf5022715, 0x3529421a, 0x15162447, 0x2c111949, 
0x222f2025, 0x29431a0e, 0x26264732, 0x36203c4f, 0x252c163b, 0x25222f20, 0x084d080e, 0x19232c0a, 
0x4d122e33, 0x21557519, 0x3cfe3045, 0x18343821, 0x263b1f20, 0x522b2b28, 0x603a363a, 0x382f1d38, 
0x2afe2501, 0x50a4ca02, 0x22150da4, 0x2b17263c, 0x1a102010, 0x0d191c11, 0x150d5c0e, 0x20243c23, 
0x3f052436, 0x111d1604, 0x0e0e1a1c, 0x163723d2, 0x1929131f, 0x3f182b2d, 0x635f183d, 0x10674720, 
0x1a41161f, 0x26242e23, 0x34314b45, 0x355d5b32, 0x11253928, 0xad47477d, 0x00000023, 0x2efe0200, 
0x2d0076fe, 0x16000000, 0x00004000, 0x23012e07, 0x14150622, 0x0717011e, 0x3435022e, 0x3233013e, 
0x32371716, 0x1415011e, 0x010e0706, 0x33161415, 0x17373632, 0x2223010e, 0x3e343526, 0x3e073701, 
0x26343501, 0x010e2223, 0x013e2707, 0x192a13f6, 0x3d201f1f, 0x4a2d2e2b, 0x1c3a272b, 0x681e4126, 
0x1126381a, 0x2530380e, 0x1a231817, 0x20351413, 0x4420433b, 0x0c0b3036, 0x25121a20, 0x14460d21, 
0x15106656, 0x331b1a22, 0x27322337, 0x2a294a47, 0x1a1c1834, 0x2a331636, 0x0617361d, 0x16181a1f, 
0x0a3e0d0c, 0x1e323f11, 0x1c062233, 0x1d142111, 0x2e30121a, 0x005a4312, 0x2efe0300, 0x8f0076fe, 
0x26000000, 0x52003d00, 0x22030000, 0x3435012e, 0x2e073736, 0x0e222301, 0x3e270701, 0x1e323301, 
0x011c1501, 0x15010e15, 0x32331614, 0x0e173736, 0x16320101, 0x012e0717, 0x15062223, 0x17011e14, 
0x35022e07, 0x01013e34, 0x35012e22, 0x17373634, 0x14151434, 0x36323316, 0x010e1737, 0x243a2001, 
0x0619372a, 0x25121a1c, 0x14460d21, 0x381a4a58, 0x26222b26, 0x19241717, 0xfe351414, 0x1e41268c, 
0x192a1326, 0x3d201f1f, 0x4a2d2e2b, 0x013a272b, 0x1e382897, 0x253c0403, 0x1a241717, 0xfe351413, 
0x222d16eb, 0x28103420, 0x3012191c, 0x5944122e, 0x022b3518, 0x1c070204, 0x0c111311, 0x0f0a3d0d, 
0x1a1c1501, 0x22151030, 0x37331b1a, 0x47273223, 0x342a294a, 0x1c76fe18, 0x170b2132, 0x0b04240d, 
0x0c161708, 0x100a3d0d, 0xc2000100, 0x13010000, 0x03006e02, 0x33130000, 0x51c22311, 0xfd6e0251, 
0x00000092, 0xc2000200, 0xef010000, 0x03006e02, 0x00000700, 0x23113301, 0x23113303, 0x51519e01, 
0x025151dc, 0x0292fd6e, 0x0092fd6e, 0x4b000200, 0xdc017900, 0x0f000802, 0x00001b00, 0x012e2225, 
0x013e3435, 0x011e3233, 0x010e1415, 0x35363227, 0x22232634, 0x16141506, 0x5b3a1301, 0x3a5a3333, 
0x33345b3b, 0x44353d5b, 0x44343540, 0x5b337940, 0x33593b3a, 0x3a3b5b33, 0x4a47325a, 0x4a463938, 
0x00463839, 0x80000100, 0xb101b1ff, 0x2f007802, 0x32010000, 0x1415011e, 0x3707020e, 0x15021e17, 
0x27070614, 0x3435013e, 0x37012f26, 0x3435023e, 0x06222326, 0x17161415, 0x35012e07, 0x01013e34, 
0x25453013, 0x3f553416, 0x1f1b9605, 0x4116190d, 0x17110f0e, 0x604704b6, 0x1f1f2931, 0x31271f23, 
0x3f1d3031, 0x3c237802, 0x3e3c1f26, 0x772f2b47, 0x182a2814, 0x311d351f, 0x14131e0f, 0x1697131e, 
0x21444c2d, 0x181c2020, 0x3a0b2116, 0x1b303e15, 0x00002335, 0x54000100, 0xdd01f4ff, 0x2a007802, 
0x16130000, 0x3435013e, 0x06222326, 0x013e2707, 0x011e3233, 0x010e1415, 0x012e2223, 0x33363435, 
0x011f1632, 0x0717021e, 0xca27022e, 0x412f4827, 0x263c2334, 0x2b53251a, 0x44345937, 0x26174973, 
0x161c2416, 0x2309292e, 0x40163f47, 0x1e414625, 0x27011a01, 0x3c3b3149, 0x13451310, 0x41552a12, 
0x103c6b45, 0x1e1d151d, 0x1d0e2116, 0x2d225351, 0x19475c39, 0x5a000200, 0xc201bdff, 0x21007802, 
0x00003b00, 0x35013e37, 0x37072634, 0x1415011e, 0x2223010e, 0x36343526, 0x1f163233, 0x17021e01, 
0x27022e07, 0x33013e03, 0x15011e32, 0x010f0614, 0x2723010e, 0x35013e32, 0x22232634, 0x49e30706, 
0x38383c43, 0x723d444b, 0x24302252, 0x2631161c, 0x33351a07, 0x331d4115, 0x1988182f, 0x4b363550, 
0x082b2728, 0x0429431a, 0x3019403c, 0x23442226, 0x2c3304a1, 0x35013225, 0x32344c0e, 0x1e232b4d, 
0x23131e1e, 0x3c38160f, 0x44292a1e, 0xde011436, 0x3c21180e, 0x153f2b29, 0x470d0b07, 0x23192615, 
0x00111420, 0x3e000100, 0xea01feff, 0x42007802, 0x2e130000, 0x36343503, 0x010e1737, 0x021e1415, 
0x021e011f, 0x23061415, 0x35012e22, 0x3f013e34, 0x35033e01, 0x37272634, 0x1415011e, 0x010f020e, 
0x1415020e, 0x36323316, 0x012e3435, 0x4339e827, 0x03040b23, 0x09030455, 0x1f2d361c, 0x510c3036, 
0x2b472b46, 0x1e313010, 0x0b1f382d, 0x04540403, 0x44250d03, 0x22222836, 0x2228220a, 0x24220b28, 
0x4f383901, 0x0c18303b, 0x0a0f0e1b, 0x26120814, 0x212c4030, 0x19374b34, 0x3c214a37, 0x44341c28, 
0x432d2232, 0x090f2531, 0x0f0f0c14, 0x311a0c1a, 0x2b374d3b, 0x0f223023, 0x1d262a1b, 0x25322310, 
0x54000100, 0x2502bdff, 0x2a007802, 0x2e050000, 0x012e2703, 0x33363435, 0x14151632, 0x2223010e, 
0x3435022e, 0x0e173736, 0x16141501, 0x37363233, 0x17031e17, 0x2912dd01, 0x0a061d27, 0x281c2b0e, 
0x2b4a2e2c, 0x2641522b, 0x1c541f1c, 0x0e4a4623, 0x082a141c, 0x1329271e, 0x54521f43, 0x34181447, 
0x311f2110, 0x0e27261e, 0x40563215, 0x15316d2e, 0x46345d31, 0x31040447, 0x4b4e4315, 0x0000001d, 
0x67000200, 0x1e02bdff, 0x31007802, 0x00004500, 0x2f022e05, 0x35012e01, 0x32333634, 0x0e141516, 
0x2e222301, 0x36343501, 0x013e013f, 0x17163233, 0x23012e07, 0x14150622, 0x36323316, 0x011e1737, 
0x012e0117, 0x33363435, 0x07171632, 0x2223012e, 0x16141506, 0x12d60117, 0x0a051d27, 0x1929070a, 
0x4f332d2b, 0x2e5b4229, 0x1a0c201e, 0x1c0e2441, 0x1a0a0709, 0x463e3211, 0x111a0c32, 0x1f370c39, 
0x4b3ed2fe, 0x3f1a5069, 0x2d12060e, 0x3436361e, 0x4b1f4328, 0x0b201041, 0x1d230a25, 0x28281d31, 
0x2d4d2e0c, 0x0d133d1f, 0x02020d0e, 0x2a010145, 0x022e2e2c, 0x61212d06, 0x127f012a, 0x43403c4b, 
0x04460406, 0x24232407, 0x00000827, 0x26000100, 0x00023100, 0x27004c02, 0x14010000, 0x2223010e, 
0x3727022e, 0x3233021e, 0x2e343536, 0x0e222301, 0x1e141501, 0x2e071701, 0x36343501, 0x011e3233, 
0x502e0002, 0x49613d34, 0x0c500e33, 0x3d425531, 0x24311929, 0x160d1810, 0x6311343a, 0x3a3c455c, 
0x0e012f55, 0x322e614e, 0x0f99ca77, 0x526dd094, 0x36583346, 0x120f170c, 0x46031621, 0x353a5208, 
0x007a4642, 0x48000100, 0xf5010000, 0x19007802, 0x22210000, 0x3435012e, 0x013f013e, 0x020e0717, 
0x011e1415, 0x37363233, 0x01010e17, 0x3a5c3311, 0xca2a2f13, 0x231ed33e, 0x20341e0e, 0x24345e33, 
0x4c24702e, 0x4a3e1f3b, 0xff35f432, 0x172b3525, 0x22132922, 0x291b4a22, 0x47000200, 0x0f02b1ff, 
0x26007802, 0x00003200, 0x013e3413, 0x011e3233, 0x010e1415, 0x27262207, 0x1f011e37, 0x15021e01, 
0x27070614, 0x3435013e, 0x2e012f26, 0x16143702, 0x35363233, 0x22232634, 0x4c294706, 0x294b3334, 
0x07354927, 0x0d310915, 0x188f1121, 0x16190d1e, 0x110e0e40, 0x2925ee17, 0x26305011, 0x272f3029, 
0xd6013227, 0x2b2b4a2d, 0x4730314b, 0x02030228, 0x0e160708, 0x29281374, 0x1d351f18, 0x131e0f31, 
0xc5131e14, 0x1737371f, 0x2a36332a, 0x00353529, 0x40000200, 0x69011701, 0x0f002e02, 0x00001b00, 
0x012e2213, 0x013e3435, 0x011e3233, 0x010e1415, 0x35363227, 0x22232634, 0x16141506, 0x284429d5, 
0x2b2c4425, 0x42272742, 0x2b2b232b, 0x2d2a2523, 0x3f241701, 0x263f2629, 0x27283e25, 0x29422540, 
0x2b292021, 0x0029211e, 0x69000100, 0xde001002, 0x0b008b02, 0x34130000, 0x16323336, 0x23061415, 
0x22692622, 0x22221819, 0x02221918, 0x23231a4e, 0x2525191a, 0x1d00ffff, 0x2b030000, 0x26127903, 
0x00003e01, 0x7e010710, 0x0000e602, 0x1d00ffff, 0x0b030000, 0x26122503, 0x00003e01, 0x73010710, 
0x0000fc02, 0x1d00ffff, 0x0e040000, 0x26122503, 0x00003f01, 0x73010710, 0x0000ff03, 0x1d00ffff, 
0x0e040000, 0x26128003, 0x00003f01, 0x2a020710, 0x0000ff03, 0x1d00ffff, 0x0b034aff, 0x26127802, 
0x00003e01, 0x8f010710, 0x0000fc02, 0x1d00ffff, 0x0b03f4fe, 0x26127802, 0x00003e01, 0x90010710, 
0x0000fc02, 0x00000100, 0x39021d00, 0x29006e02, 0x11130000, 0x22230614, 0x3435022e, 0x013f013e, 
0x3233013e, 0x1415011e, 0x3e270706, 0x2e343501, 0x06222301, 0x23352707, 0xd0152135, 0x2a131719, 
0x32141624, 0x381d152d, 0x2c604e1d, 0x1948221f, 0x363a171f, 0x0d204e2b, 0x0239027f, 0x19e3fe27, 
0x2a26181d, 0x161d1511, 0x06050209, 0x303c562e, 0x2129346a, 0x37262b58, 0x310e101e, 0x004747af, 
0x00000400, 0xf502a9ff, 0x26006e02, 0x3e003200, 0x00004a00, 0x11231101, 0x2f262223, 0x15011e01, 
0x23010e14, 0x27022e22, 0x33021e37, 0x34353632, 0x21372726, 0x21352135, 0x36340115, 0x15163233, 
0x22230614, 0x36343726, 0x15163233, 0x22230614, 0x36342726, 0x15163233, 0x22230614, 0x518d0226, 
0x091f1a89, 0x29362a07, 0x49282843, 0x47204145, 0x2746401f, 0x2d3d2920, 0xfd0e011d, 0xfef502c4, 
0x14151d0b, 0x15141d1d, 0x141d5d1d, 0x151d1d15, 0x1eba1d14, 0x1e1e1414, 0x021e1414, 0x01d9fd27, 
0x0b02028a, 0x2c2e521c, 0x46201c3a, 0x53195474, 0x251e3971, 0x401a4728, 0xfd474756, 0x1e1e16b6, 
0x1e1e1616, 0x1f1f1570, 0x1f1f1615, 0x1f1f1516, 0x1f1f1615, 0x00000300, 0x53020000, 0x16006e02, 
0x31002900, 0x11010000, 0x0e173523, 0x2e222301, 0x013e2701, 0x27263435, 0x21352317, 0x1e372115, 
0x0e071501, 0x1e370701, 0x3e323301, 0x11333701, 0x2e270713, 0x01372702, 0x1c1051eb, 0x5a3c3b56, 
0x3c3e0a37, 0x9422101e, 0x62fe5302, 0x030a111b, 0x14414004, 0x29384014, 0x0807243b, 0x12632f09, 
0x280d2325, 0xd9fd2702, 0x251619d8, 0x0d426437, 0x37202c2f, 0x47470b12, 0x1c312205, 0x0d433117, 
0x17403f25, 0x2001091c, 0x7828e3fe, 0x13323216, 0x0000002c, 0x00000200, 0x42020000, 0x16006e02, 
0x00001a00, 0x06141113, 0x022e2223, 0x3b363435, 0x35233501, 0x11231521, 0x21011123, 0x19d02115, 
0x242a1317, 0x1a221b16, 0x68420280, 0x01c8fe50, 0x029dfe63, 0x19d6fe27, 0x2d27181e, 0xad1c1715, 
0xd9fd4747, 0x20fe2702, 0x00000047, 0x00000200, 0xe1020000, 0x26006e02, 0x00002a00, 0x11231101, 
0x2f262223, 0x15011e01, 0x23010e14, 0x27022e22, 0x33021e37, 0x34353632, 0x33372726, 0x21352135, 
0x15210115, 0x50790221, 0x091f1a76, 0x29362a07, 0x49282843, 0x47204145, 0x2746401f, 0x2d3d2920, 
0xd7fdfb1d, 0x71fde102, 0x09fef701, 0xd9fd2702, 0x02028a01, 0x2e521c0b, 0x201c3a2c, 0x19547446, 
0x1e397153, 0x1a472825, 0x47475640, 0x004720fe, 0x3f000100, 0xa7010000, 0x18007802, 0x32130000, 
0x1415011e, 0x1107010e, 0x023e1123, 0x23263435, 0x27070622, 0x40de013e, 0x49293059, 0x46375031, 
0x2c2d4722, 0x20191f3c, 0x2e780252, 0x4d303752, 0xfafe0b33, 0x21014701, 0x36352439, 0x0d460e13, 
0x00000015, 0x00000200, 0x50020000, 0x36006e02, 0x00003a00, 0x07062201, 0x3435022e, 0x023e3736, 
0x2135013b, 0x23152135, 0x06222315, 0x17161415, 0x3233013e, 0x1415011e, 0x2223010e, 0x3727012e, 
0x3233011e, 0x2e343536, 0x15210501, 0x1d660121, 0x2f1e1740, 0x0f10131c, 0x64222e22, 0x50026ffe, 
0x2421c46e, 0x38170f16, 0x294e381a, 0x4043572b, 0x3b286172, 0x3e4f7a37, 0xfe2a1336, 0xfed501b6, 
0x0c0a012b, 0x3229110a, 0x0b24181d, 0x46060d0a, 0x0d8d4747, 0x091a1117, 0x371d0807, 0x223d2626, 
0x332a3e22, 0x1e1e3b3a, 0xc30d1710, 0x00000047, 0x00000300, 0x49020000, 0x28006e02, 0x30002c00, 
0x23010000, 0x17352311, 0x2223020e, 0x3435012e, 0x3233013e, 0x0717011e, 0x2223012e, 0x16141506, 
0x013e3233, 0x21110737, 0x17052135, 0x21010b07, 0x49022115, 0x120f5068, 0x382b4131, 0x63373259, 
0x27280e41, 0x3214060b, 0x434b4219, 0x31412930, 0x6ffe0d11, 0x82fe4902, 0x3ec332ba, 0x9dfe6301, 
0xd9fd2702, 0x1b0d1add, 0x334c2a12, 0x03294f39, 0x04450304, 0x34353807, 0x14291a32, 0x47370133, 
0x0127fba7, 0x479afe08, 0x9bfe0100, 0xfcffb403, 0x0600c604, 0x37010000, 0x27071733, 0x8a9bfe07, 
0x7f369a3d, 0xf9cd0371, 0xd5d51bf7, 0x9bfe0200, 0xfcff8d03, 0x0600d704, 0x00000a00, 0x17333701, 
0x37072707, 0xfe231533, 0x9a3d8a9b, 0x57717f36, 0xdd033d3d, 0xd51af8fa, 0x00bd85d5, 0xa8fe0100, 
0xf0ffde03, 0x03002104, 0x21010000, 0xa8fe2115, 0xb8fe4801, 0x00432104, 0x32000200, 0xf3009302, 
0x03008003, 0x00000700, 0x23073313, 0x23073327, 0x351e36bd, 0x361d3651, 0xeded8003, 0x000000ed, 
0xf1fe0100, 0x0e000601, 0x03004d01, 0x21010000, 0xf1fe2115, 0xe3fe1d01, 0x00474d01, 0x31fe0200, 
0xe3ff1bff, 0x0f00c1ff, 0x00001f00, 0x23020e07, 0x27012e22, 0x33011e37, 0x33373632, 0x3233011e, 
0x0e173736, 0x2e222302, 0x0ad82701, 0x24252f1f, 0x4a031e35, 0x1b191c02, 0x0244011a, 0x1c191b19, 
0x1f024b01, 0x30242435, 0x3a410b1e, 0x471e2248, 0x273c043d, 0x2d34342d, 0x3d043c27, 0x48221e47, 
0x0000003a, 0x50fe0100, 0xacff18ff, 0x0500c9ff, 0x33050000, 0x21152115, 0x014e50fe, 0x37a4fe0e, 
0x0000456c, 0x45fe0100, 0xabfffefe, 0x1700deff, 0x34050000, 0x1733013e, 0x15062223, 0x1e171614, 
0x15013b01, 0x27262223, 0x45fe012e, 0x05283e23, 0x051f160d, 0x1c190607, 0x2c2ed7d3, 0x91111311, 
0x471a3124, 0x10081813, 0x45060605, 0x2c0f0d10, 0xa0feffff, 0x4500fefe, 0x0712cfff, 0x00007e01, 
0x000056fc, 0xcffe0100, 0x680007ff, 0x0600e4ff, 0x010f0000, 0x17333727, 0x3d728207, 0x2ddf2892, 
0xb4289068, 0x00003da0, 0x20ff0200, 0xdcff9f02, 0x03006803, 0x00000700, 0x23153303, 0x23153327, 
0x78444468, 0x68034444, 0x00c9c9c9, 0xf1fe0300, 0x0b009f02, 0x03006803, 0x0b000700, 0x33010000, 
0x33372315, 0x33372315, 0xf1fe2315, 0x406d4040, 0x40406d40, 0xc9c96803, 0x00c9c9c9, 0x5bffffff, 
0xa2ff06ff, 0x0712cfff, 0x00008a01, 0x000067fc, 0x33ff0100, 0xd0ff00ff, 0x0300a5ff, 0x010f0000, 
0x4e303727, 0x52ae4f4f, 0x00005352, 0xc0fe0200, 0xb6ff4cff, 0x0b00bbff, 0x00001700, 0x33363407, 
0x14151632, 0x26222306, 0x33363427, 0x14151632, 0x26222306, 0x15161fb3, 0x16151f1f, 0x161e8d1f, 
0x161e1e16, 0x177d1e16, 0x16172121, 0x17162121, 0x16172121, 0x00002121, 0x32fe0300, 0xb6ff4cff, 
0x0b00bbff, 0x23001700, 0x34070000, 0x16323336, 0x23061415, 0x34272622, 0x16323336, 0x23061415, 
0x34272622, 0x16323336, 0x23061415, 0x1fb32622, 0x1f1f1516, 0x8d1f1615, 0x1e16161e, 0x1e16161e, 
0x16151f8e, 0x15161f1f, 0x21177d1f, 0x21161721, 0x21171621, 0x21161721, 0x21171621, 0x21161721, 
0x00000021, 0x29000100, 0xb0012902, 0x18001d03, 0x34130000, 0x013e3736, 0x2315013b, 0x0e070622, 
0x16141501, 0x2315013b, 0x29012e22, 0x37151415, 0x1cdbdf33, 0x0c0a0b1f, 0x0f0e1b23, 0x02244029, 
0x0e2f22a1, 0x05470e0f, 0x11150506, 0x1c45161c, 0x00000036, 0xdbff0100, 0xb6015cff, 0x26005703, 
0x2e010000, 0x06222301, 0x021e1415, 0x020e1415, 0x27262223, 0x33011e37, 0x35013e32, 0x35012e34, 
0x33013e34, 0x01171632, 0x1826137e, 0x100d2a25, 0x6034150d, 0x09220e4b, 0x0e1b0a02, 0x151a4845, 
0x30452515, 0x021e452c, 0x311314e7, 0x92833c35, 0x5b335da3, 0x01022845, 0x2c02014b, 0xca693852, 
0x4c365bc3, 0x00201f27, 0xedfe0100, 0x0800f000, 0x03003801, 0x21010000, 0xedfe2115, 0xe5fe1b01, 
0x00483801, 0x83ff0100, 0xae00f100, 0x1e004902, 0x1e030000, 0x021e1701, 0x07061415, 0x012b020e, 
0x36323335, 0x35013e37, 0x27012e34, 0x0627012e, 0x26162b18, 0x17190e27, 0x2a34200d, 0x1d267a70, 
0x0e0c0a09, 0x24101e23, 0x12490211, 0x33221424, 0x2b1e1a2e, 0x060c080e, 0x06050547, 0x1f100e14, 
0x1d0e1926, 0x0000000c, 0x24000100, 0x4f01f100, 0x1e004902, 0x0e010000, 0x020e0701, 0x17161415, 
0x013b011e, 0x2e222315, 0x012e2701, 0x013e3435, 0x37013e37, 0x24100701, 0x0f221e11, 0x1d090a0c, 
0x2a707a26, 0x160e2034, 0x26270e19, 0x02182a17, 0x0e1d0c0f, 0x101f2619, 0x0506140e, 0x0c064705, 
0x1e2b0e08, 0x22332e1a, 0x00122414, 0x24000100, 0x4f01dfff, 0x1e003801, 0x2e170000, 0x022e2701, 
0x37363435, 0x013b023e, 0x06222315, 0x15010e07, 0x17011e14, 0xd817011e, 0x26172a18, 0x16190e27, 
0x2a34200e, 0x1d267a70, 0x0f0c0a09, 0x24111e22, 0x24132110, 0x2e332214, 0x0e2c1d1a, 0x47060b09, 
0x14050506, 0x2520100e, 0x0c1d0e19, 0x83ff0100, 0xae00dfff, 0x1e003801, 0x3e270000, 0x023e3701, 
0x27263435, 0x012b012e, 0x1e323335, 0x011e1701, 0x010e1415, 0x07010e07, 0x10241135, 0x0c0e231e, 
0x261d090a, 0x342a707a, 0x19170d20, 0x1626270e, 0x0c1a182b, 0x25190e1d, 0x140e1020, 0x47060505, 
0x0e090b06, 0x2e1a1d2c, 0x24142233, 0x00000013, 0x83ff0100, 0xf900f100, 0x2e00fd02, 0x33030000, 
0x3e373632, 0x2e343501, 0x022e2701, 0x013e3435, 0x011e3233, 0x012e0717, 0x15062223, 0x17011e14, 
0x1415021e, 0x020e0706, 0x7a7d012b, 0x0a091d26, 0x1b1f0d0c, 0x2316322b, 0x43282a40, 0x1f421f3d, 
0x2021283b, 0x29212510, 0x1719102b, 0x2a34200d, 0x05380170, 0x0e140605, 0x161f1b10, 0x21363824, 
0x1b223925, 0x3221353e, 0x14192236, 0x221b2724, 0x1e1b2f33, 0x0c080e2b, 0x00000006, 0xdeff0100, 
0x54012cff, 0x2e003801, 0x23250000, 0x0e070622, 0x1e141501, 0x021e1701, 0x010e1415, 0x012e2223, 
0x011e3727, 0x35363233, 0x27012e34, 0x3435022e, 0x023e3736, 0x5401013b, 0x091d267a, 0x1f0d0c0a, 
0x16322c1a, 0x282b3f23, 0x42203c43, 0x21283b1f, 0x21251020, 0x19102b29, 0x34200e16, 0x06f1702a, 
0x0e140505, 0x171f1b10, 0x21363724, 0x1b223a24, 0x3221343f, 0x15182236, 0x221b2823, 0x1d1b2f33, 
0x0b090e2c, 0x00000006, 0x33000100, 0xef020000, 0x4d007802, 0x22210000, 0x3435012e, 0x3233013e, 
0x1415011e, 0x26222306, 0x011e3727, 0x35363233, 0x22232634, 0x011d010e, 0x33021e14, 0x3d023e32, 
0x012e3401, 0x15062223, 0x32331614, 0x0e173736, 0x2e222301, 0x3e343502, 0x1e323301, 0x0e141501, 
0x77950101, 0x59324d9e, 0x1f392839, 0x1f15514d, 0x14090d06, 0x242e2f0b, 0x1b32221a, 0x46653f1e, 
0x1c3f6a4e, 0x1e22301a, 0x0b342e23, 0x0d0a0911, 0x3c280b1e, 0x3d201529, 0x31553829, 0x9e5a9a4d, 
0x407e5c66, 0x3a253a21, 0x4103064f, 0x1e250302, 0x6133201d, 0x60360745, 0x4e2e2a4a, 0x41043663, 
0x1d20335d, 0x0203271c, 0x15020444, 0x281d3225, 0x7f411f39, 0x569c695d, 0x2a000100, 0xc6020000, 
0x59007802, 0x22210000, 0x3435012e, 0x3e37013e, 0x26343501, 0x15062223, 0x07171614, 0x3435022e, 
0x1e323336, 0x0e141501, 0x020e0701, 0x021e1415, 0x023e3233, 0x012e3435, 0x35022e27, 0x33023e34, 
0x14151632, 0x2707010e, 0x3435013e, 0x06222326, 0x17161415, 0x1415011e, 0x7601010e, 0x173a795f, 
0x1f1f1c2a, 0x1d1f202e, 0x3a0a2c28, 0x3d481a41, 0x121c443e, 0x1c162127, 0x4b2c120d, 0x2d4d3b39, 
0x1a1e0d12, 0x110f2520, 0x412c3d26, 0x3b401941, 0x18282c0a, 0x1e31241d, 0x393a2122, 0x385b347a, 
0x1b333b27, 0x2225331e, 0x19171b29, 0x07450320, 0x321c3828, 0x1e422f3e, 0x1f363720, 0x18262515, 
0x16252b15, 0x132c2619, 0x18262618, 0x2338331e, 0x19283017, 0x361a3442, 0x03460628, 0x1b171920, 
0x3420262b, 0x39561f20, 0x00345a37, 0x2a000100, 0xc5020000, 0x52007802, 0x22210000, 0x3435012e, 
0x3e37013e, 0x26343501, 0x15062223, 0x07171614, 0x3435022e, 0x1e323336, 0x0e141501, 0x020e0701, 
0x021e1415, 0x013e3233, 0x012e3435, 0x15062223, 0x32331614, 0x0e173736, 0x2e222301, 0x3e343502, 
0x1e323301, 0x0e141501, 0x5e750101, 0x2a173a79, 0x2e1f1f1c, 0x281d1f20, 0x413a0a2c, 0x3e3d481a, 
0x27121c44, 0x0d1c1621, 0x37492a12, 0x1a37735b, 0x231e2230, 0x120b342d, 0x180d0c07, 0x293c2811, 
0x293d2015, 0x4d315538, 0x385b3495, 0x1b333b27, 0x2225331e, 0x19171b29, 0x07450320, 0x321c3828, 
0x1e422f3e, 0x1f363720, 0x18262515, 0x16252b15, 0x344e723e, 0x1d202e50, 0x0202271c, 0x15030343, 
0x281d3225, 0x6f3b1f39, 0x4e916550, 0x2a000100, 0x23030000, 0x5a007802, 0x34010000, 0x06222326, 
0x021e1415, 0x15021e17, 0x27070614, 0x3435013e, 0x2e27012e, 0x3e343502, 0x1e323301, 0x0e141501, 
0x2e222301, 0x3e343501, 0x013e3701, 0x23263435, 0x14150622, 0x2e071716, 0x36343502, 0x011e3233, 
0x010e1415, 0x15020e07, 0x33011e14, 0x02023e32, 0x172b294e, 0x4d260c21, 0x25483540, 0x1648231c, 
0x21291321, 0x202a6f67, 0x4a2b273b, 0x6289482e, 0x173b7455, 0x1f1f1c2a, 0x1d1f202e, 0x3a0a2c28, 
0x3d481a41, 0x121c443e, 0x1c162127, 0x3e4d230d, 0x1b385a3f, 0x55505501, 0x200f191d, 0x0b091b20, 
0x27303e26, 0x17292957, 0x251e223f, 0x35140817, 0x36242a45, 0x5f6b2d1e, 0x344f9266, 0x3b27385b, 
0x331e1b33, 0x1b292225, 0x03201917, 0x38280745, 0x2f3e321c, 0x371f1e43, 0x25151f36, 0x391c1826, 
0x62472726, 0x57ff0100, 0x6800fefe, 0x0300dfff, 0x37070000, 0x2da90717, 0x3c5d2de4, 0x00003ca5, 
0x38000300, 0x02020000, 0x26007802, 0x48003c00, 0x22210000, 0x3435012e, 0x3233013e, 0x22071716, 
0x0e222326, 0x16141501, 0x37363233, 0x35012e17, 0x32333634, 0x0e141516, 0x012e0301, 0x013e3435, 
0x17163233, 0x23012e07, 0x15010e22, 0x011f1614, 0x34352622, 0x16323336, 0x01061415, 0x325e4236, 
0x0a456235, 0x060d0814, 0x4125060b, 0x143f4327, 0x03010d1f, 0x1d192003, 0xb250311d, 0x54274733, 
0x113c2043, 0x172e100e, 0x2b18352a, 0x2116e334, 0x20171621, 0x37563120, 0x01335535, 0x18014701, 
0x3d3b2934, 0x05040505, 0x1c1a090e, 0x2d221723, 0x1d350115, 0x44273f52, 0x4605082a, 0x25160705, 
0x1a3a2217, 0x1918224d, 0x18192121, 0x00000022, 0x3a000300, 0xa601f4ff, 0x1c007802, 0x46003a00, 
0x0e010000, 0x26222301, 0x35012e27, 0x32333634, 0x2e071716, 0x06222301, 0x33161415, 0x0f373632, 
0x15020e01, 0x32331614, 0x26343536, 0x011e3723, 0x23061415, 0x35012e22, 0x37013e34, 0x33363427, 
0x14151632, 0x26222306, 0x4b25a601, 0x0c160c22, 0x6e84604c, 0x0510361a, 0x4c152f17, 0x203c4e54, 
0x0529203a, 0x3129543e, 0x291e1f22, 0x47440a29, 0x49294240, 0x374f2a2d, 0x16161e1c, 0x16161e1e, 
0x0c1f011e, 0x0a01050b, 0x615b475d, 0x05490404, 0x3c393b04, 0x430d0a35, 0x39240810, 0x17282826, 
0x44181513, 0x2d373b02, 0x35431e3a, 0x0e31442b, 0x20201786, 0x21211617, 0x29000200, 0xee010000, 
0x43007802, 0x00004f00, 0x15062201, 0x33011e14, 0x34353632, 0x3727012e, 0x15021e27, 0x23020e14, 
0x35012e22, 0x33013e34, 0x35343607, 0x2e272634, 0x36343501, 0x011e3233, 0x012e0717, 0x15062223, 
0x1e171614, 0x06141502, 0x36343707, 0x15163233, 0x22230614, 0x4f260126, 0x26432a5e, 0x331b5240, 
0x3d030b26, 0x3f252b54, 0x69402b50, 0x3b663f3d, 0x1815010f, 0x3840281f, 0x142b3827, 0x1d291840, 
0x1c201515, 0x090d1a14, 0x16214105, 0x17212117, 0x0f012116, 0x2c233332, 0x18302d14, 0x1d07212b, 
0x46360d28, 0x263f2d27, 0x3c4f2712, 0x06264934, 0x0b020402, 0x391b151c, 0x1b3c2a2b, 0x20211e2f, 
0x14101523, 0x22111826, 0x21131321, 0x22188711, 0x22181822, 0x00000022, 0x24000400, 0xd601dfff, 
0x1e004902, 0x49002a00, 0x00005500, 0x37013e37, 0x3435023e, 0x012e2726, 0x3335012b, 0x17011e32, 
0x1415011e, 0x0e07010e, 0x34270701, 0x16323336, 0x23061415, 0x0e132622, 0x020e0701, 0x17161415, 
0x013b011e, 0x2e222315, 0x012e2701, 0x013e3435, 0x37013e37, 0x33363417, 0x14151632, 0x26222306, 
0x112411f3, 0x0b0e221e, 0x271c090b, 0x332a343d, 0x19160d21, 0x1626270e, 0x24bd182b, 0x24241919, 
0xa2241919, 0x1e112410, 0x0a0c0f22, 0x35261d09, 0x20342a2b, 0x0e19160e, 0x2a172627, 0x19244318, 
0x19242419, 0x0c1a2419, 0x25190e1d, 0x140e1020, 0x47060505, 0x0e090b06, 0x2e1a1d2c, 0x24142233, 
0x261a9713, 0x261a1a26, 0x0cb30126, 0x26190e1d, 0x140e101f, 0x47050506, 0x0e080c06, 0x2e1a1e2b, 
0x24142233, 0x261a9612, 0x261a1a26, 0x00000026, 0x27000200, 0xe0012a00, 0x0d00ff01, 0x00001b00, 
0x27262201, 0x33011e37, 0x17373632, 0x3207010e, 0x2e071716, 0x06222301, 0x013e2707, 0x744b0701, 
0x491c4a21, 0x103c3b34, 0x576f1a4f, 0x4a21744b, 0x3a35481c, 0x1a4f113c, 0x6124016f, 0x4849195f, 
0x671b454e, 0x5f611f59, 0x4e474a1a, 0x58681b44, 0x27000200, 0xfd013800, 0x0d00f201, 0x00001b00, 
0x35013e37, 0x37272634, 0x1415011e, 0x0e010706, 0x16141501, 0x012e0717, 0x37363435, 0x444c4127, 
0x5d631948, 0xbc01655b, 0x47454c42, 0x5a5e6219, 0x3f128166, 0x1c4c373c, 0x4c742445, 0x0118734b, 
0x3b3f1270, 0x441d4c37, 0x4b4b7424, 0x00001973, 0xa0fe0100, 0x4500b803, 0x0d008904, 0x0e130000, 
0x26222301, 0x011e3727, 0x37363233, 0x4d6b1745, 0x47226c48, 0x3935431a, 0x6f041037, 0x5e595364, 
0x49444618, 0x00000043, 0x2d000100, 0xe2011a00, 0x0b000f02, 0x07250000, 0x37273727, 0x07173717, 
0x09010717, 0xa5a84498, 0x4499963f, 0xd840a6a9, 0xc9cc30be, 0x30bfba2b, 0x002bc9ce, 0x2f000200, 
0x4502c300, 0x1000ab01, 0x00002100, 0x012e2237, 0x021e3727, 0x37363233, 0x33020e33, 0x27012e22, 
0x33011e33, 0x37013e32, 0xc6020e17, 0x0425412d, 0x2111024f, 0x031d2b18, 0x39230c46, 0x22392dbc, 
0x2003440c, 0x13201629, 0x25034f02, 0x6226c341, 0x4544055b, 0x56584518, 0x642a2a64, 0x19455856, 
0x5b054345, 0x00002662, 0x19ffffff, 0xeaffa002, 0x07126703, 0x00000b02, 0x0000bdfe, 0xadfeffff, 
0x5600a002, 0x27106703, 0x94ff0b02, 0x0710bdfe, 0x6c000b02, 0x0000bdfe, 0x0c00ffff, 0x95030000, 
0x2612b003, 0x00003c00, 0x45000710, 0xb2002701, 0x0b00ffff, 0x07030100, 0x2612fe02, 0x00005c00, 
0x45000710, 0x0000df00, 0x0c00ffff, 0x95030000, 0x2612b003, 0x00003c00, 0x71000710, 0xb2007401, 
0x0b00ffff, 0x07030100, 0x2612fe02, 0x00005c00, 0x71000710, 0x00002c01, 0x0c00ffff, 0x95030000, 
0x26128c03, 0x00003c00, 0x6a000710, 0xb200b000, 0x0b00ffff, 0x07030100, 0x2612da02, 0x00005c00, 
0x6a000610, 0x00000068, 0x5a000100, 0xa202f6ff, 0x2b00d402, 0x32010000, 0x0717011e, 0x1415021e, 
0x2223010e, 0x1e352726, 0x36323301, 0x2b263435, 0x2e373501, 0x0e222302, 0x23111501, 0x013e3411, 
0x5f426801, 0x3f8e103e, 0x6d343862, 0x295d3458, 0x552c6129, 0x3e56564a, 0x38280c9c, 0x254e3d27, 
0x02783a59, 0x324927d4, 0x5a310297, 0x38613f40, 0x16521611, 0x40444b19, 0x1aa44143, 0x532f1223, 
0x0132fe36, 0x45774ace, 0x0000ffff, 0x36020000, 0x2612b003, 0x00003e00, 0x45000710, 0xb2007100, 
0x0100ffff, 0xfe0110ff, 0x2612fe02, 0x00005e00, 0x45000610, 0x00000055, 0xe6ff0100, 0x1a005aff, 
0x03001403, 0x33030000, 0x341a2311, 0xfc140334, 0x00000046, 0x6eff0100, 0x92005bff, 0x0e001403, 
0x07130000, 0x11231127, 0x27372707, 0x17371737, 0x53259207, 0x6e255334, 0x6d6d256e, 0x1b026e25, 
0x12fd5224, 0x2452ee02, 0x6c246a6b, 0x0069256c, 0x3100ffff, 0x23010001, 0x06125201, 0x00001200, 
0x28000100, 0xcc010501, 0x03005701, 0x21130000, 0x01282115, 0x015cfea4, 0x00005257, 0x28000100, 
0xc0030501, 0x03005701, 0x21130000, 0x03282115, 0x0168fc98, 0x00005257, 0x52000100, 0xeb00e401, 
0x0a00d902, 0x27130000, 0x3337023e, 0x5907020e, 0x211b0a07, 0x130a4310, 0xe401050f, 0x5250240b, 
0x53572824, 0x00000023, 0x51000100, 0xea00e401, 0x0a00d902, 0x17130000, 0x2307020e, 0xe337023e, 
0x201c0907, 0x13094311, 0xd9020510, 0x5151230b, 0x54572825, 0x00000022, 0x1f00ffff, 0xb6007fff, 
0x07107400, 0x1300d104, 0x0000aafd, 0x53000200, 0xa801e401, 0x0a00d902, 0x00001500, 0x023e2713, 
0x020e3337, 0x3e273307, 0x0e333702, 0x075a0702, 0x10211b0a, 0x0f130a43, 0x0a075b05, 0x4310211b, 
0x050f130a, 0x240be401, 0x28245250, 0x0b235357, 0x24525024, 0x23535728, 0x51000200, 0xa601e401, 
0x0a00d902, 0x00001500, 0x020e1701, 0x023e2307, 0x0e172337, 0x3e230702, 0x9f013702, 0x201c0907, 
0x13094311, 0x075b0510, 0x11201c09, 0x10130943, 0x0bd90205, 0x25515123, 0x22545728, 0x5151230b, 
0x54572825, 0x00000022, 0x1f00ffff, 0x6e017fff, 0x07107400, 0x1300cf04, 0x0000aafd, 0x4d000100, 
0x2b01f100, 0x0f00e901, 0x34130000, 0x3233013e, 0x1415011e, 0x2223010e, 0x1d4d012e, 0x321f1f33, 
0x1f321e1e, 0x011d331f, 0x18372d6d, 0x2c2d3718, 0x37191937, 0x48000300, 0xdc02f2ff, 0x0b007a00, 
0x23001700, 0x22050000, 0x36343526, 0x15163233, 0x22210614, 0x36343526, 0x15163233, 0x22210614, 
0x36343526, 0x15163233, 0x92010614, 0x1a24241a, 0xfe24241a, 0x24241ada, 0x24241a1a, 0x241afe01, 
0x241a1a24, 0x24200e24, 0x261e1e26, 0x24202024, 0x261e1e26, 0x24202024, 0x261e1e26, 0x00002024, 
0x28000100, 0x0f013800, 0x0600d701, 0x37130000, 0x07170717, 0x3fa82827, 0xa83f8c8c, 0x24c90e01, 
0xc925abab, 0x27000100, 0x0e013800, 0x0600d701, 0x17130000, 0x37270715, 0xa9a96527, 0x018c8c3e, 
0xc90dc9d7, 0x00abab25, 0x17000100, 0x2f02f6ff, 0x3600d302, 0x32010000, 0x2e071716, 0x0e222301, 
0x15330702, 0x15140623, 0x3317011c, 0x021e2315, 0x37363233, 0x23010e15, 0x27012e22, 0x26333523, 
0x36343534, 0x33352335, 0x7c01023e, 0x25295832, 0x25274b1c, 0x09222f3e, 0x0101fbf4, 0x320cd5dd, 
0x4f273650, 0x304b1f1f, 0x0f467251, 0x01014850, 0x460d4f48, 0x16d30274, 0x1a0f4818, 0x30483017, 
0x0a120a41, 0x410b1509, 0x132a5038, 0x130d4e0d, 0x414f733e, 0x0b0d100c, 0x52410615, 0x00004278, 
0x48000200, 0xee010000, 0x1e006e02, 0x00002200, 0x021e2301, 0x010e1415, 0x23133707, 0x32333727, 
0x013e3736, 0x27263435, 0x012b012e, 0x21052135, 0xee012115, 0x0b1410bc, 0x094c5d2b, 0x0ad366eb, 
0x1032312c, 0x11140f10, 0x42262b10, 0x5afea601, 0x5afea601, 0x220b2702, 0x5339182b, 0xfe200631, 
0x0f47f7ec, 0x1e2c0f0f, 0x0c0d2c23, 0x4894470a, 0x52ff0100, 0x7200bf03, 0x0e00d504, 0x37030000, 
0x27173727, 0x17370733, 0x27071707, 0x70478507, 0x3e0c7508, 0x7108750c, 0x33333448, 0x0b61dc03, 
0x76762037, 0x610b3720, 0x006b6b1d, 0x11000200, 0xbd026a01, 0x1400ca02, 0x00001c00, 0x1b331101, 
0x23113301, 0x37363435, 0x03230323, 0x1d011e23, 0x23112101, 0x23152135, 0x5e450111, 0x405b615e, 
0x65040102, 0x01046035, 0x65f5fe02, 0x01660a01, 0xfe60016a, 0xfe0f01f1, 0x2f08cca0, 0x01f1fe0c, 
0x0628100f, 0x362a01d1, 0x00d6fe36, 0x32000100, 0xf5011e01, 0x03006701, 0x21130000, 0x01322115, 
0x013dfec3, 0x00004967, 0x34000800, 0xca016c00, 0x07000202, 0x17000f00, 0x27001f00, 0x37002f00, 
0x00003f00, 0x34352201, 0x14153233, 0x34352205, 0x14153233, 0x34352227, 0x14153233, 0x34352217, 
0x14153233, 0x34352203, 0x14153233, 0x34352217, 0x14153233, 0x34352203, 0x14153233, 0x34352217, 
0x14153233, 0x1d1d8001, 0x1ce0fe1d, 0x1d491d1c, 0x1c911c1d, 0x1c9f1e1c, 0x1de61d1c, 0x1c9f1d1d, 
0x1d911e1c, 0x97011d1d, 0x1d1d1d1d, 0x1d1d1df9, 0x1c1d7d1d, 0x1daf1d1c, 0x011d1d1d, 0x1d1d1d2b, 
0x1d1df91d, 0x2b011d1d, 0x1d1c1c1d, 0x1c1c1dae, 0x0000001d, 0x4e000100, 0x9f000000, 0x03006e02, 
0x33130000, 0x514e2311, 0xfd6e0251, 0x00000092, 0x4e000200, 0x67010000, 0x03006e02, 0x00000700, 
0x23113301, 0x23113303, 0x51511601, 0x025151c8, 0x0292fd6e, 0x0092fd6e, 0x4e000300, 0x2f020000, 
0x03006e02, 0x0b000700, 0x33010000, 0x33032311, 0x33012311, 0x16012311, 0x51c85151, 0x51900151, 
0xfd6e0251, 0xfd6e0292, 0xfd6e0292, 0x00000092, 0x28000100, 0x47029c01, 0x03006e02, 0x17010000, 
0x33022705, 0x14f5fd14, 0x82506e02, 0x0000004f, 0x28000200, 0x4702d700, 0x03006e02, 0x00000700, 
0x27051701, 0x27051701, 0xfd143302, 0x0b0214f5, 0x14f5fd14, 0x8250a901, 0x5048014f, 0x00004f82, 
0x28000300, 0x47021200, 0x03006e02, 0x0b000700, 0x17010000, 0x17012705, 0x17012705, 0x33022705, 
0x14f5fd14, 0xfd140b02, 0x0b0214f5, 0x14f5fd14, 0x8250a901, 0x5048014f, 0xf9fe4f82, 0x004f8250, 
0x43000200, 0x8901a700, 0x0f00d901, 0x00001b00, 0x012e2237, 0x013e3435, 0x011e3233, 0x010e1415, 
0x35363227, 0x22232634, 0x16141506, 0x2a4930e6, 0x32334927, 0x49272849, 0x2f2d2a33, 0x2e2c2b28, 
0x2d4627a7, 0x282a4529, 0x462b2b45, 0x252f4629, 0x23302f24, 0x00002f25, 0x39000200, 0xf3015600, 
0x19006f02, 0x00002500, 0x012e2237, 0x013e3435, 0x07172537, 0x3707020e, 0x3233013e, 0x0e141516, 
0x36322701, 0x23263435, 0x14150622, 0x4a30dd16, 0x23280f2a, 0x5c2e3201, 0x24595d27, 0x10221105, 
0x49275b46, 0x2f2d2a33, 0x2e2d2a28, 0x2d452856, 0x1b2e2d1c, 0x1f493aed, 0x42153b42, 0x44530505, 
0x4629462b, 0x2f24252f, 0x2f252330, 0x63ff0100, 0xf60044ff, 0x19007902, 0x1e070000, 0x3e323301, 
0x2e343501, 0x1e372701, 0x0e141503, 0x26222302, 0x2d189727, 0x28625913, 0x510f1d13, 0x0a12170d, 
0x62794018, 0x68133716, 0x84440605, 0x909e4e5f, 0x712e1237, 0x4836797a, 0x073b6684, 0x00000004, 
0x63ff0100, 0x510110ff, 0x24007902, 0x1e070000, 0x3e323301, 0x2e343502, 0x3e343502, 0x0e173701, 
0x1e141502, 0x0e141502, 0x26222303, 0x1b0a9b27, 0x3f6d510e, 0x222b221b, 0x184c6f3d, 0x222e563b, 
0x2d11222b, 0x0e5a7d50, 0x01a20922, 0x46362002, 0x5c633926, 0x533b335d, 0x0b4b0f37, 0x28273423, 
0x406c5f54, 0x39464b22, 0x00010222, 0x19ff0200, 0xeaffe303, 0x0b00aa04, 0x00001700, 0x33363403, 
0x14151632, 0x26222306, 0x33161437, 0x34353632, 0x06222326, 0x2f2e3ae7, 0x2e2e3a3a, 0x191d313b, 
0x191e2019, 0x47041f19, 0x2c37372c, 0x2a39382c, 0x191f1e18, 0x001e1d18, 0x2fff0100, 0xceff8603, 
0x2d00db04, 0x32030000, 0x0e141516, 0x17270701, 0x1415011e, 0x3e270706, 0x26343501, 0x3e37012f, 
0x013e3701, 0x23263435, 0x14150622, 0x2e071716, 0x36343501, 0x102a2685, 0x3f032328, 0x0b0d0f13, 
0x08070727, 0x17035a0c, 0x10110d24, 0x100d1112, 0x161a0e14, 0xdb04231d, 0x23141b25, 0x2e041825, 
0x10141d0e, 0x071b0e1a, 0x0e07090e, 0x0e104809, 0x170f0b18, 0x0b0f0c0d, 0x050f0b0b, 0x1a1b091c, 
0x00002614, 0x28ff0100, 0xf4ffaa03, 0x2a00db04, 0x16030000, 0x36161732, 0x23263435, 0x27070622, 
0x3233013e, 0x06141516, 0x35262223, 0x32333634, 0x011e1716, 0x17021e17, 0x27012e07, 0x070a0db9, 
0x191f301d, 0x11121f10, 0x2d162914, 0x1738483c, 0x0c0f141b, 0x02021519, 0x20231201, 0x331e260b, 
0x033f0418, 0x1f250102, 0x08071919, 0x2f08092a, 0x133f322f, 0x0a111111, 0x02040111, 0x1128260e, 
0x133c2919, 0x2cff0200, 0xe7ff9003, 0x2000db04, 0x00003b00, 0x27012e03, 0x35363237, 0x37232634, 
0x1415011e, 0x26222306, 0x33363435, 0x16171632, 0x011e1714, 0x3e322717, 0x26343501, 0x07062223, 
0x33013e27, 0x14151632, 0x010e0706, 0x23010e07, 0x11281643, 0x1e202503, 0x24291c1a, 0x1a163c45, 
0x190c1013, 0x14010215, 0x1e861029, 0x11180c21, 0x0f121f13, 0x2b1c290d, 0x0117142e, 0x240e0103, 
0x1d900316, 0x1719102b, 0x1f180e12, 0x231a2707, 0x1112132f, 0x01100b11, 0x2a100205, 0x0f08cc15, 
0x090c0e09, 0x0c062a08, 0x1e151f24, 0x0102010b, 0x00000605, 0x1aff0100, 0xf7ffae03, 0x3b00db04, 
0x22030000, 0x3e343526, 0x3e013f01, 0x26343502, 0x011e3727, 0x010e1415, 0x010e010f, 0x33161415, 
0x34353632, 0x2e012f26, 0x36343502, 0x010e1737, 0x011e1415, 0x021e011f, 0x77061415, 0x18073023, 
0x1f1e0f19, 0x3002010b, 0x250d0302, 0x0f191424, 0x11101012, 0x26111a0f, 0x01020a24, 0x0a020232, 
0x1c0f1e1e, 0x03290516, 0x0b1d23ae, 0x101a2117, 0x0a18251d, 0x09050905, 0x10060c07, 0x14232c20, 
0x0d091b17, 0x0a0d0e0f, 0x2412191b, 0x060f1f2d, 0x0409070c, 0x190b0509, 0x1b0f1c23, 0x1b0a1825, 
0x00000023, 0x14ff0100, 0x00008f03, 0x2600db04, 0x2e030000, 0x012e2702, 0x33363435, 0x14151632, 
0x2e222306, 0x36343501, 0x010e1737, 0x33161415, 0x1737013a, 0x2a17021e, 0x07171b0b, 0x10160308, 
0x2137161a, 0x0d21341c, 0x100e3110, 0x07021f20, 0x16073003, 0x8f030b19, 0x10343312, 0x10041414, 
0x1e0e1d14, 0x2a2f1413, 0x0e173417, 0x1f192817, 0x0f1d011f, 0x00112d2d, 0x15ff0200, 0xfaff8c03, 
0x3500db04, 0x00004800, 0x27012e03, 0x23010e17, 0x35012e22, 0x3e373634, 0x013e3701, 0x17163233, 
0x23012a07, 0x14150622, 0x013a3316, 0x012e0737, 0x33363435, 0x14151632, 0x1e370706, 0x2e271701, 
0x36343501, 0x17163233, 0x23012e07, 0x16141522, 0x190c2f17, 0x0e050306, 0x19312306, 0x03021110, 
0x13240e01, 0x04050f07, 0x190a0c04, 0x0319231f, 0x01030306, 0x17121402, 0x020f1118, 0x9a0d1808, 
0x2a372922, 0x0307220e, 0x370e1709, 0x8c03141b, 0x010e2f14, 0x28180101, 0x0a1d1017, 0x08010302, 
0x29010105, 0x14131212, 0x0b040501, 0x1c150f03, 0x0415100f, 0x11271005, 0x1e2509af, 0x02032020, 
0x1d03022b, 0x00040f0f, 0xf5fe0100, 0xf0ffc603, 0x2100c604, 0x14030000, 0x2e222306, 0x1e372701, 
0x36323302, 0x23263435, 0x14150622, 0x2e071716, 0x36343501, 0x10163233, 0x402b2934, 0x06310a29, 
0x1d222a17, 0x0c171b14, 0x0925160d, 0x25222e2f, 0x2f04352a, 0x6c2c3237, 0x5f410860, 0x211e2333, 
0x09090a32, 0x042a0116, 0x201a1e2b, 0x0000004a, 0x1cff0100, 0xf8ffaf03, 0x1600db04, 0x22030000, 
0x3e343526, 0x17013f01, 0x15010e07, 0x32331614, 0x0e173736, 0x40287c01, 0x65161608, 0x10106e27, 
0x2f17161f, 0x3d171718, 0x2a27af03, 0x18231d0f, 0x137d2074, 0x11150e1b, 0x0d2d0f11, 0x00000013, 
0x12ff0200, 0xfeff8a03, 0x1e00db04, 0x00002a00, 0x35013e03, 0x012f2634, 0x3435012e, 0x16323336, 
0x07061415, 0x1f011e27, 0x15011e01, 0x27070614, 0x34353632, 0x06222326, 0x3f161415, 0x09060705, 
0x30111e7d, 0x25312727, 0x18060a20, 0x11163d0a, 0x127e0b0c, 0x11121516, 0xa3031617, 0x08080d06, 
0x1763070b, 0x2e1f1527, 0x271f242e, 0x0e040c06, 0x1e102e08, 0x0e191012, 0x111116d9, 0x11111615, 
0x00000015, 0xa0fe0400, 0x2000af03, 0x0700db04, 0x34001b00, 0x00004300, 0x35231503, 0x15333523, 
0x15163227, 0x27070614, 0x3435013e, 0x06222326, 0x013e2707, 0x011e3717, 0x011e011f, 0x23061415, 
0x37272622, 0x3233011e, 0x26343536, 0x36321727, 0x010e1737, 0x2f262223, 0x011e3701, 0x86253011, 
0x372b29f3, 0x1c230335, 0x20100e17, 0x27110f11, 0x1008152c, 0x08060506, 0x432f232f, 0x30172a22, 
0x22150e22, 0x2c146d17, 0x28130313, 0x061a1012, 0x220b041c, 0xfbfbaa04, 0x26312c2c, 0x012c1f1d, 
0x0e11012a, 0x08080b0e, 0x7a0a082a, 0x080f0506, 0x0a16090b, 0x463e2122, 0x0f383213, 0x0d231210, 
0x2909070d, 0x0205060a, 0x05030e1c, 0xddfe0300, 0xf6ffaf03, 0x1400d604, 0x27002300, 0x22030000, 
0x3727012e, 0x3233011e, 0x26343536, 0x011e3727, 0x27061415, 0x3435013e, 0x1e012f26, 0x06141502, 
0x15212707, 0x34207a21, 0x172a1a2e, 0x170e2731, 0x143b1e22, 0x254e3022, 0x04111924, 0x3d182a1c, 
0x19018139, 0xaf03e7fe, 0x12383e19, 0x14104034, 0x0c0f2215, 0x24202b10, 0x1401b224, 0x04161115, 
0x2015011d, 0x022d2514, 0x00002ca1, 0xaafe0100, 0x2e00af03, 0x3700d604, 0x23130000, 0x013e2715, 
0x15163233, 0x27070614, 0x3435013e, 0x06222326, 0x23153707, 0x23010e35, 0x34352622, 0x16323336, 
0x012e0717, 0x15062223, 0x32331614, 0x23353736, 0x9a2e2135, 0x131d0e08, 0x120f2c22, 0x140f0b29, 
0x0e1d0d11, 0x210d3109, 0x3837231a, 0x091c0b2b, 0x09140805, 0x121d1e1b, 0xb90d1f17, 0xaa048401, 
0x0d0e055e, 0x30152627, 0x240d171a, 0x13131313, 0x4b831511, 0x2c2c110c, 0x02032e27, 0x1703022c, 
0x14141714, 0x002c800e, 0xd7fe0100, 0xf8ffaf03, 0x1500d604, 0x21010000, 0x23152315, 0x14152335, 
0x2e222306, 0x36343501, 0x2335013b, 0x2101d7fe, 0x10553031, 0x131d0e0b, 0xc090110d, 0xfb2cd604, 
0x0d111687, 0x0d0f2015, 0x0000480f, 0xdffe0200, 0x0700af03, 0x1100d604, 0x00001d00, 0x35231503, 
0x2223010e, 0x012e2726, 0x3523013d, 0x15231521, 0x1e171614, 0x36323301, 0x302a3537, 0x1317230e, 
0x0c0d0b21, 0xd1280127, 0x11060707, 0x0b21140b, 0x57fbaa04, 0x0a0d0d09, 0x551f220d, 0x1e452c2c, 
0x06050818, 0x006f0c13, 0x10ff0100, 0xe9ffa903, 0x2400d604, 0x2e030000, 0x012e2701, 0x33363435, 
0x27171632, 0x3435013e, 0x23172726, 0x23153335, 0x15011e37, 0x27070614, 0x4517011e, 0x0b0e472d, 
0x15130e0a, 0x172b1118, 0x1304061e, 0x0e44d986, 0x25300505, 0x203c1701, 0x4324a903, 0x0a140f13, 
0x14181609, 0x1c1b090c, 0x0b081509, 0x09092c2c, 0x2f250e15, 0x3519090e, 0x00000017, 0x8cfe0300, 
0x1c00af03, 0x21004305, 0x3d002900, 0x35030000, 0x2223010e, 0x36343526, 0x17163233, 0x23012e07, 
0x14150622, 0x36323316, 0x35233537, 0x15231521, 0x33352325, 0x23152315, 0x35012e11, 0x32333634, 
0x2e231716, 0x06222301, 0x17161415, 0x1a230c45, 0x2c373623, 0x05091b0b, 0x1a091507, 0x17131c1e, 
0x01b90d1f, 0xcefe311a, 0x302c892d, 0x32390806, 0x35276f46, 0x202f4d26, 0x0306061f, 0x100a48af, 
0x2e272c2c, 0x022c0203, 0x17141703, 0x800e1414, 0xfbfb2c2c, 0x01fb2c2c, 0x0e140a23, 0x3342261f, 
0x11152524, 0x00060f0a, 0x10ff0100, 0xddffc203, 0x2500d604, 0x23030000, 0x14150622, 0x021e1716, 
0x23061415, 0x37272622, 0x3233011e, 0x26343536, 0x35012e27, 0x3e373634, 0x2d013b01, 0x1413163b, 
0x0b1a181d, 0x3925242b, 0x27102920, 0x17150f19, 0x0c122520, 0x211f0b0c, 0x09aa0431, 0x1512080c, 
0x131e1d10, 0x3725271f, 0x10271c14, 0x161b0f0d, 0x1012241a, 0x07060716, 0x3600ffff, 0xdb016101, 
0x07103902, 0x96013a01, 0x0000b9fe, 0x3a00ffff, 0xdf013000, 0x27103902, 0x9a013a01, 0x0710b9fe, 
0x3d018601, 0x00003c01, 0x3a00ffff, 0xdf011bff, 0x27103902, 0x9a013a01, 0x2710a4fd, 0x3d018601, 
0x07102700, 0x9a013a01, 0x0000b9fe, 0x3a000300, 0xdf012dff, 0x2b003902, 0x45003700, 0x32130000, 
0x1415011e, 0x2223010e, 0x36343526, 0x1f163233, 0x17021e01, 0x2f012e07, 0x33011e01, 0x3435023e, 
0x06222326, 0x013e2707, 0x33363437, 0x14151632, 0x26222306, 0x23010e25, 0x37272622, 0x3233011e, 
0x36f73736, 0x6b3f3054, 0x212c2043, 0x252b141a, 0x39412108, 0x5d343a15, 0x1d0b3d29, 0x2742290c, 
0x3720303d, 0x47241823, 0x15141d0e, 0x14151d1d, 0x1701011d, 0x6c484d6b, 0x441a4522, 0x10383a36, 
0x45222501, 0x31573835, 0x191a1a1f, 0x160b1a10, 0x2b1a3d3b, 0x2e1d6041, 0x1e010704, 0x2c2d2537, 
0x0f410e0c, 0x1c15e30d, 0x1d15151c, 0x5364251d, 0x46185e59, 0x00434b46, 0x3a000400, 0xdf01fffe, 
0x20003902, 0x46003a00, 0x00005400, 0x35262217, 0x32333634, 0x1e011f16, 0x2e071702, 0x3e372701, 
0x26343501, 0x011e3727, 0x010e1415, 0x011e3203, 0x0f061415, 0x07010e01, 0x013e3227, 0x23263435, 
0x27070622, 0x3437013e, 0x16323336, 0x23061415, 0x0e252622, 0x26222301, 0x011e3727, 0x37363233, 
0x222e25d6, 0x232e141a, 0x2e301907, 0x48283714, 0x3b460421, 0x44383538, 0x1b68353e, 0x24254430, 
0x3e190828, 0x3b3c0426, 0x20232d14, 0x1718213f, 0x141d0b4d, 0x151d1d15, 0x01011d14, 0x484d6b17, 
0x1a45226c, 0x383a3644, 0x1a1f9210, 0x1b0e191a, 0x2c29100b, 0x4a302b17, 0x24062117, 0x01271b21, 
0x2b3f0d31, 0x01253f27, 0x21311bb7, 0x06113324, 0x4001090a, 0x1a121b0f, 0x410d0f17, 0x15e3130a, 
0x15151c1c, 0x64251d1d, 0x185e5953, 0x434b4646, 0x3a000300, 0xdf0153ff, 0x2d003902, 0x47003900, 
0x23250000, 0x0e070622, 0x1e141501, 0x021e1701, 0x23061415, 0x27012e22, 0x33011e37, 0x34353632, 
0x2e27012e, 0x36343502, 0x3b023e37, 0x36342701, 0x15163233, 0x22230614, 0x010e2526, 0x27262223, 
0x33011e37, 0x01373632, 0x1c24609a, 0x100a0a08, 0x322b2429, 0x2b415116, 0x3c23434a, 0x21314623, 
0x282d1229, 0x16102d2a, 0x32200c15, 0x1dbc5727, 0x1d1d1514, 0x011d1415, 0x4d6b1701, 0x45226c48, 
0x3a36441a, 0x03e21038, 0x0b0f0405, 0x191d150c, 0x222f2d1d, 0x421e4037, 0x3d342036, 0x1e121c1a, 
0x2a1c1a25, 0x271a1727, 0x050a080c, 0x1c1c15e3, 0x1d1d1515, 0x59536425, 0x4646185e, 0x0000434b, 
0x39000200, 0x9b020000, 0x3600e301, 0x00004b00, 0x023e3225, 0x23263435, 0x14150622, 0x2e071716, 
0x36343501, 0x011e3233, 0x020e1415, 0x35262223, 0x3e373634, 0x013e3701, 0x17163233, 0x23222607, 
0x14150622, 0x012e2716, 0x013e3435, 0x17163233, 0x23012e07, 0x14150622, 0x36011716, 0x2b4d6539, 
0x1d22292e, 0x51213a35, 0x2e44484a, 0x5d322d4b, 0x62615284, 0x04031a19, 0x1d361503, 0x0607180b, 
0x2e050f06, 0x472d3e30, 0x304a2955, 0x060d3411, 0x2b15230e, 0x4628372d, 0x33584124, 0x19243e2f, 
0x3f0e3320, 0x37345317, 0x3b4d2748, 0x34586e3a, 0x381b4053, 0x02090213, 0x01020e0e, 0x23230146, 
0x0f8b2628, 0x37283a4d, 0x4505051d, 0x20210704, 0x00082120, 0x3a000100, 0x61020000, 0x3000e301, 
0x32370000, 0x3435023e, 0x06222326, 0x17161415, 0x35012e07, 0x32333634, 0x0e141516, 0x26222302, 
0x013e3435, 0x17163233, 0x23222607, 0x14150622, 0x653afc16, 0x292f2b4d, 0x0d0d1d21, 0x49120b4a, 
0x325b4746, 0x6052845d, 0x3c471f62, 0x0707190d, 0x2e050f05, 0x24463e31, 0x2f335841, 0x1019243e, 
0x111c1123, 0x47332230, 0x6e3a5758, 0x41523458, 0x02284126, 0x23014601, 0x00262823, 0x5bff0100, 
0xa5007802, 0x06008003, 0x33030000, 0x03333717, 0x574ca523, 0x308d5057, 0xabab8003, 0x0000f8fe, 
0x58000100, 0x6f022702, 0x03006e02, 0x35130000, 0x02581521, 0x47270217, 0x00000047, 0x13000100, 
0xf1026800, 0x2c00ef01, 0x14010000, 0x2e222306, 0x022e2701, 0x021e3727, 0x33021e17, 0x35013e32, 
0x22232634, 0x1e141506, 0x2e071701, 0x36343501, 0x011e3233, 0x6675f102, 0x3e6d7144, 0x152b3a29, 
0x453b1d1d, 0x5758372b, 0x1a3e3535, 0x181b2c29, 0x0d212c16, 0x41424f58, 0x01244a39, 0x2e665f2d, 
0x2f2d4259, 0x07450716, 0x3a2e3920, 0x3920284e, 0x183c2925, 0x0d191310, 0x48094504, 0x31412b31, 
0x0000004e, 0x00000400, 0xb402bbff, 0x2b008003, 0x46003a00, 0x00005b00, 0x012e2205, 0x011e3727, 
0x37363233, 0x013d023e, 0x06141523, 0x022e2223, 0x33363435, 0x35213521, 0x11231521, 0x07010e14, 
0x2203010e, 0x1e372726, 0x36323301, 0x020e1737, 0x35262227, 0x32333634, 0x06141516, 0x35012e17, 
0x33013e34, 0x07171632, 0x2223012e, 0x16141506, 0x36130117, 0x3924535f, 0x2e3e662c, 0x15111237, 
0x171db40a, 0x16232912, 0x1f01221b, 0x6f0249fe, 0x131d1167, 0x4356601f, 0x17401d5d, 0x2d353137, 
0x320d440e, 0x1a133147, 0x1a13131a, 0x0604b01a, 0x20304929, 0x11121434, 0x30281628, 0x1f450505, 
0x30302739, 0x0f101437, 0x622d3c29, 0x181c1c36, 0x17152d28, 0x4747b61c, 0x463390fe, 0x211f1330, 
0x5852ee02, 0x45404216, 0x4b3e173e, 0x131a6821, 0x121a1a12, 0x1aaa1a13, 0x4c3a1a38, 0x45090b27, 
0x402f0909, 0x001a3316, 0x0000ffff, 0x380248ff, 0x26128003, 0x00004801, 0x2a020710, 0x00003302, 
0x19fe0100, 0xcaff6702, 0x31008003, 0x2e030000, 0x06222301, 0x012e2223, 0x021e3727, 0x33363233, 
0x17011e32, 0x3435013e, 0x2e012f26, 0x013c3501, 0x14063735, 0x1f161415, 0x15011e01, 0xbe070614, 
0x0c162b10, 0x361f121f, 0x0d421630, 0x0d18211a, 0x30201120, 0x06070c25, 0x370e201b, 0x1101462e, 
0x31291d24, 0x6702080e, 0x0f031a2d, 0x20183532, 0x14030b20, 0x1d113538, 0x0a1f1d10, 0x35331205, 
0x01030603, 0x13050702, 0x0f0b0c1b, 0x3116332c, 0x00000011, 0x1d00ffff, 0x0b039fff, 0x26128003, 
0x00003e01, 0x7f012710, 0x0000fc02, 0x75010710, 0x5f003202, 0x1d00ffff, 0x0b039fff, 0x26127802, 
0x00003e01, 0x75010710, 0x5f003202, 0x1d00ffff, 0x0e049fff, 0x26127802, 0x00003f01, 0x75010710, 
0x5f003202, 0x0000ffff, 0xf90136ff, 0x26126e02, 0x00004001, 0x75010710, 0xf6ffdd01, 0x0000ffff, 
0xf90136ff, 0x26128003, 0x00004001, 0x58022710, 0x0000e301, 0x75010710, 0xf6ffdd01, 0x0000ffff, 
0x330240ff, 0x26126e02, 0x00004201, 0x75010710, 0x00003002, 0x0000ffff, 0x0c0340ff, 0x26126e02, 
0x00004301, 0x75010710, 0x00003002, 0x0000ffff, 0x630381ff, 0x26126e02, 0x00004401, 0x75010710, 
0x41000102, 0x0000ffff, 0xcb0242ff, 0x26126e02, 0x00004501, 0x75010710, 0x02000102, 0x0000ffff, 
0x380248ff, 0x26127903, 0x00004801, 0x7e012710, 0x0000d101, 0x75010710, 0x4000c501, 0x0000ffff, 
0x380248ff, 0x26128003, 0x00004801, 0x7f012710, 0x00003302, 0x75010710, 0x4000c501, 0x0000ffff, 
0x380248ff, 0x26126e02, 0x00004801, 0x75010710, 0x4000c501, 0x0000ffff, 0x380248ff, 0x26128003, 
0x00004801, 0x80012710, 0x00003302, 0x75010710, 0x4000c501, 0x1d00ffff, 0x27049fff, 0x26127903, 
0x00003f01, 0x75012710, 0x5f003202, 0x7e010710, 0x0000e203, 0x1d00ffff, 0x0e049fff, 0x26128003, 
0x00003f01, 0x7f012710, 0x0000ff03, 0x75010710, 0x5f003202, 0x1d00ffff, 0x0e049fff, 0x26128003, 
0x00003f01, 0x80012710, 0x0000ff03, 0x75010710, 0x5f003202, 0x1d00ffff, 0x0e049fff, 0x26128003, 
0x00003f01, 0x81012710, 0x0000ff03, 0x75010710, 0x5f003202, 0x0000ffff, 0x6f035eff, 0x26126e02, 
0x00009901, 0x75010710, 0x41000102, 0x0000ffff, 0xf5023aff, 0x26126e02, 0x00009a01, 0x75010710, 
0x02000102, 0x1d00ffff, 0x2b039fff, 0x26127903, 0x00003e01, 0x7e012710, 0x0000e602, 0x75010710, 
0x5f003202, 0x0000ffff, 0x5d02d2ff, 0x26126e02, 0x00005101, 0x75010710, 0x9200c101, 0x0000ffff, 
0x960240ff, 0x26126e02, 0x00005201, 0x75010710, 0x00005302, 0x0000ffff, 0x8902d2ff, 0x26126e02, 
0x00005301, 0x75010710, 0x9200df01, 0x0000ffff, 0xcb0240ff, 0x26126e02, 0x00005401, 0x75010710, 
0x00006c02, 0x0000ffff, 0x030336ff, 0x26126e02, 0x00005601, 0x75010710, 0xf6ffdd01, 0x0000ffff, 
0xf402beff, 0x26126e02, 0x00005701, 0x75010710, 0x7e002402, 0x0000ffff, 0x070240ff, 0x26126e02, 
0x00005801, 0x75010710, 0x00003202, 0x0000ffff, 0x580240ff, 0x26126e02, 0x00005901, 0x75010710, 
0x00004102, 0x0000ffff, 0xe102cfff, 0x26126e02, 0x00005c01, 0x75010710, 0x8f001c02, 0x0000ffff, 
0x480231ff, 0x26126e02, 0x00005d01, 0x75010710, 0xf1ffee01, 0x2e00ffff, 0x9002dcff, 0x26127802, 
0x00005e01, 0x75010710, 0x9c00fc01, 0x0000ffff, 0x16028cff, 0x26126e02, 0x00005f01, 0x75010710, 
0x4c00e901, 0x2a00ffff, 0x7602a9ff, 0x26127802, 0x00006001, 0x75010710, 0x69000502, 0x0000ffff, 
0x4702d2ff, 0x26126e02, 0x00006301, 0x75010710, 0x9200cb01, 0x0000ffff, 0x4902d2ff, 0x26126e02, 
0x00006501, 0x75010710, 0x9200da01, 0x2e00ffff, 0xcd02e6ff, 0x26127802, 0x00006601, 0x75010710, 
0xa6004502, 0x0000ffff, 0x6402e1ff, 0x26126e02, 0x00006701, 0x75010710, 0xa100ed01, 0x0000ffff, 
0xb5024fff, 0x26126e02, 0x00006b01, 0x75010710, 0x0f007102, 0x0000ffff, 0x3b02d2ff, 0x26126e02, 
0x00006e01, 0x75010710, 0x9200da01, 0x2800ffff, 0xb70296ff, 0x26127802, 0x00006f01, 0x75010710, 
0x5600f401, 0x0000ffff, 0x5102d2ff, 0x26126e02, 0x00007001, 0x75010710, 0x9200cb01, 0x00000400, 
0xb302eaff, 0x0b006e02, 0x3f003700, 0x00005000, 0x33363437, 0x14151632, 0x26222306, 0x011e3713, 
0x0f061415, 0x07010e01, 0x17011e37, 0x27022e07, 0x3435012e, 0x1e323336, 0x3e271701, 0x26343502, 
0x35231727, 0x11331521, 0x35231123, 0x32051521, 0x1537013e, 0x2223010e, 0x3727012e, 0x2135021e, 
0x20201716, 0xc0211617, 0x150e0b1c, 0x31120113, 0x7129041f, 0x6338363f, 0x0b16164c, 0x2519221e, 
0x1c3d0d1e, 0x090e0c1d, 0xa101ed2b, 0x016e51aa, 0x22befe27, 0x2b203838, 0x49213547, 0x14141440, 
0x18243a34, 0x19182222, 0x1c022121, 0x2636100f, 0x0915412c, 0x090c2217, 0x36327235, 0x1f586431, 
0x1311241f, 0x1d291722, 0x3528081f, 0x0d37261a, 0xfd47470d, 0x472702d9, 0x0d06e547, 0x0c11490c, 
0x3c0a1109, 0x00060c07, 0x00000300, 0x22020eff, 0x0b006e02, 0x47002800, 0x34170000, 0x16323336, 
0x23061415, 0x2e132622, 0x36343501, 0x3b023e37, 0x35213501, 0x15231521, 0x07062223, 0x1415010e, 
0x3e011f16, 0x26343501, 0x15062223, 0x17021e14, 0x35022e07, 0x33013e34, 0x15011e32, 0x47070614, 
0x20171621, 0x21161720, 0x142b1942, 0x2d240f11, 0x97fe841b, 0xd4682202, 0x07091a1f, 0x7c131d08, 
0x413a2e24, 0x220c4945, 0x3d363541, 0x67412c55, 0x2957453a, 0x18b84144, 0x19182222, 0xb6012121, 
0x1c2c3d12, 0x0e0c0d28, 0x47475606, 0x0607069d, 0x24180b11, 0x240bcd0d, 0x392b2620, 0x302b1730, 
0x3035273c, 0x38335855, 0x432a264c, 0x114c3a26, 0x2e000100, 0xd702bfff, 0x62007802, 0x11010000, 
0x0e171123, 0x26222301, 0x012e012f, 0x013e3435, 0x15163233, 0x0f010e14, 0x15020e01, 0x33011e14, 
0x17373632, 0x0717011e, 0x012f012e, 0x3435012e, 0x16323336, 0x0f061415, 0x23010e01, 0x35012e22, 
0x3f013e34, 0x35023e01, 0x22232634, 0x1e141506, 0x1e011f01, 0x36323301, 0x23350737, 0x02152135, 
0x2007516f, 0x5d39354a, 0x3c371320, 0x3e324724, 0x23311b59, 0x1e39290f, 0x0e2f3414, 0x172b121c, 
0x1f3a202b, 0x09061037, 0x2919280a, 0x1425272c, 0x3b13290c, 0x4127325a, 0x2f250a25, 0x22282216, 
0x1c2e1a2a, 0x1d361714, 0x08285330, 0x02120159, 0x01d9fd27, 0x13102169, 0x1f0c1019, 0x3824344e, 
0x243b3a21, 0x0d162d37, 0x1c2c2917, 0x031b2914, 0x301e2a04, 0x4624291f, 0x210b1c1c, 0x341b2010, 
0x0a22231c, 0x29030301, 0x3d292b47, 0x1407142f, 0x18172a28, 0x1a1e2224, 0x070b212c, 0x1e17070a, 
0x47479b15, 0x00000200, 0x9002d9ff, 0x07006e02, 0x00003600, 0x11231101, 0x15213521, 0x012e3401, 
0x07213727, 0x2f262223, 0x15011e01, 0x07010e14, 0x22231622, 0x3435012e, 0x16323336, 0x17021e17, 
0x2f012e07, 0x37011e01, 0x2802013e, 0x0229fe51, 0x257cfe90, 0x01184050, 0x30a10f87, 0x4d0f0934, 
0x2c442844, 0x2a0e0504, 0x1a1b2742, 0x13333d1c, 0x211a3933, 0x2f2c763d, 0x3018261a, 0xfd270236, 
0x472702d9, 0x20b9fe47, 0x43132e35, 0x0b030547, 0x2a365421, 0x0802203d, 0x17191c0a, 0x0d34251d, 
0x46081619, 0x40274e18, 0x0106130c, 0x00000030, 0x10ff0100, 0x15006702, 0x14008003, 0x2e030000, 
0x3e343501, 0x16323301, 0x012e0717, 0x15062223, 0xbe171614, 0x46291d15, 0x1436202c, 0x16261116, 
0x191b2a28, 0x4c236702, 0x1e3b2d24, 0x09420b0d, 0x21232d0c, 0x0000243f, 0x2efe0100, 0xe0ff1aff, 
0x0600f4ff, 0x37050000, 0x27071733, 0xf82efe07, 0x753b9228, 0xb499a5d3, 0x00919126, 0x00000100, 
0x77020000, 0x33006e02, 0x23010000, 0x013e2715, 0x2315013b, 0x07010e22, 0x35231137, 0x23020e17, 
0x35012e22, 0x33013e34, 0x07171632, 0x2223012e, 0x16141506, 0x37363233, 0x35211107, 0xa66a0221, 
0x2f3c1a12, 0x2f243340, 0x51171b29, 0x3b2d100e, 0x32532f27, 0x173a5a32, 0x10060f39, 0x403a1331, 
0x4d32283d, 0x8dfe1121, 0x27026a02, 0x1b1417fd, 0x181c0c47, 0xd2e0fe37, 0x16200e18, 0x36394d26, 
0x03072a4e, 0x34060449, 0x3633352f, 0x47013624, 0x00000047, 0x00000200, 0xbc020700, 0x30006e02, 
0x00004c00, 0x011e3701, 0x010e1415, 0x021e3707, 0x37363233, 0x23010e17, 0x27022e22, 0x3435012e, 
0x1e323336, 0x3e271701, 0x26343502, 0x35231727, 0x0e131521, 0x2e222301, 0x3e343501, 0x16323301, 
0x012e0717, 0x15062223, 0x32331614, 0x09013736, 0x210b0a0c, 0x2f042c3e, 0x33427264, 0x29182f58, 
0x67364962, 0x1c316263, 0x19221e11, 0x3d0d1e25, 0x0b0c1d1c, 0x02d7140b, 0x4e1c0a97, 0x2b4b2f2e, 
0x11344f2c, 0x0f060e36, 0x37301225, 0x3a232a37, 0x0a270215, 0x38213313, 0x07123650, 0x1c295039, 
0x2a194221, 0x3f58371a, 0x15132d23, 0x1d291722, 0x3528081f, 0x17351e1a, 0xfe47470d, 0x271d16b0, 
0x44312e46, 0x45050525, 0x2c2c0604, 0x131d292b, 0x00000100, 0x2801b200, 0x12006e02, 0x11130000, 
0x22230614, 0x3435022e, 0x35013b36, 0x15213523, 0x131719d0, 0x1b16242a, 0x017f1922, 0xfe270228, 
0x181e1ac3, 0x17152d28, 0x4747c01c, 0x00000300, 0xce017600, 0x1e006e02, 0x31002d00, 0x14130000, 
0x36323316, 0x010e1737, 0x35262223, 0x013f3634, 0x3233013e, 0x26071716, 0x0e222322, 0x010e1301, 
0x17161415, 0x012e2207, 0x37363435, 0x21352105, 0x362c38a7, 0x20291b49, 0x604d4962, 0x170a1c1b, 
0x1a0c1f3a, 0x10070607, 0x1a2f2106, 0x381a1503, 0x4c320a2a, 0x0119212b, 0x0192fe0a, 0x2a0d016e, 
0x3c1c2b27, 0x4351341d, 0x0e143b20, 0x01010d0f, 0x23120146, 0x270d1501, 0x01292a1a, 0x2844293e, 
0x37133129, 0x00000047, 0x0000ffff, 0x9602f4fe, 0x26126e02, 0x00005201, 0x86010710, 0x0000ba01, 
0x00000200, 0xfd017600, 0x1c006e02, 0x00002000, 0x23020e25, 0x34352622, 0x35073736, 0x33163221, 
0x06222307, 0x011e1415, 0x37363233, 0x21152101, 0x3512fd01, 0x634d3049, 0x01931319, 0x04241225, 
0x473a2007, 0x33192c1b, 0x2bfe1c49, 0x66fe9a01, 0x1c270fc8, 0x331d4756, 0x01480210, 0x1c2f3146, 
0x1d2d1327, 0x00476801, 0x00000300, 0xcb020000, 0x03006e02, 0x4f003a00, 0x35110000, 0x32011521, 
0x3435023e, 0x06222326, 0x17161415, 0x35012e07, 0x32333634, 0x1415011e, 0x2223020e, 0x36343526, 
0x37013e37, 0x3233013e, 0x26071716, 0x06222322, 0x27161415, 0x3435012e, 0x3233013e, 0x2e071716, 
0x06222301, 0x17161415, 0x5dfecb02, 0x2b4d6539, 0x1d22292e, 0x51213a35, 0x2e44484a, 0x5d322d4b, 
0x62615284, 0x04031a19, 0x1d361503, 0x0607180b, 0x2e050f06, 0x472d3e30, 0x304a2955, 0x060d3411, 
0x2b15230e, 0x0228372d, 0xfe474727, 0x5841241f, 0x243e2f33, 0x0e332019, 0x3453173f, 0x4d274837, 
0x586e3a3b, 0x1b405334, 0x09021338, 0x020e0e02, 0x23014601, 0x8b262823, 0x283a4d0f, 0x05051d37, 
0x21070445, 0x08212020, 0x00000200, 0x4b025000, 0x03006e02, 0x00002200, 0x21152111, 0x26222305, 
0x011e012f, 0x010e1415, 0x022e2223, 0x021e3727, 0x35363233, 0x37272634, 0xfd4b0221, 0x893c02b5, 
0x07091f1a, 0x4329362a, 0x45492828, 0x1f472041, 0x20274640, 0x1d2d3d29, 0x6e020e01, 0x0302b547, 
0x32581d0a, 0x221e3e2e, 0x19597b4b, 0x223e7a59, 0x1c4e2c28, 0x00000040, 0x00000200, 0x570292ff, 
0x4a006e02, 0x00005a00, 0x07062225, 0x3435022e, 0x023e3736, 0x2135013b, 0x23152135, 0x06222315, 
0x15010e07, 0x3e171614, 0x1e323301, 0x0e141501, 0x012a2301, 0x35022e27, 0x32333634, 0x021e1716, 
0x012e0717, 0x011e012f, 0x35363233, 0x37012e34, 0x17373632, 0x2223010e, 0x37012f26, 0x0f01021e, 
0x1f173a1d, 0x11141d33, 0x222f230f, 0x02c6fe60, 0x1fb87500, 0x0807091a, 0x3417101c, 0x2d4d321a, 
0x0c446134, 0x3d2a0b16, 0x1c1a1b22, 0x3818333d, 0x4621203e, 0x1b24347d, 0x4d461449, 0x25b22a16, 
0x160d1233, 0x38162934, 0x14063013, 0x0ede2f29, 0x382e130b, 0x0d281c22, 0x56060e0c, 0x069d4747, 
0x0b110607, 0x080d2118, 0x2b3f2209, 0x01234433, 0x161c0c02, 0x33281d16, 0x0a15160c, 0x23472046, 
0x290c0c40, 0x101f162c, 0x4506092e, 0x080c0908, 0x07040f33, 0x00000004, 0x00000300, 0x3c027600, 
0x03006e02, 0x2e001100, 0x21110000, 0x0e012115, 0x26222301, 0x011e012f, 0x37363233, 0x33013e25, 
0x14151632, 0x2223020e, 0x3727012e, 0x3233011e, 0x26343536, 0x07062223, 0xd6fd2a02, 0x2b143c02, 
0x0b0d0c19, 0x121c0a0b, 0xfe102817, 0x1b411f84, 0x3924624a, 0x62391d41, 0x29452252, 0x3e374259, 
0x2e192939, 0x476e0217, 0x0604d8fe, 0x044d0202, 0x58070a07, 0x4d520c0e, 0x0f264232, 0x1b4c612f, 
0x2b34505d, 0x0b0e282e, 0x0000ffff, 0x2402f4fe, 0x26126e02, 0x00005801, 0x86010710, 0x00008d01, 
0x0000ffff, 0x5802f4fe, 0x26126e02, 0x00005901, 0x86010710, 0x00008c01, 0x0000ffff, 0x5102f4fe, 
0x26126e02, 0x00005a01, 0x86010710, 0x0000ba01, 0x0000ffff, 0x4102f4fe, 0x26126e02, 0x00005b01, 
0x86010710, 0x00008f01, 0x00000200, 0xe1019200, 0x13006e02, 0x00002100, 0x27262237, 0x013d012e, 
0x15213523, 0x0e141523, 0x010e0701, 0x3e373227, 0x23013d01, 0x17161415, 0x2ffb011e, 0x12111644, 
0x3de1014f, 0x150c0f08, 0x14343142, 0x08b3070b, 0x92210b0a, 0x46171d1e, 0x4747c736, 0x242c1ce6, 
0x471b190f, 0x2b2c1120, 0x2e27c6c6, 0x00121011, 0x00000200, 0x7c01f4ff, 0x18006e02, 0x00001c00, 
0x37363437, 0x013b023e, 0x06222315, 0x15010e07, 0x17011e14, 0x03022e07, 0x2d211521, 0x3013151b, 
0x596c2d43, 0x0c133d3d, 0x2f41210c, 0x2f4f2e36, 0xfe6b012d, 0x3823f295, 0x0a151112, 0x0a110c47, 
0x3d21161e, 0x28342641, 0xac015650, 0x00000047, 0x2e000100, 0xfd018400, 0x2b007802, 0x2e130000, 
0x3e343501, 0x1e323301, 0x0e141501, 0x011e0701, 0x37363233, 0x23020e17, 0x3e272622, 0x26343502, 
0x15062223, 0x17011e14, 0x214c41bb, 0x4b29233a, 0x32442430, 0x33333a17, 0x19251f4c, 0x552d483b, 
0x4c3f1577, 0x19252f21, 0x1c241120, 0x3d098701, 0x1932263a, 0x31384823, 0x2314354a, 0x43202823, 
0x61142315, 0x37280e5d, 0x18333224, 0x0f191117, 0x00000003, 0x0000ffff, 0x6902f4fe, 0x26126e02, 
0x00005f01, 0x86010710, 0x0000d201, 0x2a000200, 0xe2016700, 0x20007802, 0x00003d00, 0x23010e25, 
0x34352622, 0x013e3736, 0x33013e37, 0x07171632, 0x22232226, 0x1415010e, 0x36323316, 0x022e2737, 
0x013e3435, 0x15163233, 0x27070614, 0x3435013e, 0x06222326, 0x011e1415, 0x25e20117, 0x5f4d475b, 
0x04021d1a, 0x1f3a1704, 0x07071b0b, 0x21051106, 0x2c391a30, 0xdc1a4a35, 0x26315333, 0x47352a41, 
0x0b3d1414, 0x1c1a1409, 0x1d372428, 0x512c1fb2, 0x153b2043, 0x0f020902, 0x4601020e, 0x1a231201, 
0x1c2c2829, 0x44260655, 0x243f2833, 0x2b182d38, 0x170a2715, 0x2c1b0f0b, 0x11272323, 0x00000002, 
0x00000200, 0x8101bc00, 0x0e006e02, 0x00001200, 0x06141513, 0x022e2223, 0x33363435, 0x21011521, 
0x1ccc2115, 0x23291217, 0x01221b16, 0x017ffe1f, 0x018bfe75, 0x1c1c362a, 0x152d2818, 0x01471c17, 
0x00004744, 0x00000100, 0xb4019200, 0x1c006e02, 0x15130000, 0x17011e14, 0x3233011e, 0x0e173736, 
0x26222302, 0x3d022e27, 0x21352301, 0x0d06a015, 0x19240c0b, 0x24194729, 0x283e361a, 0x11154128, 
0x014f0a16, 0xb6270242, 0x0b1d3029, 0x19280b0c, 0x131f1244, 0x2b12151b, 0x47c12b3c, 0x00000047, 
0x00000200, 0x80020000, 0x21006e02, 0x00002e00, 0x27152301, 0x013b023e, 0x0e222315, 0x11370701, 
0x0e173523, 0x26222301, 0x3d022e27, 0x21352301, 0x16141505, 0x33011e17, 0x07373632, 0xa6720211, 
0x2f251212, 0x24344020, 0x171c282f, 0x47180f51, 0x13402833, 0x4f091510, 0x2efe7202, 0x1e0b100c, 
0x1c473113, 0xfa270211, 0x0a140e17, 0x1b1a0847, 0xe5dbfe39, 0x1d261617, 0x382c1316, 0x4747c526, 
0x113037bf, 0x232f0b0c, 0x00330137, 0x00000300, 0xb7017600, 0x1c006e02, 0x24002000, 0x0e250000, 
0x2e222301, 0x3e343501, 0x1e323301, 0x2e071701, 0x06222301, 0x33161415, 0x01373632, 0x1f211521, 
0x01270701, 0x416025b7, 0x37325938, 0x280e4163, 0x14060b27, 0x4b421932, 0x50353043, 0x016ffe1a, 
0xcd60fea0, 0xc1bc2eac, 0x4b2a2c1f, 0x29503933, 0x45030403, 0x35370604, 0x1b2d3334, 0x7f476e01, 
0x00ea2ad7, 0x2e000200, 0x15029700, 0x2c007802, 0x00003000, 0x06141525, 0x022e2223, 0x3b363435, 
0x26343501, 0x23012e27, 0x14150622, 0x0717011e, 0x3435012e, 0x3233013e, 0x011e1716, 0x1533011d, 
0x23153303, 0x141d4c01, 0x16242a13, 0x0a1d211b, 0x14210a0b, 0x2e141c1b, 0x594b0826, 0x25233a23, 
0x1712163a, 0x343483c9, 0x1d2125fa, 0x132c2719, 0x2f691912, 0x0e100f32, 0x1a12151a, 0x0647020f, 
0x3227403d, 0x13191517, 0x47743e44, 0x00477401, 0x00000100, 0xac019700, 0x16006e02, 0x33130000, 
0x14152315, 0x2e222306, 0x36343502, 0x2335013b, 0x23152135, 0x1dddddcf, 0x242a1313, 0x1a221b17, 
0x9d6c017e, 0x25474101, 0x27191d21, 0x1912132c, 0x004747e6, 0x00000100, 0xc1018400, 0x21006e02, 
0x37130000, 0x1415011e, 0x011e0706, 0x37363233, 0x23020e17, 0x27012e22, 0x3435013e, 0x23172726, 
0xaf152135, 0x37161417, 0x313d1438, 0x261a4c32, 0x2b463a19, 0x0a375a3c, 0x11213c3e, 0x57019f31, 
0x1c152702, 0x4a342043, 0x2b313112, 0x2315431d, 0x42643714, 0x232c2f0d, 0x470f1238, 0x00000047, 
0x00000200, 0xbe01f900, 0x03006e02, 0x00001100, 0x15213511, 0x23010e13, 0x37272622, 0x3233011e, 
0x9e013736, 0x2c502020, 0x1f487d42, 0x36376638, 0x27022847, 0xf7fe4747, 0x25241114, 0x11241e43, 
0x00000013, 0x00000300, 0x2c02f4ff, 0x03006e02, 0x2b001c00, 0x21110000, 0x2e012115, 0x06222301, 
0x011e1415, 0x022e0717, 0x023e3435, 0x011e3233, 0x012e011f, 0x010e2223, 0x013e2707, 0x17163233, 
0xfdfd0302, 0x3b1f5101, 0x2b2b2826, 0x3a363a52, 0x2f1d3860, 0x38211b38, 0x0aa81834, 0x32180c15, 
0x194d122e, 0x1f0e5074, 0x476e020b, 0x231afdfe, 0x4526242e, 0x3234314b, 0x28355d5b, 0x10112539, 
0x0408161f, 0x3d3f1803, 0x04635f18, 0x00000005, 0x00000200, 0xdb023f00, 0x03006e02, 0x00004000, 
0x21152111, 0x23012e01, 0x14150622, 0x3e323316, 0x3e013f01, 0x1e323303, 0x0e141501, 0x26222301, 
0x011e3727, 0x35363233, 0x22232634, 0x0e010f06, 0x2e222303, 0x3e343501, 0x16323301, 0xfddb0217, 
0x2a820125, 0x402a2a46, 0x281a2537, 0x15160f22, 0x1e332d29, 0x2b2e4d30, 0x593f364f, 0x4729222e, 
0x373f2a2a, 0x18352625, 0x2e2a1316, 0x4d2f1e33, 0x33502d2e, 0x022e593f, 0xe9fe476e, 0x3e38322e, 
0x2f17353e, 0x3a2e3123, 0x542c0d21, 0x3155353d, 0x2e3f2e3a, 0x403e3731, 0x30353534, 0x0e223a2d, 
0x383d552b, 0x2f392f54, 0x00000200, 0xa9017600, 0x1b006e02, 0x00001f00, 0x23010e25, 0x35012e22, 
0x32333634, 0x0717011e, 0x2223012e, 0x16141506, 0x37363233, 0x21152101, 0x5f25a901, 0x3154363c, 
0x270d5e73, 0x13050a25, 0x463e1730, 0x4b342d3f, 0x017dfe19, 0xc16afe96, 0x4b2a2c1f, 0x035c5633, 
0x04490304, 0x33323606, 0x011a2d30, 0x0000476b, 0x28000100, 0x9e01ffff, 0x30007802, 0x22370000, 
0x36343526, 0x1f163233, 0x17021e01, 0x2f012e07, 0x35023e01, 0x22232634, 0x1e141506, 0x2e071702, 
0x36343501, 0x011e3233, 0x010e1415, 0x242f237a, 0x292e151c, 0x3e45230c, 0x613d4018, 0x4c2f0c2b, 
0x1f2f3b2d, 0x351b0a1e, 0x5d5e112a, 0x522f4347, 0xbd764133, 0x1e1d1f23, 0x1b0e2115, 0x2c224945, 
0x311f6557, 0x364f2a01, 0x171b4338, 0x0f17190c, 0x53064601, 0x2b40333a, 0x73434055, 0x00000045, 
0x00000200, 0xbe019200, 0x11006e02, 0x00001d00, 0x010e1701, 0x27262223, 0x013d022e, 0x15213523, 
0x36321323, 0x14150337, 0x1e17011e, 0x25990101, 0x28425628, 0x16111541, 0x87014f0a, 0x321a39ba, 
0x0d06c916, 0x01240c0b, 0x2b1c451e, 0x2b12151b, 0x47c12b3c, 0x10b2fe47, 0x8a06010c, 0x0b1d3029, 
0x00000b0c, 0x00000200, 0xe601f4ff, 0x2b006e02, 0x00003b00, 0x011e3713, 0x0f061415, 0x07010e01, 
0x17011e37, 0x27022e07, 0x3435012e, 0x1e323336, 0x3e271701, 0x26343502, 0x35231727, 0x32071521, 
0x0e173736, 0x2e222301, 0x1e372701, 0x0b1cf502, 0x0113150e, 0x041f3112, 0x363f7129, 0x164c6338, 
0x221e0b16, 0x0d1e2519, 0x0c1d1c3d, 0xed2b090e, 0x1f229301, 0x19081c32, 0x49211d34, 0x14141440, 
0x27023a34, 0x2636100f, 0x0915412c, 0x090c2217, 0x36327235, 0x1f586431, 0x1311241f, 0x1d291722, 
0x3528081f, 0x0d37261a, 0xe547470d, 0x05480505, 0x0a110904, 0x060c073c, 0x00000200, 0xe00172ff, 
0x1c006e02, 0x00003600, 0x35012e37, 0x3e373634, 0x35013b02, 0x15213521, 0x22231523, 0x010e0706, 
0x17161415, 0x06222305, 0x15010e07, 0x17021e14, 0x35022e07, 0x3e373634, 0x89013b02, 0x11142b19, 
0x1b2d240f, 0x01d6fe45, 0x1f9445bf, 0x0807091a, 0x1b01131d, 0x123c39a9, 0x220c1313, 0x3d363541, 
0x212b2c55, 0x3b492f15, 0x3d12e592, 0x0d281c2c, 0x56060e0c, 0x069d4747, 0x0b110607, 0x2d0d2418, 
0x270d0d0f, 0x302b1719, 0x3035273c, 0x2c335855, 0x120d1640, 0x00000009, 0x00000500, 0x4b02a9ff, 
0x03006e02, 0x2e002200, 0x46003a00, 0x21110000, 0x22012115, 0x3727022e, 0x3233021e, 0x26343536, 
0x15213727, 0x2f262223, 0x15011e01, 0x07010e14, 0x34352622, 0x16323336, 0x33061415, 0x34352622, 
0x16323336, 0x07061415, 0x34352622, 0x16323336, 0x02061415, 0x01b5fd4b, 0x45492836, 0x1f472041, 
0x20274640, 0x1d2d3d29, 0x1a890e01, 0x2a07091f, 0x89432936, 0x141e1e14, 0xa51e1e14, 0x141d1d14, 
0x711d1d15, 0x151d1d15, 0x021d1d14, 0x54fe476e, 0x54744620, 0x39715319, 0x4728251e, 0x0247401a, 
0x521c0b02, 0x1c3a2c2e, 0x15161f79, 0x16151f1f, 0x15161f1f, 0x16151f1f, 0x161e591f, 0x161e1e16, 
0x00001e16, 0x00000100, 0xa9018400, 0x2a006e02, 0x22370000, 0x3e27012e, 0x26343501, 0x35231727, 
0x37231521, 0x0715011e, 0x3707010e, 0x3233011e, 0x27073736, 0x3727022e, 0x010e1713, 0x375a3cfd, 
0x1e3c3e0a, 0x01942210, 0x111ba257, 0x4004030a, 0x40141441, 0x1a483638, 0x25126327, 0xcc280d23, 
0x8455200b, 0x0d426437, 0x37202c2f, 0x47470b12, 0x1c312205, 0x0d433117, 0x29403f25, 0x16782b19, 
0x2c133232, 0x1557fefe, 0x00000021, 0x2e000100, 0x0102bfff, 0x58007802, 0x0e010000, 0x26222301, 
0x012e012f, 0x013e3435, 0x15163233, 0x0f010e14, 0x15020e01, 0x33011e14, 0x17373632, 0x0717011e, 
0x012f012e, 0x3435012e, 0x16323336, 0x0f061415, 0x23010e01, 0x35012e22, 0x3f013e34, 0x35023e01, 
0x22232634, 0x1e141506, 0x1e011f01, 0x36323301, 0x16010237, 0x5d392b3a, 0x3c371320, 0x3e324724, 
0x23311b59, 0x1e39290f, 0x0e2f3414, 0x172b121c, 0x1f3a202b, 0x09061037, 0x2919280a, 0x1425272c, 
0x3b13290c, 0x4127325a, 0x2f250a25, 0x22282216, 0x1c2e1a2a, 0x193a1714, 0x011c3722, 0x190c0839, 
0x4e1f0c10, 0x21382434, 0x37243b3a, 0x170d162d, 0x141c2c29, 0x04031b29, 0x1f301e2a, 0x1c462429, 
0x10210b1c, 0x1c341b20, 0x010a2223, 0x47290303, 0x2f3d292b, 0x28140714, 0x2418172a, 0x2c1a1e22, 
0x0a070b21, 0x000c0a07, 0x00000200, 0xc901d9ff, 0x03006e02, 0x00003200, 0x21152111, 0x012e3401, 
0x15213727, 0x2f262223, 0x15011e01, 0x07010e14, 0x22231622, 0x3435012e, 0x16323336, 0x17021e17, 
0x2f012e07, 0x37011e01, 0xb101013e, 0x0c014ffe, 0x18405025, 0x30835a01, 0x4d0f0934, 0x2c442844, 
0x2a0e0504, 0x1a1b2742, 0x13333d1c, 0x211a3933, 0x2f2c763d, 0x3018261a, 0x476e0236, 0x3520b9fe, 
0x4743132e, 0x210b0305, 0x3d2a3654, 0x0a080220, 0x1d17191c, 0x190d3425, 0x18460816, 0x0c40274e, 
0x30010613, 0x0000ffff, 0x7702d2ff, 0x26126e02, 0x00005a02, 0x75010710, 0x9200a901, 0x0000ffff, 
0xbc02eaff, 0x26126e02, 0x00005b02, 0x75010710, 0xaa008701, 0x0000ffff, 0x2801eaff, 0x26126e02, 
0x00005c02, 0x75010710, 0xaa00bc01, 0x0000ffff, 0xce01d2ff, 0x26126e02, 0x00005d02, 0x75010710, 
0x9200c101, 0x0000ffff, 0x9602f4fe, 0x26126e02, 0x00005201, 0x45040710, 0x0000ba01, 0x0000ffff, 
0xfd01d2ff, 0x26126e02, 0x00005f02, 0x75010710, 0x9200df01, 0x0000ffff, 0xcb0240ff, 0x26126e02, 
0x00006002, 0x75010710, 0x00006c02, 0x0000ffff, 0x4b028fff, 0x26126e02, 0x00006102, 0x75010710, 
0x4f003102, 0x0000ffff, 0x570236ff, 0x26126e02, 0x00006202, 0x75010710, 0xf6ffdd01, 0x0000ffff, 
0x3c02beff, 0x26126e02, 0x00006302, 0x75010710, 0x7e002402, 0x0000ffff, 0x2402f4fe, 0x26126e02, 
0x00005801, 0x45040710, 0x00008d01, 0x0000ffff, 0x5802f4fe, 0x26126e02, 0x00005901, 0x45040710, 
0x00008c01, 0x0000ffff, 0x5102f4fe, 0x26126e02, 0x00005a01, 0x45040710, 0x0000ba01, 0x0000ffff, 
0x5702f4fe, 0x26126e02, 0x00005b01, 0x45040710, 0x0000c001, 0x0000ffff, 0xe101cfff, 0x26126e02, 
0x00006802, 0x75010710, 0x8f001c02, 0x0000ffff, 0x7c0131ff, 0x26126e02, 0x00006902, 0x75010710, 
0xf1ffee01, 0x2e00ffff, 0xfd01dcff, 0x26127802, 0x00006a02, 0x75010710, 0x9c00fc01, 0x0000ffff, 
0x6902f4fe, 0x26126e02, 0x00005f01, 0x86012710, 0x0000d201, 0x75010710, 0x4c00c701, 0x2a00ffff, 
0xe201a9ff, 0x26127802, 0x00006c02, 0x75010710, 0x69000502, 0x0000ffff, 0x8101eaff, 0x26126e02, 
0x00006d02, 0x75010710, 0xaa00d001, 0x0000ffff, 0xb401d2ff, 0x26126e02, 0x00006e02, 0x75010710, 
0x9200cb01, 0x0000ffff, 0x8002d2ff, 0x26126e02, 0x00006f02, 0x75010710, 0x9200a901, 0x0000ffff, 
0xb701d2ff, 0x26126e02, 0x00007002, 0x75010710, 0x9200da01, 0x2e00ffff, 0x1502e6ff, 0x26127802, 
0x00007102, 0x75010710, 0xa6004502, 0x0000ffff, 0xac01e1ff, 0x26126e02, 0x00007202, 0x75010710, 
0xa100ed01, 0x0000ffff, 0xc101d2ff, 0x26126e02, 0x00007302, 0x75010710, 0x9200a901, 0x0000ffff, 
0x2c024fff, 0x26126e02, 0x00007502, 0x75010710, 0x0f007102, 0x0000ffff, 0xdb0277ff, 0x26126e02, 
0x00007602, 0x75010710, 0x3700ec01, 0x0000ffff, 0xa901d2ff, 0x26126e02, 0x00007702, 0x75010710, 
0x9200da01, 0x2800ffff, 0x9e0196ff, 0x26127802, 0x00007802, 0x75010710, 0x5600f401, 0x0000ffff, 
0xbe01d2ff, 0x26126e02, 0x00007902, 0x75010710, 0x9200cb01, 0x00000300, 0xe601eaff, 0x0b006e02, 
0x47003700, 0x34370000, 0x16323336, 0x23061415, 0x37132622, 0x1415011e, 0x0e010f06, 0x1e370701, 
0x2e071701, 0x012e2702, 0x33363435, 0x17011e32, 0x35023e27, 0x17272634, 0x15213523, 0x37363207, 
0x23010e17, 0x27012e22, 0x35021e37, 0x20171621, 0x21161720, 0x0e0b1cc0, 0x12011315, 0x29041f31, 
0x38363f71, 0x16164c63, 0x19221e0b, 0x3d0d1e25, 0x0e0c1d1c, 0x01ed2b09, 0x321f2293, 0x3419081c, 
0x4049211d, 0x34141414, 0x2218243a, 0x21191822, 0x0f1c0221, 0x2c263610, 0x17091541, 0x35090c22, 
0x31363272, 0x1f1f5864, 0x22131124, 0x1f1d2917, 0x1a352808, 0x0d0d3726, 0x05e54747, 0x04054805, 
0x3c0a1109, 0x00060c07, 0x00000300, 0xe0010eff, 0x0b006e02, 0x42002800, 0x34170000, 0x16323336, 
0x23061415, 0x2e132622, 0x36343501, 0x3b023e37, 0x35213501, 0x15231521, 0x07062223, 0x1415010e, 
0x23051716, 0x0e070622, 0x1e141501, 0x2e071702, 0x36343502, 0x3b023e37, 0x16214701, 0x17202017, 
0x19422116, 0x0f11142b, 0x451b2d24, 0xbf01d6fe, 0x1a1f9445, 0x1d080709, 0xa91b0113, 0x13123c39, 
0x41220c13, 0x553d3635, 0x15212b2c, 0x923b492f, 0x222218b8, 0x21211918, 0x3d12b601, 0x0d281c2c, 
0x56060e0c, 0x069d4747, 0x0b110607, 0x2d0d2418, 0x270d0d0f, 0x302b1719, 0x3035273c, 0x2c335855, 
0x120d1640, 0x00000009, 0x00000200, 0x0903f4ff, 0x3c006e02, 0x00004000, 0x07152101, 0x3233013e, 
0x06141516, 0x013e2707, 0x23263435, 0x37070622, 0x17352311, 0x2223010e, 0x3435012e, 0x3233013e, 
0x2e071716, 0x06222301, 0x33161415, 0x37013e32, 0x35211107, 0x17250121, 0xfe090305, 0x451d19bb, 
0x1e52412c, 0x20194823, 0x45222327, 0x0e511c23, 0x2f3b4f15, 0x5a323253, 0x0f39173a, 0x13311006, 
0x283d403a, 0x16303822, 0x038dfe11, 0x0125fd09, 0xf8fe3007, 0x13d22702, 0x4d532825, 0x2932682e, 
0x2f295420, 0x56353a2e, 0x20dacffe, 0x4b252d14, 0x2a4e3639, 0x04490307, 0x352f3406, 0x18291933, 
0x47470136, 0x2897c7fd, 0x000000b0, 0x00000400, 0x41038aff, 0x2d006e02, 0x51003500, 0x00005800, 
0x011e3713, 0x010e1415, 0x021e3707, 0x37363233, 0x27032e07, 0x3435012e, 0x1e323336, 0x3e271701, 
0x26343502, 0x35231727, 0x11331521, 0x35231123, 0x0e031521, 0x2e222301, 0x3e343501, 0x16323301, 
0x012e0717, 0x15062223, 0x32331614, 0x3f013736, 0xf5051703, 0x210e0b1c, 0x31042c3e, 0x08477363, 
0x2d510a12, 0x305d5b5a, 0x221e121b, 0x0d1e2519, 0x0c1d1c3d, 0xed2c0a0e, 0x51eeeb01, 0xa57401bb, 
0x2f324b16, 0x4f2c2b4b, 0x0e361134, 0x12250f06, 0x2a373730, 0xfe14472f, 0xe008b24e, 0x57fe2315, 
0x100f2702, 0x50382636, 0x3a071236, 0x01022850, 0x351b0348, 0x2d233d55, 0x17221513, 0x081f1d29, 
0x261a3528, 0x470c0b38, 0x02d9fd47, 0xfe474727, 0x271e11ac, 0x44312e46, 0x45050525, 0x2c2c0604, 
0x1931292b, 0x0657a0fe, 0xe73b0a73, 0x00000200, 0x4202e8ff, 0x16006e02, 0x00001a00, 0x06141113, 
0x022e2223, 0x3b363435, 0x35233501, 0x11231521, 0x27031123, 0x19d01725, 0x242a1317, 0x19221b16, 
0x6842027f, 0x012fdd51, 0x2702290d, 0x1e1ac3fe, 0x152d2818, 0x47c01c17, 0x02d9fd47, 0x43c1fd27, 
0x000038a3, 0x00000300, 0x5d02e8ff, 0x29006e02, 0x3c003800, 0x23010000, 0x17352311, 0x2223020e, 
0x36343526, 0x013e013f, 0x17163233, 0x23222607, 0x15010e22, 0x32331614, 0x11073736, 0x01213521, 
0x35012e22, 0x17373634, 0x1415010e, 0x27031716, 0x5d023725, 0x13145167, 0x4f264439, 0x0a1c1b5e, 
0x0c1f3a17, 0x0706071a, 0x2f210610, 0x362c381a, 0xfe03194e, 0xfe5d025b, 0x2b4c3276, 0x15461921, 
0x672a381a, 0x810b012f, 0xd9fd2702, 0x1c0e09c0, 0x20434d13, 0x0f0e143b, 0x4601010d, 0x1a231201, 
0x1d2e272a, 0x47310111, 0x4429eefe, 0x13312928, 0x1a270d22, 0xfe01292a, 0x0697414e, 0x0000ffff, 
0x96021aff, 0x26126e02, 0x00005201, 0x59020710, 0x00002002, 0x00000200, 0x8902e8ff, 0x27006e02, 
0x00002b00, 0x23112301, 0x020e1735, 0x35262223, 0x07373634, 0x16322135, 0x22230733, 0x1e141506, 
0x3e323301, 0x11073701, 0x01213521, 0x02172527, 0x03506889, 0x23372c11, 0x1319634d, 0x12250193, 
0x20070523, 0x2c1b473a, 0x2c362119, 0x2ffe0213, 0x1efe8902, 0x4b1f012f, 0xd9fd2702, 0x160b10b9, 
0x1d47520e, 0x48021033, 0x2f314601, 0x1413271c, 0x010d1422, 0x7afd472e, 0x0019a341, 0x0000ffff, 
0xcb021aff, 0x26126e02, 0x00005401, 0x59020710, 0x00004c02, 0x00000200, 0x1703e8ff, 0x26006e02, 
0x00002a00, 0x11231101, 0x2f262223, 0x15021e01, 0x23010e14, 0x27012e22, 0x33021e37, 0x34353632, 
0x21372726, 0x21352135, 0x25270115, 0x51af0217, 0x091f1aab, 0x182a1c05, 0x35284329, 0x472a5860, 
0x28463f1f, 0x2d3d2821, 0xfd30011d, 0xfe1703a2, 0x0d01306a, 0xfd270229, 0x027201d9, 0x2c110e03, 
0x35281f36, 0x657a361a, 0x34664b19, 0x3e241e1d, 0x476e4017, 0x43c1fd47, 0x000038a3, 0x00000400, 
0x400392ff, 0x07006e02, 0x56000b00, 0x00006500, 0x11231101, 0x15213523, 0x17372701, 0x07062225, 
0x3435022e, 0x023e3736, 0x2135013b, 0x23152135, 0x06222315, 0x15010e07, 0x3e171614, 0x1e323301, 
0x0e141501, 0x012a2301, 0x35022e27, 0x32333634, 0x021e1716, 0x012e0717, 0x011e012f, 0x35363233, 
0x37012e34, 0x15373632, 0x2223010e, 0x37012f26, 0xd902011e, 0x56019e51, 0xc73abbfe, 0x1d5dfe2a, 
0x331f173a, 0x0f11141d, 0x60222f23, 0xf901c6fe, 0x1a1fb86e, 0x1c080709, 0x1a341710, 0x342d4d32, 
0x160c4461, 0x223d2a0b, 0x3d1c1a1b, 0x3e381833, 0x7d462120, 0x491b2434, 0x164d4614, 0x4a2fc02a, 
0x314a3034, 0x30153f19, 0x02472006, 0x02d9fd27, 0xfd474727, 0x30a938c1, 0x130b0e45, 0x1c22382e, 
0x0e0c0d28, 0x47475606, 0x0607069d, 0x21180b11, 0x2209080d, 0x44332b3f, 0x0c020123, 0x1d16161c, 
0x160c3328, 0x20460a15, 0x0c402347, 0x162c290c, 0x0f2e101f, 0x0c134811, 0x0f33080c, 0x00000807, 
0x00000400, 0x1203e8ff, 0x07006e02, 0x32001500, 0x00003600, 0x11231101, 0x15213521, 0x23010e07, 
0x012f2622, 0x3233011e, 0x3e253736, 0x16323301, 0x020e1415, 0x012e2223, 0x011e3727, 0x35363233, 
0x22232634, 0x27130706, 0xaa021725, 0x03a7fd51, 0x4e1f8c12, 0x0b0d0c35, 0x121c0a0b, 0xfe1a4738, 
0x1b411f3a, 0x3924624a, 0x62391d41, 0x29452252, 0x3e374259, 0x2e192939, 0x0130a117, 0x2702290d, 
0x2702d9fd, 0x15ec4747, 0x4e020117, 0x1c2f0605, 0x530d0e1d, 0x2542324d, 0x4c622e0f, 0x34515c1a, 
0x0e272e2c, 0x4373fe0b, 0x000038a3, 0x0000ffff, 0x07021aff, 0x26126e02, 0x00005801, 0x59020710, 
0x0000f101, 0x0000ffff, 0x58021aff, 0x26126e02, 0x00005901, 0x59020710, 0x00001b02, 0x0000ffff, 
0x50021aff, 0x26126e02, 0x00005a01, 0x59020710, 0x00002002, 0x0000ffff, 0x41021aff, 0x26126e02, 
0x00005b01, 0x59020710, 0x00001102, 0x00000300, 0xe102e8ff, 0x17006e02, 0x29002500, 0x11010000, 
0x15231123, 0x07010e14, 0x2223010e, 0x012e2726, 0x3523013d, 0x32011521, 0x3d013e37, 0x14152301, 
0x011e1716, 0x17252717, 0x85517a02, 0x150c0f08, 0x442f2f42, 0x4f121116, 0x18fee102, 0x070b1434, 
0x0b0a08b3, 0x01306e21, 0x2702290d, 0x2702d9fd, 0x242c1ce6, 0x1e1b190f, 0x3646171d, 0xfe4747c7, 
0x2c1120b2, 0x27c6c62b, 0x1210112e, 0x38a343f1, 0x00000300, 0x36020000, 0x07006e02, 0x1d000b00, 
0x11010000, 0x35211123, 0x27011521, 0x3e251725, 0x1e323301, 0x010f1701, 0x2223032e, 0xcf010706, 
0x0282fe51, 0x2f49fe36, 0xfe272101, 0x2c4a2283, 0x2b45442c, 0x28193606, 0x1c172624, 0x27022939, 
0x2702d9fd, 0x1afe4747, 0xa638af43, 0x451e1710, 0x2110183b, 0x100d1d2f, 0x00000015, 0x2e000200, 
0x9002e8ff, 0x37007802, 0x00003b00, 0x020e1725, 0x012e2223, 0x35023e27, 0x22232634, 0x1e141506, 
0x2e071701, 0x3e343501, 0x1e323301, 0x0e141501, 0x1e370701, 0x36323301, 0x23110737, 0x23152135, 
0x012d2311, 0xd8010537, 0x493b131d, 0x3e5c392a, 0x214c3f0e, 0x2019252f, 0x081c2411, 0x3a214c41, 
0x304b2923, 0x0e3b512a, 0x3b3a3d1b, 0x52112351, 0x51670a01, 0x0c0191fe, 0xd898fe8b, 0x151d0d11, 
0x0e3e5329, 0x32243728, 0x11171833, 0x46030f19, 0x263a3d09, 0x48231932, 0x374e3538, 0x2e302113, 
0x01362733, 0xfd474738, 0x0d9729d9, 0x000000e5, 0x00000200, 0x1602beff, 0x3b006e02, 0x00003f00, 
0x2f022e05, 0x35012e01, 0x32333634, 0x0e141516, 0x0e270701, 0x2e222301, 0x36343502, 0x3b013e37, 
0x21350701, 0x23152135, 0x06222315, 0x15010e07, 0x32331614, 0x1e173736, 0x012d1701, 0x9d010517, 
0x08181e10, 0x2a09060e, 0x142d2b19, 0x0d191522, 0x562a1623, 0x191f2d48, 0x293b6021, 0x02d9fe24, 
0x3a319e16, 0x19161947, 0x1a0c524f, 0x230e301c, 0x014afe1e, 0xc6fe481a, 0x31361a3a, 0x24082012, 
0x311d230b, 0x12211b1d, 0x05040305, 0x394d2e13, 0x1d163f2c, 0x4783241a, 0x100ea647, 0x35202e0f, 
0x2c060245, 0x1c293a1d, 0x00a81d7f, 0x2a000300, 0x7602d5ff, 0x2b007802, 0x4c004800, 0x23010000, 
0x17352311, 0x2223020e, 0x36343526, 0x37013e37, 0x3233013e, 0x26071716, 0x0e222322, 0x16141501, 
0x37363233, 0x35231107, 0x022e0133, 0x013e3435, 0x15163233, 0x27070614, 0x3435013e, 0x06222326, 
0x011e1415, 0x25270317, 0x68760237, 0x34181951, 0x5f4d2d42, 0x04021d1a, 0x1f3a1704, 0x07071b0b, 
0x21051106, 0x2c391a30, 0x0e1b4f3d, 0x6bfef73e, 0x26315333, 0x47352a41, 0x0b3d1414, 0x1c1a1409, 
0x1d372428, 0x0c012f68, 0xfd270281, 0x0d1cc9d9, 0x424e161f, 0x02153b20, 0x0e0f0209, 0x01460102, 
0x291a2312, 0x34213728, 0xfe475601, 0x442606dc, 0x243f2833, 0x2b182d38, 0x170a2715, 0x2c1b0f0b, 
0x11272323, 0x4149fe02, 0x00000797, 0x00000200, 0x3902e8ff, 0x16006e02, 0x00001a00, 0x23152111, 
0x23112311, 0x23061415, 0x35022e22, 0x21333634, 0x27132135, 0x39021725, 0x1cb55167, 0x23291217, 
0x01221b16, 0xa47ffe1f, 0x280d0130, 0xfd476e02, 0x362a01d9, 0x28181c1c, 0x1c17152d, 0x43c1fdb6, 
0x000038a3, 0x00000300, 0x4702f3ff, 0x14006e02, 0x27002300, 0x11010000, 0x0e173523, 0x26222302, 
0x3d022e27, 0x21352301, 0x15012b15, 0x17011e14, 0x3233011e, 0x0737013e, 0x05172505, 0x1151df01, 
0x25382f15, 0x11154128, 0x024f0a16, 0x06eeb947, 0x230c0b0d, 0x303a1f19, 0x9ffe100f, 0xfe6b2401, 
0xfd2702a0, 0x0d1fecd9, 0x1517101a, 0x2b3c2b12, 0xb64747c1, 0x0b1d3029, 0x25180b0c, 0xadc13414, 
0x0000ed02, 0x00000300, 0x1203f4ff, 0x2a006e02, 0x3c003800, 0x15010000, 0x33013e27, 0x14151632, 
0x3e270706, 0x26343501, 0x010e2223, 0x23113707, 0x020e1735, 0x27262223, 0x013d012e, 0x15213523, 
0x16141521, 0x33011e17, 0x37013e32, 0x25011107, 0xcc010517, 0x2a421c12, 0x231e5241, 0x28201948, 
0x2c2c1423, 0x16511416, 0x22392d11, 0x19153c2a, 0x12034f15, 0x100c8efd, 0x21131e0b, 0x12132d34, 
0x1101b1fe, 0x02b7fe67, 0x2111ee27, 0x2e4d5324, 0x20293268, 0x2e2f2954, 0x3f202d17, 0x14e5dbfe, 
0x19141b0c, 0x39461d17, 0xbf4747c5, 0x0c113037, 0x1625150b, 0xfe340136, 0xec02ad0e, 0x00000300, 
0x4902e8ff, 0x28006e02, 0x30002c00, 0x23010000, 0x17352311, 0x2223020e, 0x3435012e, 0x3233013e, 
0x0717011e, 0x2223012e, 0x16141506, 0x013e3233, 0x21110737, 0x17052135, 0x25032707, 0x49020517, 
0x110f5167, 0x382a4232, 0x63373259, 0x27280e41, 0x3214060b, 0x434b4219, 0x31412930, 0x6ffe0d11, 
0x84fe4902, 0x56bc2eac, 0xfe471f01, 0xfd2702c9, 0x0b24d5d9, 0x4928121a, 0x29503933, 0x45030403, 
0x35370604, 0x281a3334, 0x4b013315, 0x2ad7c647, 0xa398feea, 0x0000cb19, 0x2e000200, 0xcd02e8ff, 
0x34007802, 0x00003800, 0x17163213, 0x011d011e, 0x35233533, 0x11231521, 0x15233523, 0x22230614, 
0x3435022e, 0x35013b36, 0x2e272634, 0x06222301, 0x011e1415, 0x012e0717, 0x013e3435, 0x17252713, 
0x163a25ae, 0x83c91712, 0x51673b01, 0x13141dc9, 0x1b16242a, 0x0b0a1d21, 0x1b14210a, 0x262e141c, 
0x23594b08, 0x0130ad3a, 0x7802290d, 0x44131915, 0x47e6743e, 0xfad9fd47, 0x191d2125, 0x12132c27, 
0x322f6919, 0x1a0e100f, 0x0f1a1215, 0x3d064702, 0x17322740, 0xa34370fd, 0x00000038, 0x00000300, 
0x6402e8ff, 0x16006e02, 0x1e001a00, 0x11010000, 0x15233523, 0x22230614, 0x3435022e, 0x35013b36, 
0x15213523, 0x3315012b, 0x17252703, 0xdd51fd01, 0x2a13131d, 0x221b1724, 0x64027e1a, 0xddddddb8, 
0x290d0130, 0xd9fd2702, 0x1d2125fa, 0x132c2719, 0x47e61912, 0xa7fee647, 0x0038a343, 0x00000300, 
0x5302e8ff, 0x17006e02, 0x2b002700, 0x15010000, 0x35231123, 0x23020e17, 0x27012e22, 0x3435013e, 
0x23172726, 0x1e371735, 0x06141501, 0x33011e07, 0x07373632, 0x25270111, 0x68530237, 0x3e131451, 
0x5a3c1c44, 0x3c3e0a37, 0x9f311121, 0x161417af, 0x3d143837, 0x1a533931, 0x2fc3fe0f, 0x02840b01, 
0xd9fd476e, 0x190c1bd8, 0x42623510, 0x232c2f0d, 0x470f1238, 0x431c1547, 0x124a3420, 0x22373131, 
0xfd380135, 0x089741c1, 0xf5ffffff, 0xa8011aff, 0x26126e02, 0x00006901, 0x59020710, 0x0000c701, 
0x00000300, 0xc802f4ff, 0x19006e02, 0x36003200, 0x35110000, 0x11231521, 0x2e171123, 0x0e222301, 
0x3e270701, 0x16323301, 0x3527011f, 0x23012e03, 0x14150622, 0x0717011e, 0x3435022e, 0x3233023e, 
0x1317011e, 0x02173727, 0x185167c8, 0x180c1d11, 0x4d122e32, 0x11507419, 0x25030c21, 0x263b1fbf, 
0x522b2b28, 0x603a363a, 0x382f1d38, 0x3438211b, 0xea391b18, 0x47270212, 0x01d9fd47, 0x050a2479, 
0x183d3f18, 0x0406635f, 0xfe8a1316, 0x2e231afd, 0x4b452624, 0x5b323431, 0x3928355d, 0x1f101125, 
0x3ccffe16, 0x000042a7, 0x0000ffff, 0x07031aff, 0x26126e02, 0x00006c01, 0x59020710, 0x0000da02, 
0x00000200, 0x3b02e8ff, 0x27006e02, 0x00002b00, 0x23112301, 0x020e1735, 0x012e2223, 0x33363435, 
0x17011e32, 0x23012e07, 0x14150622, 0x3e323316, 0x11073701, 0x01213521, 0x02172527, 0x1050683b, 
0x29403110, 0x73305536, 0x25270d5e, 0x3013050a, 0x3f463e17, 0x2f3d282d, 0x7dfe0d11, 0x2dfe3b02, 
0x351f012f, 0xd9fd2702, 0x180a1dc9, 0x33492810, 0x04035c56, 0x06044903, 0x30333236, 0x3313281b, 
0xfd474801, 0x23a3417a, 0x1c000300, 0xd2020000, 0x23007802, 0x33002f00, 0x15010000, 0x35231123, 
0x27012e27, 0x2707010e, 0x2e37013e, 0x3e343501, 0x16323301, 0x07061415, 0x3517011e, 0x14053523, 
0x013e1716, 0x23263435, 0x27130622, 0xd2021725, 0x41475168, 0x5b2b2967, 0x4d29302f, 0x26293525, 
0x56423147, 0x782c232d, 0xdbfe4c36, 0x25212e22, 0x2f1d2228, 0x0a01304b, 0x476e0262, 0x0af4d9fd, 
0x1c111e0d, 0x14441b39, 0x4826152b, 0x233b2327, 0x452b3b49, 0x061c111b, 0x187d47f1, 0x36161a36, 
0x2220221f, 0x9f4314fe, 0x00000012, 0x00000400, 0x5102f3ff, 0x14006e02, 0x26002200, 0x00002a00, 
0x11231501, 0x0e173523, 0x26222302, 0x3d022e27, 0x05352301, 0x1e141523, 0x011e1701, 0x3f363233, 
0x13370101, 0x17250507, 0x68510205, 0x33161351, 0x3f2a273d, 0x0a161115, 0xf998014f, 0x0c0b0d06, 
0x3a1e1924, 0xf2fe2317, 0xfe31eb2e, 0x472d01bb, 0x6e02bbfe, 0xe4d9fd47, 0x111a0e15, 0x2b121517, 
0x47c12b3c, 0x3029b647, 0x0b0c0b1d, 0x01110f15, 0xcffe2c08, 0x1aadb329, 0x000000d5, 0x00000400, 
0xda02f4ff, 0x2a006e02, 0x3d003200, 0x00004100, 0x011e3713, 0x0f061415, 0x07010e01, 0x17011e37, 
0x27022e07, 0x3435012e, 0x16323336, 0x023e2717, 0x27263435, 0x21352317, 0x23113315, 0x21372311, 
0x22230715, 0x3727012e, 0x013b011e, 0x17372703, 0x0e0b1cf5, 0x12011315, 0x29041f31, 0x38363f71, 
0x16164c63, 0x26221e0b, 0x1c3d1330, 0x090e0c1d, 0x9301ed2b, 0x0a9e51df, 0xa8a64d01, 0x112b4637, 
0x2539170e, 0xdd30a3de, 0x0f270227, 0x2c263610, 0x17091541, 0x35090c22, 0x31363272, 0x1f1f5864, 
0x22131124, 0x081f2b32, 0x261a3528, 0x470d0d37, 0x02d9fd47, 0xf8474727, 0x37060c08, 0xf5fe0505, 
0x00359044, 0x00000300, 0x3a025eff, 0x1c006e02, 0x3e003a00, 0x2e370000, 0x36343501, 0x3b023e37, 
0x35213501, 0x15231521, 0x07062223, 0x1415010e, 0x3e131716, 0x26343501, 0x15062223, 0x17011e14, 
0x35022e07, 0x33013e34, 0x15011e32, 0x25070614, 0x89071737, 0x11142b19, 0x1b2d240f, 0x027efe9d, 
0x1fed673a, 0x0807091a, 0x15c5131d, 0x434c4b16, 0x484c1b51, 0x2f5a4036, 0x5354672f, 0x1a13285e, 
0x2cd9fefe, 0x3d12e5d6, 0x0d281c2c, 0x56060e0c, 0x069d4747, 0x0b110607, 0xfe0d2418, 0x193f1def, 
0x39393837, 0x334d4020, 0x5c593135, 0x36522b35, 0x2a2a5236, 0x847b2d4b, 0x00009830, 0x00000200, 
0x39021d00, 0x28006e02, 0x00002c00, 0x06141113, 0x012e2223, 0x013e3435, 0x013e013f, 0x011e3233, 
0x07061415, 0x35013e27, 0x23012e34, 0x27070622, 0x21352335, 0x17370115, 0x1719d007, 0x1426371a, 
0x1d152d32, 0x604e1d38, 0x48221f2c, 0x3c172219, 0x204e2b37, 0x39027f0d, 0x2dd988fe, 0xfe2702d1, 
0x251d19eb, 0x1d151735, 0x05020916, 0x3c562e06, 0x29346a30, 0x262b5821, 0x0e101e37, 0x4747af31, 
0x32a07ffe, 0x000000b0, 0x00000500, 0x1703c1ff, 0x26006e02, 0x3e003200, 0x4e004a00, 0x11010000, 
0x22231123, 0x1e172726, 0x0e141502, 0x2e222301, 0x1e372701, 0x36323302, 0x27263435, 0x21352137, 
0x01152135, 0x32333634, 0x06141516, 0x37262223, 0x32333634, 0x06141516, 0x27262223, 0x32333634, 
0x06141516, 0x05262223, 0x02173727, 0x1aab51af, 0x1711091f, 0x43291120, 0x58603528, 0x3f1f472a, 
0x28212846, 0x011d2d3d, 0x03a2fd30, 0x1ed0fd17, 0x1d1d1514, 0x5d1e1415, 0x1e14141e, 0x1e14141e, 
0x15141db9, 0x14151d1d, 0x3e5f011d, 0x270245b2, 0x8a01d9fd, 0x11010202, 0x281a2e28, 0x7a371b36, 
0x664b1965, 0x241e1d34, 0x5640173e, 0xcefd4747, 0x161e1e16, 0x701e1e16, 0x151f1f15, 0x161f1f16, 
0x151f1f15, 0x511f1f16, 0x0019c133, 0x00000400, 0x5302e8ff, 0x17006e02, 0x32002a00, 0x00003600, 
0x35231101, 0x23020e17, 0x27012e22, 0x3435013e, 0x23172726, 0x21152135, 0x15011e37, 0x07010e07, 
0x33011e37, 0x37013e32, 0x07131133, 0x27022e27, 0x25270337, 0x51eb0137, 0x443e1314, 0x375a3c1c, 
0x1e3c3e0a, 0x02942210, 0x1b62fe53, 0x04030a11, 0x14144140, 0x3b293840, 0x09080724, 0x2512632f, 
0x75280d23, 0x840b012f, 0xd9fd2702, 0x190c1bd8, 0x42623510, 0x202c2f0d, 0x470b1237, 0x31220547, 
0x4331171c, 0x403f250d, 0x01091c17, 0x28e3fe20, 0x32321678, 0xd5fd2c13, 0x00089741, 0x2e000200, 
0x0303bfff, 0x62007802, 0x00006600, 0x11231101, 0x23010e17, 0x012f2622, 0x3435012e, 0x3233013e, 
0x0e141516, 0x0e010f01, 0x1e141502, 0x36323301, 0x011e1737, 0x012e0717, 0x012e012f, 0x33363435, 
0x14151632, 0x0e010f06, 0x2e222301, 0x3e343501, 0x3e013f01, 0x26343502, 0x15062223, 0x1f011e14, 
0x33011e01, 0x07373632, 0x21352335, 0x17370115, 0x519b0207, 0x34642805, 0x13206936, 0x47243c37, 
0x1b593e32, 0x290f2331, 0x2f121e39, 0x1219082b, 0x202b172b, 0x10361f3a, 0x280b0906, 0x272c2919, 
0x1b0c1425, 0x2e53361d, 0x0a254127, 0x22162f25, 0x1a2a2228, 0x17141c2e, 0x6142193f, 0x0185052c, 
0xcba0fe3e, 0x2702ba2b, 0x6901d9fd, 0x19171716, 0x4e1f0c10, 0x21382434, 0x37243b3a, 0x170d162d, 
0x141c2c29, 0x04031b29, 0x1f301e2a, 0x1c462429, 0x10210b1c, 0x1c341b20, 0x010a2223, 0x47290402, 
0x2f3d292b, 0x28140714, 0x2418172a, 0x2c1a1e22, 0x0a070b21, 0x221e2407, 0xfe47479b, 0xd135cf17, 
0x00000300, 0xdb02d9ff, 0x07006e02, 0x3a003600, 0x11010000, 0x35211123, 0x34011521, 0x3727012e, 
0x22230721, 0x1e012f26, 0x0e141501, 0x16220701, 0x012e2223, 0x33363435, 0x1e171632, 0x2e071702, 
0x1e012f01, 0x013e3701, 0x07173717, 0xfd517402, 0xfedb02dd, 0x40502531, 0x0fc40118, 0x093430de, 
0x28444d0f, 0x05042c44, 0x27422a0e, 0x3d1c1a1b, 0x39331333, 0x763d211a, 0x261a2f2c, 0x70363018, 
0x02bb2acb, 0x02d9fd27, 0xfe474727, 0x2e3520b9, 0x05474313, 0x54210b03, 0x203d2a36, 0x1c0a0802, 
0x251d1719, 0x16190d34, 0x4e184608, 0x130c4027, 0x50300106, 0x00d533cf, 0x0000ffff, 0x09036aff, 
0x26126e02, 0x0000a102, 0x75010710, 0x2a000402, 0x0000ffff, 0x41038aff, 0x26126e02, 0x0000a202, 
0x75010710, 0xaa008701, 0x0000ffff, 0x420240ff, 0x26126e02, 0x0000a302, 0x75010710, 0x0000e701, 
0x0000ffff, 0x5d026aff, 0x26126e02, 0x0000a402, 0x75010710, 0x2a001d02, 0x00000400, 0x96021aff, 
0x0b006e02, 0x4f004300, 0x00005600, 0x33363417, 0x14151632, 0x26222306, 0x07062201, 0x3435022e, 
0x023e3736, 0x2135013b, 0x23152135, 0x06222315, 0x15010e07, 0x3e171614, 0x16323301, 0x010e1415, 
0x012e2223, 0x011e3727, 0x35363233, 0x34372634, 0x16323336, 0x23061415, 0x37012622, 0x27071733, 
0x16214407, 0x17202017, 0x22012116, 0x1e173a1d, 0x11141e33, 0x2131250f, 0x026ffe5d, 0x1fb8b496, 
0x0807091a, 0x3417101c, 0x2c624a1a, 0x71414257, 0x393d285e, 0x393b4b77, 0x161e6b31, 0x161e1e16, 
0x5afe1e16, 0x3b9228f8, 0x181ed375, 0x19182222, 0x15012121, 0x2e120b0e, 0x281c2239, 0x060e0c0d, 
0x9d474756, 0x11060706, 0x0d21180b, 0x414b0908, 0x2827462d, 0x44312e48, 0x22252941, 0x20177324, 
0x21161720, 0x9920fe21, 0x919126b4, 0x0000ffff, 0x89026aff, 0x26126e02, 0x0000a602, 0x75010710, 
0x2a005202, 0x00000500, 0xcb021aff, 0x0b006e02, 0x4a001300, 0x66005f00, 0x34170000, 0x16323336, 
0x23061415, 0x15012622, 0x35213523, 0x32011521, 0x3435023e, 0x06222326, 0x17161415, 0x35012e07, 
0x32333634, 0x1415011e, 0x2223020e, 0x36343526, 0x37013e37, 0x3233013e, 0x26071716, 0x06222322, 
0x27161415, 0x3435012e, 0x3233013e, 0x2e071716, 0x06222301, 0x17161415, 0x17333703, 0x3a072707, 
0x20171621, 0x21161720, 0xfe50dd01, 0xfecb0239, 0x4d65395d, 0x22292e2b, 0x213a351d, 0x44484a51, 
0x322d4b2e, 0x6152845d, 0x031a1962, 0x36150304, 0x07180b1d, 0x050f0606, 0x2d3e302e, 0x4a295547, 
0x0d341130, 0x15230e06, 0x28372d2b, 0x9228f848, 0x3bd3753b, 0x18222218, 0x02212119, 0x4769697b, 
0x241ffe47, 0x2f335841, 0x2019243e, 0x173f0e33, 0x48373453, 0x3a3b4d27, 0x5334586e, 0x13381b40, 
0x0e020902, 0x4601020e, 0x28232301, 0x4d0f8b26, 0x1d37283a, 0x04450505, 0x20202107, 0x46fe0821, 
0x9126b499, 0x00000091, 0x0000ffff, 0x17035eff, 0x26126e02, 0x0000a802, 0x75010710, 0x1e003102, 
0x0000ffff, 0x400336ff, 0x26126e02, 0x0000a902, 0x75010710, 0xf6ffdd01, 0x0000ffff, 0x12035aff, 
0x26126e02, 0x0000aa02, 0x75010710, 0x1a002402, 0x00000300, 0x07021aff, 0x0b006e02, 0x35002e00, 
0x34170000, 0x16323336, 0x23061415, 0x23012622, 0x06222315, 0x15010e07, 0x33011e14, 0x17373632, 
0x2223010e, 0x3435012e, 0x013b013e, 0x35213507, 0x33370121, 0x07270717, 0x17162129, 0x16172020, 
0x94de0121, 0x17403037, 0x472c1d1a, 0x2a4c362a, 0x35632c1b, 0x443e6d45, 0x03053f6f, 0x0702defe, 
0x28f83ffe, 0xd3753b92, 0x22221829, 0x21211918, 0x10ca6902, 0x2134120f, 0x191e3f30, 0x1b144a16, 
0x41466234, 0x87042e59, 0x99edfc47, 0x919126b4, 0x00000400, 0x58021aff, 0x0b006e02, 0x34002300, 
0x00003b00, 0x33363417, 0x14151632, 0x26222306, 0x1e152301, 0x0e141501, 0x2e222301, 0x3e343501, 
0x07013b01, 0x21352135, 0x013e3201, 0x27263435, 0x07062223, 0x1415010e, 0x33370716, 0x07270717, 
0x1716212f, 0x16172020, 0xe5290221, 0x6e425850, 0x3f714b42, 0x073e6f44, 0x02defe04, 0x30cdfe58, 
0x393a2b4a, 0x173d2523, 0x725f211c, 0x3b9228f8, 0x1833d375, 0x19182222, 0x73022121, 0x49711e89, 
0x32295746, 0x5b434561, 0x4788052e, 0x391bdafd, 0x184d302c, 0x37110e0e, 0xed444627, 0x9126b499, 
0x00000091, 0x00000300, 0x50021aff, 0x0b006e02, 0x4a004300, 0x34170000, 0x16323336, 0x23061415, 
0x22012622, 0x022e0706, 0x37363435, 0x013b023e, 0x21352135, 0x23152315, 0x0e070622, 0x16141501, 
0x33013e17, 0x14151632, 0x2223010e, 0x3727012e, 0x3233011e, 0x26343536, 0x17333701, 0x44072707, 
0x20171621, 0x21161720, 0x3a1d2201, 0x1d331f17, 0x250f1114, 0xfe5d2131, 0x6e50026f, 0x091a1fb8, 
0x101c0807, 0x4a1a3417, 0x42572c62, 0x285e7141, 0x4b77393d, 0xfe31393b, 0x9228f8c5, 0x1ed3753b, 
0x18222218, 0x01212119, 0x130b0e15, 0x1c22382e, 0x0e0c0d28, 0x47475606, 0x0607069d, 0x21180b11, 
0x4b09080d, 0x28452d41, 0x312e4828, 0x25294144, 0x7dfe2323, 0x9126b499, 0x00000091, 0x00000300, 
0x41021aff, 0x0b006e02, 0x4c004500, 0x34170000, 0x16323336, 0x23061415, 0x22252622, 0x3435012e, 
0x3337013e, 0x35213507, 0x15231521, 0x07062223, 0x1415010e, 0x1617011e, 0x36323336, 0x23263435, 
0x14150622, 0x2e071716, 0x3e343501, 0x1e323301, 0x06141501, 0x17333705, 0x2d072707, 0x20171621, 
0x21161720, 0x754e0601, 0x46774842, 0xcffe0907, 0x27c04102, 0x1e194540, 0x2f442320, 0x38081c08, 
0x231c2348, 0x4714122c, 0x41211513, 0x1f3f3131, 0xf8c9fe73, 0x753b9228, 0x22182ad3, 0x21191822, 
0x67374321, 0x315f4649, 0x47740b01, 0x1111b047, 0x2b293c13, 0x0107263f, 0x1e292e01, 0x1c262b22, 
0x230e1d2f, 0x3c22253f, 0x223c2525, 0x99a55746, 0x919126b4, 0x0000ffff, 0xe1024fff, 0x26126e02, 
0x0000af02, 0x75010710, 0x0f001c02, 0x0000ffff, 0x360281ff, 0x26126e02, 0x0000b002, 0x75010710, 
0x41000102, 0x2e00ffff, 0x90026aff, 0x26127802, 0x0000b102, 0x75010710, 0x2a005c02, 0x0000ffff, 
0x160250ff, 0x26126e02, 0x0000b202, 0x75010710, 0x10001e02, 0x2a00ffff, 0x76025bff, 0x26127802, 
0x0000b302, 0x75010710, 0x1b003f02, 0x0000ffff, 0x390240ff, 0x26126e02, 0x0000b402, 0x75010710, 
0x0000e701, 0x0000ffff, 0x47026aff, 0x26126e02, 0x0000b502, 0x75010710, 0x2a000402, 0x0000ffff, 
0x12036aff, 0x26126e02, 0x0000b602, 0x75010710, 0x2a000402, 0x0000ffff, 0x49026aff, 0x26126e02, 
0x0000b702, 0x75010710, 0x2a001a02, 0x2e00ffff, 0xcd0240ff, 0x26127802, 0x0000b802, 0x75010710, 
0x00008602, 0x0000ffff, 0x640240ff, 0x26126e02, 0x0000b902, 0x75010710, 0x00002a02, 0x0000ffff, 
0x53026aff, 0x26126e02, 0x0000ba02, 0x75010710, 0x2a002102, 0xf5ff0300, 0xa8011aff, 0x0b006e02, 
0x3a003300, 0x34370000, 0x16323336, 0x23061415, 0x37132622, 0x1415011e, 0x3707010e, 0x0717021e, 
0x2e27022e, 0x36343501, 0x17163233, 0x35013e27, 0x17272634, 0x15213521, 0x17333701, 0x35072707, 
0x20171621, 0x21161720, 0x0d0b1ce7, 0x0433502e, 0x2b544b1e, 0x50683b36, 0x1e0d1617, 0x13302622, 
0x0f34393e, 0xedfe2d0b, 0x4dfea801, 0x3b9228f8, 0x1824d375, 0x19182222, 0x1c022121, 0x2636100f, 
0x14364d38, 0x494b2308, 0x64313622, 0x241f1f58, 0x32221311, 0x4313232b, 0x0b391d2f, 0xfd47470e, 
0x26b49934, 0x00009191, 0x0000ffff, 0xc8024fff, 0x26126e02, 0x0000bc02, 0x75010710, 0x0f007102, 
0x0000ffff, 0x07031aff, 0x26126e02, 0x00006c01, 0x59022710, 0x0000da02, 0x75010710, 0x5a000402, 
0x0000ffff, 0x3b026aff, 0x26126e02, 0x0000be02, 0x75010710, 0x2a001302, 0x1c00ffff, 0xd20272ff, 
0x26127802, 0x0000bf02, 0x75010710, 0x32000102, 0x0000ffff, 0x51026aff, 0x26126e02, 0x0000c002, 
0x75010710, 0x2a000902, 0x00000500, 0xda02eaff, 0x0b006e02, 0x3e003600, 0x4d004900, 0x34370000, 
0x16323336, 0x23061415, 0x37132622, 0x1415011e, 0x0e010f06, 0x1e370701, 0x2e071701, 0x012e2702, 
0x33363435, 0x27171632, 0x3435023e, 0x23172726, 0x33152135, 0x23112311, 0x07152137, 0x012e2223, 
0x011e3727, 0x2703013b, 0x21351737, 0x20201716, 0xc0211617, 0x150e0b1c, 0x31120113, 0x7129041f, 
0x6338363f, 0x0b16164c, 0x3026221e, 0x1d1c3d13, 0x2b090e0c, 0xdf9301ed, 0x010a9e51, 0x37a8a64d, 
0x0e112b46, 0xde253917, 0x27dd30a3, 0x22221824, 0x21211918, 0x100f1c02, 0x412c2636, 0x22170915, 
0x7235090c, 0x64313632, 0x241f1f58, 0x32221311, 0x28081f2b, 0x37261a35, 0x47470d0d, 0x2702d9fd, 
0x08f84747, 0x0537060c, 0x44f5fe05, 0x00003590, 0x00000400, 0x3a020eff, 0x0b006e02, 0x46002800, 
0x00004a00, 0x33363417, 0x14151632, 0x26222306, 0x35012e13, 0x3e373634, 0x35013b02, 0x15213521, 
0x22231523, 0x010e0706, 0x17161415, 0x35013e13, 0x22232634, 0x1e141506, 0x2e071701, 0x3e343502, 
0x1e323301, 0x06141501, 0x17372507, 0x16213d07, 0x17202017, 0x194c2116, 0x0f11142b, 0x9d1b2d24, 
0x3a027efe, 0x1a1fed67, 0x1d080709, 0x1615c513, 0x51434c4b, 0x36484c1b, 0x2f2f5a40, 0x5e535467, 
0xfe1a1328, 0xd62cd9fe, 0x222218b8, 0x21211918, 0x3d12b601, 0x0d281c2c, 0x56060e0c, 0x069d4747, 
0x0b110607, 0xfe0d2418, 0x193f1def, 0x39393837, 0x334d4020, 0x5c593135, 0x36522b35, 0x2a2a5236, 
0x847b2d4b, 0x00009830, 0x00000200, 0x7702f4ff, 0x33006e02, 0x00003700, 0x27152301, 0x013b013e, 
0x0e222315, 0x11370701, 0x0e173523, 0x2e222301, 0x3e343501, 0x16323301, 0x012e0717, 0x15062223, 
0x32331614, 0x0737013e, 0x21352111, 0x17252701, 0x12a66a02, 0x402f3c1a, 0x292f2433, 0x0e51171b, 
0x2f3b4f15, 0x5a323253, 0x0f39173a, 0x13311006, 0x283d403a, 0x16303822, 0x028dfe11, 0x2ff3fd6a, 
0x02300701, 0x1417fd27, 0x1c0c471b, 0xe0fe3718, 0x2d1420da, 0x36394b25, 0x03072a4e, 0x34060449, 
0x1933352f, 0x01361829, 0x86fd4747, 0x00289741, 0x00000300, 0xa7028aff, 0x1b006e02, 0x4f004900, 
0x34010000, 0x3233013e, 0x2e071716, 0x06222301, 0x33161415, 0x17373632, 0x2223010e, 0x3425012e, 
0x1e323336, 0x3e271701, 0x26343502, 0x35231727, 0x37211521, 0x1415011e, 0x3707010e, 0x3233021e, 
0x2e073736, 0x012e2703, 0x17023f13, 0x2c640105, 0x3611344f, 0x250f060e, 0x37373012, 0x153a232a, 
0x2e4e1c19, 0xfe2b4b2f, 0x19221ec4, 0x3d0d1e25, 0x0e0c1d1c, 0x02ed2c0a, 0x1c5efe97, 0x3e210e0b, 
0x6331042c, 0x12084773, 0x5a2d510a, 0x1b305d5b, 0x08b2c612, 0x70fe1fe0, 0x44313f01, 0x45050525, 
0x2c2c0604, 0x131d292b, 0x271d1641, 0x22154146, 0x1f1d2917, 0x1a352808, 0x0c0b3826, 0x100f4747, 
0x50382636, 0x3a071236, 0x01022850, 0x351b0348, 0x2d233d55, 0x065793fe, 0x00d83f72, 0x00000200, 
0xb301e8ff, 0x12006e02, 0x00001600, 0x06141113, 0x022e2223, 0x3b363435, 0x35233501, 0x27031521, 
0x19d01725, 0x242a1317, 0x19221b16, 0xb35f017f, 0x290d012f, 0xc3fe2702, 0x28181e1a, 0x1c17152d, 
0xfd4747c0, 0x3aa343c1, 0x00000400, 0xce01e8ff, 0x03006e02, 0x16000700, 0x00003600, 0x21152111, 
0x37252713, 0x012e2227, 0x37363435, 0x15010e17, 0x07171614, 0x013f3634, 0x3233013e, 0x26071716, 
0x0e222322, 0x16141501, 0x37363233, 0x23020e17, 0x6e012622, 0x2f7692fe, 0xfb7c0b01, 0x212b4c32, 
0x1a154619, 0x1b872a38, 0x3a170a1c, 0x071a0c1f, 0x06100706, 0x381a2f21, 0x1b49362c, 0x3b422b29, 
0x025e4f23, 0xc1fd476e, 0x97059741, 0x29284429, 0x0d221331, 0x292a1a27, 0x3b209001, 0x0d0f0e14, 
0x01460101, 0x2a1a2312, 0x3e1c2b27, 0x4d0f211b, 0x0000ffff, 0x960276fe, 0x26126e02, 0x00005201, 
0x68040710, 0x00002002, 0x0000ffff, 0x9602f4fe, 0x26126e02, 0x00004a04, 0x67040710, 0x00002002, 
0x00000300, 0xfd01e8ff, 0x03006e02, 0x25002100, 0x21110000, 0x34132115, 0x35073736, 0x33163221, 
0x06222307, 0x011e1415, 0x37363233, 0x23030e17, 0x27172622, 0x9a011725, 0x198d66fe, 0x25019313, 
0x07042412, 0x1b473a20, 0x4a32192c, 0x240d281c, 0x4d253b2f, 0x012f1a63, 0x6e02491f, 0x1decfe47, 
0x48021033, 0x2f314601, 0x2d13271c, 0x1b0c3e1d, 0xe4520f18, 0x001aa341, 0x0000ffff, 0xcb021aff, 
0x26126e02, 0x00006002, 0x59020710, 0x00004c02, 0x00000300, 0x8702e8ff, 0x03006e02, 0x26002200, 
0x21110000, 0x23052115, 0x012f2622, 0x1415021e, 0x2223010e, 0x3727012e, 0x3233021e, 0x26343536, 
0x03213727, 0x02172527, 0x0293fd6d, 0x1f1aab5e, 0x2a1c0509, 0x28432918, 0x2a586035, 0x463f1f47, 
0x3d282128, 0x30011d2d, 0x0d0130dd, 0x476e0229, 0x0e0302b5, 0x1f362c11, 0x361a3528, 0x4b19657a, 
0x1e1d3466, 0x40173e24, 0xa3432ffe, 0x0000003a, 0x00000300, 0xb30292ff, 0x03006e02, 0x5d004e00, 
0x37250000, 0x22270717, 0x022e0706, 0x37363435, 0x013b023e, 0x21352135, 0x23152115, 0x0e070622, 
0x16141501, 0x33013e17, 0x15011e32, 0x23010e14, 0x2e27012a, 0x36343502, 0x17163233, 0x0717021e, 
0x012f012e, 0x3233011e, 0x2e343536, 0x36323701, 0x010e1537, 0x2f262223, 0x011e3701, 0x2bc7c101, 
0x3a1decb8, 0x1d331f17, 0x230f1114, 0xfe60222f, 0xfe9702c6, 0x1a1fb8f4, 0x1c080709, 0x1a341710, 
0x342d4d32, 0x160c4461, 0x223d2a0b, 0x3d1c1a1b, 0x3e381833, 0x7d462120, 0x491b2434, 0x164d4614, 
0x442ac02a, 0x2c44282c, 0x30153f19, 0x20472006, 0xf6ad34a9, 0x2e130b0e, 0x281c2238, 0x060e0c0d, 
0x9d474756, 0x11060706, 0x0d21180b, 0x3f220908, 0x2344332b, 0x1c0c0201, 0x281d1616, 0x15160c33, 
0x4720460a, 0x0c0c4023, 0x1f162c29, 0x0e0c2e10, 0x0c0a0e49, 0x070f3308, 0x00000008, 0x00000400, 
0x8202e8ff, 0x03006e02, 0x15000700, 0x00003200, 0x21152111, 0x05172501, 0x23010e13, 0x012f2622, 
0x3233011e, 0x3e253736, 0x16323301, 0x020e1415, 0x012e2223, 0x011e3727, 0x35363233, 0x22232634, 
0x68020706, 0x4c0198fd, 0xfe290d01, 0x3a18ddfa, 0x0b0d0c23, 0x121c0a0b, 0xfe143523, 0x1b411f67, 
0x3924624a, 0x62391d41, 0x29452252, 0x3e374259, 0x2e192939, 0x476e0217, 0x3aa304fe, 0x0a3b01ac, 
0x4e02010a, 0x0f130605, 0x530d0e46, 0x2542324d, 0x4c622e0f, 0x34515c1a, 0x0e272e2c, 0x0000000b, 
0x0000ffff, 0x0e0276fe, 0x26126e02, 0x00005801, 0x68040710, 0x0000f101, 0x0000ffff, 0x0e02f4fe, 
0x26126e02, 0x00004c04, 0x67040710, 0x0000f101, 0x0000ffff, 0x580276fe, 0x26126e02, 0x00005901, 
0x68040710, 0x00001b02, 0x0000ffff, 0x5802f4fe, 0x26126e02, 0x00004d04, 0x67040710, 0x00001b02, 
0x0000ffff, 0x500276fe, 0x26126e02, 0x00005a01, 0x68040710, 0x00002002, 0x0000ffff, 0x5002f4fe, 
0x26126e02, 0x00004e04, 0x67040710, 0x00002002, 0x0000ffff, 0x410276fe, 0x26126e02, 0x00005b01, 
0x68040710, 0x00001102, 0x0000ffff, 0x4102f4fe, 0x26126e02, 0x00004f04, 0x67040710, 0x00001102, 
0x00000300, 0x5202e8ff, 0x13006e02, 0x25002100, 0x15010000, 0x07010e14, 0x2223010e, 0x012e2726, 
0x3523013d, 0x32011521, 0x3d013e37, 0x14152301, 0x011e1716, 0x17252717, 0x0f08a401, 0x2f42150c, 
0x1116442f, 0xfe014f12, 0x1434fbfe, 0x08b3070b, 0x6e210b0a, 0x290d0130, 0x1ce62702, 0x190f242c, 
0x171d1e1b, 0x47c73646, 0x20b2fe47, 0xc62b2c11, 0x112e27c6, 0x43f11210, 0x00003aa3, 0x00000200, 
0x8c014100, 0x12006e02, 0x00001600, 0x022e013f, 0x07062223, 0x33013e27, 0x17011e32, 0x21030515, 
0xf6502115, 0x1c2c2d1c, 0x1c29391c, 0x282c4a22, 0xfe2a4442, 0x8c017ff4, 0x958474fe, 0x10142b24, 
0x17104a15, 0x4339401a, 0x472d02b1, 0x2e000200, 0xfd01e8ff, 0x2d007802, 0x00003100, 0x013e3413, 
0x011e3233, 0x010e1415, 0x011e3707, 0x37363233, 0x23020e17, 0x27012e22, 0x3435023e, 0x06222326, 
0x011e1415, 0x012e0717, 0x37252713, 0x233a212e, 0x2a304b29, 0x1b0e3b51, 0x4b343a3d, 0x483d251f, 
0x5c39162e, 0x4c3f0e3e, 0x19252f21, 0x1c241120, 0x6a4c4108, 0x880c012f, 0x32260702, 0x38482319, 
0x13374e35, 0x282e3021, 0x1d1e4720, 0x3e532909, 0x2437280e, 0x17183332, 0x030f1911, 0xfe3d0946, 
0x0c97411b, 0x2a000300, 0xe201d5ff, 0x21007802, 0x42002500, 0x34370000, 0x013e3736, 0x33013e37, 
0x07171632, 0x22232226, 0x1415010e, 0x36323316, 0x020e1737, 0x17262223, 0x01372527, 0x33013e34, 
0x14151632, 0x3e270706, 0x26343501, 0x15062223, 0x17011e14, 0x6f022e07, 0x04021d1a, 0x1f3a1704, 
0x07071b0b, 0x21051106, 0x2c391a30, 0x251a4a35, 0x122f4b3b, 0x2f155f4d, 0xfe810c01, 0x2a412648, 
0x14144735, 0x14090b3d, 0x24281c1a, 0x330b1d37, 0x20fb3153, 0x0902153b, 0x020e0f02, 0x12014601, 
0x28291a23, 0x20461c2c, 0xe44e071d, 0x01029741, 0x243f283e, 0x2b182d38, 0x170a2715, 0x2c1b0f0b, 
0x11272323, 0x26064202, 0x00000044, 0x00000300, 0xaa01e8ff, 0x03006e02, 0x16000700, 0x21110000, 
0x27132115, 0x15271725, 0x22230614, 0x3435022e, 0x15213336, 0x71fe8f01, 0x0d0130a4, 0x171cde29, 
0x16232912, 0x1f01221b, 0xfd476e02, 0x3aa343c1, 0x1c1c3696, 0x152d2818, 0x00471c17, 0x00000200, 
0xb401f3ff, 0x1c006e02, 0x00002000, 0x1e141513, 0x011e1701, 0x37363233, 0x23020e17, 0x2e272622, 
0x23013d02, 0x01152135, 0xa0051725, 0x0c0b0d06, 0x47291923, 0x3d212519, 0x41281e3a, 0x0a161115, 
0xfe42014f, 0x632401eb, 0x2702a8fe, 0x1d3029b6, 0x280b0c0b, 0x1f144119, 0x12151710, 0xc12b3c2b, 
0x0efe4747, 0x00e609ad, 0x00000300, 0x8002f4ff, 0x03006e02, 0x32002400, 0x25370000, 0x23010517, 
0x023e2715, 0x2315013b, 0x07010e22, 0x35231137, 0x23010e17, 0x2e272622, 0x23013d01, 0x15052135, 
0x1e171614, 0x3e323301, 0x11073701, 0x6711012c, 0x1702b7fe, 0x251212a6, 0x3440202f, 0x1c282f24, 
0x19165117, 0x3c2a334d, 0x4f151915, 0x2efe7202, 0x1e0b100c, 0x2d342113, 0xad351213, 0x3302ec02, 
0x140e17fa, 0x1a08470a, 0xdbfe391b, 0x291214e5, 0x461d1719, 0x4747c539, 0x113037bf, 0x25150b0c, 
0x33013516, 0x00000400, 0xb801e8ff, 0x03006e02, 0x24002000, 0x00002800, 0x21152111, 0x23010e01, 
0x35012e22, 0x33013e34, 0x17011e32, 0x23012e07, 0x14150622, 0x36323316, 0x07172737, 0x17250327, 
0xfea00105, 0x2db80160, 0x59383f5b, 0x41633732, 0x0b27280e, 0x19321406, 0x30434b42, 0xc41a5035, 
0x56bc2eac, 0xfe471f01, 0x476e02c9, 0x291c98fe, 0x39334928, 0x04032950, 0x06044503, 0x33343537, 
0xd7a81b2d, 0x98feea2a, 0x00cb19a3, 0x2e000300, 0x3e02e8ff, 0x2c007802, 0x34003000, 0x15250000, 
0x22230614, 0x3435022e, 0x35013b36, 0x2e272634, 0x06222301, 0x011e1415, 0x012e0717, 0x013e3435, 
0x17163233, 0x011d011e, 0x33031533, 0x27032315, 0x4c011725, 0x2a13141d, 0x211b1624, 0x0a0b0a1d, 
0x1c1b1421, 0x08262e14, 0x3a23594b, 0x163a2523, 0x83c91712, 0x305a9191, 0xfa290d01, 0x191d2125, 
0x12132c27, 0x322f6919, 0x1a0e100f, 0x0f1a1215, 0x3d064702, 0x17322740, 0x44131915, 0x0147743e, 
0xc1fd4774, 0x003aa343, 0x00000200, 0xd501e8ff, 0x16006e02, 0x00001a00, 0x23153313, 0x23061415, 
0x35022e22, 0x013b3634, 0x21352335, 0x27112315, 0xddcf1725, 0x13131ddd, 0x1b17242a, 0x017e1a22, 
0x0130ebba, 0x4101290d, 0x1d212547, 0x132c2719, 0x47e61912, 0x43c1fd47, 0x00003aa3, 0x00000200, 
0xc101e8ff, 0x21006e02, 0x00002500, 0x23020e25, 0x27012e22, 0x3435013e, 0x23172726, 0x23152135, 
0x15011e37, 0x1e070614, 0x36323301, 0x25270137, 0x22c10137, 0x3c233f40, 0x3e0a375a, 0x3111213c, 
0xa857019f, 0x37161417, 0x313d1438, 0xfe1a4c32, 0x0b012fc2, 0x2013ce88, 0x42623513, 0x232c2f0d, 
0x470f1238, 0x431c1547, 0x124a3420, 0x1d2b3131, 0x9741d5fe, 0x0000000e, 0x0000ffff, 0xbe011aff, 
0x26126e02, 0x00007402, 0x59020710, 0x0000dc01, 0x00000400, 0x3302f4ff, 0x03006e02, 0x2b001c00, 
0x00002f00, 0x21152111, 0x23012e01, 0x14150622, 0x0717011e, 0x3435022e, 0x3233023e, 0x011f011e, 
0x2223012e, 0x2707010e, 0x3233013e, 0x27031716, 0x03021737, 0x5101fdfd, 0x28263b1f, 0x3a522b2b, 
0x38603a36, 0x1b382f1d, 0x18343821, 0x0a150aa6, 0x122e3218, 0x5074194d, 0xa00b1f0e, 0x0223bd39, 
0xfdfe476e, 0x242e231a, 0x314b4526, 0x5d5b3234, 0x25392835, 0x161f1011, 0x18030408, 0x5f183d3f, 
0xfe050463, 0x3b873c93, 0x0000ffff, 0xdb021aff, 0x26126e02, 0x00007602, 0x59020710, 0x0000da02, 
0x00000300, 0xae01e8ff, 0x03006e02, 0x23001f00, 0x21110000, 0x0e012115, 0x2e222301, 0x36343501, 
0x011e3233, 0x012e0717, 0x15062223, 0x32331614, 0x27013736, 0x96011725, 0xae016afe, 0x3631583c, 
0x5e733055, 0x0a25270d, 0x17301305, 0x2d3f463e, 0xfe194b34, 0x1f012fe5, 0x476e0256, 0x222499fe, 
0x56334928, 0x0304035c, 0x36060449, 0x2d303332, 0x41e4fe1b, 0x00000ca3, 0x1c000300, 0x28022800, 
0x1d007802, 0x2d002900, 0x27370000, 0x27012e37, 0x2707010e, 0x2e37013e, 0x3e343501, 0x16323301, 
0x07061415, 0x1517011e, 0x35013e25, 0x22232634, 0x16141506, 0x15333525, 0x3afc30f3, 0x5b2b265e, 
0x4d29302f, 0x26293525, 0x56423147, 0x782c232d, 0x21dffe36, 0x1d222825, 0x0301222f, 0x9743285b, 
0x1c101c0c, 0x14441b39, 0x4826152b, 0x233b2327, 0x452b3b49, 0x061c111b, 0x3616a04d, 0x2220221f, 
0x84361823, 0x00004747, 0x00000200, 0xbe01f3ff, 0x18006e02, 0x00002400, 0x010e1701, 0x37270507, 
0x23010e17, 0x2e272622, 0x23013d02, 0x23152135, 0x1e141507, 0x011e1701, 0x37363233, 0x13259901, 
0xecfe1427, 0x0a34cd2f, 0x412e0b16, 0x0a161114, 0xba87014f, 0x0b0d062e, 0x1a19240c, 0x1e011632, 
0x0d190d44, 0x117542b4, 0x14190301, 0x2b3c2b12, 0x2c4747c1, 0x1d30298a, 0x100b0c0b, 0x0000000c, 
0x00000300, 0x5302f4ff, 0x03006e02, 0x39002e00, 0x27250000, 0x37011737, 0x1415011e, 0x0e010f06, 
0x1e370701, 0x2e071701, 0x012e2702, 0x33363435, 0x27171632, 0x3435023e, 0x23172726, 0x07152135, 
0x012e2223, 0x011e3727, 0x9101013b, 0xfe28ca30, 0x0e0b1ca2, 0x12011315, 0x29041f31, 0x38363f71, 
0x16164c63, 0x26221e0b, 0x1c3d1330, 0x090e0c1d, 0x3a02ed2b, 0x46379f0f, 0x170e112b, 0x6bd52539, 
0x013a7d44, 0x36100f35, 0x15412c26, 0x0c221709, 0x32723509, 0x58643136, 0x11241f1f, 0x2b322213, 
0x3528081f, 0x0d37261a, 0xf847470d, 0x37060c08, 0x00000505, 0x0000ffff, 0x9c02f4fe, 0x26126e02, 
0x0000c202, 0x86010710, 0x00000502, 0x00000600, 0x8a02c1ff, 0x1e006e02, 0x2e002200, 0x46003a00, 
0x00004a00, 0x012e2225, 0x021e3727, 0x35363233, 0x37272634, 0x22231521, 0x1e172726, 0x0e141502, 
0x15210101, 0x26221321, 0x33363435, 0x14151632, 0x26223306, 0x33363435, 0x14151632, 0x26220706, 
0x33363435, 0x14151632, 0x17013f06, 0x35360107, 0x472a5860, 0x28463f1f, 0x2d3d2821, 0xab30011d, 
0x11091f1a, 0x29112017, 0x02a2fe43, 0xbc93fd6d, 0x141d1d14, 0xa51d1d15, 0x141e1e14, 0x711e1e14, 
0x141e1e14, 0x7e1d1d15, 0x93a02cb2, 0x19657a37, 0x1d34664b, 0x173e241e, 0x02024740, 0x2e281101, 
0x1b36281a, 0xfd47db01, 0x15161ff3, 0x16151f1f, 0x15161f1f, 0x16151f1f, 0x161e591f, 0x161e1e16, 
0xc15a1e16, 0x0000bb39, 0x00000200, 0xa801e8ff, 0x2b006e02, 0x00002f00, 0x011e3713, 0x010e0715, 
0x011e3707, 0x37363233, 0x022e2707, 0x17133727, 0x2223020e, 0x3e27012e, 0x26343501, 0x35231727, 
0x25011521, 0x1bb50517, 0x04030a11, 0x14144140, 0x48363840, 0x1263271a, 0x280d2325, 0x381c0acc, 
0x5a3c1f38, 0x3c3e0a37, 0x9422101e, 0xd7fe5701, 0xfe6f0b01, 0x052702b5, 0x171c3122, 0x250d4331, 
0x1929403f, 0x3216782b, 0xfe2c1332, 0x181054fe, 0x4262350d, 0x202c2f0d, 0x470b1237, 0x9702fe47, 
0x0000d503, 0x2e000300, 0x7802bfff, 0x03007802, 0x60000700, 0x37250000, 0x33030717, 0x32072315, 
0x0e153736, 0x26222301, 0x012e012f, 0x013e3435, 0x15163233, 0x0f010e14, 0x15020e01, 0x33011e14, 
0x17373632, 0x0717011e, 0x012f012e, 0x3435012e, 0x16323336, 0x0f061415, 0x23010e01, 0x35012e22, 
0x3f013e34, 0x35023e01, 0x22232634, 0x1e141506, 0x1e011f01, 0xa7a30101, 0x941a992e, 0x5e414594, 
0x3261282b, 0x13206936, 0x47243c37, 0x1b593e32, 0x290f2331, 0x2f121e39, 0x1219082b, 0x202b172b, 
0x10361f3a, 0x280b0906, 0x272c2919, 0x1b0c1425, 0x2e53361d, 0x0a254127, 0x22162f25, 0x1a2a2228, 
0x17141c2e, 0x3ca93e3f, 0x476702a4, 0x5b1c23bb, 0x10191516, 0x344e1f0c, 0x3a213824, 0x2d37243b, 
0x29170d16, 0x29141c2c, 0x2a04031b, 0x291f301e, 0x1c1c4624, 0x2010210b, 0x231c341b, 0x02010a22, 
0x2b472904, 0x142f3d29, 0x2a281407, 0x22241817, 0x212c1a1e, 0x070a070b, 0x00000300, 0x4b02d9ff, 
0x2e006e02, 0x36003200, 0x34250000, 0x3727012e, 0x22231521, 0x1e012f26, 0x0e141501, 0x16220701, 
0x012e2223, 0x33363435, 0x1e171632, 0x2e071702, 0x1e012f01, 0x013e3701, 0x07173717, 0x21152101, 
0x50250c01, 0xb4011840, 0x093430dd, 0x28444d0f, 0x05042c44, 0x27422a0e, 0x3d1c1a1b, 0x39331333, 
0x763d211a, 0x261a2f2c, 0x70363018, 0xfe9528a7, 0xfd32024a, 0x3520e0ce, 0x4743132e, 0x210b0305, 
0x3d2a3654, 0x0a080220, 0x1d17191c, 0x190d3425, 0x18460816, 0x0c40274e, 0x30010613, 0xa63daa50, 
0x00473902, 0x0000ffff, 0x77026aff, 0x26126e02, 0x0000ea02, 0x75010710, 0x2a000402, 0x0000ffff, 
0xa7028aff, 0x26126e02, 0x0000eb02, 0x75010710, 0xaa008701, 0x0000ffff, 0xb30140ff, 0x26126e02, 
0x0000ec02, 0x75010710, 0x0000e701, 0x0000ffff, 0xce016aff, 0x26126e02, 0x0000ed02, 0x75010710, 
0x2a001d02, 0x00000500, 0x960276fe, 0x0b006e02, 0x4f004300, 0x66005600, 0x34170000, 0x16323336, 
0x23061415, 0x22012622, 0x022e0706, 0x37363435, 0x013b023e, 0x21352135, 0x23152315, 0x0e070622, 
0x16141501, 0x33013e17, 0x14151632, 0x2223010e, 0x3727012e, 0x3233011e, 0x26343536, 0x33363437, 
0x14151632, 0x26222306, 0x17333701, 0x05072707, 0x2223022e, 0x3e270706, 0x1e323301, 0x21441701, 
0x20201716, 0x01211617, 0x173a1d22, 0x141e331e, 0x31250f11, 0x6ffe5d21, 0xb8b49602, 0x07091a1f, 
0x17101c08, 0x624a1a34, 0x4142572c, 0x3d285e71, 0x3b4b7739, 0x1e6b3139, 0x1e1e1616, 0xfe1e1616, 
0x9228f85a, 0x01d3753b, 0x4a432187, 0x09150c2d, 0x0d180b0c, 0x21506643, 0x22221823, 0x21211918, 
0x0b0e1a01, 0x22392e12, 0x0c0d281c, 0x4756060e, 0x07069d47, 0x180b1106, 0x09080d21, 0x462d414b, 
0x2e482827, 0x29414431, 0x73242225, 0x17202017, 0xfe212116, 0x26b49920, 0x2aa49191, 0x02021a37, 
0x2f030348, 0x00002548, 0x0000ffff, 0xfd016aff, 0x26126e02, 0x0000f002, 0x75010710, 0x2a005202, 
0x00000500, 0xcb021aff, 0x0b006e02, 0x46000f00, 0x62005b00, 0x34170000, 0x16323336, 0x23061415, 
0x35032622, 0x32011521, 0x3435023e, 0x06222326, 0x17161415, 0x35012e07, 0x32333634, 0x1415011e, 
0x2223020e, 0x36343526, 0x37013e37, 0x3233013e, 0x26071716, 0x06222322, 0x27161415, 0x3435012e, 
0x3233013e, 0x2e071716, 0x06222301, 0x17161415, 0x17333703, 0x3a072707, 0x20171621, 0x21161720, 
0xfecb023a, 0x4d65395d, 0x22292e2b, 0x213a351d, 0x44484a51, 0x322d4b2e, 0x6152845d, 0x031a1962, 
0x36150304, 0x07180b1d, 0x050f0606, 0x2d3e302e, 0x4a295547, 0x0d341130, 0x15230e06, 0x28372d2b, 
0x9228f848, 0x3bd3753b, 0x18222218, 0x02212119, 0xfe47477b, 0x5841241f, 0x243e2f33, 0x0e332019, 
0x3453173f, 0x4d274837, 0x586e3a3b, 0x1b405334, 0x09021338, 0x020e0e02, 0x23014601, 0x8b262823, 
0x283a4d0f, 0x05051d37, 0x21070445, 0x08212020, 0xb49946fe, 0x00919126, 0x0000ffff, 0x87025eff, 
0x26126e02, 0x0000f202, 0x75010710, 0x1e003102, 0x0000ffff, 0xb30236ff, 0x26126e02, 0x0000f302, 
0x75010710, 0xf6ffdd01, 0x0000ffff, 0x82025aff, 0x26126e02, 0x0000f402, 0x75010710, 0x1a002402, 
0x00000400, 0x350276fe, 0x0b006e02, 0x35002e00, 0x00004500, 0x33363417, 0x14151632, 0x26222306, 
0x23152301, 0x0e070622, 0x1e141501, 0x36323301, 0x010e1737, 0x012e2223, 0x013e3435, 0x3507013b, 
0x01213521, 0x07173337, 0x2e050727, 0x06222302, 0x013e2707, 0x011e3233, 0x16212917, 0x17202017, 
0xde012116, 0x40303794, 0x2c1d1a17, 0x4c362a47, 0x632c1b2a, 0x3e6d4535, 0x053f6f44, 0x02defe03, 
0xf83ffe07, 0x753b9228, 0x218701d3, 0x0c2d4a43, 0x0b0c0915, 0x66430d18, 0x18292150, 0x19182222, 
0x69022121, 0x120f10ca, 0x3f302134, 0x4a16191e, 0x62341b14, 0x2e594146, 0xfc478704, 0x26b499ed, 
0x2aa49191, 0x02021a37, 0x2f030348, 0x00002548, 0x00000500, 0x5a0276fe, 0x0b006e02, 0x34002300, 
0x4b003b00, 0x34170000, 0x16323336, 0x23061415, 0x23012622, 0x15011e15, 0x23010e14, 0x35012e22, 
0x3b013e34, 0x21350701, 0x32012135, 0x3435013e, 0x22232726, 0x010e0706, 0x07161415, 0x07173337, 
0x2e050727, 0x06222302, 0x013e2707, 0x011e3233, 0x16212f17, 0x17202017, 0x29022116, 0x425850e5, 
0x714b426e, 0x3e6f443f, 0xdefe0407, 0xcdfe5802, 0x3a2b4a30, 0x3d252339, 0x5f211c17, 0x9228f872, 
0x01d3753b, 0x4a432187, 0x09150c2d, 0x0d180b0c, 0x21506643, 0x22221833, 0x21211918, 0x1e897302, 
0x57464971, 0x45613229, 0x052e5b43, 0xdafd4788, 0x302c391b, 0x0e0e184d, 0x46273711, 0xb499ed44, 
0xa4919126, 0x021a372a, 0x03034802, 0x0025482f, 0x00000400, 0x500276fe, 0x0b006e02, 0x4a004300, 
0x00005a00, 0x33363417, 0x14151632, 0x26222306, 0x07062201, 0x3435022e, 0x023e3736, 0x2135013b, 
0x23152135, 0x06222315, 0x15010e07, 0x3e171614, 0x16323301, 0x010e1415, 0x012e2223, 0x011e3727, 
0x35363233, 0x37012634, 0x27071733, 0x022e0507, 0x07062223, 0x33013e27, 0x17011e32, 0x17162144, 
0x16172020, 0x1d220121, 0x331f173a, 0x0f11141d, 0x5d213125, 0x50026ffe, 0x1a1fb86e, 0x1c080709, 
0x1a341710, 0x572c624a, 0x5e714142, 0x77393d28, 0x31393b4b, 0x28f8c3fe, 0xd3753b92, 0x43218701, 
0x150c2d4a, 0x180b0c09, 0x5066430d, 0x22182321, 0x21191822, 0x0e1a0121, 0x382e130b, 0x0d281c22, 
0x56060e0c, 0x069d4747, 0x0b110607, 0x080d2118, 0x2d414b09, 0x48282845, 0x4144312e, 0x23232529, 
0xb4997dfe, 0xa4919126, 0x021a372a, 0x03034802, 0x0025482f, 0x00000400, 0x500276fe, 0x0b006e02, 
0x4c004500, 0x00005c00, 0x33363417, 0x14151632, 0x26222306, 0x012e2225, 0x013e3435, 0x35073337, 
0x15213521, 0x22231523, 0x010e0706, 0x011e1415, 0x33361617, 0x34353632, 0x06222326, 0x17161415, 
0x35012e07, 0x33013e34, 0x15011e32, 0x37050614, 0x27071733, 0x022e0507, 0x07062223, 0x33013e27, 
0x17011e32, 0x1716212d, 0x16172020, 0x4e060121, 0x77484275, 0xfe090746, 0xc04102cf, 0x19454027, 
0x4423201e, 0x081c082f, 0x1c234838, 0x14122c23, 0x21151347, 0x3f313141, 0xc9fe731f, 0x3b9228f8, 
0x8701d375, 0x2d4a4321, 0x0c09150c, 0x430d180b, 0x2a215066, 0x18222218, 0x43212119, 0x46496737, 
0x0b01315f, 0xb0474774, 0x3c131111, 0x263f2b29, 0x2e010107, 0x2b221e29, 0x1d2f1c26, 0x253f230e, 
0x25253c22, 0x5746223c, 0x26b499a5, 0x2aa49191, 0x02021a37, 0x2f030348, 0x00002548, 0x0000ffff, 
0x52024fff, 0x26126e02, 0x0000fd02, 0x75010710, 0x0f001c02, 0x0000ffff, 0x8c0181ff, 0x26126e02, 
0x0000fe02, 0x75010710, 0x41000102, 0x2e00ffff, 0xfd016aff, 0x26127802, 0x0000ff02, 0x75010710, 
0x2a005c02, 0x2a00ffff, 0xe2015bff, 0x26127802, 0x00000003, 0x75010710, 0x1b003f02, 0x0000ffff, 
0xaa0140ff, 0x26126e02, 0x00000103, 0x75010710, 0x0000e701, 0x0000ffff, 0xb4016aff, 0x26126e02, 
0x00000203, 0x75010710, 0x2a000402, 0x0000ffff, 0x80026aff, 0x26126e02, 0x00000303, 0x75010710, 
0x2a000402, 0x0000ffff, 0xb8016aff, 0x26126e02, 0x00000403, 0x75010710, 0x2a001a02, 0x2e00ffff, 
0x3e0240ff, 0x26127802, 0x00000503, 0x75010710, 0x00008602, 0x0000ffff, 0xd50140ff, 0x26126e02, 
0x00000603, 0x75010710, 0x00002a02, 0x0000ffff, 0xc1016aff, 0x26126e02, 0x00000703, 0x75010710, 
0x2a002102, 0x0000ffff, 0x33024fff, 0x26126e02, 0x00000903, 0x75010710, 0x0f007102, 0x0000ffff, 
0xdb021aff, 0x26126e02, 0x00007602, 0x59022710, 0x0000da02, 0x75010710, 0x5a000402, 0x0000ffff, 
0xae016aff, 0x26126e02, 0x00000b03, 0x75010710, 0x2a001302, 0x1c00ffff, 0x280272ff, 0x26127802, 
0x00000c03, 0x75010710, 0x32000102, 0x0000ffff, 0xbe016aff, 0x26126e02, 0x00000d03, 0x75010710, 
0x2a000902, 0x00000400, 0x5302eaff, 0x0b006e02, 0x3a000f00, 0x00004500, 0x33363437, 0x14151632, 
0x26222306, 0x17372725, 0x011e3701, 0x0f061415, 0x07010e01, 0x17011e37, 0x27022e07, 0x3435012e, 
0x16323336, 0x023e2717, 0x27263435, 0x21352317, 0x22230715, 0x3727012e, 0x013b011e, 0x17162135, 
0x16172020, 0x305c0121, 0xa2fe28ca, 0x150e0b1c, 0x31120113, 0x7129041f, 0x6338363f, 0x0b16164c, 
0x3026221e, 0x1d1c3d13, 0x2b090e0c, 0x0f3a02ed, 0x2b46379f, 0x39170e11, 0x1824d525, 0x19182222, 
0x44602121, 0x35013a7d, 0x2636100f, 0x0915412c, 0x090c2217, 0x36327235, 0x1f586431, 0x1311241f, 
0x1f2b3222, 0x1a352808, 0x0d0d3726, 0x08f84747, 0x0537060c, 0x00000005, 0x00000500, 0x9c02f4fe, 
0x0b006e02, 0x46002800, 0x5a004a00, 0x34170000, 0x16323336, 0x23061415, 0x2e132622, 0x36343501, 
0x3b023e37, 0x35213501, 0x15231521, 0x07062223, 0x1415010e, 0x3e131716, 0x26343501, 0x15062223, 
0x17011e14, 0x35022e07, 0x33013e34, 0x15011e32, 0x25070614, 0x17071737, 0x3233013e, 0x0717011e, 
0x2223022e, 0x213d0706, 0x20201716, 0x4c211617, 0x11142b19, 0x1b2d240f, 0x027efe9d, 0x1fed673a, 
0x0807091a, 0x15c5131d, 0x434c4b16, 0x484c1b51, 0x2f5a4036, 0x5354672f, 0x1a13285e, 0x2cd9fefe, 
0x180b55d6, 0x5065440d, 0x43213921, 0x150c2d4a, 0x2218b809, 0x21191822, 0x12b60121, 0x281c2c3d, 
0x060e0c0d, 0x9d474756, 0x11060706, 0x0d24180b, 0x3f1deffe, 0x39383719, 0x4d402039, 0x59313533, 
0x522b355c, 0x2a523636, 0x7b2d4b2a, 0x3b983084, 0x56330302, 0x45352933, 0x00020321, 0x00000300, 
0x2202ccfe, 0x1c006e02, 0x58003900, 0x2e370000, 0x36343501, 0x3b023e37, 0x35213501, 0x15231521, 
0x07062223, 0x1415010e, 0x22131716, 0x3727012e, 0x3233021e, 0x2e343536, 0x06222301, 0x013e2707, 
0x15163233, 0x32030614, 0x1415011e, 0x3e270706, 0x26343502, 0x15062223, 0x17011e14, 0x35022e07, 
0x89013e34, 0x11142b19, 0x1b2d240f, 0x0297fe84, 0x1fd46822, 0x0807091a, 0x406b131d, 0x3d285969, 
0x314f4627, 0x24173535, 0x152b1b15, 0x1c3a1a1a, 0x6a5d534b, 0x3e275747, 0x1f161b3b, 0x4d413912, 
0x49481743, 0x26554538, 0x12e5673f, 0x281c2c3d, 0x060e0c0d, 0x9d474756, 0x11060706, 0x0d24180b, 
0x4b2abafd, 0x3e302b33, 0x1624261d, 0x0b0b0e1d, 0x4d0c0b43, 0x024e3d3f, 0x24402860, 0x43154435, 
0x131b1208, 0x28362622, 0x243c3518, 0x4d492738, 0x2648352a, 0x00000300, 0x2202f4fe, 0x1c006e02, 
0x59003900, 0x2e370000, 0x36343501, 0x3b023e37, 0x35213501, 0x15231521, 0x07062223, 0x1415010e, 
0x22131716, 0x3727012e, 0x3233021e, 0x2e343536, 0x06222301, 0x013e2707, 0x15163233, 0x32030614, 
0x1415011e, 0x2707010e, 0x3435023e, 0x06222326, 0x011e1415, 0x022e0717, 0x013e3435, 0x142b1989, 
0x2d240f11, 0x97fe841b, 0xd4682202, 0x07091a1f, 0x68131d08, 0x28596940, 0x4f46273d, 0x17353531, 
0x2b1b1524, 0x3a1a1a15, 0x5d534b1c, 0x27574767, 0x1926321a, 0x370e1c14, 0x18444a45, 0x45364848, 
0x673f2756, 0x2c3d12e5, 0x0c0d281c, 0x4756060e, 0x07069d47, 0x180b1106, 0xe2fd0d24, 0x2b334b2a, 
0x261d3e30, 0x0e1d1624, 0x0b430b0b, 0x3d3f4d0c, 0x2438024e, 0x321f213a, 0x06410c25, 0x1d0f170f, 
0x17252a20, 0x34213831, 0x2e4a4424, 0x00203e2e, 0x00000300, 0x3802ccfe, 0x1c006e02, 0x58003a00, 
0x2e370000, 0x36343501, 0x3b023e37, 0x35213501, 0x15231521, 0x07062223, 0x1415010e, 0x32371716, 
0x1415011e, 0x3e270706, 0x26343502, 0x15062223, 0x17011e14, 0x35012e07, 0x13013e34, 0x2223010e, 
0x3435012e, 0x1e323336, 0x2e071701, 0x06222302, 0x011e1415, 0x37363233, 0x142b1989, 0x2d240f11, 
0x97fe841b, 0xd4682202, 0x07091a1f, 0x57131d08, 0x3e275747, 0x1f161b3b, 0x4d413912, 0x49481743, 
0x3f576938, 0x391a8967, 0x2648321b, 0x704b4f5c, 0x243d2255, 0x3331514a, 0x14251733, 0xe5152a1c, 
0x1c2c3d12, 0x0e0c0d28, 0x47475606, 0x0607069d, 0x24180b11, 0x40281a0d, 0x15443524, 0x1b120843, 
0x36262213, 0x3c351828, 0x6b383424, 0x26483540, 0x0d0ab7fd, 0x392a4024, 0x355b374f, 0x274c3727, 
0x1e192026, 0x000a0b0d, 0x00000300, 0x4202f4fe, 0x1c006e02, 0x5a003c00, 0x2e370000, 0x36343501, 
0x3b023e37, 0x35213501, 0x15231521, 0x07062223, 0x1415010e, 0x32371716, 0x1415011e, 0x2707010e, 
0x3435023e, 0x06222326, 0x011e1415, 0x022e0717, 0x013e3435, 0x23010e13, 0x35012e22, 0x32333634, 
0x0717011e, 0x2223022e, 0x1e141506, 0x36323301, 0x2b198937, 0x240f1114, 0xfe841b2d, 0x68220297, 
0x091a1fd4, 0x131d0807, 0x27574757, 0x1926321a, 0x370e1c14, 0x18444a45, 0x375d4848, 0x673f1f45, 
0x1b391a93, 0x5c264832, 0x55704b4f, 0x4a243d22, 0x33333151, 0x1c142517, 0x12e5152a, 0x281c2c3d, 
0x060e0c0d, 0x9d474756, 0x11060706, 0x0d24180b, 0x213a241a, 0x0c25321f, 0x170f0641, 0x2a201d0f, 
0x38311725, 0x3e201f21, 0x3e2e2845, 0x0adffd20, 0x2a40240d, 0x5b374f39, 0x4c372735, 0x19202627, 
0x0a0b0d1e, 0x00000300, 0x35025eff, 0x1c006e02, 0x4f003900, 0x2e370000, 0x36343501, 0x3b023e37, 
0x35213501, 0x15231521, 0x07062223, 0x1415010e, 0x32371716, 0x1415011e, 0x34270706, 0x2223012e, 
0x1e141506, 0x2e071702, 0x3e343502, 0x2e221301, 0x36343501, 0x010e1737, 0x011e1415, 0x37363233, 
0x89010e17, 0x11142b19, 0x1b2d240f, 0x0297fe84, 0x1fd47b35, 0x0807091a, 0x4557131d, 0x03022957, 
0x2d381b44, 0x27114846, 0x40362e40, 0x663b2a56, 0x264732e5, 0x3c433d3b, 0x14261736, 0x191d2918, 
0x12e53b16, 0x281c2c3d, 0x060e0c0d, 0x9d474756, 0x11060706, 0x0d24180b, 0x26432a1a, 0x280d210c, 
0x3a142920, 0x34341d35, 0x3335233a, 0x37305b5d, 0x65fe2c50, 0x27273d22, 0x04370c4c, 0x1a162028, 
0x450e090b, 0x00000e0b, 0x00000400, 0x580206ff, 0x1c006e02, 0x4e003800, 0x00006300, 0x35012e37, 
0x3e373634, 0x35013b02, 0x15213521, 0x22231523, 0x010e0706, 0x17161415, 0x011e3237, 0x07061415, 
0x23263427, 0x14150622, 0x0717021e, 0x3435022e, 0x2213013e, 0x3435012e, 0x1737013e, 0x1415010e, 
0x36323316, 0x010e1737, 0x012e2217, 0x37363435, 0x15010e17, 0x32331614, 0x0e173736, 0x2b198901, 
0x240f1114, 0xfe841b2d, 0x7b350297, 0x091a1fd4, 0x131d0807, 0x29574557, 0x3d460302, 0x11484641, 
0x362e4027, 0x3b2a5640, 0x4732e566, 0x36441f26, 0x31353d22, 0x1c2a1820, 0x063b1619, 0x15234735, 
0x12194916, 0x2a1b252c, 0x39171819, 0x2c3d12e5, 0x0c0d281c, 0x4756060e, 0x07069d47, 0x180b1106, 
0x2a1a0d24, 0x210c2643, 0x2928340d, 0x341d353a, 0x35233a34, 0x305b5d33, 0xfe2b5038, 0x233b2275, 
0x0127371a, 0x1b24053b, 0x0d08191c, 0x9b0e0b41, 0x17253c22, 0x1020112b, 0x1a1c111a, 0x0a410a0a, 
0x0000000e, 0x00000400, 0x2202f4fe, 0x1c006e02, 0x57003700, 0x00006300, 0x35012e37, 0x3e373634, 
0x35013b02, 0x15213521, 0x22231523, 0x010e0706, 0x17161415, 0x27262213, 0x33011e37, 0x34353632, 
0x2223012e, 0x3e270706, 0x16323301, 0x03061415, 0x15011e32, 0x07010e14, 0x35023e27, 0x22232634, 
0x1e141506, 0x2e071701, 0x3e343502, 0x36340301, 0x15163233, 0x22230614, 0x2b198926, 0x240f1114, 
0xfe841b2d, 0x68220297, 0x091a1fd4, 0x131d0807, 0x36704896, 0x33562f2e, 0x2918332e, 0x1130191a, 
0x25381a18, 0x885a544c, 0x1a275747, 0x14192632, 0x45370e1c, 0x4818444a, 0x56453648, 0xce673f27, 
0x20171621, 0x21161720, 0x2c3d12e5, 0x0c0d281c, 0x4756060e, 0x07069d47, 0x180b1106, 0xe2fd0d24, 
0x2a30322f, 0x1625251f, 0x080b0e1d, 0x4e0f0b3d, 0x024e3d3e, 0x213a2438, 0x0c25321f, 0x170f0641, 
0x2a201d0f, 0x38311725, 0x44243421, 0x3e2e2e4a, 0x188ffe20, 0x19182222, 0x00002121, 0x00000400, 
0x7d02f4fe, 0x1c006e02, 0x5b003c00, 0x00006700, 0x35012e37, 0x3e373634, 0x35013b02, 0x15213521, 
0x22231523, 0x010e0706, 0x17161415, 0x011e3237, 0x010e1415, 0x023e2707, 0x23263435, 0x14150622, 
0x0717011e, 0x3435022e, 0x0e13013e, 0x2e222301, 0x3e343501, 0x1e323301, 0x2e071701, 0x06222302, 
0x011e1415, 0x37363233, 0x33363425, 0x14151632, 0x26222306, 0x142b1989, 0x2d240f11, 0x97fe841b, 
0xd4682202, 0x07091a1f, 0x57131d08, 0x1a275747, 0x14192632, 0x45370e1c, 0x4818444a, 0x56453648, 
0xce673f27, 0x321c391a, 0x4e2f2647, 0x566f4b2e, 0x4a243d22, 0x34333151, 0x1b142617, 0x7efe152a, 
0x20171621, 0x21161720, 0x2c3d12e5, 0x0c0d281c, 0x4756060e, 0x07069d47, 0x180b1106, 0x241a0d24, 
0x321f213a, 0x06410c25, 0x1d0f170f, 0x17252a20, 0x34213831, 0x2e4a4424, 0xfd203e2e, 0x240d0adf, 
0x3d2b2a40, 0x355b3720, 0x274c3727, 0x1e192026, 0x640a0b0d, 0x19212119, 0x00222218, 0x00000400, 
0x35020eff, 0x0b006e02, 0x45002800, 0x00005b00, 0x33363417, 0x14151632, 0x26222306, 0x35012e13, 
0x3e373634, 0x35013b02, 0x15213521, 0x22231523, 0x010e0706, 0x17161415, 0x011e3237, 0x07061415, 
0x012e3427, 0x15062223, 0x17021e14, 0x35022e07, 0x13013e34, 0x35012e22, 0x17373634, 0x1415010e, 
0x3233011e, 0x0e173736, 0x16213d01, 0x17202017, 0x194c2116, 0x0f11142b, 0x841b2d24, 0x350297fe, 
0x1a1fd47b, 0x1d080709, 0x57455713, 0x44030229, 0x462d381b, 0x40271148, 0x5640362e, 0xe5663b2a, 
0x3b264732, 0x363c433d, 0x18142617, 0x16191d29, 0x2218b83b, 0x21191822, 0x12b60121, 0x281c2c3d, 
0x060e0c0d, 0x9d474756, 0x11060706, 0x0d24180b, 0x26432a1a, 0x280d210c, 0x3a142920, 0x34341d35, 
0x3335233a, 0x37305b5d, 0x65fe2c50, 0x27273d22, 0x04370c4c, 0x1a162028, 0x450e090b, 0x00000e0b, 
0x00000500, 0x580206ff, 0x0b006e02, 0x44002800, 0x6f005a00, 0x34170000, 0x16323336, 0x23061415, 
0x2e132622, 0x36343501, 0x3b023e37, 0x35213501, 0x15231521, 0x07062223, 0x1415010e, 0x32371716, 
0x1415011e, 0x34270706, 0x06222326, 0x021e1415, 0x022e0717, 0x013e3435, 0x012e2213, 0x013e3435, 
0x010e1737, 0x33161415, 0x17373632, 0x2217010e, 0x3435012e, 0x0e173736, 0x16141501, 0x37363233, 
0x3d010e17, 0x20171621, 0x21161720, 0x142b194c, 0x2d240f11, 0x97fe841b, 0xd47b3502, 0x07091a1f, 
0x57131d08, 0x02295745, 0x413d4603, 0x27114846, 0x40362e40, 0x663b2a56, 0x264732e5, 0x2236441f, 
0x2031353d, 0x191c2a18, 0x35063b16, 0x16152347, 0x2c121949, 0x192a1b25, 0xb8391718, 0x18222218, 
0x01212119, 0x2c3d12b6, 0x0c0d281c, 0x4756060e, 0x07069d47, 0x180b1106, 0x2a1a0d24, 0x210c2643, 
0x2928340d, 0x341d353a, 0x35233a34, 0x305b5d33, 0xfe2b5038, 0x233b2275, 0x0127371a, 0x1b24053b, 
0x0d08191c, 0x9b0e0b41, 0x17253c22, 0x1020112b, 0x1a1c111a, 0x0a410a0a, 0x0000000e, 0x00000400, 
0x3a02ccfe, 0x1c006e02, 0x57003900, 0x00005b00, 0x35012e37, 0x3e373634, 0x35013b02, 0x15213521, 
0x22231523, 0x010e0706, 0x17161415, 0x012e2213, 0x021e3727, 0x35363233, 0x23012e34, 0x27070622, 
0x3233013e, 0x06141516, 0x011e3203, 0x07061415, 0x35013e27, 0x22232634, 0x1e141506, 0x2e071701, 
0x3e343502, 0x17370701, 0x2b198907, 0x240f1114, 0xfe9d1b2d, 0x673a027e, 0x091a1fed, 0x131d0807, 
0x5969417c, 0x46273e28, 0x3435324e, 0x1b152516, 0x1a1a152a, 0x544b1c39, 0x5f50735d, 0x461a132a, 
0x4b4c1615, 0x4a1d4f45, 0x59493345, 0x04673127, 0xe5d62cd9, 0x1c2c3d12, 0x0e0c0d28, 0x47475606, 
0x0607069d, 0x24180b11, 0x2abafd0d, 0x302b334b, 0x24261d3e, 0x0b0e1d16, 0x0c0b430b, 0x4e3d3f4d, 
0x4d336802, 0x2a472728, 0x173b1a26, 0x31323433, 0x26383722, 0x4f4b2938, 0x314d2a2e, 0x8b3077c4, 
0x00000400, 0x3a02f4fe, 0x1c006e02, 0x59003900, 0x00005d00, 0x35012e37, 0x3e373634, 0x35013b02, 
0x15213521, 0x22231523, 0x010e0706, 0x17161415, 0x012e2213, 0x021e3727, 0x35363233, 0x23012e34, 
0x27070622, 0x3233013e, 0x06141516, 0x011e3203, 0x07061415, 0x35013e27, 0x23012e34, 0x14150622, 
0x0717011e, 0x3435022e, 0x3707023e, 0x19890717, 0x0f11142b, 0x9c1b2d24, 0x3a027ffe, 0x1a1fec68, 
0x1d080709, 0x69417c13, 0x273e2859, 0x35324e46, 0x15251634, 0x1a152a1b, 0x4b1c391a, 0x51765d54, 
0x1d112a61, 0x1e161341, 0x464e3843, 0x3642491d, 0x251c5353, 0xb4185340, 0x12e5c640, 0x281c2c3d, 
0x060e0c0d, 0x9d474756, 0x11060706, 0x0d24180b, 0x4b2ae2fd, 0x3e302b33, 0x1624261d, 0x0b0b0e1d, 
0x4d0c0b43, 0x024e3d3f, 0x2e4c2e3f, 0x28244514, 0x1b1e2b16, 0x29311628, 0x1d363419, 0x454c2b34, 
0x2738261f, 0x2064b313, 0x00000089, 0x00000400, 0x5102ccfe, 0x1c006e02, 0x57003a00, 0x00005b00, 
0x35012e37, 0x3e373634, 0x35013b02, 0x15213521, 0x22231523, 0x010e0706, 0x17161415, 0x012e2213, 
0x33363435, 0x17011e32, 0x23022e07, 0x14150622, 0x3233011e, 0x0e173736, 0x1e320301, 0x06141501, 
0x013e2707, 0x23263435, 0x14150622, 0x0717011e, 0x3435012e, 0x3707013e, 0x19890717, 0x0f11142b, 
0x9d1b2d24, 0x3a027efe, 0x1a1fed67, 0x1d080709, 0x47324e13, 0x4b4f5c26, 0x3d225570, 0x31514a24, 
0x25173532, 0x142b1b15, 0x0b391a1a, 0x132a5f50, 0x1615461a, 0x4f454b4c, 0x53454a1d, 0x67314c5d, 
0xd62cd904, 0x2c3d12e5, 0x0c0d281c, 0x4756060e, 0x07069d47, 0x180b1106, 0xbafd0d24, 0x392a4024, 
0x355b3850, 0x284c3727, 0x1e192027, 0x460a0b0d, 0x68020d0a, 0x27284d33, 0x1a262a47, 0x3433173b, 
0x37223132, 0x36232638, 0x4d2a4066, 0x3077c431, 0x0000008b, 0x00000400, 0x5102f4fe, 0x1c006e02, 
0x5a003a00, 0x00005e00, 0x35012e37, 0x3e373634, 0x35013b02, 0x15213521, 0x22231523, 0x010e0706, 
0x17161415, 0x012e2213, 0x33363435, 0x17011e32, 0x23022e07, 0x14150622, 0x3233011e, 0x0e173736, 
0x1e320301, 0x06141501, 0x013e2707, 0x012e3435, 0x15062223, 0x17011e14, 0x35022e07, 0x07023e34, 
0x89071737, 0x11142b19, 0x1b2d240f, 0x027ffe9c, 0x1fec683a, 0x0807091a, 0x324e131d, 0x4f5c2647, 
0x2255704b, 0x514a243d, 0x17343331, 0x2b1b1525, 0x391a1a14, 0x2a61510e, 0x13411d11, 0x38431e16, 
0x491d464e, 0x44435942, 0x53402518, 0xc640b418, 0x2c3d12e5, 0x0c0d281c, 0x4756060e, 0x07069d47, 
0x180b1106, 0xe2fd0d24, 0x392a4024, 0x355b3850, 0x284c3727, 0x1e192027, 0x460a0b0d, 0x3f020d0a, 
0x142e4c2e, 0x16282445, 0x281b1e2b, 0x19293116, 0x211d3634, 0x1c404527, 0x13273826, 0x892064b3, 
0x00000200, 0x4102f4ff, 0x2a006e02, 0x00003e00, 0x011e3701, 0x0f061415, 0x07010e01, 0x17021e37, 
0x27022e07, 0x3435012e, 0x16323336, 0x013e2717, 0x27263435, 0x21352117, 0x06140715, 0x013e2707, 
0x23263435, 0x27070622, 0x3233013e, 0x1c1c0116, 0x07050d0b, 0x37551504, 0x544b1e04, 0x683b362b, 
0x0d161750, 0x3026221e, 0x34393e13, 0xfe2d0b0f, 0x3a4102ed, 0x14481d21, 0x19232221, 0x1c101d27, 
0x4a352c3c, 0x100f2702, 0x1e102636, 0x3b2e140e, 0x4b230816, 0x31362249, 0x1f1f5864, 0x22131124, 
0x13232b32, 0x391d2f43, 0x47470e0b, 0x25572eff, 0x23451729, 0x17122a23, 0x49241931, 0x00000300, 
0x2103f4ff, 0x28006e02, 0x4e003000, 0x37010000, 0x1415011e, 0x3707010e, 0x0717021e, 0x2e27022e, 
0x3e343501, 0x16323301, 0x013e2717, 0x27263435, 0x21352117, 0x012e0115, 0x16322723, 0x2e22011f, 
0x3e343501, 0x1e323301, 0x2e071701, 0x06222302, 0x33161415, 0x17373632, 0x1c01010e, 0x2e0d0b1c, 
0x1e043350, 0x362b544b, 0x1750683b, 0x1c0d0d16, 0x13302617, 0x0f34393e, 0xedfe2d0b, 0x7dfe2103, 
0x0938431f, 0x541f4f35, 0x21253f28, 0x5d3d3443, 0x1e3f1c48, 0x2b253e3c, 0x0f1d2a28, 0x1918111d, 
0x0f27022c, 0x38263610, 0x0814364d, 0x22494b23, 0x58643136, 0x11241f1f, 0x3210180d, 0x4313232b, 
0x0b391d2f, 0xfe47470e, 0x46251cdf, 0x24c21517, 0x3f222a3f, 0x395d3728, 0x264b3a22, 0x1f251c2b, 
0x0a430705, 0x00000006, 0x00000200, 0x3602f4fe, 0x3b006e02, 0x00005800, 0x2f022e05, 0x35012e01, 
0x32333634, 0x0e141516, 0x0e010f01, 0x2e222301, 0x36343502, 0x3b013e37, 0x21350701, 0x23152135, 
0x06222315, 0x15010e07, 0x32331614, 0x1e173736, 0x3e271701, 0x16323301, 0x23061415, 0x27012e22, 
0x33021e37, 0x34353632, 0x2223012e, 0xa0010706, 0x08191f11, 0x2a09060e, 0x142d2b19, 0x0d191522, 
0x552a1627, 0x191f2b47, 0x293b6021, 0x02d9fe24, 0x3a319e16, 0x19161947, 0x1a0c524f, 0x230e301c, 
0x3a1ab81e, 0x5d534b1c, 0x59694056, 0x46273d28, 0x3535314f, 0x1b152417, 0x1a32152b, 0x20122d32, 
0x230b2408, 0x1b1d311d, 0x02051221, 0x2f150504, 0x3f2c394f, 0x241a1d16, 0xa6474783, 0x2e0f100e, 
0x02453520, 0x3a1d2c06, 0x0c0b0c29, 0x4e3d3f4d, 0x2b334b2a, 0x261d3e30, 0x0e1d1624, 0x00000b0b, 
0x00000200, 0xa802f4fe, 0x3b006e02, 0x00005900, 0x2f022e05, 0x35012e01, 0x32333634, 0x0e141516, 
0x0e010f01, 0x2e222301, 0x36343502, 0x3b013e37, 0x21350701, 0x23152135, 0x06222315, 0x15010e07, 
0x32331614, 0x1e173736, 0x0e071701, 0x2e222301, 0x36343501, 0x011e3233, 0x022e0717, 0x15062223, 
0x33011e14, 0x01373632, 0x1b2210a4, 0x09060e08, 0x2d2b192a, 0x19152214, 0x2a16270d, 0x1f2b4755, 
0x3b602119, 0xd9fe2429, 0x319e1602, 0x1619473a, 0x0c524f19, 0x0e301c1a, 0x19081e23, 0x48321c39, 
0x4b4f5c26, 0x3e225670, 0x31514924, 0x26173433, 0x152a1b14, 0x31361a3a, 0x24082012, 0x311d230b, 
0x12211b1d, 0x05040205, 0x394f2f15, 0x1d163f2c, 0x4783241a, 0x100ea647, 0x35202e0f, 0x2c060245, 
0xdd293a1d, 0x40240d0a, 0x3850392a, 0x3727355b, 0x2027284c, 0x0b0d1e19, 0x0000000a, 0x00000200, 
0x3b02f4fe, 0x3b006e02, 0x00005100, 0x2f012e05, 0x35012e01, 0x32333634, 0x0e141516, 0x0e010f01, 
0x2e222301, 0x36343502, 0x3b013e37, 0x21350701, 0x23152135, 0x06222315, 0x15010e07, 0x32331614, 
0x1e173736, 0x22071702, 0x3435012e, 0x07173736, 0x1415010e, 0x36323316, 0x010e1737, 0x22148f01, 
0x09060e0a, 0x2d2b192a, 0x19152214, 0x2a16270d, 0x1f2b4755, 0x3b602119, 0xd9fe2429, 0x319e1602, 
0x1619473a, 0x0c524f19, 0x0a301c1a, 0x31142018, 0x48264832, 0x31285237, 0x201f322e, 0x1919222f, 
0x41222043, 0x24082016, 0x311d230b, 0x12211b1d, 0x05040205, 0x394f2f15, 0x1d163f2c, 0x4783241a, 
0x100ea647, 0x35202e0f, 0x2c060245, 0x1c302b13, 0x2a4024ea, 0x2d0d4636, 0x21290d0b, 0x120f1f22, 
0x00160d45, 0x00000300, 0x3402f4fe, 0x3b006e02, 0x5c003f00, 0x2e050000, 0x2e012f02, 0x36343501, 
0x15163233, 0x07010e14, 0x23010e27, 0x35022e22, 0x3e373634, 0x07013b01, 0x21352135, 0x23152315, 
0x0e070622, 0x16141501, 0x37363233, 0x17011e17, 0x0d17012d, 0x012e2201, 0x021e3727, 0x35363233, 
0x23012e34, 0x27070622, 0x3233013e, 0x06141516, 0x2010a001, 0x060e0819, 0x2b192a09, 0x1522142d, 
0x16230d19, 0x2d48562a, 0x6021191f, 0xfe24293b, 0x9e1602d9, 0x19473a31, 0x524f1916, 0x301c1a0c, 
0xfe1e230e, 0x481a014a, 0x4701c6fe, 0x254d5b37, 0x41351e3d, 0x112e292e, 0x23111720, 0x34171a11, 
0x51494319, 0x2d321a32, 0x24082012, 0x311d230b, 0x12211b1d, 0x05040305, 0x394d2e13, 0x1d163f2c, 
0x4783241a, 0x100ea647, 0x35202e0f, 0x2c060245, 0x1c293a1d, 0xcaa81d7f, 0x2b364b27, 0x27233f29, 
0x0f1d1523, 0x09410807, 0x3d3e4e09, 0x0000004e, 0x00000300, 0xa802f4fe, 0x3b006e02, 0x5e003f00, 
0x2e050000, 0x2e012f02, 0x36343501, 0x15163233, 0x07010e14, 0x23010e27, 0x35022e22, 0x3e373634, 
0x07013b01, 0x21352135, 0x23152315, 0x0e070622, 0x16141501, 0x37363233, 0x17011e17, 0x0d17012d, 
0x23010e01, 0x35012e22, 0x33013e34, 0x17011e32, 0x23022e07, 0x14150622, 0x3233011e, 0xa4013736, 
0x081b2210, 0x2a09060e, 0x142d2b19, 0x0d191522, 0x562a1623, 0x191f2d48, 0x293b6021, 0x02d9fe24, 
0x3a319e16, 0x19161947, 0x1a0c524f, 0x230e301c, 0x014afe1e, 0xc6fe481a, 0x39198601, 0x2648321c, 
0x4b344d2a, 0x3e225670, 0x31514924, 0x26173433, 0x152a1b14, 0x31361a3a, 0x24082012, 0x311d230b, 
0x12211b1d, 0x05040305, 0x394d2e13, 0x1d163f2c, 0x4783241a, 0x100ea647, 0x35202e0f, 0x2c060245, 
0x1c293a1d, 0xb3a81d7f, 0x40240d0a, 0x253e262a, 0x27355b38, 0x27284c37, 0x0d1e1920, 0x00000a0b, 
0x00000300, 0x3b02f4fe, 0x3b006e02, 0x55003f00, 0x2e050000, 0x2e012f01, 0x36343501, 0x15163233, 
0x07010e14, 0x23010e27, 0x35022e22, 0x3e373634, 0x07013b01, 0x21352135, 0x23152315, 0x0e070622, 
0x16141501, 0x37363233, 0x17021e17, 0x0d17012d, 0x012e2201, 0x37363435, 0x010e0717, 0x33161415, 
0x17373632, 0x8f01010e, 0x0e0a2214, 0x192a0906, 0x22142d2b, 0x230d1915, 0x48562a16, 0x21191f2d, 
0x24293b60, 0x1602d9fe, 0x473a319e, 0x4f191619, 0x1c1a0c52, 0x20180a30, 0x0143fe14, 0xc6fe481a, 
0x48326401, 0x52374826, 0x322e3128, 0x222f201f, 0x20431919, 0x20164122, 0x230b2408, 0x1b1d311d, 
0x03051221, 0x2e130504, 0x3f2c394d, 0x241a1d16, 0xa6474783, 0x2e0f100e, 0x02453520, 0x2b132c06, 
0x7f261c30, 0x24caa81d, 0x46362a40, 0x0d0b2d0d, 0x1f222129, 0x0d45120f, 0x00000016, 0x00000300, 
0x4102eaff, 0x0b006e02, 0x4a003600, 0x34370000, 0x16323336, 0x23061415, 0x37132622, 0x1415011e, 
0x0e010f06, 0x1e370701, 0x2e071702, 0x012e2702, 0x33363435, 0x27171632, 0x3435013e, 0x21172726, 
0x07152135, 0x27070614, 0x3435013e, 0x06222326, 0x013e2707, 0x35163233, 0x20171621, 0x21161720, 
0x0d0b1ce7, 0x15040705, 0x1e043755, 0x362b544b, 0x1750683b, 0x221e0d16, 0x3e133026, 0x0b0f3439, 
0x02edfe2d, 0x1d213a41, 0x22211448, 0x1d271923, 0x2c3c1c10, 0x18244a35, 0x19182222, 0x1c022121, 
0x2636100f, 0x140e1e10, 0x08163b2e, 0x22494b23, 0x58643136, 0x11241f1f, 0x2b322213, 0x2f431323, 
0x0e0b391d, 0x2eff4747, 0x17292557, 0x2a232345, 0x19311712, 0x00004924, 0x00000400, 0x2103eaff, 
0x0b006e02, 0x3c003400, 0x00005a00, 0x33363437, 0x14151632, 0x26222306, 0x011e3713, 0x010e1415, 
0x021e3707, 0x022e0717, 0x35012e27, 0x33013e34, 0x27171632, 0x3435013e, 0x21172726, 0x01152135, 
0x2723012e, 0x011f1632, 0x35012e22, 0x33013e34, 0x17011e32, 0x23022e07, 0x14150622, 0x36323316, 
0x010e1737, 0x17162135, 0x16172020, 0x0b1ce721, 0x33502e0d, 0x544b1e04, 0x683b362b, 0x0d161750, 
0x26171c0d, 0x393e1330, 0x2d0b0f34, 0x2103edfe, 0x431f7dfe, 0x4f350938, 0x3f28541f, 0x34432125, 
0x1c485d3d, 0x3e3c1e3f, 0x2a282b25, 0x111d0f1d, 0x242c1918, 0x18222218, 0x02212119, 0x36100f1c, 
0x364d3826, 0x4b230814, 0x31362249, 0x1f1f5864, 0x180d1124, 0x232b3210, 0x1d2f4313, 0x470e0b39, 
0x1cdffe47, 0x15174625, 0x2a3f24c2, 0x37283f22, 0x3a22395d, 0x1c2b264b, 0x07051f25, 0x00060a43, 
0x00000300, 0x3602f4fe, 0x3b006e02, 0x63005700, 0x2e050000, 0x2e012f02, 0x36343501, 0x15163233, 
0x0f010e14, 0x23010e01, 0x35022e22, 0x3e373634, 0x07013b01, 0x21352135, 0x23152315, 0x0e070622, 
0x16141501, 0x37363233, 0x17011e17, 0x33013e27, 0x14151632, 0x2e222306, 0x1e372701, 0x36323301, 
0x012e3435, 0x07062223, 0x33363425, 0x14151632, 0x26222306, 0x1d119b01, 0x060e0816, 0x2b192a09, 
0x1522142d, 0x16270d19, 0x2b47552a, 0x6021191f, 0xfe24293b, 0x9e1602d9, 0x19473a31, 0x524f1916, 
0x301c1a0c, 0x9a1d240e, 0x461f2f15, 0x3a4a5147, 0x3d234b5c, 0x273d562f, 0x15201330, 0xfe112311, 
0x171720de, 0x17172020, 0x321a3220, 0x0820122d, 0x1d230b24, 0x211b1d31, 0x04020512, 0x4f2f1505, 
0x163f2c39, 0x83241a1d, 0x0ea64747, 0x202e0f10, 0x06024535, 0x263d1d2c, 0x510a0811, 0x2a4e3d3b, 
0x492b334b, 0x16252542, 0x08070e1d, 0x2222184a, 0x22221818, 0x00000300, 0xa802f4fe, 0x0b006e02, 
0x65004700, 0x34170000, 0x16323336, 0x23061415, 0x2e052622, 0x2e012f02, 0x36343501, 0x15163233, 
0x0f010e14, 0x23010e01, 0x35022e22, 0x3e373634, 0x07013b01, 0x21352135, 0x23152315, 0x0e070622, 
0x16141501, 0x37363233, 0x17011e17, 0x23010e07, 0x35012e22, 0x32333634, 0x0717011e, 0x2223022e, 
0x1e141506, 0x36323301, 0x16214a37, 0x17202017, 0x5a012116, 0x081b2210, 0x2a09060e, 0x142d2b19, 
0x0d191522, 0x552a1627, 0x191f2b47, 0x293b6021, 0x02d9fe24, 0x3a319e16, 0x19161947, 0x1a0c524f, 
0x230e301c, 0x3919081e, 0x2648321c, 0x704b4f5c, 0x243e2256, 0x33315149, 0x14261734, 0x09152a1b, 
0x18222218, 0x18212119, 0x1231361a, 0x0b240820, 0x1d311d23, 0x0512211b, 0x15050402, 0x2c394f2f, 
0x1a1d163f, 0x47478324, 0x0f100ea6, 0x4535202e, 0x1d2c0602, 0x0add293a, 0x2a40240d, 0x5b385039, 
0x4c372735, 0x19202728, 0x0a0b0d1e, 0x0000ffff, 0x3b02f4fe, 0x26126e02, 0x00004603, 0x75010710, 
0x4c00c601, 0x00000300, 0x50027cfe, 0x37006e02, 0x5e004300, 0x22250000, 0x022e0706, 0x37363435, 
0x013b023e, 0x21352135, 0x23152315, 0x0e070622, 0x16141501, 0x33013e17, 0x14151632, 0x2223010e, 
0x3727012e, 0x3233011e, 0x26343536, 0x33363403, 0x14151632, 0x26222306, 0x27262213, 0x33011e37, 
0x34353632, 0x06222326, 0x013e2707, 0x011e3233, 0x01061415, 0x173a1d66, 0x141d331f, 0x31250f11, 
0x6ffe5d21, 0xb86e5002, 0x07091a1f, 0x17101c08, 0x624a1a34, 0x4142572c, 0x3d285e71, 0x3b4b7739, 
0x218f3139, 0x20201716, 0x49211617, 0x3738825b, 0x2f406438, 0x161c2d2e, 0x18171428, 0x422e1a36, 
0x0ede5523, 0x382e130b, 0x0d281c22, 0x56060e0c, 0x069d4747, 0x0b110607, 0x080d2118, 0x2d414b09, 
0x48282845, 0x4144312e, 0x23232529, 0x1c19dcfe, 0x1b19191c, 0x4cdbfe1b, 0x393c303e, 0x181d1c1f, 
0x0b430b0b, 0x2638200c, 0x00004734, 0x00000300, 0x50027bfe, 0x37006e02, 0x61004300, 0x22250000, 
0x022e0706, 0x37363435, 0x013b023e, 0x21352135, 0x23152315, 0x0e070622, 0x16141501, 0x33013e17, 
0x14151632, 0x2223010e, 0x3727012e, 0x3233011e, 0x26343536, 0x33363403, 0x14151632, 0x26222306, 
0x35262213, 0x33013e34, 0x17011e32, 0x23022e07, 0x14150622, 0x3233011e, 0x0e173736, 0x1d660101, 
0x331f173a, 0x0f11141d, 0x5d213125, 0x50026ffe, 0x1a1fb86e, 0x1c080709, 0x1a341710, 0x572c624a, 
0x5e714142, 0x77393d28, 0x31393b4b, 0x1716218f, 0x16172020, 0x4f461e21, 0x452f4627, 0x3e225067, 
0x2b494220, 0x22152e2e, 0x13281712, 0xde341917, 0x2e130b0e, 0x281c2238, 0x060e0c0d, 0x9d474756, 
0x11060706, 0x0d21180b, 0x414b0908, 0x2828452d, 0x44312e48, 0x23252941, 0x19dcfe23, 0x19191c1c, 
0xdafe1b1b, 0x37233846, 0x30513221, 0x23433027, 0x19141a1f, 0x44090c0a, 0x00000c0a, 0x00000300, 
0x41027cfe, 0x39006e02, 0x60004500, 0x22210000, 0x3435012e, 0x3337013e, 0x35213507, 0x15231521, 
0x07062223, 0x1415010e, 0x1617011e, 0x36323336, 0x23263435, 0x14150622, 0x2e071716, 0x3e343501, 
0x1e323301, 0x06141501, 0x33363407, 0x14151632, 0x26222306, 0x27262213, 0x33011e37, 0x34353632, 
0x06222326, 0x013e2707, 0x011e3233, 0x01061415, 0x42754e33, 0x07467748, 0x02cffe09, 0x4027c041, 
0x201e1945, 0x082f4423, 0x4838081c, 0x2c231c23, 0x13471412, 0x31412115, 0x731f3f31, 0x171621a3, 
0x16172020, 0x825b4921, 0x64383738, 0x2d2e2f40, 0x1428161c, 0x1a361817, 0x5523422e, 0x46496737, 
0x0b01315f, 0xb0474774, 0x3c131111, 0x263f2b29, 0x2e010107, 0x2b221e29, 0x1d2f1c26, 0x253f230e, 
0x25253c22, 0x5746223c, 0x1c1c1946, 0x1b1b1919, 0x3e4cdbfe, 0x1f393c30, 0x0b181d1c, 0x0c0b430b, 
0x34263820, 0x00000047, 0x00000300, 0x41027bfe, 0x39006e02, 0x63004500, 0x22210000, 0x3435012e, 
0x3337013e, 0x35213507, 0x15231521, 0x07062223, 0x1415010e, 0x1617011e, 0x36323336, 0x23263435, 
0x14150622, 0x2e071716, 0x3e343501, 0x1e323301, 0x06141501, 0x33363407, 0x14151632, 0x26222306, 
0x35262213, 0x33013e34, 0x17011e32, 0x23022e07, 0x14150622, 0x3233011e, 0x0e173736, 0x4e330101, 
0x77484275, 0xfe090746, 0xc04102cf, 0x19454027, 0x4423201e, 0x081c082f, 0x1c234838, 0x14122c23, 
0x21151347, 0x3f313141, 0x21a3731f, 0x20201716, 0x1e211617, 0x46274f46, 0x5067452f, 0x42203e22, 
0x2e2e2b49, 0x17122215, 0x19171328, 0x49673734, 0x01315f46, 0x4747740b, 0x131111b0, 0x3f2b293c, 
0x01010726, 0x221e292e, 0x2f1c262b, 0x3f230e1d, 0x253c2225, 0x46223c25, 0x1c194657, 0x1b19191c, 
0x46dafe1b, 0x21372338, 0x27305132, 0x1f234330, 0x0a19141a, 0x0a44090c, 0x0000000c, 0x47ff0200, 
0xb5ff6702, 0x03008003, 0x00000f00, 0x23153303, 0x35262237, 0x32333634, 0x06141516, 0x285151aa, 
0x1a1d1d1a, 0x031d1d1a, 0x1db69900, 0x1c1c1515, 0x001d1515, 0x05ff0200, 0x85006702, 0x03008003, 
0x00001800, 0x15333503, 0x33363437, 0x07171632, 0x2223012e, 0x16141506, 0x2e231517, 0x2a51fb01, 
0x35214258, 0x26111615, 0x1a2a2816, 0x1d145017, 0xbebe6702, 0x0d434393, 0x0c09420b, 0x3c21232d, 
0x4c230324, 0x05ff0300, 0x85006702, 0x03008003, 0x24001800, 0x35030000, 0x34371533, 0x16323336, 
0x012e0717, 0x15062223, 0x15171614, 0x17012e23, 0x32333634, 0x06141516, 0xfb262223, 0x42582a51, 
0x16153521, 0x28162611, 0x50171a2a, 0x1e821d14, 0x1d1d1514, 0x021e1415, 0x93bebe67, 0x0b0d4343, 
0x2d0c0942, 0x243c2123, 0x024c2303, 0x151d1d15, 0x001d1d15, 0x0000ffff, 0x11010000, 0x26128003, 
0x00007701, 0x53030710, 0x00000301, 0x0000ffff, 0x88010000, 0x26128003, 0x00007701, 0x54030710, 
0x00000301, 0x0000ffff, 0x88010000, 0x26128003, 0x00007701, 0x55030710, 0x00000301, 0x24ffffff, 
0x11010000, 0x26128003, 0x00007901, 0x3b010710, 0x2c005101, 0x24ff0200, 0x30010000, 0x20008003, 
0x00003200, 0x33352313, 0x2223022e, 0x16141506, 0x012e2317, 0x33363435, 0x011f1632, 0x3317011e, 
0x23112315, 0x17163213, 0x23012e07, 0x14150622, 0x012f1716, 0x59593634, 0x32271257, 0x142a2825, 
0x1211500e, 0x45324b54, 0x1f130c1c, 0x51676e0f, 0x1436206d, 0x16261116, 0x03042a28, 0x024f1932, 
0x59464727, 0x222b312c, 0x40231d37, 0x28534122, 0x57200f2c, 0xd9fd4738, 0x0b0d8003, 0x2d0c0942, 
0x0c180c23, 0x43433b04, 0x24ff0300, 0x30010000, 0x20008003, 0x3e002c00, 0x23130000, 0x022e3335, 
0x15062223, 0x23171614, 0x3435012e, 0x16323336, 0x011e011f, 0x23153317, 0x22132311, 0x36343526, 
0x15163233, 0x32270614, 0x2e071716, 0x06222301, 0x17161415, 0x3634012f, 0x12575959, 0x28253227, 
0x500e142a, 0x4b541211, 0x0c1c4532, 0x6e0f1f13, 0x15875167, 0x14151d1d, 0x202e1d1d, 0x11161436, 
0x2a281626, 0x19320304, 0x4727024f, 0x312c5946, 0x1d37222b, 0x41224023, 0x0f2c2853, 0x47385720, 
0xa202d9fd, 0x1d15151d, 0x1d15151d, 0x420b0dde, 0x232d0c09, 0x040c180c, 0x0043433b, 0xa0feffff, 
0x4500a802, 0x06128003, 0x00003a01, 0xf1fd0200, 0x2e006702, 0x0f008003, 0x00002400, 0x23020e03, 
0x27012e22, 0x33011e37, 0x13373632, 0x3435012e, 0x3233013e, 0x2e071716, 0x06222301, 0x17161415, 
0x43341493, 0x38482e2c, 0x39174617, 0x0e2f312d, 0x291d1539, 0x36202c46, 0x26111614, 0x1b2a2816, 
0x445e0319, 0x51272250, 0x4446183f, 0xeefe4349, 0x2d244c23, 0x0b0d1e3b, 0x2d0c0942, 0x243f2123, 
0xf1fd0300, 0x2e006702, 0x0f008003, 0x30002400, 0x0e030000, 0x2e222302, 0x1e372701, 0x36323301, 
0x012e1337, 0x013e3435, 0x17163233, 0x23012e07, 0x14150622, 0x34271716, 0x16323336, 0x23061415, 
0x14932622, 0x2e2c4334, 0x46173848, 0x312d3917, 0x15390e2f, 0x2c46291d, 0x16143620, 0x28162611, 
0x01191b2a, 0x1d15141d, 0x1d14151d, 0x50445e03, 0x3f512722, 0x49444618, 0x23eefe43, 0x3b2d244c, 
0x420b0d1e, 0x232d0c09, 0x6d243f21, 0x151d1d15, 0x001d1d15, 0x25fe0200, 0xf0ff6702, 0x18008003, 
0x00002400, 0x23022e03, 0x22230622, 0x3727012e, 0x3233021e, 0x1e323336, 0x34271702, 0x16323336, 
0x23061415, 0x0baa2622, 0x0d192218, 0x39230d1a, 0x0b42142f, 0x0e1c2317, 0x2d1c1220, 0x200d1f25, 
0x20171720, 0x20171720, 0x36306702, 0x3b160216, 0x281d1737, 0x2c130413, 0x18c93a4c, 0x18182222, 
0x00002222, 0x25fe0200, 0x31006702, 0x18008003, 0x00002900, 0x23022e03, 0x22230622, 0x3727012e, 
0x3233021e, 0x1e323336, 0x3e271702, 0x16323301, 0x012e0717, 0x15062223, 0xaa171614, 0x1922180b, 
0x230d1a0d, 0x42142f39, 0x1c23170b, 0x1b12200e, 0x0d20262c, 0x3a530970, 0x16143421, 0x29152611, 
0x0201022a, 0x16363067, 0x373b1602, 0x13281d17, 0x4c2c1304, 0x3735ad3a, 0x09420b0d, 0x09242d0c, 
0x00000814, 0x25fe0300, 0x31006702, 0x18008003, 0x35002900, 0x2e030000, 0x06222302, 0x012e2223, 
0x021e3727, 0x33363233, 0x17021e32, 0x33013e27, 0x07171632, 0x2223012e, 0x16141506, 0x2622011f, 
0x33363435, 0x14151632, 0x180baa06, 0x1a0d1922, 0x2f39230d, 0x170b4214, 0x200e1c23, 0x262c1b12, 
0x09700d20, 0x34213a53, 0x26111614, 0x022a2915, 0x1d156201, 0x1e14151d, 0x3067021e, 0x16021636, 
0x1d17373b, 0x13041328, 0xad3a4c2c, 0x0b0d3735, 0x2d0c0942, 0x08140924, 0x15151d23, 0x15151d1d, 
0x0000001d, 0x67fe0200, 0xfeff6702, 0x10008003, 0x00001c00, 0x23022e03, 0x27070622, 0x3233013e, 
0x2717021e, 0x32333634, 0x06141516, 0xa9262223, 0x22322915, 0x180e2216, 0x291c2a15, 0x152e3440, 
0x17162113, 0x16172121, 0x4f670221, 0x0509265b, 0x1c060849, 0xce506d40, 0x18222218, 0x00222218, 
0x67fe0200, 0x33006702, 0x13008003, 0x00002800, 0x23022e03, 0x27070622, 0x3233013e, 0x011f011e, 
0x2717011e, 0x3435012e, 0x3233013e, 0x2e071716, 0x06222301, 0x17161415, 0x322915a9, 0x0e221622, 
0x1c2a1518, 0x14283223, 0x0e1e1112, 0x1e060455, 0x36202c3c, 0x26111614, 0x032a2816, 0x4f670204, 
0x0509265b, 0x11060849, 0x1f152227, 0x0f573754, 0x3b2d0e1f, 0x420b0d1e, 0x232d0c09, 0x000b170b, 
0x67fe0300, 0x33006702, 0x13008003, 0x34002800, 0x2e030000, 0x06222302, 0x013e2707, 0x011e3233, 
0x011e011f, 0x012e2717, 0x013e3435, 0x17163233, 0x23012e07, 0x14150622, 0x22011f16, 0x36343526, 
0x15163233, 0x15a90614, 0x16223229, 0x15180e22, 0x32231c2a, 0x11121428, 0x04550e1e, 0x2c3c1e06, 
0x16143620, 0x28162611, 0x5d04032a, 0x141e1e14, 0x021d1d15, 0x265b4f67, 0x08490509, 0x22271106, 
0x37541f15, 0x0e1f0f57, 0x0d1e3b2d, 0x0c09420b, 0x170b232d, 0x151d1c0b, 0x151d1d15, 0x00001d15, 
0x54fe0200, 0xfeff6702, 0x1f008003, 0x00002b00, 0x23022e03, 0x27070622, 0x3233013e, 0x2e371716, 
0x06222302, 0x013e2707, 0x021e3233, 0x36342717, 0x15163233, 0x22230614, 0x2d1bb326, 0x2a141a2b, 
0x32171a14, 0x18462d1d, 0x2c261404, 0x0e20181f, 0x1c2a1517, 0x2e344029, 0x16211315, 0x17212117, 
0x67022116, 0x0c0b2528, 0x0c0a4509, 0x3402262b, 0x06081839, 0x1c060845, 0xc9506d40, 0x18222218, 
0x00222218, 0x54fe0200, 0x33006702, 0x22008003, 0x00003300, 0x23022e03, 0x27070622, 0x3233013e, 
0x2e371716, 0x06222302, 0x013e2707, 0x011e3233, 0x011e011f, 0x16321317, 0x012e0717, 0x15062223, 
0x27171614, 0x1bb33634, 0x141a2b2d, 0x171a142a, 0x462d1d32, 0x26140418, 0x20181f2c, 0x2a15170e, 
0x2b34211c, 0x1f111111, 0x3620270e, 0x26111614, 0x032a2816, 0x02444204, 0x0b252867, 0x0a45090c, 
0x02262b0c, 0x08183934, 0x06084506, 0x12222812, 0x0137551f, 0x420b0d19, 0x232d0c09, 0x3c0b170b, 
0x00004343, 0x54fe0300, 0x33006702, 0x22008003, 0x3f002e00, 0x2e030000, 0x06222302, 0x013e2707, 
0x17163233, 0x23022e37, 0x27070622, 0x3233013e, 0x011f011e, 0x3717011e, 0x34352622, 0x16323336, 
0x27061415, 0x07171632, 0x2223012e, 0x16141506, 0x36342717, 0x2b2d1bb3, 0x142a141a, 0x1d32171a, 
0x0418462d, 0x1f2c2614, 0x170e2018, 0x211c2a15, 0x11112b34, 0x400e1f11, 0x141e1e14, 0x2e1d1d15, 
0x16143620, 0x28162611, 0x4204032a, 0x28670244, 0x090c0b25, 0x2b0c0a45, 0x39340226, 0x45060818, 
0x28120608, 0x551f1222, 0x151d3b37, 0x151d1d15, 0x0dde1d15, 0x0c09420b, 0x170b232d, 0x43433c0b, 
0x85ffffff, 0x2a010000, 0x26128003, 0x00007701, 0x3a010710, 0x0000e500, 0xf4feffff, 0x31010000, 
0x26128003, 0x00007701, 0x5d030710, 0x00000301, 0xf4feffff, 0x31010000, 0x26128003, 0x00007701, 
0x5e030710, 0x00000301, 0x28ffffff, 0x11010000, 0x26128003, 0x00007701, 0x5f030710, 0x00000301, 
0x28ffffff, 0x34010000, 0x26128003, 0x00007701, 0x60030710, 0x00000301, 0x28ffffff, 0x34010000, 
0x26128003, 0x00007701, 0x61030710, 0x00000301, 0x6affffff, 0x11010000, 0x26128003, 0x00007701, 
0x62030710, 0x00000301, 0x6affffff, 0x36010000, 0x26128003, 0x00007701, 0x63030710, 0x00000301, 
0x6affffff, 0x36010000, 0x26128003, 0x00007701, 0x64030710, 0x00000301, 0x57ffffff, 0x11010000, 
0x26128003, 0x00007701, 0x65030710, 0x00000301, 0x57ffffff, 0x36010000, 0x26128003, 0x00007701, 
0x66030710, 0x00000301, 0x57ffffff, 0x36010000, 0x26128003, 0x00007701, 0x67030710, 0x00000301, 
0x1cffffff, 0x1e010000, 0x26128003, 0x00007701, 0xc5040710, 0x00000301, 0xdbfeffff, 0x47010000, 
0x26128003, 0x00007701, 0xc7040710, 0x00000301, 0xdbfeffff, 0x47010000, 0x26128003, 0x00007701, 
0xc8040710, 0x00000301, 0x10ff0200, 0x15006702, 0x14008003, 0x00002000, 0x35012e03, 0x33013e34, 
0x07171632, 0x2223012e, 0x16141506, 0x36342717, 0x15163233, 0x22230614, 0x1d15be26, 0x202c4629, 
0x11161436, 0x2a281626, 0x1d01191b, 0x1d1d1514, 0x021d1415, 0x244c2367, 0x0d1e3b2d, 0x0c09420b, 
0x3f21232d, 0x1d156d24, 0x1d15151d, 0x0000001d, 0x1d00ffff, 0x0b030000, 0x26128003, 0x00003e01, 
0x5f030710, 0x0000fc02, 0x0000ffff, 0xf90192ff, 0x26128003, 0x00004001, 0x77030710, 0x0000e301, 
0x0000ffff, 0x380248ff, 0x26128003, 0x00004801, 0x3a010710, 0x0000d101, 0x0000ffff, 0x380248ff, 
0x26128003, 0x00004801, 0x5f030710, 0x00003302, 0x0000ffff, 0x380248ff, 0x26128003, 0x00004801, 
0x62030710, 0x00003302, 0x1d00ffff, 0x27040000, 0x26128003, 0x00003f01, 0x3a010710, 0x0000e203, 
0x1d00ffff, 0x0e040000, 0x26128003, 0x00003f01, 0x5f030710, 0x0000ff03, 0x1d00ffff, 0x0e040000, 
0x26128003, 0x00003f01, 0x62030710, 0x0000ff03, 0x1d00ffff, 0x0e040000, 0x26128003, 0x00003f01, 
0x65030710, 0x0000ff03, 0x1d00ffff, 0x2b030000, 0x26128003, 0x00003e01, 0x3a010710, 0x0000e602, 
0x1d00ffff, 0x0b030000, 0x26128003, 0x00003e01, 0x53030710, 0x0000fc02, 0x1d00ffff, 0x0e040000, 
0x26128003, 0x00003f01, 0x53030710, 0x0000ff03, 0x1d00ffff, 0x1a040000, 0x26128003, 0x00003f01, 
0xc5040710, 0x0000ff03, 0x1d00ffff, 0x0b039fff, 0x26128003, 0x00003e01, 0x5f032710, 0x0000fc02, 
0x75010710, 0x5f003202, 0x0000ffff, 0xf90136ff, 0x26128003, 0x00004001, 0x77032710, 0x0000e301, 
0x75010710, 0xf6ffdd01, 0x0000ffff, 0x380248ff, 0x26128003, 0x00004801, 0x75012710, 0x4000c501, 
0x3a010710, 0x0000d101, 0x0000ffff, 0x380248ff, 0x26128003, 0x00004801, 0x5f032710, 0x00003302, 
0x75010710, 0x4000c501, 0x0000ffff, 0x380248ff, 0x26128003, 0x00004801, 0x75012710, 0x4000c501, 
0x62030710, 0x00003302, 0x1d00ffff, 0x27049fff, 0x26128003, 0x00003f01, 0x75012710, 0x5f003202, 
0x3a010710, 0x0000e203, 0x1d00ffff, 0x0e049fff, 0x26128003, 0x00003f01, 0x5f032710, 0x0000ff03, 
0x75010710, 0x5f003202, 0x1d00ffff, 0x0e049fff, 0x26128003, 0x00003f01, 0x75012710, 0x5f003202, 
0x62030710, 0x0000ff03, 0x1d00ffff, 0x0e049fff, 0x26128003, 0x00003f01, 0x75012710, 0x5f003202, 
0x65030710, 0x0000ff03, 0x1d00ffff, 0x2b039fff, 0x26128003, 0x00003e01, 0x75012710, 0x5f003202, 
0x3a010710, 0x0000e602, 0x00000100, 0x6903f4ff, 0x37006e02, 0x2e050000, 0x3e343502, 0x07173701, 
0x21352135, 0x21152135, 0x013e2715, 0x15163233, 0x27070614, 0x3435013e, 0x0e222326, 0x11370701, 
0x22231123, 0x010e0706, 0x011e1415, 0x2e380117, 0x1a112f4e, 0x01b3140d, 0x032dfead, 0x12bbfe69, 
0x402b401d, 0x49221f53, 0x23271f1a, 0x152b2c15, 0x31655113, 0x0b0c1335, 0x0c2f4120, 0x30565028, 
0x071d2717, 0x9848030a, 0x11ee4747, 0x4d532421, 0x2932682e, 0x2f295420, 0x202d172e, 0x01dbfe3f, 
0x0a110c48, 0x3d21161e, 0x00002641, 0x00000300, 0xd904ffff, 0x33007802, 0x6c003b00, 0x23010000, 
0x013e2715, 0x2315013b, 0x07010e22, 0x35231137, 0x23020e17, 0x35012e22, 0x33013e34, 0x07171632, 
0x2223012e, 0x16141506, 0x37363233, 0x35211107, 0x23110521, 0x21352311, 0x26220115, 0x33363435, 
0x011f1632, 0x0717021e, 0x012f012e, 0x3435023e, 0x06222326, 0x021e1415, 0x012e0717, 0x33363435, 
0x15011e32, 0x02010e14, 0x1a126e32, 0x24312f3c, 0x1b292f24, 0x100e5117, 0x2f273b2d, 0x5a323253, 
0x0f39173a, 0x13311006, 0x283d403a, 0x11214d32, 0x32028dfe, 0x59513f02, 0xc3fd1201, 0x1c242f23, 
0x0c292e15, 0x183e4523, 0x2b613d40, 0x2d4c2f0c, 0x1e1f2f3b, 0x2a351b0a, 0x475d5e11, 0x33522f43, 
0x27027641, 0x1b1417fd, 0x181c0c47, 0xd2e0fe37, 0x16200e18, 0x36394d26, 0x03072a4e, 0x34060449, 
0x3633352f, 0x47013624, 0xd9fd4747, 0x47472702, 0x1f2396fe, 0x21151e1d, 0x49451b0e, 0x65572c22, 
0x2a01311f, 0x4338364f, 0x190c171b, 0x46010f17, 0x333a5306, 0x40552b40, 0x00457343, 0x00000400, 
0xfe04ffff, 0x32007802, 0x56004e00, 0x00008700, 0x011e3701, 0x010e1415, 0x021e3707, 0x013e3233, 
0x020e1737, 0x022e2223, 0x35012e27, 0x32333634, 0x2717011e, 0x3435023e, 0x23172726, 0x13152135, 
0x2223010e, 0x3435012e, 0x3233013e, 0x2e071716, 0x06222301, 0x33161415, 0x01373632, 0x23112311, 
0x01152135, 0x34352622, 0x16323336, 0x021e011f, 0x012e0717, 0x023e012f, 0x23263435, 0x14150622, 
0x0717021e, 0x3435012e, 0x1e323336, 0x0e141501, 0x0c090101, 0x3e210a0b, 0x6233042c, 0x44273f6a, 
0x1b181b3d, 0x332e4f43, 0x36676364, 0x221e1111, 0x0d1e2519, 0x0c1d1c3d, 0xd7140b0b, 0x1c4a5702, 
0x4b2f2e4e, 0x344f2c2b, 0x060e3611, 0x3012250f, 0x232a3737, 0x0e02153a, 0x12015951, 0x2f23c3fd, 
0x2e151c24, 0x45230c29, 0x3d40183e, 0x2f0c2b61, 0x2f3b2d4c, 0x1b0a1e1f, 0x5e112a35, 0x2f43475d, 
0x76413352, 0x100a2702, 0x50382136, 0x3d091236, 0x170b2750, 0x1a104211, 0x5f38180f, 0x17261748, 
0x29172215, 0x28081f1d, 0x351e1a35, 0x47470d17, 0x1d16b0fe, 0x312e4627, 0x05052544, 0x2c060445, 
0x1d292b2c, 0xfd0f0113, 0x472702d9, 0x2396fe47, 0x151e1d1f, 0x451b0e21, 0x572c2249, 0x01311f65, 
0x38364f2a, 0x0c171b43, 0x010f1719, 0x3a530646, 0x552b4033, 0x45734340, 0x00000400, 0x960265ff, 
0x33006e02, 0x43003f00, 0x00005200, 0x07062201, 0x3435022e, 0x013e3736, 0x2135013b, 0x23152135, 
0x06222315, 0x17161415, 0x3233013e, 0x0e141516, 0x2e222301, 0x1e372701, 0x36323301, 0x37263435, 
0x32333634, 0x06141516, 0x03262223, 0x27331123, 0x23061415, 0x35022e22, 0x013b3634, 0x1d660135, 
0x2e1c1744, 0x1510131b, 0xfe5f333a, 0xb8960273, 0x14281bc2, 0x1e3d170d, 0x57295a50, 0x65723c45, 
0x853e3e28, 0x2f353c3d, 0x16161e69, 0x16161e1e, 0x4c4c251e, 0x151719e0, 0x1b132128, 0x15011a22, 
0x2b120b0e, 0x23181c32, 0x3e0d0f0b, 0x0b854747, 0x0c1d1016, 0x383f0b08, 0x20223b25, 0x44312e3f, 
0x191c1e33, 0x20176619, 0x20171720, 0x0101fe20, 0x1adb042d, 0x2825171e, 0x6e1a1512, 0x00000400, 
0x960256ff, 0x33006e02, 0x52003f00, 0x00005600, 0x07062201, 0x3435022e, 0x013e3736, 0x2135013b, 
0x23152135, 0x06222315, 0x17161415, 0x3233013e, 0x0e141516, 0x2e222301, 0x1e372701, 0x36323301, 
0x37263435, 0x32333634, 0x06141516, 0x01262223, 0x35022e22, 0x013b3634, 0x33151735, 0x14152315, 
0x11331306, 0x1d660123, 0x2e1c1744, 0x1510131b, 0xfe5f333a, 0xb8960273, 0x14281bc2, 0x1e3d170d, 
0x57295a50, 0x65723c45, 0x853e3e28, 0x2f353c3d, 0x16161e69, 0x16161e1e, 0x12befe1e, 0x19152327, 
0xc74b1d1e, 0x4ccc1cc7, 0x0e15014c, 0x322b120b, 0x0b23181c, 0x473e0d0f, 0x160b8547, 0x080c1d10, 
0x25383f0b, 0x3f20223b, 0x3344312e, 0x19191c1e, 0x20201766, 0x20201717, 0x24170cfe, 0x16111229, 
0x44831a9d, 0x011a1d22, 0x00c4fe22, 0x00000300, 0xab040000, 0x37006e02, 0x72004300, 0x22250000, 
0x022e0706, 0x37363435, 0x013b023e, 0x21352135, 0x23152315, 0x0e070622, 0x16141501, 0x33013e17, 
0x14151632, 0x2223010e, 0x3727012e, 0x3233011e, 0x26343536, 0x33363437, 0x14151632, 0x26222306, 
0x010e1705, 0x012e2223, 0x35013e27, 0x2e272634, 0x27212301, 0x011e3221, 0x15011e17, 0x37070614, 
0x3233011e, 0x11073736, 0x15213521, 0x01231123, 0x173a1d66, 0x141d331f, 0x31250f11, 0x6ffe5d21, 
0xb8b49602, 0x07091a1f, 0x17101c08, 0x624a1a34, 0x4142572c, 0x3d285e71, 0x3b4b7739, 0x1e743139, 
0x1e1e1616, 0x011e1616, 0x511c1cea, 0x3f593431, 0x0742390e, 0x26250d06, 0x0107f9fe, 0x23332416, 
0x3f12150c, 0x401b124a, 0x1a4c3231, 0x0280fe1c, 0xde516839, 0x2e130b0e, 0x281c2238, 0x060e0c0d, 
0x9d474756, 0x11060706, 0x0d21180b, 0x414b0908, 0x2828452d, 0x44312e48, 0x23252941, 0x20175b23, 
0x21161720, 0x131a9621, 0x42572b1e, 0x0b222707, 0x070b0611, 0x0b110947, 0x37172f13, 0x3d281440, 
0x261d2b29, 0x47477b01, 0x0000d9fd, 0x00000300, 0xf5030000, 0x1c006e02, 0x48002000, 0x0e250000, 
0x26222302, 0x37363435, 0x32213507, 0x23073316, 0x14150622, 0x3233011e, 0x21013736, 0x23012915, 
0x17352311, 0x2223020e, 0x36343526, 0x21350737, 0x07331632, 0x15062223, 0x33011e14, 0x37013e32, 
0x35211107, 0x12f90121, 0x4d2e4735, 0x93131963, 0x24121a01, 0x3a150704, 0x192c1b47, 0xfe1c4632, 
0xfe9a012f, 0x68f50366, 0x2c110350, 0x634d2337, 0x01891319, 0x0424121b, 0x473a2007, 0x21192c1b, 
0x02132c36, 0x89022ffe, 0x1b260fc6, 0x331d4756, 0x01480210, 0x1c2f3146, 0x1d2b1327, 0xfd476a01, 
0x0b13bad9, 0x47560f17, 0x0210331d, 0x31460148, 0x13271c2f, 0x0d142214, 0x00472e01, 0x00000500, 
0x61040000, 0x1d006e02, 0x29002100, 0x75006000, 0x0e250000, 0x2e222302, 0x36343501, 0x21350737, 
0x07331632, 0x15062223, 0x33011e14, 0x01373632, 0x01291521, 0x21352315, 0x01152135, 0x35023e32, 
0x22232634, 0x16141506, 0x012e0717, 0x33363435, 0x15011e32, 0x23020e14, 0x34352622, 0x013e3736, 
0x33013e37, 0x07171632, 0x22232226, 0x16141506, 0x35012e27, 0x33013e34, 0x07171632, 0x2223012e, 
0x16141506, 0x18f90117, 0x332a4337, 0x13192d50, 0x12250193, 0x20070424, 0x2c1b473a, 0x19442f19, 
0x9a0137fe, 0xad0366fe, 0x0239fe50, 0x395dfecb, 0x2e2b4d65, 0x351d2229, 0x4a51213a, 0x4b2e4448, 
0x845d322d, 0x19626152, 0x0304031a, 0x0b1d3615, 0x06060718, 0x302e050f, 0x55472d3e, 0x11304a29, 
0x0e060d34, 0x2d2b1523, 0x15c62837, 0x47271724, 0x10331d2f, 0x46014802, 0x271c2f31, 0x01192813, 
0x69694771, 0x1ffe4747, 0x33584124, 0x19243e2f, 0x3f0e3320, 0x37345317, 0x3b4d2748, 0x34586e3a, 
0x381b4053, 0x02090213, 0x01020e0e, 0x23230146, 0x0f8b2628, 0x37283a4d, 0x4505051d, 0x20210704, 
0x00082120, 0x0000ffff, 0x61041aff, 0x26126e02, 0x00009603, 0x59020710, 0x0000e203, 0x00000400, 
0xf1040000, 0x07006e02, 0x52003d00, 0x00008400, 0x35231501, 0x15213521, 0x023e3201, 0x23263435, 
0x14150622, 0x2e071716, 0x36343501, 0x021e013b, 0x020e1415, 0x35262223, 0x013f3634, 0x3233013e, 
0x26071716, 0x06222322, 0x27161415, 0x3435012e, 0x3233013e, 0x2e071716, 0x06222301, 0x17161415, 
0x010e1705, 0x012e2223, 0x35013e27, 0x2e272634, 0x22012b01, 0x33372726, 0x17011e32, 0x1415011e, 
0x1e370706, 0x36323301, 0x21110737, 0x23152135, 0x17022311, 0x0239fe50, 0x395dfecb, 0x2e2b4d65, 
0x351d2229, 0x4a51213a, 0x32054448, 0x5d322748, 0x62615284, 0x150a1a19, 0x180b1d36, 0x0f060607, 
0x3e302e05, 0x2955472d, 0x3411304a, 0x230e060d, 0x372d2b15, 0x1b5d0328, 0x30345021, 0x3a0e3f56, 
0x0c070742, 0x2a302625, 0xc9022247, 0x0c233324, 0x4a3f1314, 0x2a401a12, 0x1b195036, 0x2b028efe, 
0x27025168, 0x47477373, 0x41241ffe, 0x3e2f3358, 0x33201924, 0x53173f0e, 0x01483734, 0x3a334e2d, 
0x5334586e, 0x13381b40, 0x020e0e0d, 0x23014601, 0x8b262823, 0x283a4d0f, 0x05051d37, 0x21070445, 
0x08212020, 0x1f191388, 0x0742572b, 0x110b2227, 0x05070b06, 0x11093d05, 0x172f130b, 0x2a144037, 
0x1b35293f, 0x47730126, 0x00d9fd47, 0x00000300, 0xbf040000, 0x27006e02, 0x4a002b00, 0x11010000, 
0x22231123, 0x1e012f26, 0x0e141501, 0x2e222301, 0x33372702, 0x3233021e, 0x26343536, 0x35213727, 
0x15213521, 0x21152125, 0x26222305, 0x011e012f, 0x010e1415, 0x022e2223, 0x021e3727, 0x35363233, 
0x37272634, 0x51570433, 0x091f1a89, 0x29362a07, 0x49282843, 0x18204145, 0x4842202a, 0x3d292027, 
0x0e011d2d, 0xf502c4fd, 0x4b0241fb, 0x1e02b5fd, 0x091f1a6b, 0x29362a07, 0x49282843, 0x47204145, 
0x2746401f, 0x2d3d2920, 0x2702f01d, 0x7201d9fd, 0x1d0a0302, 0x3e2e3258, 0x7b4b221e, 0x815f2859, 
0x2c282240, 0x6e401c4e, 0x47474747, 0x0a0302b5, 0x2e32581d, 0x4b221e3e, 0x5919597b, 0x28223e7a, 
0x401c4e2c, 0x00000300, 0x10040000, 0x1e006e02, 0x5a002200, 0x22250000, 0x3727022e, 0x3233021e, 
0x26343536, 0x15213727, 0x2f262223, 0x15011e01, 0x01010e14, 0x13152135, 0x2e070622, 0x36343502, 
0x3b023e37, 0x35213501, 0x15231521, 0x07062223, 0x1415010e, 0x013e1716, 0x15163233, 0x23010e14, 
0x27012e22, 0x33011e37, 0x34353632, 0x28360126, 0x20414549, 0x46401f47, 0x3d292027, 0x03011d2d, 
0x091f1a7e, 0x29362a07, 0x02a2fe43, 0x3a1ddb4b, 0x1d331f17, 0x250f1114, 0xfe5d2131, 0x6e50026f, 
0x091a1fb8, 0x101c0807, 0x4a1a3417, 0x42582b62, 0x285e7141, 0x4b77393d, 0x5031393b, 0x597b4b22, 
0x3e7a5919, 0x4e2c2822, 0x0247401c, 0x581d0a03, 0x1e3e2e32, 0x4747d701, 0x0b0eb7fe, 0x22382e13, 
0x0c0d281c, 0x4756060e, 0x07069d47, 0x180b1106, 0x09080d21, 0x452d414b, 0x2e482828, 0x29414431, 
0x00232325, 0x00000400, 0xef040000, 0x26006e02, 0x51004300, 0x00005500, 0x26222301, 0x011e012f, 
0x010e1415, 0x022e2223, 0x021e3727, 0x35363233, 0x37272634, 0x35213521, 0x11231521, 0x2e222523, 
0x1e372701, 0x36323301, 0x23263435, 0x27070622, 0x3233013e, 0x0e141516, 0x26223702, 0x011e012f, 
0x37363233, 0x01010e17, 0x04211521, 0x1e1a8936, 0x3729060a, 0x28284429, 0x1f414549, 0x46401f46, 
0x3d2a2027, 0x0e011c2d, 0xf502c4fd, 0xf6fc5168, 0x22526239, 0x42592945, 0x29393e37, 0x1b172e19, 
0x4a1b411f, 0x40392461, 0x0b0d0ca0, 0x121c0a0b, 0x24102817, 0xf5fd3f1b, 0xd6fd2a02, 0x03027201, 
0x32581d0a, 0x221e3e2e, 0x19597b4b, 0x223e7a59, 0x1c4e2c28, 0x47476e40, 0x2f76d9fd, 0x5d1b4c61, 
0x2e2b3450, 0x480b0e28, 0x4d520c0e, 0x0f264232, 0x4d02027f, 0x070a0704, 0x010a0944, 0x00004779, 
0x00000200, 0x070218ff, 0x20006e02, 0x00003d00, 0x35262225, 0x3b013e34, 0x21350701, 0x23152135, 
0x06222315, 0x15010e07, 0x32331614, 0x0e173736, 0x26220301, 0x013e3435, 0x3507013b, 0x22231533, 
0x010e0706, 0x33161415, 0x17373632, 0x1b01010e, 0x6b3e806d, 0xfe242e41, 0x940702de, 0x1a45214b, 
0x43581a10, 0x1b295332, 0x6d336c28, 0x416b3e80, 0x4b51242e, 0x111a4521, 0x32435819, 0x281b2953, 
0x5859906c, 0x24234939, 0x88474765, 0x230a1009, 0x1b2b371d, 0x1c134b15, 0x585988fe, 0x24234939, 
0x10098865, 0x371d230a, 0x4b151b2b, 0x00001c13, 0x00000300, 0x480276fe, 0x20006e02, 0x5a003d00, 
0x22250000, 0x3e343526, 0x07013b01, 0x21352135, 0x23152315, 0x0e070622, 0x16141501, 0x37363233, 
0x03010e17, 0x34352622, 0x013b013e, 0x15333507, 0x07062223, 0x1415010e, 0x36323316, 0x010e1737, 
0x35262207, 0x32333634, 0x0717011e, 0x2223022e, 0x1e141506, 0x36323301, 0x010e1737, 0x7a6a1201, 
0x3443673a, 0x02defe24, 0x1f609407, 0x16111639, 0x553b444f, 0x702b1b26, 0x3a7a6a35, 0x24344367, 
0x391f6051, 0x4f161116, 0x26553b44, 0x3c702b1b, 0x5556534d, 0x22526f4f, 0x514a243d, 0x17333331, 
0x2b1b1425, 0x391a1915, 0x344e4fb9, 0x5f242042, 0x08814747, 0x161c0a0c, 0x131a252f, 0xfe18134b, 
0x344e4fae, 0x5e242042, 0x0a0c0880, 0x242f171c, 0x134b131a, 0x3847f118, 0x51324734, 0x422f2330, 
0x141b1f22, 0x090b0a18, 0x000b0a46, 0x00000300, 0x2d0218ff, 0x20006e02, 0x46003500, 0x22250000, 
0x3e343526, 0x07013b01, 0x21352135, 0x23152315, 0x0e070622, 0x16141501, 0x37363233, 0x03010e17, 
0x35012e22, 0x3b013e34, 0x33350701, 0x15021e15, 0x27010e14, 0x35013e32, 0x23272634, 0x0e070622, 
0x16141501, 0x806d1b01, 0x2e416b3e, 0x02defe24, 0x214bba2d, 0x19111a45, 0x54314358, 0x6c281b29, 
0x3f6f4737, 0x26436c3f, 0x49335124, 0x456d4028, 0x38294830, 0x3f252938, 0x571a1617, 0x39585990, 
0x65242349, 0x09884747, 0x1d230a10, 0x151b2b37, 0xfe1c134b, 0x3d4e2588, 0x23244938, 0x340e4865, 
0x493a2742, 0x29144721, 0x0e3a2320, 0x260c0c0b, 0x0032311c, 0x00000400, 0x440276fe, 0x20006e02, 
0x44003400, 0x00006100, 0x35262225, 0x3b013e34, 0x21350701, 0x23152135, 0x06222315, 0x15010e07, 
0x32331614, 0x0e173736, 0x26220301, 0x013e3435, 0x3507013b, 0x021e1533, 0x010e1415, 0x35363227, 
0x23272634, 0x0e070622, 0x16141501, 0x35262213, 0x32333634, 0x0717011e, 0x2223022e, 0x1e141506, 
0x36323301, 0x010e1737, 0x7a6a1201, 0x3443673a, 0x02defe24, 0x1f60ba2d, 0x16111639, 0x553b444f, 
0x702b1b26, 0x3f81762e, 0x242b406a, 0x28493351, 0x504a6b3d, 0x32383851, 0x18153822, 0x4d43521b, 
0x4f555653, 0x3d22526f, 0x31514a24, 0x25173333, 0x152b1b14, 0xb9391a19, 0x42344e4f, 0x475f2420, 
0x0c088147, 0x2f161c0a, 0x4b131a25, 0xadfe1813, 0x4333524b, 0x415e2421, 0x233c2e0c, 0x471d4136, 
0x301e2825, 0x0908080b, 0x292a1921, 0x3847c9fe, 0x51324734, 0x422f2330, 0x141b1f22, 0x090b0a18, 
0x000b0a46, 0x00000200, 0x04040000, 0x2e006e02, 0x00005100, 0x010e1725, 0x012e2223, 0x35013e27, 
0x2e272634, 0x27012b01, 0x011e3233, 0x15011e17, 0x37070614, 0x3233011e, 0x11073736, 0x15213521, 
0x01231123, 0x22231523, 0x010e0706, 0x011e1415, 0x37363233, 0x23010e17, 0x35012e22, 0x3b013e34, 
0x21350701, 0x4c032135, 0x3350221b, 0x0e3f5630, 0x0707423a, 0xac26250c, 0x3224bc08, 0x12150c23, 
0x1b114a3f, 0x51372941, 0xa2fe1b18, 0x51671602, 0x3794bbfe, 0x1a174030, 0x2a472c1d, 0x1b2a4c36, 
0x4535632c, 0x6f443e6d, 0xfe03053f, 0x8d0702de, 0x2b1f1913, 0x27074257, 0x06110b22, 0x0947070b, 
0x2f130b11, 0x14403717, 0x35293f2a, 0x7301261b, 0xd9fd4747, 0x10ca2702, 0x2134120f, 0x191e3f30, 
0x1b144a16, 0x41466234, 0x87042e59, 0x00000047, 0x00000400, 0x580218ff, 0x18006e02, 0x3e002900, 
0x00004f00, 0x012e2225, 0x013e3435, 0x3507013b, 0x15213521, 0x021e1523, 0x010e1415, 0x013e3227, 
0x27263435, 0x07062223, 0x1415010e, 0x2e221316, 0x3e343501, 0x07013b01, 0x1e153335, 0x0e141502, 
0x3e322701, 0x26343501, 0x06222327, 0x15010e07, 0x27011614, 0x40407148, 0x2427436e, 0x5802defe, 
0x294b34e5, 0x31466f41, 0x393a2a4a, 0x1741262a, 0x4f5a1a17, 0x40407148, 0x2427436e, 0x294b3451, 
0x31476e41, 0x393a2a4a, 0x1741262a, 0x905a1a17, 0x383d4e25, 0x65232449, 0x0e484747, 0x3a274234, 
0x14472149, 0x3a232029, 0x0c0c0b0e, 0x32311c26, 0x4e2541fe, 0x2449383d, 0x0e486523, 0x3a274234, 
0x14472149, 0x3a232029, 0x0c0c0b0e, 0x32311c26, 0x00000300, 0x77040000, 0x31006e02, 0x5a004900, 
0x11010000, 0x0e173523, 0x2e222301, 0x013e2701, 0x27263435, 0x012b012e, 0x012f2622, 0x011e3221, 
0x15011e17, 0x37070614, 0x3233011e, 0x11073736, 0x15213521, 0x1e152321, 0x0e141501, 0x2e222301, 
0x3e343501, 0x07013b01, 0x21352135, 0x013e3201, 0x27263435, 0x07062223, 0x1415010e, 0x510f0416, 
0x3350221c, 0x0e3f5630, 0x0706413a, 0x8b26260c, 0x091d4e31, 0x32243901, 0x12150c23, 0x1a124a3f, 
0x51362941, 0x6afe1c19, 0xe1fd4f02, 0x425850e5, 0x714b426e, 0x3e6f443f, 0xdefe0407, 0xcdfe5802, 
0x3a2b4a30, 0x3d252339, 0x5f211c17, 0xd9fd2702, 0x1e191384, 0x0742572b, 0x110c2127, 0x08070b06, 
0x11093b04, 0x172f120c, 0x2a144037, 0x1c352b3e, 0x477b0126, 0x711e8947, 0x29574649, 0x43456132, 
0x88052e5b, 0x1bdafd47, 0x4d302c39, 0x110e0e18, 0x44462737, 0x00000200, 0x500218ff, 0x33006e02, 
0x00006800, 0x07062201, 0x3435022e, 0x013e3736, 0x2135013b, 0x23152135, 0x06222315, 0x17161415, 
0x3233013e, 0x0e141516, 0x2e222301, 0x1e372701, 0x36323301, 0x03263435, 0x35012e22, 0x33013e34, 
0x15333507, 0x010e2223, 0x15010e07, 0x1e171614, 0x36323301, 0x23263435, 0x14150622, 0x2e071716, 
0x36343501, 0x011e3233, 0x010e1415, 0x441d6601, 0x1b2e1c17, 0x3a151013, 0x6ffe6333, 0xc66e5002, 
0x0d14281b, 0x501e3d17, 0x4557295a, 0x2865723c, 0x3d853e3e, 0x482f353c, 0x4242784f, 0x500d547a, 
0x30361b3e, 0x4c1a1514, 0x0d1f084b, 0x1f1e3b3b, 0x1412272a, 0x4b171246, 0x1f3d2f4d, 0x15015e30, 
0x2b120b0e, 0x23181c32, 0x3e0d0f0b, 0x0b854747, 0x0c1d1016, 0x383f0b08, 0x20223b25, 0x44312e3f, 
0x191c1e33, 0x2803fe19, 0x45383b4f, 0x69502520, 0x0b0b0a04, 0x31331a24, 0x20010106, 0x1f15121c, 
0x13201319, 0x1c33170e, 0x2e1d3d29, 0x203a271a, 0x00000200, 0x500218ff, 0x33006e02, 0x00005c00, 
0x07062201, 0x3435022e, 0x013e3736, 0x2135013b, 0x23152135, 0x06222315, 0x17161415, 0x3233013e, 
0x0e141516, 0x2e222301, 0x1e372701, 0x36323301, 0x03263435, 0x2e070622, 0x36343502, 0x06221737, 
0x17161415, 0x3233013e, 0x0e141516, 0x2e222301, 0x1e372701, 0x36323301, 0x01263435, 0x17431d66, 
0x131b2f1c, 0x323b1510, 0x026ffe63, 0x1cc66e50, 0x170e1427, 0x5b4f1e3c, 0x3c44572a, 0x3e286572, 
0x3c3d873c, 0x1d302f35, 0x2f1c1743, 0x4a20271b, 0x0e152a17, 0x4f1e3b17, 0x44572a5b, 0x2865723c, 
0x3d873c3e, 0x012f353c, 0x120b0e11, 0x181c332b, 0x0d0f0b24, 0x87474740, 0x1d11170b, 0x400b080c, 
0x223c2639, 0x312e4021, 0x1c203445, 0xbefe1a1a, 0x2b120b0e, 0x30201c33, 0x170e3a09, 0x080c1d11, 
0x2639400b, 0x4021223c, 0x3445312e, 0x1a1a1c20, 0x00000300, 0x660276fe, 0x33006e02, 0x78005b00, 
0x22010000, 0x022e0706, 0x37363435, 0x013b013e, 0x21352135, 0x23152315, 0x14150622, 0x013e1716, 
0x15163233, 0x23010e14, 0x27012e22, 0x33011e37, 0x34353632, 0x06220326, 0x35022e07, 0x17373634, 
0x14150622, 0x013e1716, 0x15163233, 0x23010e14, 0x37272622, 0x3233011e, 0x26343536, 0x35262203, 
0x32333634, 0x0717011e, 0x2223022e, 0x1e141506, 0x36323301, 0x010e1737, 0x491d6601, 0x1a2b1b17, 
0x3a141012, 0x6ffe6731, 0xcf6e5002, 0x0c112119, 0x501e4117, 0x4557295a, 0x2762733f, 0x447f413a, 
0x302f353c, 0x1b17491d, 0x19201a2b, 0x111e194e, 0x1e41170c, 0x57295a50, 0x3aa35e45, 0x447f413a, 
0x6e2f353c, 0x5555524d, 0x22526f50, 0x514a243d, 0x17343331, 0x2a1b1426, 0x391a1a15, 0x0b0d2a01, 
0x1a2f2912, 0x0e0a2117, 0x4747340d, 0x0d13097b, 0x0b080c1a, 0x3724353a, 0x2a3d211f, 0x19314232, 
0xfe141718, 0x120b0ddf, 0x1d1a2f29, 0x0a380b27, 0x0c1a0d13, 0x353a0b08, 0x481f3724, 0x31423240, 
0x14171819, 0x38476dfe, 0x51324734, 0x422f2330, 0x141b1f22, 0x090b0a18, 0x000b0a46, 0x00000200, 
0x6a040000, 0x2d006e02, 0x00006500, 0x010e1725, 0x012e2223, 0x35013e27, 0x012e2734, 0x3327012b, 
0x17011e32, 0x1415011e, 0x1e370706, 0x36323301, 0x21110737, 0x23152135, 0x22252311, 0x022e0706, 
0x37363435, 0x013b023e, 0x21352135, 0x23152315, 0x0e070622, 0x16141501, 0x33013e17, 0x14151632, 
0x2223010e, 0x3727012e, 0x3233011e, 0x26343536, 0x211bb103, 0x56303450, 0x423a0e3f, 0x26250c0e, 
0x24b705aa, 0x140c2333, 0x124a3f13, 0x362a401a, 0xfe1b1950, 0x683f027a, 0x1db5fd51, 0x331f173a, 
0x0f11141d, 0x5d213125, 0x50026ffe, 0x1a1fb86e, 0x1c080709, 0x1a341710, 0x572c624a, 0x5e714142, 
0x77393d28, 0x31393b4b, 0x1f19138d, 0x0742572b, 0x0c162227, 0x0947070b, 0x2f130b11, 0x14403717, 
0x35293f2a, 0x7301261b, 0xd9fd4747, 0x130b0ede, 0x1c22382e, 0x0e0c0d28, 0x47475606, 0x0607069d, 
0x21180b11, 0x4b09080d, 0x28452d41, 0x312e4828, 0x25294144, 0x00002323, 0x00000300, 0x6a041aff, 
0x2d006e02, 0x6c006500, 0x17250000, 0x2223010e, 0x3e27012e, 0x27343501, 0x012b012e, 0x1e323327, 
0x011e1701, 0x07061415, 0x33011e37, 0x07373632, 0x21352111, 0x23112315, 0x07062225, 0x3435022e, 
0x023e3736, 0x2135013b, 0x23152135, 0x06222315, 0x15010e07, 0x3e171614, 0x16323301, 0x010e1415, 
0x012e2223, 0x011e3727, 0x35363233, 0x37012634, 0x27071733, 0x1bb10307, 0x30345021, 0x3a0e3f56, 
0x250c0e42, 0xb705aa26, 0x0c233324, 0x4a3f1314, 0x2a401a12, 0x1b195036, 0x3f027afe, 0xb5fd5168, 
0x1f173a1d, 0x11141d33, 0x2131250f, 0x026ffe5d, 0x1fb86e50, 0x0807091a, 0x3417101c, 0x2c624a1a, 
0x71414257, 0x393d285e, 0x393b4b77, 0xf8bafe31, 0x753b9228, 0x19138dd3, 0x42572b1f, 0x16222707, 
0x47070b0c, 0x130b1109, 0x4037172f, 0x293f2a14, 0x01261b35, 0xfd474773, 0x0b0eded9, 0x22382e13, 
0x0c0d281c, 0x4756060e, 0x07069d47, 0x180b1106, 0x09080d21, 0x452d414b, 0x2e482828, 0x29414431, 
0xfe232325, 0x26b4997d, 0x00009191, 0x00000200, 0x410218ff, 0x38006e02, 0x00006e00, 0x35262225, 
0x3b013e34, 0x21350701, 0x23152135, 0x0e222315, 0x010e0701, 0x17161415, 0x3233011e, 0x26343536, 
0x15062223, 0x07171614, 0x3435012e, 0x1e323336, 0x0e141501, 0x2e220301, 0x3e343501, 0x07013b01, 
0x23153335, 0x07010e22, 0x1415010e, 0x011e1716, 0x35363233, 0x22232634, 0x16141506, 0x012e0717, 
0x33363435, 0x15011e32, 0x01010e14, 0x43917837, 0x14104e76, 0x4102cffe, 0x371b3ec0, 0x1a151430, 
0x1f084c4c, 0x1e3b3b0d, 0x12272a1f, 0x17114714, 0x3d2f4d4b, 0x475e2f1e, 0x43427750, 0x14104e76, 
0x371b3e50, 0x1a151430, 0x1f084c4c, 0x1e3b3b0d, 0x12272a1f, 0x17114714, 0x3d2f4d4b, 0x905e2f1e, 
0x49395959, 0x47642423, 0x0a048647, 0x1a240b0b, 0x01063133, 0x121c2001, 0x13191f15, 0x170e1320, 
0x3d291c33, 0x271a2e1d, 0x88fe203a, 0x393b5027, 0x64242349, 0x0b0a0486, 0x331a240b, 0x01010631, 
0x15121c20, 0x2013191f, 0x33170e13, 0x1d3d291c, 0x3a271a2e, 0x00000020, 0x00000200, 0x61040000, 
0x2d006e02, 0x00006700, 0x010e1725, 0x012e2223, 0x35013e27, 0x012e2734, 0x2127012b, 0x17011e32, 
0x1415011e, 0x1e370706, 0x36323301, 0x21110737, 0x23152135, 0x22212311, 0x3435012e, 0x3337013e, 
0x35213507, 0x15231521, 0x07062223, 0x1415010e, 0x1617011e, 0x36323336, 0x23263435, 0x14150622, 
0x2e071716, 0x3e343501, 0x1e323301, 0x06141501, 0x221ba903, 0x56303350, 0x413a0e3f, 0x26260c0d, 
0x23012feb, 0x0c233224, 0x493f1215, 0x29411b10, 0x1b185236, 0x39027ffe, 0x8afd5068, 0x4842754e, 
0x09074677, 0x4102cffe, 0x454027c0, 0x23201e19, 0x1c082f44, 0x23483808, 0x122c231c, 0x15134714, 
0x31314121, 0x7a731f3f, 0x2b1e1913, 0x27074257, 0x0b0a1821, 0x11094807, 0x172e130c, 0x2a153f38, 
0x1c352b3d, 0x47850126, 0x37d9fd47, 0x5f464967, 0x740b0131, 0x11b04747, 0x293c1311, 0x07263f2b, 
0x292e0101, 0x262b221e, 0x0e1d2f1c, 0x22253f23, 0x3c25253c, 0x00574622, 0x00000100, 0xb802f4ff, 
0x20006e02, 0x2e050000, 0x3e343502, 0x07173701, 0x21352135, 0x23152135, 0x23112311, 0x0e070622, 
0x1e141501, 0x55011701, 0x112f4e2e, 0xd0140d1a, 0x01fed901, 0x5168b802, 0x13353174, 0x40210c0b, 
0x50280c2f, 0x27173056, 0x020b071d, 0x47479848, 0x4801d9fd, 0x1e0a110c, 0x413d2116, 0x00000026, 
0x00000200, 0xff01f4ff, 0x18006e02, 0x00001c00, 0x22231501, 0x010e0706, 0x011e1415, 0x022e0717, 
0x013e3435, 0x35071737, 0x21152127, 0x3174ff01, 0x0c0b1335, 0x362f4021, 0x112f4e2e, 0xd0140d1a, 
0xfeef0126, 0x478f0111, 0x1e0a110c, 0x413d2116, 0x50283426, 0x27173056, 0x020b071d, 0x0047df48, 
0x00000300, 0xba03f4ff, 0x18007802, 0x53001c00, 0x34370000, 0x023e3736, 0x2315013b, 0x0e070622, 
0x1e141501, 0x2e071701, 0x15210302, 0x0e170121, 0x26222302, 0x35023e27, 0x22232634, 0x1e141506, 
0x2e071701, 0x3e343501, 0x1e323301, 0x0e141501, 0x1e370701, 0x36323301, 0x23110737, 0x23152135, 
0x1b2d2311, 0x43301315, 0x3d596c2d, 0x0c0c133d, 0x362f4121, 0x2d2f4f2e, 0xc8fe3801, 0x130f0203, 
0x552a4234, 0x4c3f1577, 0x19252f21, 0x1c241120, 0x214c4108, 0x4b29233a, 0x3b512a30, 0x3a3d1b0e, 
0x1123513b, 0x670a0152, 0x3823f251, 0x0a151112, 0x0a110c47, 0x3d21161e, 0x28342641, 0xac015650, 
0x19b1fe47, 0x61111c0e, 0x37280e5d, 0x18333224, 0x0f191117, 0x3d094603, 0x1932263a, 0x35384823, 
0x2113374e, 0x27332e30, 0x47380136, 0x00d9fd47, 0x00000400, 0xe303f4ff, 0x18007802, 0x24001c00, 
0x00005500, 0x37363437, 0x013b023e, 0x06222315, 0x15010e07, 0x17011e14, 0x03022e07, 0x01291521, 
0x23112311, 0x01152135, 0x34352622, 0x16323336, 0x021e011f, 0x012e0717, 0x023e012f, 0x23263435, 
0x14150622, 0x0717021e, 0x3435012e, 0x1e323336, 0x0e141501, 0x151b2d01, 0x2d433013, 0x3d3d596c, 
0x210c0c13, 0x2e362f41, 0x012d2f4f, 0x03c4fe3c, 0x0159517b, 0x23c3fd12, 0x151c242f, 0x230c292e, 
0x40183e45, 0x0c2b613d, 0x3b2d4c2f, 0x0a1e1f2f, 0x112a351b, 0x43475d5e, 0x4133522f, 0x3823f276, 
0x0a151112, 0x0a110c47, 0x3d21161e, 0x28342641, 0xac015650, 0x02d9fd47, 0xfe474727, 0x1d1f2396, 
0x0e21151e, 0x2249451b, 0x1f65572c, 0x4f2a0131, 0x1b433836, 0x17190c17, 0x0646010f, 0x40333a53, 
0x4340552b, 0x00004573, 0x00000300, 0xd9025aff, 0x35006e02, 0x6b004900, 0x17250000, 0x2223010e, 
0x3435022e, 0x013e3736, 0x3507013b, 0x15213521, 0x22231523, 0x010e0706, 0x33161415, 0x07373632, 
0x3435012e, 0x16323336, 0x07061415, 0x25071737, 0x3435012e, 0x16323336, 0x012e0717, 0x15062223, 
0x13171614, 0x34352622, 0x3e013f36, 0x16323301, 0x22260717, 0x15062223, 0x33011e14, 0x37013e32, 
0x02030e17, 0x1c0c1801, 0x49572b08, 0x21191e2c, 0x24293b60, 0xd90216fe, 0x473a319e, 0x50181718, 
0x15140753, 0x2a080414, 0x322d2b19, 0x46620c23, 0x3b3333fe, 0x210c4959, 0x1a0a030f, 0x372d2e0e, 
0x605a3729, 0x14091817, 0x160a1b32, 0x0d050607, 0x1a2c2904, 0x60391c2e, 0x172a2353, 0x695b4d3d, 
0x1402021f, 0x2c394e2f, 0x1a1d163f, 0x47478324, 0x0f100ea6, 0x4535202e, 0x08180401, 0x1d230b24, 
0x26281d31, 0x1cff2908, 0x2d4012d4, 0x03033f39, 0x1f030242, 0x07201c1d, 0x3a4cf9fe, 0x0d133419, 
0x01010d0e, 0x1d210144, 0x2f0f2017, 0x23433652, 0x001f3542, 0x00000200, 0x16025aff, 0x35006e02, 
0x00004400, 0x010e1725, 0x022e2223, 0x37363435, 0x013b013e, 0x35213507, 0x15231521, 0x07062223, 
0x1415010e, 0x36323316, 0x012e0737, 0x33363435, 0x14151632, 0x17370706, 0x2e222707, 0x36343502, 
0x3335013b, 0x01061415, 0x1c0d1541, 0x4956290b, 0x21191f2c, 0x24293b60, 0x1602d9fe, 0x473a319e, 
0x50191619, 0x251f0854, 0x2a080430, 0x322d2b19, 0x45610c23, 0x202512ff, 0x181f1814, 0x1a621748, 
0x2f150301, 0x3f2c394f, 0x241a1d16, 0xa6474783, 0x2e0f100e, 0x03453520, 0x24081d07, 0x311d230b, 
0x0826281d, 0x191cff29, 0x13292316, 0xd3621a14, 0x00001b17, 0x00000300, 0x84025aff, 0x35006e02, 
0x54003900, 0x17250000, 0x2223010e, 0x3435022e, 0x013e3736, 0x3507013b, 0x15213521, 0x22231523, 
0x010e0706, 0x33161415, 0x07373632, 0x3435012e, 0x16323336, 0x07061415, 0x01071737, 0x010f1737, 
0x35012e22, 0x37013e34, 0x15020e17, 0x33011e14, 0x37013e32, 0x01030e17, 0x1b0d17ad, 0x49572a09, 
0x22191e2d, 0x24293b60, 0x84026bfe, 0x473b319e, 0x50191618, 0x11140654, 0x2a06070e, 0x322d2b19, 
0x45610c23, 0xc53761fe, 0x56395e26, 0x324a2930, 0x1f392625, 0x331d3520, 0x2c183c4f, 0x4b3e3316, 
0x03011d67, 0x394e2f14, 0x1d163f2c, 0x4783241a, 0x100ea647, 0x35202e0f, 0x18040145, 0x230b2408, 
0x281d311d, 0xff290826, 0x1e0e011c, 0x29262cb1, 0x452e2e47, 0x013f052b, 0x221e2c18, 0x412b1229, 
0x331b4121, 0x00001828, 0x00000200, 0x25035aff, 0x35006e02, 0x00006b00, 0x010e1725, 0x022e2223, 
0x37363435, 0x013b013e, 0x35213507, 0x15231521, 0x07062223, 0x1415010e, 0x36323316, 0x012e0737, 
0x33363435, 0x14151632, 0x17370706, 0x1e172507, 0x06141501, 0x27262223, 0x3435012e, 0x27013f36, 
0x2223022e, 0x16141506, 0x37363233, 0x23010e17, 0x34352622, 0x3233013e, 0x011f011e, 0x37023e37, 
0x194c0217, 0x2c091b0d, 0x1f2c4857, 0x3b602119, 0xcafd2429, 0x319e2503, 0x1619473a, 0x06545019, 
0x040f1312, 0x2b192a08, 0x0c23322d, 0xc4fe4561, 0x1d03030c, 0x112a1214, 0x15121a13, 0x1d112218, 
0x2116141f, 0x1d0e161a, 0x25151113, 0x28402f14, 0x361e1939, 0x8a241633, 0x10222716, 0x02206c14, 
0x4e2d1402, 0x163f2c39, 0x83241a1d, 0x0ea64747, 0x202e0f10, 0x03014535, 0x0b240817, 0x1d311d23, 
0x29082628, 0x1c6b1cff, 0x16070e09, 0x0d0b0e15, 0x170b101e, 0x29540a08, 0x17180f2b, 0x07061716, 
0x3c07073f, 0x16312830, 0x58393812, 0x0a0d0939, 0x00003604, 0x00000200, 0x7a025aff, 0x35006e02, 
0x00004f00, 0x010e1725, 0x022e2223, 0x37363435, 0x013b013e, 0x35213507, 0x15231521, 0x07062223, 
0x1415010e, 0x36323316, 0x012e0737, 0x33363435, 0x14151632, 0x17370706, 0x2e222507, 0x3e343501, 
0x0e173701, 0x16141502, 0x013e3233, 0x030e1737, 0x0d15a501, 0x572b081b, 0x191f2d49, 0x293b5f22, 
0x0275fe24, 0x3a319e7a, 0x18161947, 0x0f05544f, 0x0804050d, 0x2d2b192a, 0x610c2332, 0x38dffe45, 
0x46262f54, 0x38212f2f, 0x2f2b4322, 0x2e183d4a, 0x4b3c3316, 0x03011862, 0x394e2f14, 0x1d163f2c, 
0x4783241a, 0x100ea647, 0x35202e0f, 0x15010145, 0x230b2408, 0x281d311d, 0xff290826, 0x4729291c, 
0x2b422d2e, 0x19013f07, 0x29311d2a, 0x3d214029, 0x182a341c, 0x00000300, 0x79045aff, 0x2d006e02, 
0x7d006300, 0x17250000, 0x2223010e, 0x3e27012e, 0x27343501, 0x012b012e, 0x1e323327, 0x011e1701, 
0x07061415, 0x33011e37, 0x07373632, 0x21352111, 0x23112315, 0x010e1725, 0x022e2223, 0x37363435, 
0x013b013e, 0x35213507, 0x15231521, 0x07062223, 0x1415010e, 0x36323316, 0x012e0737, 0x33363435, 
0x14151632, 0x17370706, 0x2e222507, 0x3e343501, 0x0e173701, 0x16141502, 0x013e3233, 0x030e1737, 
0x211bc003, 0x56303450, 0x423a0e3f, 0x26250c0e, 0x24b705aa, 0x140c2333, 0x124a3f13, 0x362a401a, 
0xfe1b1950, 0x683f027a, 0x15e5fd51, 0x2b081b0d, 0x1f2d4957, 0x3b5f2219, 0x75fe2429, 0x319e7a02, 
0x1619473a, 0x05544f18, 0x04050d0f, 0x2b192a08, 0x0c23322d, 0xdffe4561, 0x262f5438, 0x212f2f46, 
0x2b432238, 0x183d4a2f, 0x3c33162e, 0x1913844b, 0x42572b1f, 0x16222707, 0x47070b0c, 0x130b1109, 
0x4037172f, 0x293f2a14, 0x01261b35, 0xfd47477c, 0x011862d9, 0x4e2f1403, 0x163f2c39, 0x83241a1d, 
0x0ea64747, 0x202e0f10, 0x01014535, 0x0b240815, 0x1d311d23, 0x29082628, 0x29291cff, 0x422d2e47, 
0x013f072b, 0x311d2a19, 0x21402929, 0x2a341c3d, 0x00000018, 0x00000300, 0x26035aff, 0x35006e02, 
0x74005700, 0x17250000, 0x2223010e, 0x3435022e, 0x013e3736, 0x3507013b, 0x15213521, 0x22231523, 
0x010e0706, 0x33161415, 0x07373632, 0x3435012e, 0x16323336, 0x07061415, 0x27071737, 0x2223030e, 
0x36343526, 0x013e013f, 0x17163233, 0x23222607, 0x14150622, 0x3233011e, 0x0537013e, 0x3435022e, 
0x3233013e, 0x06141516, 0x013e2707, 0x23263435, 0x14150622, 0x0217011e, 0x1b0c174e, 0x49572a09, 
0x21191e2d, 0x24283c60, 0x2603cafd, 0x473b309f, 0x50191618, 0x13130554, 0x2906070e, 0x302d2a1a, 
0x45620d26, 0x4b3d1827, 0x605a355b, 0x14081917, 0x160a1b32, 0x0c050607, 0x1a2d2805, 0x60391c2e, 
0x8bfe2353, 0x23345937, 0x4332283e, 0x0b3b1411, 0x19191209, 0x213f2926, 0x03041f6b, 0x394e2f15, 
0x1d163f2c, 0x4783241a, 0x100ea647, 0x35202e0f, 0x17030145, 0x230b2408, 0x281d311d, 0xff290826, 
0x4022b61c, 0x3a4c1e34, 0x0d133419, 0x01010d0e, 0x1d210144, 0x2f0f2017, 0x063b3652, 0x26314124, 
0x2b35223c, 0x26122e13, 0x0e0a1409, 0x211f2a19, 0x00021025, 0x00000400, 0x24055aff, 0x2d006e02, 
0x85006300, 0x0000a200, 0x010e1725, 0x012e2223, 0x35013e27, 0x012e2734, 0x3327012b, 0x17011e32, 
0x1415011e, 0x1e370706, 0x36323301, 0x21110737, 0x23152135, 0x17252311, 0x2223010e, 0x3435022e, 
0x013e3736, 0x3507013b, 0x15213521, 0x22231523, 0x010e0706, 0x33161415, 0x07373632, 0x3435012e, 
0x16323336, 0x07061415, 0x27071737, 0x2223030e, 0x36343526, 0x013e013f, 0x17163233, 0x23222607, 
0x14150622, 0x3233011e, 0x0537013e, 0x3435022e, 0x3233013e, 0x06141516, 0x013e2707, 0x23263435, 
0x14150622, 0x0417011e, 0x50211b6b, 0x3f563034, 0x0e423a0e, 0xaa26250c, 0x3324b705, 0x13140c23, 
0x1a124a3f, 0x50362a40, 0x7afe1b19, 0x51683f02, 0x0c17e3fd, 0x572a091b, 0x191e2d49, 0x283c6021, 
0x03cafd24, 0x3b309f26, 0x19161847, 0x13055450, 0x06070e13, 0x2d2a1a29, 0x620d2630, 0x3d182745, 
0x5a355b4b, 0x08191760, 0x0a1b3214, 0x05060716, 0x2d28050c, 0x391c2e1a, 0xfe235360, 0x3459378b, 
0x32283e23, 0x3b141143, 0x1912090b, 0x3f292619, 0x19138421, 0x42572b1f, 0x16222707, 0x47070b0c, 
0x130b1109, 0x4037172f, 0x293f2a14, 0x01261b35, 0xfd47477c, 0x041f6bd9, 0x4e2f1503, 0x163f2c39, 
0x83241a1d, 0x0ea64747, 0x202e0f10, 0x03014535, 0x0b240817, 0x1d311d23, 0x29082628, 0x22b61cff, 
0x4c1e3440, 0x1334193a, 0x010d0e0d, 0x21014401, 0x0f20171d, 0x3b36522f, 0x31412406, 0x35223c26, 
0x122e132b, 0x0a140926, 0x1f2a190e, 0x02102521, 0x00000200, 0x2a0257ff, 0x1c006e02, 0x00005200, 
0x35012e37, 0x3e373634, 0x35013b02, 0x15213521, 0x22231523, 0x010e0706, 0x17161415, 0x2f022e01, 
0x35012e01, 0x32333634, 0x0e141516, 0x0e270701, 0x2e222301, 0x3e343502, 0x16323302, 0x012e0717, 
0x15062223, 0x33011e14, 0x17373632, 0x7817011e, 0x11142e20, 0x1c2c240f, 0x02c5fe71, 0x1fc19e2a, 
0x0807091a, 0x0301171e, 0x07181f10, 0x2a09080d, 0x142d2b19, 0x0d071522, 0x522d1c34, 0x381e2540, 
0x2a112d4c, 0x220c050b, 0x2e43400f, 0x15072347, 0x230e4211, 0x4017dd1e, 0x0d281c2c, 0x56060e0c, 
0x069d4747, 0x0b110607, 0xfe0e2618, 0x31361a48, 0x26042311, 0x311d230a, 0x11211b1d, 0x070a0605, 
0x2c402914, 0x182d4129, 0x02490203, 0x2b2b3703, 0x03010f2c, 0x293a1f26, 0x00000300, 0xef0357ff, 
0x2d006e02, 0x80004a00, 0x17250000, 0x2223010e, 0x3e27012e, 0x27343501, 0x012b012e, 0x1e323327, 
0x011e1701, 0x07061415, 0x33011e37, 0x07373632, 0x21352111, 0x23112315, 0x35012e25, 0x3e373634, 
0x35013b02, 0x15213521, 0x22231523, 0x010e0706, 0x17161415, 0x2f022e01, 0x35012e01, 0x32333634, 
0x0e141516, 0x0e270701, 0x2e222301, 0x3e343502, 0x16323302, 0x012e0717, 0x15062223, 0x33011e14, 
0x17373632, 0x0317011e, 0x50211b36, 0x3f563034, 0x0e423a0e, 0xaa26250c, 0x3324b705, 0x13140c23, 
0x1a124a3f, 0x50362a40, 0x7afe1b19, 0x51683f02, 0x2e2042fd, 0x240f1114, 0xfe711c2c, 0x9e2a02c5, 
0x091a1fc1, 0x171e0807, 0x1f100301, 0x080d0718, 0x2b192a09, 0x1522142d, 0x1c340d07, 0x2540522d, 
0x2d4c381e, 0x050b2a11, 0x400f220c, 0x23472e43, 0x42111507, 0x8d1e230e, 0x2b1f1913, 0x27074257, 
0x0b0c1622, 0x11094707, 0x172f130b, 0x2a144037, 0x1b35293f, 0x47730126, 0xddd9fd47, 0x1c2c4017, 
0x0e0c0d28, 0x47475606, 0x0607069d, 0x26180b11, 0x1a48fe0e, 0x23113136, 0x230a2604, 0x1b1d311d, 
0x06051121, 0x2914070a, 0x41292c40, 0x0203182d, 0x37030249, 0x0f2c2b2b, 0x1f260301, 0x0000293a, 
0x00000200, 0xeb02ffff, 0x28006e02, 0x00003a00, 0x022e2205, 0x3b363435, 0x012e3401, 0x2622012b, 
0x35012e27, 0x3e373634, 0x35013b01, 0x15213521, 0x35231123, 0x06141523, 0x22231503, 0x16141506, 
0x1632013b, 0x15011e17, 0x64011133, 0x17242a13, 0x101d221b, 0x2b42151f, 0x13131233, 0x40191417, 
0xeafe3b2d, 0x5168eb02, 0x9a101d9e, 0x201a292d, 0x112e2953, 0x01a11411, 0x132c2619, 0x191b1912, 
0x10101206, 0x2d21192c, 0x560c100e, 0xd9fd4747, 0x1d212461, 0x159d2802, 0x0d19151e, 0x26310f0e, 
0x00007f01, 0x00000300, 0xbb02f4ff, 0x1c006e02, 0x45003d00, 0x2e370000, 0x36343501, 0x3b023e37, 
0x35213501, 0x15231521, 0x07062223, 0x1415010e, 0x22131716, 0x3435022e, 0x3233023e, 0x0717011e, 
0x2223012e, 0x16141506, 0x013e3233, 0x020e1537, 0x33352313, 0x23112315, 0x142e2078, 0x2c240f11, 
0xf2fe441c, 0x94cb2a02, 0x07091a1f, 0x59171e08, 0x1a31452b, 0x2d49351d, 0x0a23260d, 0x172c1206, 
0x303b3e3e, 0x244f5b38, 0xb4654616, 0x5168f53c, 0x2c4017dd, 0x0c0d281c, 0x4756060e, 0x07069d47, 
0x180b1106, 0xe6fe0e26, 0x21372615, 0x172b3c26, 0x48030403, 0x292d0603, 0x4d2b282a, 0x3b177231, 
0x4732022b, 0x00cdfd47, 0x00000200, 0x3702f5ff, 0x1c006e02, 0x00003e00, 0x35012e37, 0x3e373634, 
0x35013b02, 0x15213521, 0x22231523, 0x010e0706, 0x17161415, 0x022e2213, 0x023e3435, 0x011e3233, 
0x012e0717, 0x15062223, 0x32331614, 0x1737013e, 0x2078030e, 0x0f11142e, 0x441c2c24, 0xf701f2fe, 
0x1a1f9498, 0x1e080709, 0x452b5917, 0x351d1a31, 0x260d2d49, 0x12060a23, 0x3e3e172c, 0x5735303b, 
0x1534234b, 0xdd5d4a38, 0x1c2c4017, 0x0e0c0d28, 0x47475606, 0x0607069d, 0x26180b11, 0x15e6fe0e, 
0x26213726, 0x03172b3c, 0x03480304, 0x2a292d06, 0x2d462828, 0x3339183c, 0x00000021, 0x00000300, 
0x2e030000, 0x0e006e02, 0x4a001200, 0x22370000, 0x3435022e, 0x15213336, 0x06141523, 0x15213503, 
0x07062213, 0x3435022e, 0x023e3736, 0x2135013b, 0x23152135, 0x06222315, 0x15010e07, 0x3e171614, 
0x16323301, 0x010e1415, 0x012e2223, 0x011e3727, 0x35363233, 0x12992634, 0x1b162329, 0xad180122, 
0x7501b01d, 0x173a1dcf, 0x141d331f, 0x31250f11, 0x6ffe5d21, 0xb86e5002, 0x07091a1f, 0x17101c08, 
0x624a1a34, 0x4142582b, 0x3d285e71, 0x3b4b7739, 0x18ea3139, 0x17152d28, 0x1c36471c, 0x473d011c, 
0x0eb7fe47, 0x382e130b, 0x0d281c22, 0x56060e0c, 0x069d4747, 0x0b110607, 0x080d2118, 0x2d414b09, 
0x48282845, 0x4144312e, 0x23232529, 0x0000ffff, 0x2e031aff, 0x26126e02, 0x0000bb03, 0x59020710, 
0x0000fe02, 0x00000300, 0x9f030000, 0x10007802, 0x4b001400, 0x15130000, 0x22230614, 0x3435022e, 
0x1d213336, 0x15210102, 0x0e170121, 0x26222302, 0x35023e27, 0x22232634, 0x1e141506, 0x2e071701, 
0x3e343501, 0x1e323301, 0x0e141501, 0x1e370701, 0x36323301, 0x23110737, 0x23152135, 0x1dcd2311, 
0x23291217, 0x01221b16, 0x0180fe1e, 0x02e2fe1e, 0x34130fe7, 0x77552a42, 0x214c3f15, 0x2019252f, 
0x081c2411, 0x3a214c41, 0x304b2923, 0x0e3b512a, 0x3b3a3d1b, 0x52112351, 0x51670a01, 0x1c362a01, 
0x2d28181c, 0x301c1715, 0x44010f08, 0x19b1fe47, 0x61111c0e, 0x37280e5d, 0x18333224, 0x0f191117, 
0x3d094603, 0x1932263a, 0x35384823, 0x2113374e, 0x27332e30, 0x47380136, 0x00d9fd47, 0x00000400, 
0x9f03e8ff, 0x10007802, 0x4c001400, 0x00005000, 0x06141513, 0x022e2223, 0x33363435, 0x01021d21, 
0x01211521, 0x23020e17, 0x27012e22, 0x3435023e, 0x06222326, 0x011e1415, 0x012e0717, 0x013e3435, 
0x011e3233, 0x010e1415, 0x011e3707, 0x37363233, 0x35231107, 0x11231521, 0x37012d23, 0x171dcd05, 
0x16232912, 0x1e01221b, 0x1e0180fe, 0xe702e2fe, 0x493b131d, 0x3e5c392a, 0x214c3f0e, 0x2019252f, 
0x081c2411, 0x3a214c41, 0x304b2923, 0x0e3b512a, 0x3b3a3d1b, 0x52112351, 0x51670a01, 0x0c0191fe, 
0x0198fe8b, 0x1c1c362a, 0x152d2818, 0x09321c17, 0x4744010c, 0x0d11b1fe, 0x5329151d, 0x37280e3e, 
0x18333224, 0x0f191117, 0x3d094603, 0x1932263a, 0x35384823, 0x2113374e, 0x27332e30, 0x47380136, 
0x29d9fd47, 0x00e50d97, 0x00000400, 0x96030000, 0x0e007802, 0x3e001200, 0x00005b00, 0x06141513, 
0x022e2223, 0x33363435, 0x21011521, 0x23012915, 0x17352311, 0x2223020e, 0x36343526, 0x37013e37, 
0x3233013e, 0x26071716, 0x0e222322, 0x16141501, 0x37363233, 0x35231107, 0x022e0133, 0x013e3435, 
0x15163233, 0x27070614, 0x3435013e, 0x06222326, 0x011e1415, 0x171dcd17, 0x16232912, 0x1a01221b, 
0x2f0184fe, 0x9603d1fe, 0x18125168, 0x4d2c3f31, 0x021d1a5f, 0x3a170404, 0x071b0b1f, 0x05110607, 
0x391a3021, 0x1b4f3d2c, 0xfef73e0e, 0x3153336b, 0x352a4126, 0x3d141447, 0x1a14090b, 0x3724281c, 
0x362a011d, 0x28181c1c, 0x1c17152d, 0x47440147, 0x19bad9fd, 0x51101b0f, 0x153b2043, 0x0f020902, 
0x4601020e, 0x1a231201, 0x21372829, 0x47560134, 0x2606dcfe, 0x3f283344, 0x182d3824, 0x0a27152b, 
0x1b0f0b17, 0x2723232c, 0x00000211, 0x00000400, 0x02036700, 0x0e007802, 0x33001200, 0x00005000, 
0x06141513, 0x022e2223, 0x33363435, 0x21011521, 0x0e012115, 0x26222301, 0x37363435, 0x3e37013e, 
0x16323301, 0x22260717, 0x010e2223, 0x33161415, 0x27373632, 0x3435022e, 0x3233013e, 0x06141516, 
0x013e2707, 0x23263435, 0x14150622, 0xcd17011e, 0x2912171d, 0x221b1623, 0x84fe1a01, 0xd1fe2f01, 
0x5b250203, 0x1a5f4d47, 0x0404021d, 0x0b1f3a17, 0x0607071b, 0x30210511, 0x352c391a, 0x33dc1a4a, 
0x41263153, 0x1447352a, 0x090b3d14, 0x281c1a14, 0x011d3724, 0x1c1c362a, 0x152d2818, 0x01471c17, 
0x8bfe4744, 0x43512c1f, 0x02153b20, 0x0e0f0209, 0x01460102, 0x291a2312, 0x551c2c28, 0x33442606, 
0x38243f28, 0x152b182d, 0x0b170a27, 0x232c1b0f, 0x02112723, 0x00000500, 0x9603d5ff, 0x0e007802, 
0x3e001200, 0x5f005b00, 0x15130000, 0x22230614, 0x3435022e, 0x15213336, 0x29152101, 0x23112301, 
0x020e1735, 0x35262223, 0x3e373634, 0x013e3701, 0x17163233, 0x23222607, 0x15010e22, 0x32331614, 
0x11073736, 0x01333523, 0x3435022e, 0x3233013e, 0x06141516, 0x013e2707, 0x23263435, 0x14150622, 
0x0317011e, 0xcd372527, 0x2912171d, 0x221b1623, 0x84fe1a01, 0xd1fe2f01, 0x51689603, 0x42341819, 
0x1a5f4d2d, 0x0404021d, 0x0b1f3a17, 0x0607071b, 0x30210511, 0x3d2c391a, 0x3e0e1b4f, 0x336bfef7, 
0x41263153, 0x1447352a, 0x090b3d14, 0x281c1a14, 0x681d3724, 0x810c012f, 0x1c362a01, 0x2d28181c, 
0x471c1715, 0xfd474401, 0x0d1cc9d9, 0x424e161f, 0x02153b20, 0x0e0f0209, 0x01460102, 0x291a2312, 
0x34213728, 0xfe475601, 0x442606dc, 0x243f2833, 0x2b182d38, 0x170a2715, 0x2c1b0f0b, 0x11272323, 
0x4149fe02, 0x00000797, 0x00000300, 0x76020000, 0x07006e02, 0x2d001e00, 0x21010000, 0x23152135, 
0x22272311, 0x012e2726, 0x3f363435, 0x37023e01, 0x1e170717, 0x06141501, 0x022e2227, 0x33363435, 
0x15231521, 0xbd010614, 0x760243fe, 0x15a15168, 0x210f1321, 0x1c541612, 0x371a3536, 0x090a1ec0, 
0x2912a827, 0x221b1623, 0x1cfb6501, 0x47472702, 0x0812d9fd, 0x171c0707, 0x45121c0e, 0x11272a17, 
0x0c22a122, 0x1c170b14, 0x2d2718d9, 0x471c1715, 0x001b1c36, 0x00000400, 0xf203ffff, 0x0e007802, 
0x1a001200, 0x00004b00, 0x06141513, 0x022e2223, 0x33363435, 0x21011521, 0x11012915, 0x35231123, 
0x22011521, 0x36343526, 0x1f163233, 0x17021e01, 0x2f012e07, 0x35023e01, 0x22232634, 0x1e141506, 
0x2e071702, 0x36343501, 0x011e3233, 0x010e1415, 0x12171dcd, 0x1b162329, 0xfe1f0122, 0xfe4b017f, 
0x518a03b5, 0xfd120159, 0x242f23c3, 0x292e151c, 0x3e45230c, 0x613d4018, 0x4c2f0c2b, 0x1f2f3b2d, 
0x351b0a1e, 0x5d5e112a, 0x522f4347, 0x01764133, 0x1c1c362a, 0x152d2818, 0x01471c17, 0xd9fd4744, 
0x47472702, 0x1f2396fe, 0x21151e1d, 0x49451b0e, 0x65572c22, 0x2a01311f, 0x4338364f, 0x190c171b, 
0x46010f17, 0x333a5306, 0x40552b40, 0x00457343, 0x00000300, 0x47020000, 0x14006e02, 0x3b002300, 
0x17010000, 0x2223020e, 0x022e2726, 0x3523013d, 0x11231521, 0x3e320323, 0x11073701, 0x1e141523, 
0x011e1701, 0x27262203, 0x3435012e, 0x3e013f36, 0x07173703, 0x15011e17, 0x8e010614, 0x3b301512, 
0x15402328, 0x4f0a1611, 0x51684702, 0x30391f87, 0x06ee100f, 0x240c0b0d, 0x142f1647, 0x1e131811, 
0x41370f2b, 0xda44153c, 0x24050518, 0x0e191601, 0x16161019, 0x2c3c2a12, 0xfd474791, 0x180901d9, 
0x01351525, 0x30298701, 0x0a0c0c1c, 0x0d11f7fe, 0x0e131f0c, 0x08181017, 0x091c1e1b, 0x092b7b17, 
0x1c16080f, 0x00000500, 0xc1030000, 0x1c007802, 0x24002000, 0x6d005000, 0x0e250000, 0x2e222302, 
0x3e343501, 0x16323301, 0x012e0717, 0x15062223, 0x32331614, 0x21013736, 0x011f2115, 0x23252707, 
0x17352311, 0x2223020e, 0x36343526, 0x37013e37, 0x3233013e, 0x26071716, 0x0e222322, 0x16141501, 
0x37363233, 0x35231107, 0x022e0133, 0x013e3435, 0x15163233, 0x27070614, 0x3435013e, 0x06222326, 
0x011e1415, 0x1bba0117, 0x382b473c, 0x63373259, 0x10341441, 0x14291206, 0x30434b42, 0xfe1d5035, 
0xfe5a016c, 0x2eaccda6, 0x683203bc, 0x31181251, 0x5f4d2c3f, 0x04021d1a, 0x1f3a1704, 0x07071b0b, 
0x21051106, 0x2c391a30, 0x0e1b4f3d, 0x6bfef73e, 0x26315333, 0x47352a41, 0x0b3d1414, 0x1c1a1409, 
0x1d372428, 0x142317c4, 0x39334b2a, 0x03042950, 0x37040345, 0x2c333435, 0x476b011f, 0xea2ad77f, 
0xbad9fd96, 0x101b0f19, 0x3b204351, 0x02090215, 0x01020e0f, 0x23120146, 0x3728291a, 0x56013421, 
0x06dcfe47, 0x28334426, 0x2d38243f, 0x27152b18, 0x0f0b170a, 0x23232c1b, 0x00021127, 0x00000300, 
0xa2030000, 0x16006e02, 0x3a002b00, 0x33130000, 0x14152315, 0x2e222306, 0x36343502, 0x2335013b, 
0x23152135, 0x35231121, 0x23020e17, 0x2e272622, 0x23013d02, 0x2b152135, 0x1e141501, 0x011e1701, 
0x013e3233, 0xf6cf0737, 0x13131df6, 0x1b17242a, 0x017e1a22, 0x6b02a776, 0x30151351, 0x41282539, 
0x0a161115, 0xb947024f, 0x0b0d06ee, 0x1f19240c, 0x10102f39, 0x25474101, 0x27191d21, 0x1912132c, 
0xfd4747e6, 0x0e18e3d9, 0x151b101b, 0x2b3c2b12, 0xb64747c1, 0x0b1d3029, 0x25180b0c, 0x00003414, 
0x00000400, 0xa203f3ff, 0x16006e02, 0x3a002b00, 0x00003e00, 0x23153313, 0x23061415, 0x35022e22, 
0x013b3634, 0x21352335, 0x11212315, 0x0e173523, 0x26222302, 0x3d022e27, 0x21352301, 0x15012b15, 
0x17011e14, 0x3233011e, 0x0737013e, 0x05172505, 0x1df6f6cf, 0x242a1313, 0x1a221b17, 0xa776017e, 
0x11516b02, 0x25382f15, 0x11154128, 0x024f0a16, 0x06eeb947, 0x230c0b0d, 0x303a1f19, 0x9ffe100f, 
0xfe6b2401, 0x474101a0, 0x191d2125, 0x12132c27, 0x4747e619, 0x1fecd9fd, 0x17101a0d, 0x3c2b1215, 
0x4747c12b, 0x1d3029b6, 0x180b0c0b, 0xc1341425, 0x00ed02ad, 0x00000200, 0x0f039200, 0x16006e02, 
0x00003300, 0x23153313, 0x23061415, 0x35022e22, 0x013b3634, 0x21352335, 0x15212315, 0x17011e14, 
0x3233011e, 0x0e173736, 0x26222302, 0x3d022e27, 0x21352301, 0xf6f6cf15, 0x2a13131d, 0x221b1724, 
0x76017e1a, 0x062c01a7, 0x240c0b0d, 0x19472919, 0x3e361a24, 0x15412828, 0x4f0a1611, 0x41014201, 
0x1d212547, 0x132c2719, 0x47e61912, 0x3029b647, 0x0b0c0b1d, 0x12441928, 0x151b131f, 0x2b3c2b12, 
0x004747c1, 0x00000300, 0x6d040000, 0x16006e02, 0x4f004100, 0x33130000, 0x14152315, 0x2e222306, 
0x36343502, 0x2335013b, 0x23152135, 0x3e271521, 0x16323301, 0x07061415, 0x35013e27, 0x22232634, 
0x3707010e, 0x17352311, 0x2223010e, 0x022e2726, 0x3523013d, 0x15211521, 0x1e171614, 0x3e323301, 
0x11073701, 0x1df6f6cf, 0x242a1313, 0x1a221b17, 0xa776017e, 0x1c125802, 0x52412a42, 0x1948231e, 
0x14232820, 0x14162c2c, 0x47191051, 0x13402833, 0x4f091510, 0x8efd1203, 0x1e0b100c, 0x2d342113, 
0x41011213, 0x1d212547, 0x132c2719, 0x47e61912, 0x2111ee47, 0x2e4d5324, 0x20293268, 0x2e2f2954, 
0x3f202d17, 0x17e5dbfe, 0x161d2616, 0x26382c13, 0xbf4747c5, 0x0c113037, 0x1625150b, 0x00340136, 
0x00000200, 0xd4030000, 0x16007802, 0x00004b00, 0x21172113, 0x23061415, 0x35022e22, 0x013b3634, 
0x21352335, 0x32372315, 0x011e1716, 0x3533011d, 0x15213523, 0x35231123, 0x06141523, 0x022e2223, 
0x3b363435, 0x26343501, 0x23012e27, 0x14150622, 0x0717011e, 0x3435012e, 0x01cf013e, 0xdcfe0123, 
0x2a13131d, 0x221b1724, 0x80017e1a, 0x3a25e6b1, 0xc9171216, 0x673b0183, 0x141dc951, 0x16242a13, 
0x0a1d211b, 0x14210a0b, 0x2e141c1b, 0x594b0826, 0x41013a23, 0x1d212547, 0x132c2719, 0x47e61912, 
0x19155147, 0x743e4413, 0xfd4747e6, 0x2125fad9, 0x2c27191d, 0x69191213, 0x100f322f, 0x12151a0e, 
0x47020f1a, 0x27403d06, 0x00001732, 0x00000400, 0xc703f4ff, 0x18006e02, 0x2b002700, 0x00006300, 
0x011e3213, 0x012e0717, 0x15062223, 0x17011e14, 0x35022e07, 0x21023e34, 0x07171632, 0x2223012e, 
0x2707010e, 0x3525013e, 0x22131521, 0x022e0706, 0x37363435, 0x013b023e, 0x21352135, 0x23152315, 
0x0e070622, 0x16141501, 0x33013e17, 0x14151632, 0x2223010e, 0x3727012e, 0x3233011e, 0x26343536, 
0x343821cc, 0x3b1f2018, 0x2b2b2826, 0x3a363a52, 0x2f1d3860, 0x17450138, 0x0d1b1127, 0x3319111c, 
0x194d122e, 0x025cfe74, 0x3a1dda03, 0x1d331f17, 0x250f1114, 0xfe5d2131, 0x6e50026f, 0x091a1fb8, 
0x101c0807, 0x4a1a3417, 0x42582b62, 0x285e7141, 0x4b77393d, 0x0131393b, 0x161f10aa, 0x2e231a41, 
0x4b452624, 0x5b323431, 0x3928355d, 0x08071125, 0x18060542, 0x5f183d3f, 0x47477d63, 0x0b0eb7fe, 
0x22382e13, 0x0c0d281c, 0x4756060e, 0x07069d47, 0x180b1106, 0x09080d21, 0x452d414b, 0x2e482828, 
0x29414431, 0x00232325, 0x0000ffff, 0xc7031aff, 0x26126e02, 0x0000cb03, 0x59020710, 0x00009703, 
0x00000400, 0x6704f4ff, 0x03007802, 0x2b001c00, 0x00006200, 0x21152111, 0x23012e01, 0x14150622, 
0x0717011e, 0x3435022e, 0x3233023e, 0x011f011e, 0x2223012e, 0x2707010e, 0x3233013e, 0x17051716, 
0x2223020e, 0x023e2726, 0x23263435, 0x14150622, 0x0717011e, 0x3435012e, 0x3233013e, 0x1415011e, 
0x3707010e, 0x3233011e, 0x11073736, 0x15213523, 0x01231123, 0x011afee6, 0x263b1f51, 0x522b2b28, 
0x603a363a, 0x382f1d38, 0x3438211b, 0x150aa818, 0x2e32180c, 0x74194d12, 0x0b1f0e50, 0x130f8301, 
0x552a4234, 0x4c3f1577, 0x19252f21, 0x1c241120, 0x214c4108, 0x4b29233a, 0x3b512a30, 0x3a3d1b0e, 
0x1123513b, 0x670a0152, 0x476e0251, 0x231afdfe, 0x4526242e, 0x3234314b, 0x28355d5b, 0x10112539, 
0x041c161f, 0x393d1603, 0x045e5c18, 0x0e19b505, 0x5d61111c, 0x2437280e, 0x17183332, 0x030f1911, 
0x3a3d0946, 0x23193226, 0x4e353848, 0x30211337, 0x3627332e, 0x47473801, 0x0000d9fd, 0x00000400, 
0xa9030000, 0x1c006e02, 0x38002000, 0x00004800, 0x011e3201, 0x012e0717, 0x15062223, 0x32331614, 
0x0e173736, 0x2e222302, 0x36343501, 0x21152127, 0x11231525, 0x0e173523, 0x2e222302, 0x013e2701, 
0x27263435, 0x17352317, 0x15011e37, 0x1e070614, 0x36323301, 0x00110737, 0x25270dff, 0x3013050a, 
0x40463e17, 0x1f5a2f31, 0x4e3a1928, 0x32553436, 0x6501a173, 0xa9039bfe, 0x12105168, 0x3c274133, 
0x3e0a375a, 0x3111213c, 0x1417af9f, 0x14383716, 0x5239313d, 0xd0010f1b, 0x49030403, 0x32360604, 
0x2f333033, 0x1c2b164b, 0x56334b2a, 0x47479e5c, 0xd8d9fd47, 0x111c0e19, 0x0d426437, 0x38232c2f, 
0x47470f12, 0x20431c15, 0x31124a34, 0x35223731, 0x00003801, 0x1c000200, 0xc60277ff, 0x42007802, 
0x00004e00, 0x020e1705, 0x012e2223, 0x37363435, 0x25270717, 0x010e0717, 0x33161415, 0x07373632, 
0x022e1711, 0x07010e27, 0x37013e27, 0x3435012e, 0x3233013e, 0x06141516, 0x17011e07, 0x35231107, 
0x11231533, 0x013e0123, 0x23263435, 0x14150622, 0x130e0216, 0x1e312b13, 0x0129452b, 0x2f7f1c01, 
0x23221201, 0x1a30161c, 0x0d154230, 0x62693218, 0x2f5b2b28, 0x254d2930, 0x47262935, 0x2d564231, 
0x467a2c23, 0x67f8401d, 0x21eafe51, 0x1d222825, 0x1516222f, 0x240b1811, 0x0d072e44, 0x43590807, 
0x12173da4, 0x21291a28, 0x01372232, 0x12022519, 0x391c111e, 0x2b14441b, 0x27482615, 0x49233b23, 
0x1b452b3b, 0x23021611, 0x47470a01, 0x120250fd, 0x221f3616, 0x18232220, 0x00000036, 0x1c000200, 
0xc60277ff, 0x44007802, 0x00005000, 0x020e1705, 0x012e2223, 0x013e3435, 0x17163233, 0x23012e07, 
0x14150622, 0x36323316, 0x17110737, 0x0e27022e, 0x3e270701, 0x012e3701, 0x013e3435, 0x15163233, 
0x1e070614, 0x11071701, 0x15333523, 0x01231123, 0x3435013e, 0x06222326, 0x02161415, 0x2c10100e, 
0x4d312136, 0x36512d2c, 0x060e3912, 0x33132710, 0x2c2c3a3a, 0x180f1644, 0x28626932, 0x302f5b2b, 
0x35254d29, 0x31472629, 0x232d5642, 0x1d467a2c, 0x5167f840, 0x2521eafe, 0x2f1d2228, 0x0b1a1922, 
0x46270d14, 0x2445302f, 0x04450505, 0x2b2c2d07, 0x32162728, 0x02252b01, 0x1c111e12, 0x14441b39, 
0x4826152b, 0x233b2327, 0x452b3b49, 0x0216111b, 0x470a0123, 0x0250fd47, 0x1f361612, 0x23222022, 
0x00003618, 0x1c000400, 0x2d04f4ff, 0x1a007802, 0x40002600, 0x00005900, 0x27012e01, 0x2707010e, 
0x2e37013e, 0x3e343501, 0x16323301, 0x07061415, 0x2517011e, 0x3e171614, 0x26343501, 0x25062223, 
0x23152135, 0x17112311, 0x2223012e, 0x2707010e, 0x3233013e, 0x27011f16, 0x012e0335, 0x15062223, 
0x17011e14, 0x35022e07, 0x33023e34, 0x17011e32, 0x5e3abf01, 0x2f5b2b26, 0x254d2930, 0x47262935, 
0x2d564231, 0x284e2123, 0x2e22d2fe, 0x22282521, 0x25012f1d, 0x51686002, 0x0208163e, 0x112e402d, 
0x6178184d, 0x0d0c1202, 0x3b1fa143, 0x2b2b2826, 0x3b353a51, 0x2f1d385f, 0x39201b38, 0x02011834, 
0x1c101c0c, 0x14441b39, 0x4826152b, 0x233b2327, 0x452b3b49, 0x08140d1b, 0x1a3618b1, 0x221f3616, 
0x47132220, 0x01d9fd47, 0x0e042779, 0x183b4019, 0x0202635f, 0xfe8a131c, 0x2e231afd, 0x4b452624, 
0x5b323431, 0x3928355d, 0x1f101125, 0x00000016, 0x1c000300, 0xd1020000, 0x23007802, 0x45002f00, 
0x27250000, 0x0e27012e, 0x3e270701, 0x012e3701, 0x013e3435, 0x15163233, 0x1e070614, 0x23351701, 
0x23152135, 0x3e012311, 0x26343501, 0x15062223, 0x22131614, 0x012e2726, 0x3f363435, 0x37013e01, 
0x1e170717, 0x06141501, 0x3c3e1902, 0x5b2b2c72, 0x4d29302f, 0x26293525, 0x56423147, 0x772c232d, 
0x05014d37, 0xdffe5167, 0x22282521, 0x78222f1d, 0x15112812, 0x371f1221, 0x4a295f3d, 0x040518d9, 
0x0906f824, 0x391c1320, 0x2b14441b, 0x27482615, 0x49233b23, 0x1b452b3b, 0xf1061c11, 0xd9fd4747, 
0x36168901, 0x2220221f, 0xfe361823, 0x0d0a0b5d, 0x190d1624, 0x2e211f10, 0x2b7b1a12, 0x17080f09, 
0x0000001b, 0x00000300, 0x57020000, 0x21006e02, 0x35002500, 0x22210000, 0x3435012e, 0x013b013e, 
0x35171632, 0x23071533, 0x0e070622, 0x1e141501, 0x36323301, 0x010e1737, 0x0f173703, 0x3d022e01, 
0x21352301, 0x14152115, 0x0117011e, 0x3e6a423c, 0x11567d42, 0x510a120a, 0x4c3c3641, 0x2a1a181c, 
0x57342845, 0x6c291b27, 0x30f931eb, 0x111d13eb, 0xfe570254, 0x15190c4d, 0x34404c23, 0x01012648, 
0x0a3ee3e2, 0x1b270b0e, 0x1b102a26, 0x1c134c15, 0xf9242702, 0x27101227, 0x47832133, 0x2f227147, 
0x00000c1f, 0x00000400, 0x5b040000, 0x2e006e02, 0x54005000, 0x00006400, 0x35231101, 0x23010e17, 
0x27012e22, 0x3435013e, 0x012e2726, 0x3335012b, 0x17011e32, 0x1415011e, 0x1e370706, 0x36323301, 
0x21110737, 0x01152135, 0x35012e22, 0x3b013e34, 0x17163201, 0x07153335, 0x07062223, 0x1415010e, 
0x3233011e, 0x0e173736, 0x17370301, 0x022e010f, 0x3523013d, 0x15211521, 0x17011e14, 0x1c51f303, 
0x30335022, 0x3a0e3f56, 0x0c070641, 0xb6ad2626, 0x0c233224, 0x4a3f1215, 0x29411a12, 0x1c195136, 
0x4f026afe, 0x6a42e1fc, 0x567d423e, 0x0a120a11, 0x3c364151, 0x1a181c4c, 0x3428452a, 0x291b2757, 
0xf931eb6c, 0x1d13eb30, 0x57025411, 0x190c4dfe, 0xfd270215, 0x191384d9, 0x42572b1e, 0x0c212707, 
0x070b0611, 0x0c110947, 0x37172f12, 0x3e2a1440, 0x261c352b, 0x47477b01, 0x4c23d9fd, 0x26483440, 
0xe3e20101, 0x0b0e0a3e, 0x2a261b27, 0x4c151b10, 0x27021c13, 0x1227f924, 0x21332710, 0x71474783, 
0x0c1f2f22, 0x0000ffff, 0x57021aff, 0x26126e02, 0x0000d303, 0x59020710, 0x00001502, 0x00000400, 
0x5c020000, 0x1a006e02, 0x30002c00, 0x00004000, 0x012e2221, 0x013e3435, 0x1632013b, 0x33110717, 
0x37230715, 0x1415021e, 0x3227010e, 0x2e343536, 0x22232701, 0x010e0706, 0x011e1415, 0x0f173703, 
0x3d022e01, 0x21352301, 0x14152115, 0x0117011e, 0x4468372c, 0x274e7440, 0x24142814, 0x1f1a4351, 
0x3d1c311e, 0x5348426c, 0x211a3020, 0x16173d24, 0x7f462a1a, 0xeb30f531, 0x54111d13, 0x48fe5c02, 
0x2315190c, 0x4a3a3d4a, 0x21020123, 0x3be30401, 0x382b1025, 0x21473924, 0x20312c47, 0x0a071b2a, 
0x1d260c0c, 0x01132c25, 0x27f523dd, 0x34271012, 0x47478023, 0x1f2e2272, 0x0000000c, 0x00000500, 
0x75040000, 0x2e006e02, 0x5b004900, 0x6f005f00, 0x11010000, 0x0e173523, 0x2e222301, 0x013e2701, 
0x27263435, 0x012b012e, 0x1e323335, 0x011e1701, 0x07061415, 0x33011e37, 0x07373632, 0x21352111, 
0x2e220115, 0x3e343501, 0x32013b01, 0x11071716, 0x23071533, 0x15021e37, 0x27010e14, 0x34353632, 
0x2327012e, 0x0e070622, 0x1e141501, 0x17370301, 0x022e010f, 0x3523013d, 0x15211521, 0x17011e14, 
0x1c510d04, 0x30335022, 0x3a0e3f56, 0x0c070641, 0xb6ad2626, 0x0c233224, 0x4a3f1215, 0x29411a12, 
0x1c195136, 0x4f026afe, 0x6837b7fc, 0x4e744044, 0x14281427, 0x1a435124, 0x1c311e1f, 0x48426c3d, 
0x1a302053, 0x173d2421, 0x462a1a16, 0x30f5317f, 0x111d13eb, 0xfe5c0254, 0x15190c48, 0xd9fd2702, 
0x1e191384, 0x0742572b, 0x110c2127, 0x47070b06, 0x120c1109, 0x4037172f, 0x2b3e2a14, 0x01261c35, 
0xfd47477b, 0x3d4a23d9, 0x01234a3a, 0x04012102, 0x10253be3, 0x3924382b, 0x2c472147, 0x1b2a2031, 
0x0c0c0a07, 0x2c251d26, 0x23dd0113, 0x101227f5, 0x80233427, 0x22724747, 0x000c1f2e, 0x0000ffff, 
0x5c021aff, 0x26126e02, 0x0000d603, 0x59020710, 0x00001702, 0x00000300, 0x0c04f4ff, 0x2b007802, 
0x72003b00, 0x37130000, 0x1415011e, 0x0e010f06, 0x1e370701, 0x2e071701, 0x012e2702, 0x33363435, 
0x17011e32, 0x35023e27, 0x17272634, 0x0f213523, 0x013e3201, 0x010e1537, 0x012e2223, 0x011e3727, 
0x020e1705, 0x27262223, 0x3435023e, 0x06222326, 0x011e1415, 0x012e0717, 0x013e3435, 0x011e3233, 
0x010e1415, 0x011e3707, 0x37363233, 0x35231107, 0x11231521, 0x0b1cf523, 0x0113150e, 0x041f3112, 
0x363f7129, 0x164c6338, 0x221e0b16, 0x0d1e2519, 0x0c1d1c3d, 0xed2b090e, 0x720ef101, 0x243b3922, 
0x21314e30, 0x14144049, 0x0e02561e, 0x4234130f, 0x1577552a, 0x2f214c3f, 0x11201925, 0x41081c24, 
0x233a214c, 0x2a304b29, 0x1b0e3b51, 0x513b3a3d, 0x01521123, 0x0251670a, 0x36100f27, 0x15412c26, 
0x0c221709, 0x32723509, 0x58643136, 0x11241f1f, 0x29172213, 0x28081f1d, 0x37261a35, 0x47470d0d, 
0x0a0a04e5, 0x090b0d47, 0x0b3c0a11, 0x0e196a0e, 0x5d61111c, 0x2437280e, 0x17183332, 0x030f1911, 
0x3a3d0946, 0x23193226, 0x4e353848, 0x30211337, 0x3627332e, 0x47473801, 0x0000d9fd, 0x00000300, 
0x7903f4ff, 0x2b007802, 0x67003b00, 0x37130000, 0x1415011e, 0x0e010f06, 0x1e370701, 0x2e071701, 
0x012e2702, 0x33363435, 0x17011e32, 0x35023e27, 0x17272634, 0x0f213523, 0x013e3201, 0x010e1537, 
0x012e2223, 0x011e3727, 0x35012e37, 0x33013e34, 0x15011e32, 0x07010e14, 0x3233011e, 0x0e173736, 
0x26222302, 0x35023e27, 0x22232634, 0x1e141506, 0x1cf51701, 0x13150e0b, 0x1f311201, 0x3f712904, 
0x4c633836, 0x1e0b1616, 0x1e251922, 0x1d1c3d0d, 0x2b090e0c, 0x0ef101ed, 0x3b392272, 0x314e3024, 
0x14404921, 0xf1561e14, 0x3a214c41, 0x304b2923, 0x17324424, 0x4c33333a, 0x3b19251f, 0x77552d48, 
0x214c3f15, 0x2019252f, 0x021c2411, 0x36100f27, 0x15412c26, 0x0c221709, 0x32723509, 0x58643136, 
0x11241f1f, 0x29172213, 0x28081f1d, 0x37261a35, 0x47470d0d, 0x0a0a04e5, 0x090b0d47, 0x0b3c0a11, 
0x3d09450e, 0x1932263a, 0x31384823, 0x2314354a, 0x43202823, 0x61142315, 0x37280e5d, 0x18333224, 
0x0f191117, 0x00000003, 0x00000400, 0xeb03f4ff, 0x2b006e02, 0x51003c00, 0x00006000, 0x011e3713, 
0x0f061415, 0x07010e01, 0x17011e37, 0x27022e07, 0x3435012e, 0x1e323336, 0x3e271701, 0x26343502, 
0x35231727, 0x32071521, 0x1537013e, 0x2223010e, 0x3727012e, 0x1125021e, 0x0e173523, 0x26222302, 
0x3d022e27, 0x21352301, 0x15012b15, 0x17011e14, 0x3233011e, 0x0737013e, 0x0e0b1cf5, 0x12011315, 
0x29041f31, 0x38363f71, 0x16164c63, 0x19221e0b, 0x3d0d1e25, 0x0e0c1d1c, 0x01ed2b09, 0x38224abb, 
0x472b2038, 0x40492135, 0x34141414, 0x512f023a, 0x39301513, 0x15412825, 0x4f0a1611, 0xeeb94702, 
0x0c0b0d06, 0x391f1924, 0x0210102f, 0x36100f27, 0x15412c26, 0x0c221709, 0x32723509, 0x58643136, 
0x11241f1f, 0x29172213, 0x28081f1d, 0x37261a35, 0x47470d0d, 0x0c0d06e5, 0x090c1149, 0x073c0a11, 
0xfde5060c, 0x0e18e3d9, 0x151b101b, 0x2b3c2b12, 0xb64747c1, 0x0b1d3029, 0x25180b0c, 0x00003414, 
0x00000300, 0x5803f4ff, 0x2b006e02, 0x59003c00, 0x37130000, 0x1415011e, 0x0e010f06, 0x1e370701, 
0x2e071701, 0x012e2702, 0x33363435, 0x17011e32, 0x35023e27, 0x17272634, 0x15213523, 0x013e3207, 
0x010e1537, 0x012e2223, 0x021e3727, 0x1e141537, 0x011e1701, 0x37363233, 0x23020e17, 0x2e272622, 
0x23013d02, 0xf5152135, 0x150e0b1c, 0x31120113, 0x7129041f, 0x6338363f, 0x0b16164c, 0x2519221e, 
0x1c3d0d1e, 0x090e0c1d, 0xbb01ed2b, 0x3838224a, 0x35472b20, 0x14404921, 0x3a341414, 0x0b0d06f0, 
0x2919240c, 0x1a241947, 0x28283e36, 0x16111541, 0x42014f0a, 0x100f2702, 0x412c2636, 0x22170915, 
0x7235090c, 0x64313632, 0x241f1f58, 0x17221311, 0x081f1d29, 0x261a3528, 0x470d0d37, 0x0d06e547, 
0x0c11490c, 0x3c0a1109, 0xe5060c07, 0x1d3029b6, 0x280b0c0b, 0x1f124419, 0x12151b13, 0xc12b3c2b, 
0x00004747, 0x00000500, 0xeb03f3ff, 0x2b006e02, 0x51003c00, 0x64006000, 0x37130000, 0x1415011e, 
0x0e010f06, 0x1e370701, 0x2e071701, 0x012e2702, 0x33363435, 0x17011e32, 0x35023e27, 0x17272634, 
0x15213523, 0x013e3207, 0x010e1537, 0x012e2223, 0x021e3727, 0x35231125, 0x23020e17, 0x2e272622, 
0x23013d02, 0x2b152135, 0x1e141501, 0x011e1701, 0x013e3233, 0x25050737, 0x1cf50517, 0x13150e0b, 
0x1f311201, 0x3f712904, 0x4c633836, 0x1e0b1616, 0x1e251922, 0x1d1c3d0d, 0x2b090e0c, 0x4abb01ed, 
0x20383822, 0x2135472b, 0x14144049, 0x023a3414, 0x1511512f, 0x2825382f, 0x16111541, 0x47024f0a, 
0x0d06eeb9, 0x19230c0b, 0x0f303a1f, 0x019ffe10, 0xa0fe6b24, 0x100f2702, 0x412c2636, 0x22170915, 
0x7235090c, 0x64313632, 0x241f1f58, 0x17221311, 0x081f1d29, 0x261a3528, 0x470d0d37, 0x0d06e547, 
0x0c11490c, 0x3c0a1109, 0xe5060c07, 0x1fecd9fd, 0x17101a0d, 0x3c2b1215, 0x4747c12b, 0x1d3029b6, 
0x180b0c0b, 0xc1341425, 0x00ed02ad, 0x00000400, 0xb604f4ff, 0x2b006e02, 0x67003c00, 0x00007500, 
0x011e3713, 0x0f061415, 0x07010e01, 0x17011e37, 0x27022e07, 0x3435012e, 0x1e323336, 0x3e271701, 
0x26343502, 0x35231727, 0x32071521, 0x1537013e, 0x2223010e, 0x3727012e, 0x1525021e, 0x33013e27, 
0x14151632, 0x3e270706, 0x26343501, 0x010e2223, 0x23113707, 0x010e1735, 0x27262223, 0x013d022e, 
0x15213523, 0x16141521, 0x33011e17, 0x37013e32, 0x1cf51107, 0x13150e0b, 0x1f311201, 0x3f712904, 
0x4c633836, 0x1e0b1616, 0x1e251922, 0x1d1c3d0d, 0x2b090e0c, 0x4abb01ed, 0x20383822, 0x2135472b, 
0x14144049, 0x023a3414, 0x421c121c, 0x1e52412a, 0x20194823, 0x2c142328, 0x5114162c, 0x33471910, 
0x10134028, 0x034f0915, 0x0c8efd12, 0x131e0b10, 0x132d3421, 0x0f270212, 0x2c263610, 0x17091541, 
0x35090c22, 0x31363272, 0x1f1f5864, 0x22131124, 0x1f1d2917, 0x1a352808, 0x0d0d3726, 0x06e54747, 
0x11490c0d, 0x0a11090c, 0x060c073c, 0x2111eee5, 0x2e4d5324, 0x20293268, 0x2e2f2954, 0x3f202d17, 
0x17e5dbfe, 0x161d2616, 0x26382c13, 0xbf4747c5, 0x0c113037, 0x1625150b, 0x00340136, 0x00000400, 
0x000329ff, 0x24006e02, 0x40003500, 0x00005d00, 0x35022e05, 0x3e373634, 0x32013b02, 0x011e1716, 
0x11231115, 0x012b2634, 0x07010e22, 0x1415010e, 0x3717011e, 0x2e272622, 0x3f013d01, 0x14151701, 
0x010e0706, 0x013e3227, 0x1523013d, 0x27011e14, 0x3435012e, 0x023e3736, 0x21352133, 0x23152135, 
0x06222115, 0x15010e07, 0x01171614, 0x2c594201, 0x2712312a, 0x2be22536, 0x0c0e1038, 0xde231451, 
0x0c1f3024, 0x4c231514, 0x3525423e, 0x2f0e0e11, 0x0e0e419d, 0x1c273510, 0x076f0617, 0x2b19d718, 
0x240f1114, 0x1e011b2d, 0x0003fdfd, 0x1f92feac, 0x0807091a, 0x3dd7131d, 0x293c6668, 0x0e0a1c57, 
0x10121108, 0xcbfe1f2e, 0x171e3801, 0x0f090c06, 0x4f2b2331, 0x19793857, 0x2b381418, 0x23051e67, 
0x13322b73, 0x17451715, 0x74701a29, 0xca15271a, 0x1c2c3d12, 0x0e0c0d28, 0x47475606, 0x0607069d, 
0x24180b11, 0x0000000d, 0x00000300, 0xa70229ff, 0x1c006e02, 0x50004100, 0x2e370000, 0x36343501, 
0x3b023e37, 0x35213501, 0x15231521, 0x07062221, 0x1415010e, 0x2e131716, 0x36343502, 0x3b023e37, 
0x17163201, 0x1115011e, 0x26341123, 0x0e22012b, 0x010e0701, 0x011e1415, 0x2e223717, 0x36343502, 
0x2315013b, 0x89061415, 0x11142b19, 0x1b2d240f, 0x024dfece, 0xe2fea3a7, 0x07091a1f, 0x50131d08, 
0x2a316149, 0x36271231, 0x382c9225, 0x510b0d10, 0x248d2215, 0x140c1f30, 0x44562715, 0x1f25100e, 
0xef1e1814, 0x12e5198f, 0x281c2c3d, 0x060e0c0d, 0x9d474756, 0x11060706, 0x0d24180b, 0x673e17fe, 
0x57293c66, 0x080e0a1c, 0x2d101312, 0x01cbfe1e, 0x06171e38, 0x310f090c, 0x574c2b23, 0x2316813b, 
0x1a141329, 0x1a193040, 0x00000200, 0x2f0329ff, 0x30006e02, 0x00004d00, 0x35022e05, 0x33023e34, 
0x17011e32, 0x35231133, 0x11231521, 0x15233523, 0x22230614, 0x3435022e, 0x2e013b36, 0x06222302, 
0x011e1415, 0x012e0317, 0x37363435, 0x013b023e, 0x21352135, 0x23152315, 0x0e070622, 0x16141501, 
0x49150117, 0x3d233161, 0x533f2b4e, 0x769f052d, 0x51682f01, 0x13141d9c, 0x1b172429, 0x1a051d22, 
0x4c3c2932, 0xc2445627, 0x11142b19, 0x1b2d240f, 0x0297fe84, 0x1fd4803a, 0x0807091a, 0x3ed7131d, 
0x2e3c6667, 0x2d183046, 0xac01354f, 0x50fd4747, 0x1d2224bd, 0x132c2719, 0x2f201912, 0x2b413d1a, 
0x013b574c, 0x2c3d1288, 0x0c0d281c, 0x4756060e, 0x07069d47, 0x180b1106, 0x00000d24, 0x00000200, 
0x210329ff, 0x36006e02, 0x00005300, 0x35022e05, 0x33023e34, 0x15011e32, 0x37070614, 0x3233011e, 
0x11073736, 0x15333523, 0x35231123, 0x23010e17, 0x27012e22, 0x3435013e, 0x06222326, 0x011e1415, 
0x012e0317, 0x37363435, 0x013b023e, 0x21352135, 0x23152315, 0x0e070622, 0x16141501, 0x49150117, 
0x36173161, 0x5534445b, 0x0c3b4932, 0x372c431a, 0x3b201947, 0x255167f3, 0x313c4e1a, 0x390f3e56, 
0x51323442, 0x44562750, 0x142b19c2, 0x2d240f11, 0x97fe841b, 0xd4803a02, 0x07091a1f, 0xd7131d08, 
0x3c66673e, 0x22384220, 0x392b381c, 0x36251236, 0x321e3024, 0x47471402, 0x078044fd, 0x52292312, 
0x1c21073f, 0x3f3f1c1b, 0x3b574c2b, 0x3d128801, 0x0d281c2c, 0x56060e0c, 0x069d4747, 0x0b110607, 
0x000d2418, 0x00000400, 0x000329ff, 0x24006e02, 0x44003b00, 0x00006100, 0x35022e05, 0x3e373634, 
0x32013b02, 0x011e1716, 0x11231115, 0x012b2634, 0x07010e22, 0x1415010e, 0x011f011e, 0x3435022e, 
0x3233013e, 0x2e071716, 0x06222301, 0x011e1415, 0x013e2717, 0x0e220733, 0x2e010701, 0x36343501, 
0x33023e37, 0x35213521, 0x15231521, 0x07062221, 0x1415010e, 0x01011716, 0x2a2c5942, 0x36271231, 
0x382de325, 0x500b0c10, 0x24de2315, 0x140c1f30, 0x3e4c2315, 0x294b327c, 0x34213c27, 0x18312043, 
0x211f1d2c, 0x35303d1d, 0x02486416, 0x11292e17, 0x2b199dfe, 0x240f1114, 0x1f011b2d, 0x0003fcfd, 
0x1f91feab, 0x0807091a, 0x3dd7131d, 0x293c6668, 0x0e0a1c57, 0x10141308, 0xcbfe1d2c, 0x171e3801, 
0x0f090c06, 0x4f2b2331, 0x26133857, 0x28284b48, 0x1c261a33, 0x211b1732, 0x35321c1a, 0x58567523, 
0x373b163c, 0x3d120901, 0x0d281c2c, 0x56060e0c, 0x069d4747, 0x0b110607, 0x000d2418, 0x00000300, 
0xd00229ff, 0x1c006e02, 0x5c004100, 0x2e370000, 0x36343501, 0x3b023e37, 0x35213501, 0x15231521, 
0x07062221, 0x1415010e, 0x2e131716, 0x36343502, 0x3b023e37, 0x17163201, 0x1115011e, 0x26341123, 
0x0e22012b, 0x010e0701, 0x011e1415, 0x2e223717, 0x36343501, 0x17163233, 0x23012e07, 0x14150622, 
0x36323316, 0x010e1737, 0x142b1989, 0x2d240f11, 0x25fef61b, 0xfea4d002, 0x091a1fba, 0x131d0807, 
0x2c59423c, 0x2712312a, 0x29ba2536, 0x0d111036, 0xb6231451, 0x0c1f3024, 0x4c231514, 0x482f6f3e, 
0x144c5a29, 0x0d060d32, 0x2f301425, 0x38232b32, 0x451c1d13, 0x2c3d12e5, 0x0c0d281c, 0x4756060e, 
0x07069d47, 0x180b1106, 0x17fe0d24, 0x3c66683d, 0x0a1c5729, 0x110f080e, 0xfe212f10, 0x1e5a01a9, 
0x090c0617, 0x2b23310f, 0x3038574f, 0x40293e22, 0x4205064b, 0x23260604, 0x121c2223, 0x001f1042, 
0x00000300, 0xca02f4ff, 0x07006e02, 0x36002000, 0x23010000, 0x21352715, 0x32052135, 0x0717011e, 
0x2223012e, 0x1e141506, 0x2e071701, 0x3e343502, 0x1e322102, 0x06141501, 0x013e2707, 0x23263435, 
0x07010e22, 0x02013e27, 0xfe50a4ca, 0xfeca022a, 0x34382102, 0x3b1f2018, 0x2b2b2826, 0x3a363a52, 
0x2f1d3860, 0x21490138, 0x273b3045, 0x2c332345, 0x2e331923, 0x75194d12, 0x0f992702, 0x10c4478a, 
0x1a41161f, 0x26242e23, 0x34314b45, 0x355d5b32, 0x11253928, 0x463b4720, 0x29333574, 0x2b2d3760, 
0x183d3f18, 0x0000635f, 0x0000ffff, 0xca0240ff, 0x26126e02, 0x0000e503, 0x75010710, 0x00009502, 
0x0000ffff, 0xca021aff, 0x26126e02, 0x0000e503, 0x59020710, 0x00008d02, 0x0000ffff, 0xca021aff, 
0x26126e02, 0x0000e503, 0x59022710, 0x00008d02, 0x75010710, 0x4400a001, 0x1c000500, 0x4c04f4ff, 
0x1a007802, 0x2e002600, 0x5d004700, 0x2e010000, 0x010e2701, 0x013e2707, 0x35012e37, 0x33013e34, 
0x14151632, 0x011e0706, 0x013e2717, 0x23263435, 0x14150622, 0x15232516, 0x35213527, 0x1e320521, 
0x2e071701, 0x06222301, 0x011e1415, 0x022e0717, 0x023e3435, 0x011e3221, 0x07061415, 0x35013e27, 
0x22232634, 0x2707010e, 0xbf01013e, 0x2b265e3a, 0x29302f5b, 0x2935254d, 0x42314726, 0x21232d56, 
0x21de284e, 0x1d222825, 0x8203222f, 0x78fe50a4, 0x02fe7c02, 0x18343821, 0x263b1f20, 0x522b2b28, 
0x603a363a, 0x382f1d38, 0x45214901, 0x45273b30, 0x232c3323, 0x122e3319, 0x0175194d, 0x101c0c02, 
0x441b391c, 0x26152b14, 0x3b232748, 0x2b3b4923, 0x140d1b45, 0x36164908, 0x2220221f, 0x84361823, 
0x478a0f99, 0x161f10c4, 0x2e231a41, 0x4b452624, 0x5b323431, 0x3928355d, 0x47201125, 0x3574463b, 
0x37602933, 0x3f182b2d, 0x635f183d, 0x00000300, 0xae02f4ff, 0x07006e02, 0x3b003700, 0x21010000, 
0x23152135, 0x2e072311, 0x1e012f01, 0x16173601, 0x3435013e, 0x2223012e, 0x3e270706, 0x16323301, 
0x020e1415, 0x35262223, 0x32333634, 0x011e1716, 0x17021e17, 0x23153303, 0x0bfef501, 0x5168ae02, 
0x264523c8, 0x0f131145, 0x334b240b, 0x2521341d, 0x2619263d, 0x6e562c4e, 0x345e492a, 0x1c243025, 
0x04282f15, 0x2d180305, 0x50c3122a, 0x47270250, 0x0cd9fd47, 0x3c1c462c, 0x01020408, 0x2b3a1d01, 
0x0f142b21, 0x11134613, 0x4b305752, 0x1f221c36, 0x21161e1e, 0x12030803, 0x02162b29, 0x0000972b, 
0x00000300, 0xaa01f4ff, 0x2f006e02, 0x37003300, 0x2e050000, 0x1e012f01, 0x16173601, 0x3435013e, 
0x2223012e, 0x3e270706, 0x16323301, 0x020e1415, 0x35262223, 0x32333634, 0x011e1716, 0x17021e17, 
0x23153303, 0x21152127, 0x45232d01, 0x13114526, 0x4b240b0f, 0x21341d33, 0x19263d25, 0x562c4e26, 
0x5e492a6e, 0x24302534, 0x282f151c, 0x18030504, 0xc3122a2d, 0x01a75050, 0x0c56feaa, 0x3c1c462c, 
0x01020408, 0x2b3a1d01, 0x0f142b21, 0x11134613, 0x4b305752, 0x1f221c36, 0x21161e1e, 0x12030803, 
0x02162b29, 0x47b8972b, 0x0000ffff, 0xae027cff, 0x26126e02, 0x0000ea03, 0x75010710, 0x3c00b601, 
0x0000ffff, 0xaa017cff, 0x26126e02, 0x0000eb03, 0x75010710, 0x3c00b601, 0x2e000200, 0xab030000, 
0x34007802, 0x00004800, 0x17163213, 0x011d011e, 0x35233533, 0x11211521, 0x15233523, 0x22230614, 
0x3435022e, 0x35013b36, 0x2e272634, 0x06222301, 0x011e1415, 0x012e0717, 0x013e3435, 0x33013e01, 
0x14151632, 0x3e270706, 0x26343501, 0x07062223, 0x163a25ae, 0x82c81712, 0xbafe1902, 0x141dc851, 
0x16242a13, 0x0a1d211b, 0x14210a0b, 0x2e141c1b, 0x594b0826, 0xda013a23, 0x41233a19, 0x48231e52, 
0x23272019, 0x021c381b, 0x13191578, 0xe6743e44, 0xd9fd4747, 0x1d2125fa, 0x132c2719, 0x2f691912, 
0x0e100f32, 0x1a12151a, 0x0647020f, 0x3227403d, 0x18e5fe17, 0x2e4d531a, 0x20293268, 0x2e2f2954, 
0x00002326, 0x2e00ffff, 0xab03e6ff, 0x26127802, 0x0000ee03, 0x75010710, 0xa6004502, 0x2e000200, 
0x19030000, 0x34007802, 0x00003f00, 0x17163213, 0x011d011e, 0x35233533, 0x11231521, 0x15233523, 
0x22230614, 0x3435022e, 0x35013b36, 0x2e272634, 0x06222301, 0x011e1415, 0x012e0717, 0x013e3435, 
0x3b013e01, 0x22231501, 0xae07010e, 0x12163a25, 0x0182c817, 0xc851a77a, 0x2a13141d, 0x211b1624, 
0x0a0b0a1d, 0x1c1b1421, 0x08262e14, 0x3a23594b, 0x3617da01, 0x1e334027, 0x0214242b, 0x13191578, 
0xe6743e44, 0xd9fd4747, 0x1d2125fa, 0x132c2719, 0x2f691912, 0x0e100f32, 0x1a12151a, 0x0647020f, 
0x3227403d, 0x0fd6fe17, 0x13094713, 0x00000011, 0x2e00ffff, 0x1903e6ff, 0x26127802, 0x0000f003, 
0x75010710, 0xa6004502, 0x2e000300, 0xab03e8ff, 0x34007802, 0x4c003800, 0x23250000, 0x23061415, 
0x35022e22, 0x013b3634, 0x27263435, 0x2223012e, 0x1e141506, 0x2e071701, 0x3e343501, 0x16323301, 
0x1d011e17, 0x23353301, 0x21152135, 0x012d2311, 0x3e010717, 0x16323301, 0x07061415, 0x35013e27, 
0x22232634, 0x14020706, 0x13141dc8, 0x1b16242a, 0x0b0a1d21, 0x1b14210a, 0x262e141c, 0x23594b08, 
0x3a25233a, 0xc8171216, 0xfe190282, 0xf4fe51ba, 0xfc1f0d01, 0x3a192d01, 0x1e524123, 0x20194823, 
0x381b2327, 0x2125fa1c, 0x2c27191d, 0x69191213, 0x100f322f, 0x12151a0e, 0x47020f1a, 0x27403d06, 
0x19151732, 0x743e4413, 0xfd4747e6, 0x3fa32bd9, 0x187501a7, 0x2e4d531a, 0x20293268, 0x2e2f2954, 
0x00002326, 0x2e00ffff, 0xab0340ff, 0x26127802, 0x0000f203, 0x75010710, 0x00008602, 0x2e000300, 
0x1903e8ff, 0x34007802, 0x43003f00, 0x23250000, 0x23061415, 0x35022e22, 0x013b3634, 0x27263435, 
0x2223012e, 0x1e141506, 0x2e071701, 0x3e343501, 0x16323301, 0x1d011e17, 0x23353301, 0x23152135, 
0x3e132311, 0x15013b01, 0x010e2223, 0x17250507, 0xc9150207, 0x2a13141d, 0x211b1624, 0x0a0b0a1d, 
0x1c1b1421, 0x08262e14, 0x3a23594b, 0x163a2523, 0x82c81712, 0x51a77a01, 0x27361751, 0x2b1e3340, 
0xa3fe1424, 0xfc1f0d01, 0x1d2125fa, 0x132c2719, 0x2f691912, 0x0e100f32, 0x1a12151a, 0x0647020f, 
0x3227403d, 0x13191517, 0xe6743e44, 0xd9fd4747, 0x130f4e01, 0x11130947, 0xa73fa3d1, 0x2e00ffff, 
0x190340ff, 0x26127802, 0x0000f403, 0x75010710, 0x00008602, 0x58000200, 0xd401bdff, 0x20007102, 
0x00003700, 0x2f022e05, 0x3f023e01, 0x0e071702, 0x26222303, 0x33363435, 0x011f1632, 0x0317021e, 
0x2e272622, 0x33013d02, 0x17161415, 0x3233011e, 0x0e073736, 0x1d620101, 0x02182f33, 0x0a263e2e, 
0x20511d01, 0x573f290c, 0x2431263a, 0x2631161c, 0x33351a07, 0x3822b215, 0x0a140e12, 0x0a0b0e51, 
0x4526131e, 0x401a0d14, 0x36442943, 0x33012f14, 0xdb0e4b66, 0x7655e303, 0x1e232148, 0x23131e1e, 
0x3d38160e, 0x154e011e, 0x33261013, 0x2a838523, 0x09090c28, 0x13591524, 0x00000013, 0x38000100, 
0xf401fdff, 0x2d005502, 0x3e250000, 0x26343501, 0x2b012e27, 0x27262201, 0x3435012e, 0x23173736, 
0x23152135, 0x15010e37, 0x1e171614, 0x32013b01, 0x011e1716, 0x07061415, 0x100e6501, 0x1d09090b, 
0x46311714, 0x2d151617, 0x0196122a, 0x3224fdbc, 0x0b070633, 0x2b292027, 0x120f1437, 0x0f2d1619, 
0x130e121e, 0x14030506, 0x25381414, 0x043b6c36, 0x3a044848, 0x1c132f71, 0x0e0d0e0a, 0x1c2a0d12, 
0x001d3422, 0x52000100, 0xdd01fdff, 0x3d006d02, 0x3e250000, 0x26343501, 0x2b012e27, 0x27262201, 
0x3435012e, 0x1e37013e, 0x36323301, 0x27263435, 0x15011e37, 0x23010e14, 0x37272622, 0x1415020e, 
0x011e1716, 0x1632013b, 0x15011e17, 0x01070614, 0x0a0f0e6e, 0x141e080a, 0x17463132, 0x31131516, 
0x2442332e, 0x0403141a, 0x18030451, 0x50282b34, 0x2419332c, 0x0a070714, 0x2b442027, 0x120f1437, 
0x0f2d1519, 0x130e121e, 0x14030506, 0x25381414, 0x40665020, 0x151b2125, 0x100c1409, 0x220d1e0f, 
0x1f1e1f36, 0x4447240b, 0x0a1d131e, 0x120e0d0d, 0x221c2a0d, 0x00001d34, 0x00000200, 0x99040000, 
0x18008003, 0x00002000, 0x021e3201, 0x032e2317, 0x010e2223, 0x17161415, 0x35012e23, 0x23033634, 
0x23152135, 0x78012311, 0xa1c7ee8c, 0x9b47653f, 0x5d60b3a7, 0x0e163c79, 0xa9120d56, 0x11015985, 
0x80035167, 0x3c664d2a, 0x1c354e32, 0x1b2b3418, 0x3318112e, 0xfe585323, 0xfd4747a7, 0x000000d9, 
0x00000200, 0x3b020000, 0x16008003, 0x00001e00, 0x021e3213, 0x012e2317, 0x15062223, 0x23171614, 
0x3435012e, 0x2303013e, 0x23152135, 0x39ee2311, 0x1e455160, 0x49743550, 0x0d153c37, 0x2d111052, 
0x01595c53, 0x03516711, 0x69472480, 0x37676b45, 0x1734212f, 0x30213a1d, 0xa7fe2849, 0xd9fd4747, 
0x00000200, 0x6d020000, 0x16008003, 0x00001e00, 0x021e3213, 0x012e2317, 0x15062223, 0x23171614, 
0x3435012e, 0x2303013e, 0x23152135, 0x3ff92311, 0x224e5b6a, 0x50893d51, 0x0d16443c, 0x30111053, 
0x01596458, 0x03516711, 0x68482580, 0x39686a44, 0x16322130, 0x3220391b, 0xa7fe294a, 0xd9fd4747, 
0x00000200, 0xc0020000, 0x17008003, 0x00001f00, 0x021e3201, 0x022e2317, 0x15062223, 0x23171614, 
0x3435012e, 0x2303013e, 0x23152135, 0x0a012311, 0x5e6d7c47, 0x6d335428, 0x4f463d74, 0x0d560d17, 
0x71603512, 0x67110159, 0x27800351, 0x4640684a, 0x333b2f5c, 0x18123021, 0x4d342035, 0x47a7fe2b, 
0x00d9fd47, 0x00000200, 0xf4020000, 0x16008003, 0x00001e00, 0x021e3201, 0x012e2317, 0x15062223, 
0x23171614, 0x3435012e, 0x2303013e, 0x23152135, 0x15012311, 0x6678894e, 0xbd54552a, 0x17564d65, 
0x120d560d, 0x59786537, 0x51671101, 0x4a288003, 0x69683f68, 0x3020353b, 0x20341811, 0xfe2b4d35, 
0xfd4747a7, 0x000000d9, 0x00000200, 0x29030000, 0x16008003, 0x00001e00, 0x021e3201, 0x012e2317, 
0x15062223, 0x23171614, 0x3435012e, 0x2303013e, 0x23152135, 0x22012311, 0x6e819556, 0xcf5b572d, 
0x175c5571, 0x120d560d, 0x59816b3a, 0x51671101, 0x4b288003, 0x6a673f67, 0x301f363b, 0x21341811, 
0xfe2a4d35, 0xfd4747a7, 0x000000d9, 0x00000200, 0x5d030000, 0x15008003, 0x00001d00, 0x021e3201, 
0x012e2317, 0x15062223, 0x23171614, 0x3435012e, 0x35230336, 0x11231521, 0x5d2e0123, 0x2f758ba3, 
0x7ce16259, 0x0d17635c, 0x86120d56, 0x11015962, 0x80035167, 0x3f674a29, 0x383a6a67, 0x18112f1f, 
0x5c502233, 0x4747a7fe, 0x0000d9fd, 0x00000200, 0x92030000, 0x16008003, 0x00001e00, 0x021e3201, 
0x022e2317, 0x15062223, 0x23171614, 0x3435012e, 0x35230336, 0x11231521, 0x653a0123, 0x327c95b0, 
0xa89c465b, 0x1768645b, 0x120d560d, 0x0159688c, 0x03516711, 0x674b2980, 0x305d443e, 0x2f1e393a, 
0x22331811, 0xa7fe5c50, 0xd9fd4747, 0x00000200, 0xc6030000, 0x17008003, 0x00001f00, 0x021e3201, 
0x022e2317, 0x010e2223, 0x17161415, 0x35012e23, 0x23033634, 0x23152135, 0x47012311, 0x839fbc6d, 
0xa84b5c34, 0x614862b5, 0x560d1731, 0x6e92120d, 0x67110159, 0x29800351, 0x443e664c, 0x3419305d, 
0x112f1d27, 0x51223318, 0x47a7fe5b, 0x00d9fd47, 0x00000200, 0xfb030000, 0x17008003, 0x00001f00, 
0x021e3201, 0x022e2317, 0x010e2223, 0x17161415, 0x35012e23, 0x23033634, 0x23152135, 0x53012311, 
0x8ba9c875, 0xb2505f37, 0x674d69c3, 0x560d1734, 0x7498120d, 0x67110159, 0x2a800351, 0x443d674b, 
0x3319305d, 0x112f1d28, 0x52223318, 0x47a7fe5a, 0x00d9fd47, 0x00000200, 0x30040000, 0x17008003, 
0x00001f00, 0x021e3201, 0x022e2317, 0x010e2223, 0x17161415, 0x35012e23, 0x23033634, 0x23152135, 
0x60012311, 0x92b3d57c, 0xbe55613a, 0x6e5271cf, 0x560d1736, 0x799d120d, 0x67110159, 0x2a800351, 
0x443d664c, 0x3418305d, 0x112f1c29, 0x53223318, 0x47a7fe59, 0x00d9fd47, 0x00000200, 0x64040000, 
0x18008003, 0x00002000, 0x021e3201, 0x032e2317, 0x010e2223, 0x17161415, 0x35012e23, 0x23033634, 
0x23152135, 0x6c012311, 0x9abce284, 0x9343633c, 0x575aa99e, 0x0e163974, 0xa3120d56, 0x1101597f, 
0x80035167, 0x3c674c2a, 0x1b354e33, 0x1c2a3418, 0x3318112e, 0xfe585323, 0xfd4747a7, 0x000000d9, 
0x0000ffff, 0xa0040000, 0x26128003, 0x0000f903, 0x3b010710, 0x2c00eb04, 0x0000ffff, 0x84020000, 
0x26128003, 0x0000fa03, 0x3b010710, 0x2c00cf02, 0x0000ffff, 0xab020000, 0x26128003, 0x0000fb03, 
0x3b010710, 0x2c00f602, 0x0000ffff, 0xef020000, 0x26128003, 0x0000fc03, 0x3b010710, 0x2c003a03, 
0x0000ffff, 0x1f030000, 0x26128003, 0x0000fd03, 0x3b010710, 0x2c006a03, 0x0000ffff, 0x57030000, 
0x26128003, 0x0000fe03, 0x3b010710, 0x2c00a203, 0x0000ffff, 0x7e030000, 0x26128003, 0x0000ff03, 
0x3b010710, 0x2c00c903, 0x0000ffff, 0xa6030000, 0x26128003, 0x00000004, 0x3b010710, 0x2c00f103, 
0x0000ffff, 0xd3030000, 0x26128003, 0x00000104, 0x3b010710, 0x2c001e04, 0x0000ffff, 0x08040000, 
0x26128003, 0x00000204, 0x3b010710, 0x2c005304, 0x0000ffff, 0x38040000, 0x26128003, 0x00000304, 
0x3b010710, 0x2c008304, 0x0000ffff, 0x6d040000, 0x26128003, 0x00000404, 0x3b010710, 0x2c00b804, 
0x00000300, 0x0d050000, 0x18008003, 0x35002000, 0x32010000, 0x07171604, 0x23032e23, 0x15010e22, 
0x23171614, 0x3435012e, 0x35230336, 0x11231521, 0x012e0123, 0x013e3435, 0x17163233, 0x23012e07, 
0x14150622, 0x78011716, 0xdc1301a7, 0x47230b54, 0x60b3a79b, 0x163c795d, 0x120d560e, 0x015985a9, 
0x03516711, 0x291d15e1, 0x36202c46, 0x26111614, 0x1b2a2816, 0x3c800319, 0x32314468, 0x181c354e, 
0x2e1b2b34, 0x23331811, 0xa7fe5853, 0xd9fd4747, 0x4c236702, 0x1e3b2d24, 0x09420b0d, 0x21232d0c, 
0x0000243f, 0x00000300, 0xc2020000, 0x1a008003, 0x35002200, 0x32130000, 0x011e1716, 0x17011e17, 
0x23012e23, 0x14150622, 0x2e231716, 0x3e343501, 0x35230301, 0x11231521, 0x34270123, 0x3233013e, 
0x2e071716, 0x06222301, 0x17161415, 0x31774cee, 0x14040604, 0x35501126, 0x3c374974, 0x10520d15, 
0x5c532d11, 0x67110159, 0x379f0151, 0x202b4527, 0x11161436, 0x2b281626, 0x80030a0c, 0x0a043e3f, 
0x28451c05, 0x2f37676b, 0x1d173421, 0x4930213a, 0x47a7fe28, 0x02d9fd47, 0x3b2d7f7b, 0x420b0d1e, 
0x232d0c09, 0x00152815, 0x00000300, 0xf3020000, 0x18008003, 0x35002000, 0x32130000, 0x1e17011e, 
0x2e231701, 0x06222301, 0x17161415, 0x35012e23, 0x03013e34, 0x15213523, 0x01231123, 0x3435012e, 
0x3233013e, 0x2e071716, 0x06222301, 0x17161415, 0x5e6e42f9, 0x0e1f1128, 0x50893d51, 0x0d16443c, 
0x30111053, 0x01596458, 0x01516711, 0x281d15c9, 0x36202c45, 0x26111614, 0x1b2a2816, 0x28800319, 
0x3517394f, 0x39686a1d, 0x16322130, 0x3220391b, 0xa7fe294a, 0xd9fd4747, 0x4c236702, 0x1e3b2d24, 
0x09420b0d, 0x21232d0c, 0x0000243f, 0x00000300, 0x43030000, 0x19008003, 0x36002100, 0x32010000, 
0x1e17011e, 0x2e231701, 0x06222302, 0x17161415, 0x35012e23, 0x03013e34, 0x15213523, 0x01231123, 
0x3435012e, 0x3233013e, 0x2e071716, 0x06222301, 0x17161415, 0x854d0a01, 0x1f113174, 0x6d33540f, 
0x4f463d74, 0x0d560d17, 0x71603512, 0x67110159, 0x151a0251, 0x2c45271d, 0x16143620, 0x28162611, 
0x03191b2a, 0x3c572e80, 0x46182c14, 0x333b2f5c, 0x18123021, 0x4d342035, 0x47a7fe2b, 0x02d9fd47, 
0x244c2367, 0x0d1e3b2d, 0x0c09420b, 0x3f21232d, 0x00000024, 0x00000300, 0x76030000, 0x16008003, 
0x33001e00, 0x32010000, 0x011f011e, 0x23012e23, 0x14150622, 0x2e231716, 0x3e343501, 0x35230301, 
0x11231521, 0x012e0123, 0x013e3435, 0x17163233, 0x23012e07, 0x14150622, 0x15011716, 0x347e9154, 
0xbd54382b, 0x17564d65, 0x120d560d, 0x59786537, 0x51671101, 0x1d154b02, 0x202c4628, 0x11161436, 
0x2a281626, 0x8003191b, 0x5c3b542e, 0x353b6968, 0x18113020, 0x4d352034, 0x47a7fe2b, 0x02d9fd47, 
0x244c2367, 0x0d1e3b2d, 0x0c09420b, 0x3f21232d, 0x00000024, 0x00000300, 0xa8030000, 0x16008003, 
0x33001e00, 0x32010000, 0x011f011e, 0x23012e23, 0x14150622, 0x2e231716, 0x3e343501, 0x35230301, 
0x11231521, 0x012e0123, 0x013e3435, 0x17163233, 0x23012e07, 0x14150622, 0x22011716, 0x37859b59, 
0xcf5b3939, 0x175c5571, 0x120d560d, 0x59816b3a, 0x51671101, 0x1d157d02, 0x202c4628, 0x11161436, 
0x2a281626, 0x8003191b, 0x6638502b, 0x363b6a67, 0x1811301f, 0x4d352134, 0x47a7fe2a, 0x02d9fd47, 
0x244c2367, 0x0d1e3b2d, 0x0c09420b, 0x3f21232d, 0x00000024, 0x00000300, 0xdb030000, 0x15008003, 
0x32001d00, 0x32010000, 0x011f011e, 0x23012e23, 0x14150622, 0x2e231716, 0x36343501, 0x21352303, 
0x23112315, 0x35012e01, 0x33013e34, 0x07171632, 0x2223012e, 0x16141506, 0x602e0117, 0x433a8ea6, 
0x7ce1623b, 0x0d17635c, 0x86120d56, 0x11015962, 0xb0025167, 0x46281d15, 0x1436202c, 0x16261116, 
0x191b2a28, 0x4f2a8003, 0x6a676a36, 0x2f1f383a, 0x22331811, 0xa7fe5c50, 0xd9fd4747, 0x4c236702, 
0x1e3b2d24, 0x09420b0d, 0x21232d0c, 0x0000243f, 0x00000300, 0x0e040000, 0x16008003, 0x33001e00, 
0x32010000, 0x011f011e, 0x23022e23, 0x14150622, 0x2e231716, 0x36343501, 0x21352303, 0x23112315, 
0x35012e01, 0x33013e34, 0x07171632, 0x2223012e, 0x16141506, 0x6b3a0117, 0x453f9ab7, 0xa89c4643, 
0x1768645b, 0x120d560d, 0x0159688c, 0x02516711, 0x281d15e3, 0x36202c46, 0x26111614, 0x1b2a2816, 
0x2d800319, 0x44613853, 0x393a305d, 0x18112f1e, 0x5c502233, 0x4747a7fe, 0x6702d9fd, 0x2d244c23, 
0x0b0d1e3b, 0x2d0c0942, 0x243f2123, 0x00000300, 0x41040000, 0x17008003, 0x34001f00, 0x32010000, 
0x011f011e, 0x23022e23, 0x15010e22, 0x23171614, 0x3435012e, 0x35230336, 0x11231521, 0x012e0123, 
0x013e3435, 0x17163233, 0x23012e07, 0x14150622, 0x47011716, 0x43a7c875, 0xa84b3e3a, 0x614862b5, 
0x560d1731, 0x6e92120d, 0x67110159, 0x15160351, 0x2c46281d, 0x16143620, 0x28162611, 0x03191b2a, 
0x3a563080, 0x305d4459, 0x1d273419, 0x3318112f, 0xfe5b5122, 0xfd4747a7, 0x236702d9, 0x3b2d244c, 
0x420b0d1e, 0x232d0c09, 0x00243f21, 0x00000300, 0x73040000, 0x17008003, 0x34001f00, 0x32010000, 
0x011f011e, 0x23022e23, 0x15010e22, 0x23171614, 0x3435012e, 0x35230336, 0x11231521, 0x012e0123, 
0x013e3435, 0x17163233, 0x23012e07, 0x14150622, 0x53011716, 0x48b5da82, 0xb2504131, 0x674d69c3, 
0x560d1734, 0x7498120d, 0x67110159, 0x15480351, 0x2c46281d, 0x16143620, 0x28162611, 0x03191b2a, 
0x3d5c3380, 0x305d444d, 0x1d283319, 0x3318112f, 0xfe5a5222, 0xfd4747a7, 0x236702d9, 0x3b2d244c, 
0x420b0d1e, 0x232d0c09, 0x00243f21, 0x00000300, 0xa6040000, 0x17008003, 0x34001f00, 0x32010000, 
0x011f011e, 0x23022e23, 0x15010e22, 0x23171614, 0x3435012e, 0x35230336, 0x11231521, 0x012e0123, 
0x013e3435, 0x17163233, 0x23012e07, 0x14150622, 0x60011716, 0x4cc1ed8d, 0xbe55432b, 0x6e5271cf, 
0x560d1736, 0x799d120d, 0x67110159, 0x157b0351, 0x2c46281d, 0x16143620, 0x28162611, 0x03191b2a, 
0x3f5f3680, 0x305d4445, 0x1c293418, 0x3318112f, 0xfe595322, 0xfd4747a7, 0x236702d9, 0x3b2d244c, 
0x420b0d1e, 0x232d0c09, 0x00243f21, 0x00000300, 0xd9040000, 0x18008003, 0x35002000, 0x32010000, 
0x011f011e, 0x23032e23, 0x15010e22, 0x23171614, 0x3435012e, 0x35230336, 0x11231521, 0x012e0123, 
0x013e3435, 0x17163233, 0x23012e07, 0x14150622, 0x6c011716, 0x4fc7f391, 0x93433b36, 0x575aa99e, 
0x0e163974, 0xa3120d56, 0x1101597f, 0xae035167, 0x46281d15, 0x1436202c, 0x16261116, 0x191b2a28, 
0x5a328003, 0x4e33523b, 0x34181b35, 0x112e1c2a, 0x53233318, 0x47a7fe58, 0x02d9fd47, 0x244c2367, 
0x0d1e3b2d, 0x0c09420b, 0x3f21232d, 0x00000024, 0x00000400, 0x0d050000, 0x18008003, 0x35002000, 
0x00004100, 0x16043201, 0x2e230717, 0x0e222303, 0x16141501, 0x012e2317, 0x03363435, 0x15213523, 
0x01231123, 0x3435012e, 0x3233013e, 0x2e071716, 0x06222301, 0x17161415, 0x35262237, 0x32333634, 
0x06141516, 0x01a77801, 0x0b54dc13, 0xa79b4723, 0x795d60b3, 0x560e163c, 0x85a9120d, 0x67110159, 
0x15e10351, 0x2c46291d, 0x16143620, 0x28162611, 0x30191b2a, 0x141d1d14, 0x031d1d15, 0x44683c80, 
0x354e3231, 0x2b34181c, 0x18112e1b, 0x58532333, 0x4747a7fe, 0x6702d9fd, 0x2d244c23, 0x0b0d1e3b, 
0x2d0c0942, 0x243f2123, 0x15151d3b, 0x15151d1d, 0x0000001d, 0x00000400, 0xc2020000, 0x1a008003, 
0x35002200, 0x00004100, 0x17163213, 0x1e17011e, 0x2e231701, 0x06222301, 0x17161415, 0x35012e23, 
0x03013e34, 0x15213523, 0x01231123, 0x013e3427, 0x17163233, 0x23012e07, 0x14150622, 0x22371716, 
0x36343526, 0x15163233, 0x4cee0614, 0x06043177, 0x11261404, 0x49743550, 0x0d153c37, 0x2d111052, 
0x01595c53, 0x01516711, 0x4527379f, 0x1436202b, 0x16261116, 0x0a0c2b28, 0x1e1e144f, 0x1e1e1414, 
0x3e3f8003, 0x1c050a04, 0x676b2845, 0x34212f37, 0x213a1d17, 0xfe284930, 0xfd4747a7, 0x936702d9, 
0x0d1e3b2d, 0x0c09420b, 0x2815232d, 0x151d0915, 0x151d1d15, 0x00001d15, 0x00000400, 0xf3020000, 
0x18008003, 0x35002000, 0x00004100, 0x011e3213, 0x17011e17, 0x23012e23, 0x14150622, 0x2e231716, 
0x3e343501, 0x35230301, 0x11231521, 0x012e0123, 0x013e3435, 0x17163233, 0x23012e07, 0x14150622, 
0x22371716, 0x36343526, 0x15163233, 0x42f90614, 0x11285e6e, 0x3d510e1f, 0x443c5089, 0x10530d16, 
0x64583011, 0x67110159, 0x15c90151, 0x2c45281d, 0x16143620, 0x28162611, 0x30191b2a, 0x141d1d14, 
0x031d1d15, 0x394f2880, 0x6a1d3517, 0x21303968, 0x391b1632, 0x294a3220, 0x4747a7fe, 0x6702d9fd, 
0x2d244c23, 0x0b0d1e3b, 0x2d0c0942, 0x243f2123, 0x15151d3b, 0x15151d1d, 0x0000001d, 0x00000400, 
0x43030000, 0x19008003, 0x36002100, 0x00004200, 0x011e3201, 0x17011e17, 0x23022e23, 0x14150622, 
0x2e231716, 0x3e343501, 0x35230301, 0x11231521, 0x012e0123, 0x013e3435, 0x17163233, 0x23012e07, 
0x14150622, 0x22371716, 0x36343526, 0x15163233, 0x0a010614, 0x3174854d, 0x540f1f11, 0x3d746d33, 
0x0d174f46, 0x35120d56, 0x01597160, 0x02516711, 0x271d151a, 0x36202c45, 0x26111614, 0x1b2a2816, 
0x1d143019, 0x1d15141d, 0x2e80031d, 0x2c143c57, 0x2f5c4618, 0x3021333b, 0x20351812, 0xfe2b4d34, 
0xfd4747a7, 0x236702d9, 0x3b2d244c, 0x420b0d1e, 0x232d0c09, 0x3b243f21, 0x1d15151d, 0x1d15151d, 
0x00000400, 0x76030000, 0x16008003, 0x33001e00, 0x00003f00, 0x011e3201, 0x2e23011f, 0x06222301, 
0x17161415, 0x35012e23, 0x03013e34, 0x15213523, 0x01231123, 0x3435012e, 0x3233013e, 0x2e071716, 
0x06222301, 0x17161415, 0x35262237, 0x32333634, 0x06141516, 0x91541501, 0x382b347e, 0x4d65bd54, 
0x560d1756, 0x6537120d, 0x11015978, 0x4b025167, 0x46281d15, 0x1436202c, 0x16261116, 0x191b2a28, 
0x1e1e1430, 0x1d1d1514, 0x542e8003, 0x69685c3b, 0x3020353b, 0x20341811, 0xfe2b4d35, 0xfd4747a7, 
0x236702d9, 0x3b2d244c, 0x420b0d1e, 0x232d0c09, 0x3b243f21, 0x1d15151d, 0x1d15151d, 0x00000400, 
0xa9030000, 0x16008003, 0x33001e00, 0x00003f00, 0x011e3201, 0x2e23011f, 0x06222301, 0x17161415, 
0x35012e23, 0x03013e34, 0x15213523, 0x01231123, 0x3435012e, 0x3233013e, 0x2e071716, 0x06222301, 
0x17161415, 0x35262237, 0x32333634, 0x06141516, 0x99582201, 0x43483783, 0x5571cf5b, 0x560d175c, 
0x6b3a120d, 0x11015981, 0x7c025167, 0x46281c15, 0x1535212c, 0x16261116, 0x191b2b28, 0x1e1e1431, 
0x1e1e1414, 0x4e2a8003, 0x6a676b36, 0x301f363b, 0x21341811, 0xfe2a4d35, 0xfd4747a7, 0x236702d9, 
0x3b2d244c, 0x420b0d1e, 0x232d0c09, 0x3b243f21, 0x1d15151d, 0x1d15151d, 0x00000400, 0xdb030000, 
0x15008003, 0x32001d00, 0x00003e00, 0x011e3201, 0x2e23011f, 0x06222301, 0x17161415, 0x35012e23, 
0x23033634, 0x23152135, 0x2e012311, 0x3e343501, 0x16323301, 0x012e0717, 0x15062223, 0x37171614, 
0x34352622, 0x16323336, 0x01061415, 0x8ea6602e, 0x623b433a, 0x635c7ce1, 0x0d560d17, 0x59628612, 
0x51671101, 0x1d15b002, 0x202c4628, 0x11161436, 0x2a281626, 0x1531191b, 0x14151d1d, 0x80031e1e, 
0x6a364f2a, 0x383a6a67, 0x18112f1f, 0x5c502233, 0x4747a7fe, 0x6702d9fd, 0x2d244c23, 0x0b0d1e3b, 
0x2d0c0942, 0x243f2123, 0x15151d3b, 0x15151d1d, 0x0000001d, 0x00000400, 0x0e040000, 0x16008003, 
0x33001e00, 0x00003f00, 0x011e3201, 0x2e23011f, 0x06222302, 0x17161415, 0x35012e23, 0x23033634, 
0x23152135, 0x2e012311, 0x3e343501, 0x16323301, 0x012e0717, 0x15062223, 0x37171614, 0x34352622, 
0x16323336, 0x01061415, 0x9ab76b3a, 0x4643453f, 0x645ba89c, 0x560d1768, 0x688c120d, 0x67110159, 
0x15e30251, 0x2c46281d, 0x16143620, 0x28162611, 0x31191b2a, 0x151d1d15, 0x031d1d14, 0x38532d80, 
0x305d4461, 0x2f1e393a, 0x22331811, 0xa7fe5c50, 0xd9fd4747, 0x4c236702, 0x1e3b2d24, 0x09420b0d, 
0x21232d0c, 0x1d3b243f, 0x1d1d1515, 0x001d1515, 0x00000400, 0x41040000, 0x17008003, 0x34001f00, 
0x00004000, 0x011e3201, 0x2e23011f, 0x0e222302, 0x16141501, 0x012e2317, 0x03363435, 0x15213523, 
0x01231123, 0x3435012e, 0x3233013e, 0x2e071716, 0x06222301, 0x17161415, 0x35262237, 0x32333634, 
0x06141516, 0xc8754701, 0x3e3a43a7, 0x62b5a84b, 0x17316148, 0x120d560d, 0x01596e92, 0x03516711, 
0x281d1516, 0x36202c46, 0x26111614, 0x1b2a2816, 0x1e143019, 0x1d15141e, 0x3080031d, 0x44593a56, 
0x3419305d, 0x112f1d27, 0x51223318, 0x47a7fe5b, 0x02d9fd47, 0x244c2367, 0x0d1e3b2d, 0x0c09420b, 
0x3f21232d, 0x151d3b24, 0x151d1d15, 0x00001d15, 0x00000400, 0x73040000, 0x17008003, 0x34001f00, 
0x00004000, 0x011e3201, 0x2e23011f, 0x0e222302, 0x16141501, 0x012e2317, 0x03363435, 0x15213523, 
0x01231123, 0x3435012e, 0x3233013e, 0x2e071716, 0x06222301, 0x17161415, 0x35262237, 0x32333634, 
0x06141516, 0xda825301, 0x413148b5, 0x69c3b250, 0x1734674d, 0x120d560d, 0x01597498, 0x03516711, 
0x281d1548, 0x36202c46, 0x26111614, 0x1b2a2816, 0x1e143119, 0x1e14141e, 0x3380031e, 0x444d3d5c, 
0x3319305d, 0x112f1d28, 0x52223318, 0x47a7fe5a, 0x02d9fd47, 0x244c2367, 0x0d1e3b2d, 0x0c09420b, 
0x3f21232d, 0x151d3b24, 0x151d1d15, 0x00001d15, 0x00000400, 0xa6040000, 0x17008003, 0x34001f00, 
0x00004000, 0x011e3201, 0x2e23011f, 0x0e222302, 0x16141501, 0x012e2317, 0x03363435, 0x15213523, 
0x01231123, 0x3435012e, 0x3233013e, 0x2e071716, 0x06222301, 0x17161415, 0x35262237, 0x32333634, 
0x06141516, 0xed8d6001, 0x432b4cc1, 0x71cfbe55, 0x17366e52, 0x120d560d, 0x0159799d, 0x03516711, 
0x281d157b, 0x36202c46, 0x26111614, 0x1b2a2816, 0x1e143119, 0x1e14141e, 0x3680031e, 0x44453f5f, 
0x3418305d, 0x112f1c29, 0x53223318, 0x47a7fe59, 0x02d9fd47, 0x244c2367, 0x0d1e3b2d, 0x0c09420b, 
0x3f21232d, 0x151d3b24, 0x151d1d15, 0x00001d15, 0x00000400, 0xd9040000, 0x18008003, 0x35002000, 
0x00004100, 0x011e3201, 0x2e23011f, 0x0e222303, 0x16141501, 0x012e2317, 0x03363435, 0x15213523, 
0x01231123, 0x3435012e, 0x3233013e, 0x2e071716, 0x06222301, 0x17161415, 0x35262237, 0x32333634, 
0x06141516, 0xf3916c01, 0x3b364fc7, 0xa99e9343, 0x3974575a, 0x0d560e16, 0x597fa312, 0x51671101, 
0x1d15ae03, 0x202c4628, 0x11161436, 0x2a281626, 0x1531191b, 0x14151d1d, 0x80031d1d, 0x523b5a32, 
0x1b354e33, 0x1c2a3418, 0x3318112e, 0xfe585323, 0xfd4747a7, 0x236702d9, 0x3b2d244c, 0x420b0d1e, 
0x232d0c09, 0x3b243f21, 0x1d15151d, 0x1d15151d, 0xeffe0100, 0x11010000, 0x1e008003, 0x23130000, 
0x022e3335, 0x15062223, 0x23171614, 0x3435012e, 0x1e323336, 0x15331702, 0x59231123, 0x36195659, 
0x312e293f, 0x11500d14, 0x314f5a11, 0x1835404e, 0x0251676d, 0x5a464727, 0x212c342b, 0x3e201a37, 
0x21554422, 0x47476743, 0x0000d9fd, 0xb8fe0100, 0x11010000, 0x1e008003, 0x23130000, 0x022e3335, 
0x15062223, 0x23171614, 0x3435012e, 0x1e323336, 0x15331702, 0x59231123, 0x44205559, 0x39342e4d, 
0x10520d15, 0x36556011, 0x1c404b5a, 0x0251676d, 0x5a454727, 0x212e362c, 0x3c1e1835, 0x22574721, 
0x47456645, 0x0000d9fd, 0x4afe0100, 0x11010000, 0x1d008003, 0x23130000, 0x012e3335, 0x15062223, 
0x23171614, 0x3435012e, 0x1e323336, 0x15331702, 0x59231123, 0x95435159, 0x164a4054, 0x120e540d, 
0x72425e6e, 0x6c245562, 0x27025167, 0x39656547, 0x14312132, 0x4c20371a, 0x6547255c, 0xd9fd4741, 
0xeffeffff, 0x11010000, 0x26128003, 0x00002a04, 0x3b010710, 0x2c004401, 0xb8feffff, 0x11010000, 
0x26128003, 0x00002b04, 0x3b010710, 0x2c003e01, 0x4afeffff, 0x11010000, 0x26128003, 0x00002c04, 
0x3b010710, 0x2c003001, 0xeefe0200, 0x30010000, 0x20008003, 0x00003100, 0x33352313, 0x2223022e, 
0x16141506, 0x012e2317, 0x33363435, 0x011f1632, 0x3317011e, 0x23112315, 0x17163213, 0x23012e07, 
0x14150622, 0x34271716, 0x56595936, 0x293f3619, 0x0d14322e, 0x5b111150, 0x245a3c4f, 0x10251409, 
0x6d51676d, 0x16143521, 0x29152611, 0x5505062a, 0x47270255, 0x342b5a46, 0x1a37212c, 0x44223e20, 
0x0e333055, 0x4732501f, 0x8003d9fd, 0x09420b0d, 0x0f232d0c, 0x43490e1d, 0x00000043, 0xb7fe0200, 
0x30010000, 0x22008003, 0x00003500, 0x33352313, 0x2223022e, 0x16141506, 0x012e2317, 0x33363435, 
0x011f1632, 0x3317031e, 0x23112315, 0x17163213, 0x23012e07, 0x14150622, 0x27231716, 0x59013e34, 
0x44205559, 0x3a342e4d, 0x10520d15, 0x49556111, 0x0a0b2d6f, 0x080e0d0f, 0x6d516778, 0x16143521, 
0x29152611, 0x52191b2a, 0x0244272e, 0x5a454727, 0x212e362c, 0x3c1e1835, 0x3d574721, 0x200e0f3d, 
0x47142522, 0x8003d9fd, 0x09420b0d, 0x21232d0c, 0x2d93243f, 0x00001e3b, 0x49fe0200, 0x30010000, 
0x1f008003, 0x00003200, 0x33352313, 0x2223012e, 0x16141506, 0x012e2317, 0x33363435, 0x17011e32, 
0x3317011e, 0x23112315, 0x17163213, 0x23012e07, 0x14150622, 0x27231716, 0x59013e34, 0x95435159, 
0x164b4054, 0x120e540d, 0x6f405e6f, 0x2b172a61, 0x51676c13, 0x1435216d, 0x15261116, 0x191b2a29, 
0x45283052, 0x65472702, 0x21323965, 0x371a1431, 0x245c4c20, 0x3d1b3043, 0xd9fd4723, 0x0b0d8003, 
0x2d0c0942, 0x243f2123, 0x1e3b2d93, 0xeefe0300, 0x30010000, 0x20008003, 0x3d003100, 0x23130000, 
0x022e3335, 0x15062223, 0x23171614, 0x3435012e, 0x16323336, 0x011e011f, 0x23153317, 0x32132311, 
0x2e071716, 0x06222301, 0x17161415, 0x17363427, 0x34352622, 0x16323336, 0x59061415, 0x36195659, 
0x322e293f, 0x11500d14, 0x3c4f5b11, 0x1409245a, 0x676d1025, 0x35216d51, 0x26111614, 0x062a2915, 
0x5a555505, 0x151d1d15, 0x021d1d14, 0x5a464727, 0x212c342b, 0x3e201a37, 0x30554422, 0x501f0e33, 
0xd9fd4732, 0x0b0d8003, 0x2d0c0942, 0x0e1d0f23, 0xde434349, 0x1d15151d, 0x1d15151d, 0xb7fe0300, 
0x30010000, 0x22008003, 0x41003500, 0x23130000, 0x022e3335, 0x15062223, 0x23171614, 0x3435012e, 
0x16323336, 0x031e011f, 0x23153317, 0x32132311, 0x2e071716, 0x06222301, 0x17161415, 0x3e342723, 
0x26221701, 0x33363435, 0x14151632, 0x55595906, 0x2e4d4420, 0x0d153a34, 0x61111052, 0x2d6f4955, 
0x0d0f0a0b, 0x6778080e, 0x35216d51, 0x26111614, 0x1b2a2915, 0x272e5219, 0x1d154644, 0x1d14151d, 
0x4727021d, 0x362c5a45, 0x1835212e, 0x47213c1e, 0x0f3d3d57, 0x2522200e, 0xd9fd4714, 0x0b0d8003, 
0x2d0c0942, 0x243f2123, 0x1e3b2d93, 0x15151dde, 0x15151d1d, 0x0000001d, 0x49fe0300, 0x30010000, 
0x1f008003, 0x3e003200, 0x23130000, 0x012e3335, 0x15062223, 0x23171614, 0x3435012e, 0x1e323336, 
0x011e1701, 0x23153317, 0x32132311, 0x2e071716, 0x06222301, 0x17161415, 0x3e342723, 0x26221701, 
0x33363435, 0x14151632, 0x51595906, 0x40549543, 0x540d164b, 0x5e6f120e, 0x2a616f40, 0x6c132b17, 
0x216d5167, 0x11161435, 0x2a291526, 0x3052191b, 0x15464528, 0x14151d1d, 0x27021d1d, 0x39656547, 
0x14312132, 0x4c20371a, 0x3043245c, 0x47233d1b, 0x8003d9fd, 0x09420b0d, 0x21232d0c, 0x2d93243f, 
0x1dde1e3b, 0x1d1d1515, 0x001d1515, 0xebfdffff, 0x1600f4fe, 0x26120b00, 0x00003804, 0x75010710, 
0x00003dff, 0xebfdffff, 0x1600f4fe, 0x26120b00, 0x00003804, 0x75010710, 0x00003dff, 0x77fe0100, 
0x1600f4fe, 0x1c000b00, 0x22030000, 0x3727012e, 0x3233021e, 0x2e343536, 0x06222301, 0x013e2707, 
0x15163233, 0x37850614, 0x3d254d5b, 0x2e41351e, 0x20112e29, 0x11231117, 0x1934171a, 0xfe514943, 
0x364b27f4, 0x233f292b, 0x1d152327, 0x4108070f, 0x3e4e0909, 0x00004e3d, 0x0dfeffff, 0x9100f4fe, 
0x26120b00, 0x00007b01, 0x75010710, 0x00005fff, 0x0dfeffff, 0x9100f4fe, 0x26120b00, 0x00007b01, 
0x75010710, 0x00005fff, 0x48feffff, 0x1b00f4fe, 0x26121200, 0x00007c01, 0x75010610, 0x0000009a, 
0x48feffff, 0x1b00f4fe, 0x26121200, 0x00007c01, 0x75010610, 0x0000009a, 0x48feffff, 0x420076fe, 
0x26121200, 0x00007d01, 0x75010610, 0x0000009a, 0x48feffff, 0x420076fe, 0x26121200, 0x00007d01, 
0x75010610, 0x0000009a, 0x2efeffff, 0x2d0076fe, 0x06120000, 0x00009b01, 0xa6fdffff, 0x450076fe, 
0x26100000, 0x00189b01, 0x75010710, 0x0000f8fe, 0xa6fdffff, 0x450076fe, 0x26100000, 0x00189b01, 
0x75010710, 0x0000f8fe, 0xa6fdffff, 0xa70076fe, 0x26100000, 0x00189c01, 0x75010710, 0x0000f8fe, 
0x2efeffff, 0x8f0076fe, 0x06120000, 0x00009c01, 0xa6fdffff, 0xa70076fe, 0x26100000, 0x00189c01, 
0x75010710, 0x0000f8fe, 0xb8fe0200, 0x9700f4fe, 0x0f00d9ff, 0x00001b00, 0x33013e07, 0x17011e32, 
0x23022e07, 0x010f0622, 0x32333634, 0x06141516, 0xb3262223, 0x440d180b, 0x39224f65, 0x2d4a4321, 
0xa109150c, 0x20171621, 0x21161720, 0x3303022c, 0x35293356, 0x02032145, 0x2222181f, 0x22221818, 
0xa2fd0200, 0x93ff40ff, 0x0b00ccff, 0x00001900, 0x33363405, 0x14151632, 0x26222306, 0x27262205, 
0x33011e37, 0x17373632, 0xa2fd010e, 0x20171720, 0x20171720, 0x5c374201, 0x441e171b, 0x1e433635, 
0x865b1c18, 0x18222218, 0x17212119, 0x19421927, 0x42192222, 0x00002719, 0xa2fdffff, 0x93ff40ff, 
0x0612ccff, 0x00004604, 0xa2fd0300, 0x93fff4fe, 0x0b00ecff, 0x27001900, 0x34050000, 0x16323336, 
0x23061415, 0x22252622, 0x1e372726, 0x36323301, 0x010e1737, 0x27262207, 0x33011e37, 0x17373632, 
0xa2fd010e, 0x20171720, 0x20171720, 0x5a374201, 0x441e171d, 0x1e433635, 0x365d1c18, 0x171f5837, 
0x2c2b4626, 0x1f182546, 0x22188658, 0x21191822, 0x1a260921, 0x21211a42, 0x2719421a, 0x42142076, 
0x1a14141a, 0x00201442, 0xa2fdffff, 0x93fff4fe, 0x0612ecff, 0x00004804, 0x00000200, 0x96026200, 
0x33006e02, 0x00003f00, 0x07062201, 0x3435022e, 0x013e3736, 0x2135013b, 0x23152135, 0x06222315, 
0x17161415, 0x3233013e, 0x0e141516, 0x2e222301, 0x1e372701, 0x36323301, 0x37263435, 0x32333634, 
0x06141516, 0x01262223, 0x17441d66, 0x131b2e1c, 0x333a1510, 0x0273fe5f, 0x1bc2b896, 0x170d1428, 
0x5a501e3d, 0x3c455729, 0x3e286572, 0x3c3d853e, 0x1e692f35, 0x1e1e1616, 0x011e1616, 0x120b0e15, 
0x181c322b, 0x0d0f0b23, 0x8547473e, 0x1d10160b, 0x3f0b080c, 0x223b2538, 0x312e3f20, 0x1c1e3344, 
0x17661919, 0x17172020, 0x00002020, 0x00000300, 0xcb026300, 0x07006e02, 0x52003d00, 0x15010000, 
0x35213523, 0x32011521, 0x3435013e, 0x06222326, 0x17161415, 0x35012e07, 0x32333634, 0x1415011e, 
0x2223020e, 0x36343526, 0x37013e37, 0x3233013e, 0x2e071716, 0x06222301, 0x27161415, 0x3435012e, 
0x3233013e, 0x2e071716, 0x06222301, 0x17161415, 0xfe501702, 0xfecb0239, 0x4b7e4d5d, 0x1c23292e, 
0x51213c33, 0x2e44484a, 0x5d322d4b, 0x62615284, 0x04031a19, 0x1d361503, 0x0607180b, 0x2d091006, 
0x47293a2c, 0x304a2955, 0x060d3411, 0x2e15230e, 0x0228372a, 0x475d5d27, 0x3282fe47, 0x32243655, 
0x2718121c, 0x47143f0a, 0x213f2f2d, 0x5d313242, 0x38472c4a, 0x02103117, 0x0b0d0108, 0x01460201, 
0x1d191a01, 0x420d661d, 0x19302332, 0x04440406, 0x18171805, 0x00000618, 0x00000100, 0x07029000, 
0x20006e02, 0x23010000, 0x0e070622, 0x16141501, 0x37363233, 0x23010e17, 0x34352622, 0x013b013e, 
0x35213507, 0x01231521, 0x45214b73, 0x5819111a, 0x29543143, 0x336c281b, 0x6b3e806d, 0xfe242e41, 
0x940702de, 0x10099f01, 0x371d230a, 0x4b151b2b, 0x58591c13, 0x24234939, 0x00474765, 0x00000200, 
0x58029000, 0x18006e02, 0x00002900, 0x012e2225, 0x013e3435, 0x3507013b, 0x15213521, 0x021e1523, 
0x010e1415, 0x013e3227, 0x27263435, 0x07062223, 0x1415010e, 0x48270116, 0x6e404071, 0xfe242743, 
0xe55802de, 0x41294b34, 0x4a31466f, 0x2a393a2a, 0x17174126, 0x25905a1a, 0x49383d4e, 0x47652324, 
0x340e4847, 0x493a2742, 0x29144721, 0x0e3a2320, 0x260c0c0b, 0x0032311c, 0x00000100, 0x50026200, 
0x33006e02, 0x22010000, 0x022e0706, 0x37363435, 0x013b013e, 0x21352135, 0x23152315, 0x14150622, 
0x013e1716, 0x15163233, 0x23010e14, 0x27012e22, 0x33011e37, 0x34353632, 0x1d660126, 0x2e1c1744, 
0x1510131b, 0xfe63333a, 0x6e50026f, 0x14281bc6, 0x1e3d170d, 0x57295a50, 0x65723c45, 0x853e3e28, 
0x2f353c3d, 0x0b0e1501, 0x1c322b12, 0x0f0b2318, 0x47473e0d, 0x10160b85, 0x0b080c1d, 0x3b25383f, 
0x2e3f2022, 0x1e334431, 0x0019191c, 0x00000100, 0x41029000, 0x39006e02, 0x22250000, 0x3435012e, 
0x013b013e, 0x35213507, 0x15231521, 0x010e2223, 0x15010e07, 0x1e171614, 0x36323301, 0x23263435, 
0x14150622, 0x2e071716, 0x36343501, 0x011e3233, 0x010e1415, 0x774f3601, 0x4e764342, 0xcffe120e, 
0x3ec04102, 0x1430371b, 0x4c4c1a15, 0x3b0d1f08, 0x2a1f1e3b, 0x47141227, 0x4d4b1711, 0x301e3d2f, 
0x5027905e, 0x2349393b, 0x47476424, 0x0b0a0486, 0x331a240b, 0x01010631, 0x15121c20, 0x2013191f, 
0x33170e13, 0x1d3d291c, 0x3a271a2e, 0x00000020, 0x00000200, 0x07039000, 0x07006e02, 0x00004300, 
0x15213511, 0x35231523, 0x23012e07, 0x14150622, 0x3e323316, 0x3e013f01, 0x1e323302, 0x06141501, 
0x012e2223, 0x011e3727, 0x35363233, 0x22232634, 0x0e010f06, 0x2e222302, 0x3e343501, 0x1e323301, 
0x07031701, 0x2a7f51b5, 0x3f2a2a46, 0x281a2536, 0x1c160f22, 0x30284038, 0x515f2e4d, 0x1f3a432a, 
0x2a472922, 0x25373f2a, 0x19193228, 0x28403819, 0x2d2e4d2f, 0x422a3350, 0x27021f3b, 0x73734747, 
0x2d2c28e7, 0x142b3332, 0x342a1e28, 0x4a271537, 0x175d4736, 0x283f1a2a, 0x34322d2b, 0x2f2e2d2a, 
0x26153530, 0x4a31364b, 0x1b291729, 0x00000300, 0xca026a00, 0x07006e02, 0x35001f00, 0x23010000, 
0x21352715, 0x32052135, 0x2e071716, 0x06222301, 0x011e1415, 0x022e0717, 0x023e3435, 0x011e3221, 
0x07061415, 0x35013e27, 0x22232634, 0x2707010e, 0xca02013e, 0x2afe50a4, 0xf7fdca02, 0x20255239, 
0x28263b1f, 0x3a441c2b, 0x2354472d, 0x01342c1b, 0x30452152, 0x2045291c, 0x19232c19, 0x4d122e33, 
0x27027519, 0x478a0993, 0x4121239d, 0x1b26221a, 0x24342f1a, 0x494a2a3c, 0x20322326, 0x38441f0f, 
0x3236592c, 0x291f4726, 0x3538152a, 0x005a5716, 0x00000300, 0x9602f5ff, 0x0b006e02, 0x4b003f00, 
0x34370000, 0x16323336, 0x23061415, 0x22012622, 0x022e0706, 0x37363435, 0x013b013e, 0x21352135, 
0x23152315, 0x14150622, 0x013e1716, 0x15163233, 0x23010e14, 0x27012e22, 0x33011e37, 0x34353632, 
0x36343726, 0x15163233, 0x22230614, 0x16215e26, 0x17202017, 0x08012116, 0x1c17441d, 0x10131b2e, 
0x5f333a15, 0x960273fe, 0x281bc2b8, 0x3d170d14, 0x295a501e, 0x723c4557, 0x3e3e2865, 0x353c3d85, 
0x161e692f, 0x161e1e16, 0x182f1e16, 0x19182222, 0xff002121, 0x2b120b0e, 0x23181c32, 0x3e0d0f0b, 
0x0b854747, 0x0c1d1016, 0x383f0b08, 0x20223b25, 0x44312e3f, 0x191c1e33, 0x20176619, 0x20171720, 
0x00000020, 0x0000ffff, 0xcb02cfff, 0x26126e02, 0x00004b04, 0x75010710, 0x8f00bd01, 0x00000200, 
0x07022f00, 0x0b006e02, 0x00002c00, 0x33363437, 0x14151632, 0x26222306, 0x06222301, 0x15010e07, 
0x32331614, 0x0e173736, 0x26222301, 0x013e3435, 0x3507013b, 0x15213521, 0x16211823, 0x17202017, 
0x5b012116, 0x1a45214b, 0x43581911, 0x1b295431, 0x6d336c28, 0x416b3e80, 0xdefe242e, 0x69940702, 
0x18222218, 0x01212119, 0x0a10094f, 0x2b371d23, 0x134b151b, 0x3958591c, 0x65242349, 0x00004747, 
0x00000300, 0x58021a00, 0x0b006e02, 0x35002400, 0x34370000, 0x16323336, 0x23061415, 0x22372622, 
0x3435012e, 0x013b013e, 0x35213507, 0x15231521, 0x1415021e, 0x3227010e, 0x3435013e, 0x22232726, 
0x010e0706, 0x3a161415, 0x20171621, 0x21161720, 0x407148ed, 0x27436e40, 0x02defe24, 0x4b34e558, 
0x466f4129, 0x3a2a4a31, 0x41262a39, 0x5a1a1717, 0x22221854, 0x21211918, 0x3d4e2555, 0x23244938, 
0x48474765, 0x2742340e, 0x4721493a, 0x23202914, 0x0c0b0e3a, 0x311c260c, 0x00000032, 0x00000200, 
0x50020a00, 0x0b006e02, 0x00003f00, 0x33363437, 0x14151632, 0x26222306, 0x07062225, 0x3435022e, 
0x013e3736, 0x2135013b, 0x23152135, 0x06222315, 0x17161415, 0x3233013e, 0x0e141516, 0x2e222301, 
0x1e372701, 0x36323301, 0x3f263435, 0x20171621, 0x21161720, 0x441d2701, 0x1b2e1c17, 0x3a151013, 
0x6ffe6333, 0xc66e5002, 0x0d14281b, 0x501e3d17, 0x4557295a, 0x2865723c, 0x3d853e3e, 0x442f353c, 
0x18222218, 0xea212119, 0x2b120b0e, 0x23181c32, 0x3e0d0f0b, 0x0b854747, 0x0c1d1016, 0x383f0b08, 
0x20223b25, 0x44312e3f, 0x191c1e33, 0x00000019, 0x00000200, 0x41022600, 0x0b006e02, 0x00004500, 
0x33363437, 0x14151632, 0x26222306, 0x012e2225, 0x013e3435, 0x3507013b, 0x15213521, 0x22231523, 
0x0e07010e, 0x16141501, 0x33011e17, 0x34353632, 0x06222326, 0x17161415, 0x35012e07, 0x32333634, 
0x1415011e, 0x212d010e, 0x20201716, 0x01211617, 0x42774f09, 0x0e4e7643, 0x02cffe12, 0x1b3ec041, 
0x15143037, 0x084c4c1a, 0x3b3b0d1f, 0x272a1f1e, 0x11471412, 0x2f4d4b17, 0x5e301e3d, 0x22221860, 
0x21211918, 0x3b502749, 0x24234939, 0x86474764, 0x0b0b0a04, 0x31331a24, 0x20010106, 0x1f15121c, 
0x13201319, 0x1c33170e, 0x2e1d3d29, 0x203a271a, 0x0000ffff, 0x0703e7ff, 0x26126e02, 0x00005004, 
0x75010710, 0xa700f601, 0x0000ffff, 0xca02dcff, 0x26126e02, 0x00005104, 0x75010710, 0x9c00c101, 
0x1c000200, 0x0102ca00, 0x1b007802, 0x00002700, 0x37013e13, 0x3435012e, 0x3233013e, 0x06141516, 
0x17011e07, 0x27022e07, 0x3707010e, 0x3435013e, 0x06222326, 0x1c161415, 0x35254d29, 0x31472629, 
0x232d5642, 0x103a6721, 0x19545d26, 0xac2f5b2b, 0x22282521, 0x01222f1d, 0x152b140e, 0x23274826, 
0x3b49233b, 0x0d1b452b, 0x06480517, 0x1c0a1b17, 0x16bf1b39, 0x20221f36, 0x36182322, 0x34fe0200, 
0xdefff4fe, 0x1a008500, 0x00002100, 0x27262203, 0x33011e37, 0x34353632, 0x06222326, 0x013e2707, 
0x011e3233, 0x01061415, 0x07173337, 0x58c00727, 0x3734377d, 0x2a2d405e, 0x27151a2b, 0x34171612, 
0x22402d19, 0xddbefe53, 0x583b7528, 0x46f4feb9, 0x35373337, 0x151b181c, 0x0b430a0b, 0x23361e0b, 
0x0a014431, 0x6e279087, 0x00000080, 0x34fe0200, 0xdeff76fe, 0x1a000700, 0x00002100, 0x27262203, 
0x33011e37, 0x34353632, 0x06222326, 0x013e2707, 0x011e3233, 0x01061415, 0x07173337, 0x58c00727, 
0x3734377d, 0x2a2d405e, 0x27151a2b, 0x34171612, 0x22402d19, 0xddbefe53, 0x583b7528, 0x4676feb9, 
0x35373337, 0x151b181c, 0x0b430a0b, 0x23361e0b, 0x0a014431, 0x6e279087, 0x00000080, 0x1cfe0300, 
0xdeff76fe, 0x0b001a00, 0x2d002600, 0x34050000, 0x16323336, 0x23061415, 0x22012622, 0x1e372726, 
0x36323301, 0x23263435, 0x27070622, 0x3233013e, 0x1415011e, 0x33370106, 0x07270717, 0x16211cfe, 
0x17202017, 0x24012116, 0x34377d58, 0x2d405e37, 0x151a2b2a, 0x17161227, 0x402d1934, 0xbefe5322, 
0x3b7528dd, 0x1820b958, 0x19182222, 0xaffe2121, 0x37333746, 0x1b181c35, 0x430a0b15, 0x361e0b0b, 
0x01443123, 0x2790870a, 0x0000806e, 0x49fe0200, 0x3600f4fe, 0x1c008500, 0x00002300, 0x35262203, 
0x33013e34, 0x17011e32, 0x23022e07, 0x14150622, 0x36323316, 0x010e1737, 0x17333703, 0xe4072707, 
0x43254d43, 0x4d63422e, 0x3e1f3d22, 0x2c2c2a44, 0x26171a2b, 0x33181612, 0x7528ddec, 0xfeb9583b, 
0x213543f4, 0x4d2f1f34, 0x3e2e272e, 0x1c171c21, 0x43090c15, 0x0a010c0a, 0x6e279087, 0x00000080, 
0x49fe0200, 0x360076fe, 0x1c000700, 0x00002300, 0x35262203, 0x33013e34, 0x17011e32, 0x23022e07, 
0x14150622, 0x36323316, 0x010e1737, 0x17333703, 0xe4072707, 0x43254d43, 0x4d63422e, 0x3e1f3d22, 
0x2c2c2a44, 0x26171a2b, 0x33181612, 0x7528ddec, 0xfeb9583b, 0x21354376, 0x4d2f1f34, 0x3e2e272e, 
0x1b171c21, 0x43090c16, 0x0a010c0a, 0x6e279087, 0x00000080, 0x1cfe0300, 0x360076fe, 0x0b001a00, 
0x2f002800, 0x34050000, 0x16323336, 0x23061415, 0x22012622, 0x3e343526, 0x1e323301, 0x2e071701, 
0x06222302, 0x33161415, 0x17373632, 0x3703010e, 0x27071733, 0x211cfe07, 0x20201716, 0x01211617, 
0x254d4300, 0x63422e43, 0x1f3d224d, 0x2c2a443e, 0x171a2b2c, 0x18161226, 0x28ddec33, 0xb9583b75, 
0x22221820, 0x21211918, 0x3543affe, 0x2f1f3421, 0x2e272e4d, 0x171c213e, 0x090c161b, 0x010c0a43, 
0x2790870a, 0x0000806e, 0x2efe0200, 0xe0fff4fe, 0x06008500, 0x00001c00, 0x17333705, 0x05072707, 
0x2223010e, 0x3435012e, 0x1737013e, 0x1415010e, 0x36323316, 0xf82efe37, 0x753b9228, 0x196c01d3, 
0x48342943, 0x3a4f2824, 0x31343a07, 0x2131231c, 0x27b49a15, 0x0d939292, 0x22351e16, 0x03263920, 
0x1b1f0442, 0x100f141c, 0x2efe0200, 0xe0ff76fe, 0x06000700, 0x00001c00, 0x17333705, 0x05072707, 
0x2223010e, 0x3435012e, 0x1737013e, 0x1415010e, 0x36323316, 0xf82efe37, 0x753b9228, 0x196c01d3, 
0x48342943, 0x3a4f2824, 0x31343a07, 0x2131231c, 0x27b49992, 0x0d939292, 0x22351e16, 0x03263920, 
0x1b1f0442, 0x100f141c, 0x1cfe0300, 0xe0ff76fe, 0x0b001a00, 0x28001200, 0x34050000, 0x16323336, 
0x23061415, 0x37172622, 0x27071733, 0x010e0507, 0x012e2223, 0x013e3435, 0x010e1737, 0x33161415, 
0xfe373632, 0x1716211c, 0x16172020, 0x28f81221, 0xd3753b92, 0x43196c01, 0x24483429, 0x073a4f28, 
0x1c31343a, 0x20213123, 0x18222218, 0x59212119, 0x9227b499, 0x160d9392, 0x2022351e, 0x42032639, 
0x1c1b1f04, 0x00100f14, 0x49fe0300, 0xebff76fe, 0x06008500, 0x30001b00, 0x37050000, 0x27071733, 
0x010e0507, 0x012e2223, 0x37363435, 0x15010e17, 0x32331614, 0x0e173736, 0x2e222301, 0x36343501, 
0x010e1737, 0x33161415, 0xfe373632, 0x7528dd49, 0x01b9583b, 0x2943194c, 0x59264832, 0x2f3f0758, 
0x3020262b, 0x431a4022, 0x23473529, 0x19491615, 0x20282912, 0x87022230, 0x806e2790, 0x20150d9a, 
0x432b2237, 0x1f044204, 0x0e161714, 0x160dc80e, 0x1422351f, 0x0d201128, 0x15170e16, 0x00000f0d, 
0x2efe0300, 0x2d0076fe, 0x06008500, 0x46001c00, 0x37250000, 0x27071733, 0x16321707, 0x012e0717, 
0x15062223, 0x17011e14, 0x35012e07, 0x21013e34, 0x15011e32, 0x0e070614, 0x16141501, 0x37363233, 
0x23010e17, 0x34352622, 0x0737013e, 0x3435013e, 0x06222326, 0x023e2707, 0x28c363fe, 0x9e583b75, 
0x1f442919, 0x1c2c1625, 0x3d201f1f, 0x59492e2b, 0x09013a27, 0x1126381a, 0x1e2b3d0e, 0x1b291817, 
0x20351413, 0x4620433b, 0x0f0d3837, 0x361b1a20, 0x2f0e4614, 0x90751047, 0x046e6e27, 0x10281d20, 
0x16141b13, 0x321d2c28, 0x24375835, 0x2d14152d, 0x14301926, 0x12121b01, 0x3c0b0b10, 0x2c37100a, 
0x061d2c1b, 0x101c0c1a, 0x37231416, 0x283e2112, 0x2efe0400, 0x8f0076fe, 0x06008500, 0x43001c00, 
0x00005800, 0x17333725, 0x17072707, 0x07171632, 0x2223012e, 0x1e141506, 0x2e071701, 0x3e343501, 
0x2e220501, 0x36343501, 0x012e0737, 0x07062223, 0x33023e27, 0x15011e32, 0x0e150614, 0x16141501, 
0x37363233, 0x17010e17, 0x35012e22, 0x17373634, 0x14151406, 0x36323316, 0x010e1737, 0x28c363fe, 
0x9e583b75, 0x1f442919, 0x1c2c1625, 0x3d201f1f, 0x59492e2b, 0x70013a27, 0x292b3b18, 0x15091b38, 
0x14361b1c, 0x472f0e46, 0x26381a32, 0x20212b01, 0x18271d16, 0x07351413, 0x031e3828, 0x21013e03, 
0x18271b16, 0x10351413, 0x6e279075, 0x1d20046e, 0x1b131028, 0x2c281614, 0x5835321d, 0x152d2437, 
0x212711eb, 0x10073117, 0x37231103, 0x283e2112, 0x01252e17, 0x14020106, 0x0d0d0d0c, 0x0f0a3c0b, 
0x1f2e1969, 0x15070e0b, 0x13020904, 0x3b0d0a11, 0x0000100a, 0x2efe0200, 0x1d00f4fe, 0x06008500, 
0x00001600, 0x17333705, 0x05072707, 0x2223022e, 0x3e270706, 0x1e323301, 0x2efe1701, 0x3b9228f8, 
0x8701d375, 0x2d4a4321, 0x0c09150c, 0x430d180b, 0x15215066, 0x9227b49a, 0x362ab692, 0x4802011a, 
0x472f0303, 0x00000026, 0x2efe0200, 0x1d0076fe, 0x0600f4ff, 0x00001600, 0x17333705, 0x05072707, 
0x2223022e, 0x3e270706, 0x1e323301, 0x2efe1701, 0x3b9228f8, 0x8701d375, 0x2d4a4321, 0x0c09150c, 
0x430d180b, 0xa5215066, 0x9126b499, 0x372aa491, 0x4802021a, 0x482f0303, 0x00000025, 0x1cfe0300, 
0x1d0076fe, 0x0b00ffff, 0x22001200, 0x34050000, 0x16323336, 0x23061415, 0x37172622, 0x27071733, 
0x022e0507, 0x07062223, 0x33013e27, 0x17011e32, 0x16211cfe, 0x17202017, 0xf8122116, 0x753b9228, 
0x218701d3, 0x0c2d4a43, 0x0b0c0915, 0x66430d18, 0x183b2150, 0x19182222, 0x99512121, 0x919126b4, 
0x1a372aa4, 0x03480202, 0x25482f03, 0x49fe0200, 0xd6ffaffe, 0x06000700, 0x00001400, 0x17333705, 
0x17072707, 0x37272622, 0x3233011e, 0x0e173736, 0xdd49fe01, 0x663b8328, 0x64419bb9, 0x4c23181f, 
0x224d3e3d, 0x80641f17, 0x7e26a187, 0x19278f80, 0x21211a42, 0x2719421a, 0x1cfe0300, 0xd6ffaffe, 
0x0b001000, 0x20001200, 0x34050000, 0x16323336, 0x23061415, 0x37172622, 0x27071733, 0x26221707, 
0x011e3727, 0x37363233, 0xfe010e17, 0x1716211c, 0x16172020, 0x28dd2d21, 0xb9663b83, 0x1f64419b, 
0x3d4c2318, 0x17224d3e, 0x182a641f, 0x19182222, 0x873d2121, 0x807e26a1, 0x4219278f, 0x1a21211a, 
0x00271942, 0x58fe0300, 0xceff76fe, 0x06000700, 0x22001400, 0x37050000, 0x27071733, 0x26221707, 
0x011e3727, 0x37363233, 0x07010e17, 0x37272622, 0x3233011e, 0x0e173736, 0xca5cfe01, 0x623a8028, 
0x5d3d88a8, 0x49201720, 0x21483b3a, 0x3b631c16, 0x17225b3d, 0x302f4b29, 0x2116294b, 0x856f685b, 
0x7969692b, 0x193f1825, 0x3f191f1f, 0x1e682617, 0x14183f13, 0x133f1814, 0x0000001e, 0x08fe0400, 
0xceff76fe, 0x0b001000, 0x20001200, 0x00002e00, 0x33363405, 0x14151632, 0x26222306, 0x17333717, 
0x17072707, 0x37272622, 0x3233011e, 0x0e173736, 0x26220701, 0x011e3727, 0x37363233, 0xfe010e17, 
0x17162108, 0x16172020, 0x28ca5421, 0xa8623a80, 0x205d3d88, 0x3a492017, 0x1621483b, 0x3d3b631c, 
0x2917225b, 0x4b302f4b, 0x5b211629, 0x2222182a, 0x21211918, 0x2b856f25, 0x25796969, 0x1f193f18, 
0x173f191f, 0x131e6826, 0x1414183f, 0x1e133f18, 0x39feffff, 0x160076fe, 0x06128dff, 0x82007a01, 
0xb3feffff, 0x910076fe, 0x06128dff, 0x82007b01, 0xf6feffff, 0x1b0076fe, 0x061294ff, 0x82007c01, 
0xf6fe0200, 0x4200f4fe, 0x14001000, 0x00002900, 0x012e2207, 0x37363435, 0x15010e17, 0x32331614, 
0x0e173736, 0x2e220701, 0x36343501, 0x010e1737, 0x33161415, 0x17373632, 0x246a010e, 0x5859324a, 
0x2b2f3f07, 0x222f2026, 0x02431919, 0x11244735, 0x0f144f0d, 0x30202829, 0x43191822, 0x202913a3, 
0x32033321, 0x12101604, 0x300b0a10, 0x1869100a, 0x190d1929, 0x0e09140c, 0x0b10120a, 0x100a310b, 
0x2efe0200, 0x2d00f4fe, 0x15000700, 0x00003e00, 0x23012e07, 0x14150622, 0x0717011e, 0x3435012e, 
0x3233013e, 0x32371716, 0x1415011e, 0x06220706, 0x33161415, 0x17373632, 0x2223010e, 0x3e343526, 
0x3e073701, 0x26343501, 0x07062223, 0xf7013e27, 0x1c192913, 0x2e3c1d22, 0x275b492b, 0x40261c3a, 
0x381a6a1d, 0x380e1126, 0x18171e30, 0x14131b29, 0x433b2035, 0x3a384721, 0x1a200e0d, 0x4615351b, 
0x0b455418, 0x1113130c, 0x2a18231f, 0x1d2f4628, 0x14161125, 0x1f24102a, 0x16112614, 0x080c0f0f, 
0x0d083109, 0x2416232d, 0x0a1c0418, 0x11110f1b, 0x2f0f2e1b, 0x0000003e, 0x2efe0300, 0x8f00f4fe, 
0x25000700, 0x4f003b00, 0x22070000, 0x3435012e, 0x2e073736, 0x06222301, 0x013e2707, 0x011e3233, 
0x15011c15, 0x1415010e, 0x36323316, 0x010e1737, 0x17163225, 0x23012e07, 0x14150622, 0x0717011e, 
0x3435012e, 0x2201013e, 0x36343526, 0x010e1737, 0x33161415, 0x17373632, 0x2001010e, 0x352d243a, 
0x1a1f0716, 0x4615351b, 0x1a4a5418, 0x24292638, 0x2a171620, 0x3514131b, 0x40268cfe, 0x2913251d, 
0x1d221c19, 0x492b2e3c, 0x013a275b, 0x03423c97, 0x01013e04, 0x251b1621, 0x3514131a, 0x18200fb7, 
0x1c062516, 0x2e1b0f10, 0x123e2f0f, 0x04021d25, 0x0b0f0102, 0x0a090a0b, 0xbe0d0731, 0x0b221416, 
0x1113130c, 0x2a18231f, 0x1d2f4628, 0xedfe1125, 0x0f08252d, 0x0702160a, 0x080e0f05, 0x0d08300b, 
0x4dffffff, 0x970076fe, 0x06125bff, 0x82008601, 0x0bfeffff, 0x93ffb8fe, 0x07123aff, 0x00008f01, 
0x00006eff, 0x0bfeffff, 0x93ff76fe, 0x06126eff, 0x82009001, 0x00000200, 0x2a02c6ff, 0x1c006e02, 
0x00005300, 0x35022e13, 0x3e373634, 0x35013b01, 0x15213521, 0x22231523, 0x010e0706, 0x17161415, 
0x2f012e13, 0x35012e01, 0x32333634, 0x06141516, 0x020e010f, 0x022e2223, 0x023e3435, 0x17163233, 
0x22012e07, 0x010e2223, 0x011e1415, 0x37363233, 0x17011e17, 0x16211071, 0x3a171114, 0xc5fe712a, 
0xc59e2a02, 0x08081a1e, 0xf9191d08, 0x0b0b2316, 0x192a0809, 0x202c3127, 0x1a1b0915, 0x41553009, 
0x4b321a25, 0x0c1c1331, 0x0d100804, 0x1e3b2b06, 0x0823472e, 0x0b2c1c1f, 0x02011622, 0x1e2c1e0a, 
0x110d281c, 0x4747420f, 0x06060789, 0x20150b12, 0x2195fe08, 0x091e1c42, 0x1b1e0a1e, 0x21251b2e, 
0x03020405, 0x36231002, 0x2a371e25, 0x47020118, 0x20100101, 0x0b21211a, 0x172c0702, 0x00001d36, 
0x00000200, 0x3c03b2ff, 0x35006e02, 0x00006b00, 0x010e1725, 0x35032e23, 0x3e373634, 0x07013b01, 
0x21352135, 0x23152315, 0x0e070622, 0x16141501, 0x37363233, 0x35012e07, 0x32333634, 0x06141516, 
0x07173707, 0x27262205, 0x3435012e, 0x27013f36, 0x2223022e, 0x16141506, 0x37363233, 0x23010e17, 
0x34352622, 0x3233013e, 0x011f011e, 0x37023e37, 0x1e170517, 0x06141501, 0x0c146802, 0x5933081c, 
0x20252645, 0x29345a20, 0x03b3fd24, 0x36319e3c, 0x1619184b, 0x21085350, 0x08043023, 0x2d2b192a, 
0x4a0c2332, 0x12a5fe45, 0x1b131228, 0x1e181512, 0x141f1d11, 0x161a2116, 0x11131d0e, 0x2f142515, 
0x19392840, 0x1633361e, 0x33165420, 0xfe3d1231, 0x03030cfa, 0x021b9e1d, 0x2a140102, 0x3f2c3144, 
0x24131513, 0x95474772, 0x280d0c0c, 0x013b2e1b, 0x24081603, 0x311e220b, 0x0825281e, 0x1a17c829, 
0x1f0d0a0e, 0x08160c10, 0x2b294a0a, 0x1517180f, 0x3f070618, 0x303c0707, 0x12163128, 0x234e3938, 
0x040f1209, 0x091c6c23, 0x1516070e, 0x02ff0300, 0x87006702, 0x13008003, 0x2f002300, 0x2e030000, 
0x36343501, 0x17163233, 0x23012e07, 0x14150622, 0x22371716, 0x3727012e, 0x3233011e, 0x1737013e, 
0x2227010e, 0x36343526, 0x15163233, 0x1fc00614, 0x1f42531f, 0x1116132f, 0x26281022, 0x21671f24, 
0x370d2a38, 0x17202b0e, 0x3c06151e, 0x1339470f, 0x13131616, 0x67021415, 0x43244b24, 0x42090b43, 
0x202c070a, 0x1d27421f, 0x112d381a, 0x2b122b2e, 0x3a4c1224, 0x10101652, 0x10101616, 0x00000016, 
0x56ff0300, 0xe2006702, 0x0b008003, 0x1e001a00, 0x34030000, 0x16323336, 0x23061415, 0x0e372622, 
0x26222302, 0x011e3727, 0x37363233, 0x15333501, 0x13131a02, 0x13131a1a, 0x320de41a, 0x5d433047, 
0x3717401d, 0x0e2d3531, 0x0351b8fe, 0x1a1a1254, 0x1a1a1312, 0x214b3e28, 0x42165852, 0xfe3e4540, 
0x00bebee7, 0x00000400, 0xe5010000, 0x0b008003, 0x22001a00, 0x00002600, 0x33363401, 0x14151632, 
0x26222306, 0x23020e37, 0x37272622, 0x3233011e, 0x11033736, 0x35231123, 0x35271521, 0x01011533, 
0x1a13131a, 0x1a13131a, 0x47320de4, 0x1d5d4330, 0x31371740, 0xf70e2d35, 0x11015951, 0x540351b8, 
0x121a1a12, 0x281a1a13, 0x52214b3e, 0x40421658, 0xa7fe3e45, 0x2702d9fd, 0xbe404747, 0x000000be, 
0xfafd0300, 0xa7009a02, 0x0e008003, 0x29001a00, 0x0e030000, 0x26222302, 0x011e3727, 0x3f363233, 
0x33363401, 0x14151632, 0x26222306, 0x23020e37, 0x37272622, 0x3233011e, 0x0e7e3736, 0x422f4b36, 
0x17472266, 0x31332e3d, 0x131a960f, 0x131a1a13, 0x0ddb1a13, 0x402d4330, 0x15401d57, 0x29312d33, 
0x3d40030d, 0x56502049, 0x3f3a3d15, 0x18110139, 0x19101118, 0x473b2219, 0x16534e1f, 0x39413c3d, 
0x25fe0300, 0x58006702, 0x0b008003, 0x33001a00, 0x34030000, 0x16323336, 0x23061415, 0x0e372622, 
0x26222302, 0x011e3727, 0x37363233, 0x23022e03, 0x22230622, 0x3727012e, 0x3233021e, 0x1e323336, 
0x1a8c1702, 0x1a1a1313, 0xe41a1313, 0x3047320d, 0x401d5d43, 0x35313717, 0x0bbe0e2d, 0x0d192218, 
0x39230d1a, 0x0b42142f, 0x0e1c2317, 0x2d1c1220, 0x030d1f25, 0x1a1a1254, 0x1a1a1312, 0x214b3e28, 
0x42165852, 0xfe3e4540, 0x163630e7, 0x373b1602, 0x13281d17, 0x4c2c1304, 0x0000003a, 0x67fe0300, 
0x84006702, 0x0b008003, 0x2b001a00, 0x34030000, 0x16323336, 0x23061415, 0x0e372622, 0x26222302, 
0x011e3727, 0x37363233, 0x23022e03, 0x27070622, 0x3233013e, 0x6017021e, 0x1a13131a, 0x1a13131a, 
0x47320de4, 0x1d5d4330, 0x31371740, 0xe90e2d35, 0x22322915, 0x180e2216, 0x291c2a15, 0x152e3440, 
0x1a125403, 0x1a13121a, 0x4b3e281a, 0x16585221, 0x3e454042, 0x5b4fe7fe, 0x49050926, 0x401c0608, 
0x0000506d, 0x54fe0300, 0x84006702, 0x0b008003, 0x3a001a00, 0x34030000, 0x16323336, 0x23061415, 
0x0e372622, 0x26222302, 0x011e3727, 0x37363233, 0x23022e03, 0x27070622, 0x3233013e, 0x2e371716, 
0x06222302, 0x013e2707, 0x021e3233, 0x131a6017, 0x131a1a13, 0x0de41a13, 0x43304732, 0x17401d5d, 
0x2d353137, 0x2d1bf30e, 0x2a141a2b, 0x32171a14, 0x18462d1d, 0x2c261404, 0x0e20181f, 0x1c2a1517, 
0x2e344029, 0x12540315, 0x13121a1a, 0x3e281a1a, 0x5852214b, 0x45404216, 0x28e7fe3e, 0x090c0b25, 
0x2b0c0a45, 0x39340226, 0x45060818, 0x401c0608, 0x0000506d, 0xfdfeffff, 0xaa010000, 0x26128003, 
0x00007701, 0x7c040710, 0x00000301, 0x28ff0400, 0x5b010000, 0x0b008003, 0x22001a00, 0x00003b00, 
0x33363413, 0x14151632, 0x26222306, 0x23020e37, 0x37272622, 0x3233011e, 0x11033736, 0x35231123, 
0x2e271521, 0x06222302, 0x012e2223, 0x021e3727, 0x33363233, 0x17021e32, 0x13131a77, 0x13131a1a, 
0x320de41a, 0x5d433047, 0x3717401d, 0x0e2d3531, 0x0159516d, 0x180bb811, 0x1a0d1922, 0x2f39230d, 
0x170b4214, 0x200e1c23, 0x252d1c12, 0x54030d1f, 0x121a1a12, 0x281a1a13, 0x52214b3e, 0x40421658, 
0xa7fe3e45, 0x2702d9fd, 0x30404747, 0x16021636, 0x1d17373b, 0x13041328, 0x003a4c2c, 0x6aff0400, 
0x87010000, 0x0b008003, 0x22001a00, 0x00003300, 0x33363413, 0x14151632, 0x26222306, 0x23020e37, 
0x37272622, 0x3233011e, 0x11033736, 0x35231123, 0x2e271521, 0x06222302, 0x013e2707, 0x021e3233, 
0x131aa317, 0x131a1a13, 0x0de41a13, 0x43304732, 0x17401d5d, 0x2d353137, 0x5951990e, 0x15b71101, 
0x16223229, 0x15180e22, 0x40291c2a, 0x03152e34, 0x1a1a1254, 0x1a1a1312, 0x214b3e28, 0x42165852, 
0xfe3e4540, 0x02d9fda7, 0x40474727, 0x09265b4f, 0x06084905, 0x506d401c, 0x57ff0400, 0x87010000, 
0x0b008003, 0x22001a00, 0x00004200, 0x33363413, 0x14151632, 0x26222306, 0x23020e37, 0x37272622, 
0x3233011e, 0x11033736, 0x35231123, 0x2e271521, 0x06222302, 0x013e2707, 0x17163233, 0x23022e37, 
0x27070622, 0x3233013e, 0xa317021e, 0x1a13131a, 0x1a13131a, 0x47320de4, 0x1d5d4330, 0x31371740, 
0x990e2d35, 0x11015951, 0x2b2d1bc1, 0x142a141a, 0x1d32171a, 0x0418462d, 0x1f2c2614, 0x170e2018, 
0x291c2a15, 0x152e3440, 0x1a125403, 0x1a13121a, 0x4b3e281a, 0x16585221, 0x3e454042, 0xd9fda7fe, 
0x47472702, 0x0b252840, 0x0a45090c, 0x02262b0c, 0x08183934, 0x06084506, 0x506d401c, 0x1cff0400, 
0xbc010000, 0x0b008003, 0x22001a00, 0x00005400, 0x33363413, 0x14151632, 0x26222306, 0x23020e37, 
0x37272622, 0x3233011e, 0x11033736, 0x35231123, 0x2e271521, 0x06222301, 0x012e2223, 0x021e3727, 
0x33363233, 0x17011e32, 0x3435013e, 0x2e012f26, 0x013c3501, 0x14063735, 0x1f161415, 0x15011e01, 
0xd8070614, 0x1a13131a, 0x1a13131a, 0x47320de4, 0x1d5d4330, 0x31371740, 0xce0e2d35, 0x11015951, 
0x162b10cc, 0x1f121f0c, 0x42163036, 0x18211a0d, 0x2011200d, 0x070c2530, 0x0e201b06, 0x01462e37, 
0x291d2411, 0x03080e31, 0x1a1a1254, 0x1a1a1312, 0x214b3e28, 0x42165852, 0xfe3e4540, 0x02d9fda7, 
0x40474727, 0x0f031a2d, 0x20183532, 0x14030b20, 0x1d113538, 0x0a1f1d10, 0x35331205, 0x01030603, 
0x13050702, 0x0f0b0c1b, 0x3116332c, 0x00000011, 0x00000400, 0x17050000, 0x0b008003, 0x33001a00, 
0x00003b00, 0x33363401, 0x14151632, 0x26222306, 0x23020e37, 0x37272622, 0x3233011e, 0x32213736, 
0x2317021e, 0x2223032e, 0x1415010e, 0x2e231716, 0x36343501, 0x21352303, 0x23112315, 0x131a3304, 
0x131a1a13, 0x0de41a13, 0x43304732, 0x17401d5d, 0x2d353137, 0x8ca5fc0e, 0x3fa1c7ee, 0xa79b4765, 
0x795d60b3, 0x560e163c, 0x85a9120d, 0x67110159, 0x12540351, 0x13121a1a, 0x3e281a1a, 0x5852214b, 
0x45404216, 0x664d2a3e, 0x354e323c, 0x2b34181c, 0x18112e1b, 0x58532333, 0x4747a7fe, 0x0000d9fd, 
0x00000400, 0xfb020000, 0x0b008003, 0x31001a00, 0x00003900, 0x33363401, 0x14151632, 0x26222306, 
0x23020e37, 0x37272622, 0x3233011e, 0x32213736, 0x2317021e, 0x2223012e, 0x16141506, 0x012e2317, 
0x013e3435, 0x21352303, 0x23112315, 0x131a1702, 0x131a1a13, 0x0de41a13, 0x43304732, 0x17401d5d, 
0x2d353137, 0x3937fe0e, 0x1e455160, 0x49743550, 0x0d153c37, 0x2d111052, 0x01595c53, 0x03516711, 
0x1a1a1254, 0x1a1a1312, 0x214b3e28, 0x42165852, 0x243e4540, 0x6b456947, 0x212f3767, 0x3a1d1734, 
0x28493021, 0x4747a7fe, 0x0000d9fd, 0x00000400, 0x22030000, 0x0b008003, 0x31001a00, 0x00003900, 
0x33363401, 0x14151632, 0x26222306, 0x23020e37, 0x37272622, 0x3233011e, 0x32213736, 0x2317021e, 
0x2223012e, 0x16141506, 0x012e2317, 0x013e3435, 0x21352303, 0x23112315, 0x131a3e02, 0x131a1a13, 
0x0de41a13, 0x43304732, 0x17401d5d, 0x2d353137, 0x3f1bfe0e, 0x224e5b6a, 0x50893d51, 0x0d16443c, 
0x30111053, 0x01596458, 0x03516711, 0x1a1a1254, 0x1a1a1312, 0x214b3e28, 0x42165852, 0x253e4540, 
0x6a446848, 0x21303968, 0x391b1632, 0x294a3220, 0x4747a7fe, 0x0000d9fd, 0x00000400, 0x66030000, 
0x0b008003, 0x32001a00, 0x00003a00, 0x33363401, 0x14151632, 0x26222306, 0x23020e37, 0x37272622, 
0x3233011e, 0x32213736, 0x2317021e, 0x2223022e, 0x16141506, 0x012e2317, 0x013e3435, 0x21352303, 
0x23112315, 0x131a8202, 0x131a1a13, 0x0de41a13, 0x43304732, 0x17401d5d, 0x2d353137, 0x47e8fd0e, 
0x285e6d7c, 0x746d3354, 0x174f463d, 0x120d560d, 0x59716035, 0x51671101, 0x1a125403, 0x1a13121a, 
0x4b3e281a, 0x16585221, 0x3e454042, 0x40684a27, 0x3b2f5c46, 0x12302133, 0x34203518, 0xa7fe2b4d, 
0xd9fd4747, 0x00000400, 0x96030000, 0x0b008003, 0x31001a00, 0x00003900, 0x33363401, 0x14151632, 
0x26222306, 0x23020e37, 0x37272622, 0x3233011e, 0x32213736, 0x2317021e, 0x2223012e, 0x16141506, 
0x012e2317, 0x013e3435, 0x21352303, 0x23112315, 0x131ab202, 0x131a1a13, 0x0de41a13, 0x43304732, 
0x17401d5d, 0x2d353137, 0x4ec3fd0e, 0x2a667889, 0x65bd5455, 0x0d17564d, 0x37120d56, 0x01597865, 
0x03516711, 0x1a1a1254, 0x1a1a1312, 0x214b3e28, 0x42165852, 0x283e4540, 0x683f684a, 0x20353b69, 
0x34181130, 0x2b4d3520, 0x4747a7fe, 0x0000d9fd, 0x00000400, 0xce030000, 0x0b008003, 0x31001a00, 
0x00003900, 0x33363401, 0x14151632, 0x26222306, 0x23020e37, 0x37272622, 0x3233011e, 0x32213736, 
0x2317021e, 0x2223012e, 0x16141506, 0x012e2317, 0x013e3435, 0x21352303, 0x23112315, 0x131aea02, 
0x131a1a13, 0x0de41a13, 0x43304732, 0x17401d5d, 0x2d353137, 0x5698fd0e, 0x2d6e8195, 0x71cf5b57, 
0x0d175c55, 0x3a120d56, 0x0159816b, 0x03516711, 0x1a1a1254, 0x1a1a1312, 0x214b3e28, 0x42165852, 
0x283e4540, 0x673f674b, 0x1f363b6a, 0x34181130, 0x2a4d3521, 0x4747a7fe, 0x0000d9fd, 0x00000400, 
0xf5030000, 0x0b008003, 0x30001a00, 0x00003800, 0x33363401, 0x14151632, 0x26222306, 0x23020e37, 
0x37272622, 0x3233011e, 0x32213736, 0x2317021e, 0x2223012e, 0x16141506, 0x012e2317, 0x03363435, 
0x15213523, 0x03231123, 0x13131a11, 0x13131a1a, 0x320de41a, 0x5d433047, 0x3717401d, 0x0e2d3531, 
0xa35d7dfd, 0x592f758b, 0x5c7ce162, 0x560d1763, 0x6286120d, 0x67110159, 0x12540351, 0x13121a1a, 
0x3e281a1a, 0x5852214b, 0x45404216, 0x674a293e, 0x3a6a673f, 0x112f1f38, 0x50223318, 0x47a7fe5c, 
0x00d9fd47, 0x00000400, 0x1d040000, 0x0b008003, 0x31001a00, 0x00003900, 0x33363401, 0x14151632, 
0x26222306, 0x23020e37, 0x37272622, 0x3233011e, 0x32213736, 0x2317021e, 0x2223022e, 0x16141506, 
0x012e2317, 0x03363435, 0x15213523, 0x03231123, 0x13131a39, 0x13131a1a, 0x320de41a, 0x5d433047, 
0x3717401d, 0x0e2d3531, 0xb06561fd, 0x5b327c95, 0x5ba89c46, 0x0d176864, 0x8c120d56, 0x11015968, 
0x54035167, 0x121a1a12, 0x281a1a13, 0x52214b3e, 0x40421658, 0x4b293e45, 0x5d443e67, 0x1e393a30, 
0x3318112f, 0xfe5c5022, 0xfd4747a7, 0x000000d9, 0x00000400, 0x4a040000, 0x0b008003, 0x32001a00, 
0x00003a00, 0x33363401, 0x14151632, 0x26222306, 0x23020e37, 0x37272622, 0x3233011e, 0x32213736, 
0x2317021e, 0x2223022e, 0x1415010e, 0x2e231716, 0x36343501, 0x21352303, 0x23112315, 0x131a6603, 
0x131a1a13, 0x0de41a13, 0x43304732, 0x17401d5d, 0x2d353137, 0x6d41fd0e, 0x34839fbc, 0xb5a84b5c, 
0x31614862, 0x0d560d17, 0x596e9212, 0x51671101, 0x1a125403, 0x1a13121a, 0x4b3e281a, 0x16585221, 
0x3e454042, 0x3e664c29, 0x19305d44, 0x2f1d2734, 0x22331811, 0xa7fe5b51, 0xd9fd4747, 0x00000400, 
0x7f040000, 0x0b008003, 0x32001a00, 0x00003a00, 0x33363401, 0x14151632, 0x26222306, 0x23020e37, 
0x37272622, 0x3233011e, 0x32213736, 0x2317021e, 0x2223022e, 0x1415010e, 0x2e231716, 0x36343501, 
0x21352303, 0x23112315, 0x131a9b03, 0x131a1a13, 0x0de41a13, 0x43304732, 0x17401d5d, 0x2d353137, 
0x7518fd0e, 0x378ba9c8, 0xc3b2505f, 0x34674d69, 0x0d560d17, 0x59749812, 0x51671101, 0x1a125403, 
0x1a13121a, 0x4b3e281a, 0x16585221, 0x3e454042, 0x3d674b2a, 0x19305d44, 0x2f1d2833, 0x22331811, 
0xa7fe5a52, 0xd9fd4747, 0x00000400, 0xaf040000, 0x0b008003, 0x32001a00, 0x00003a00, 0x33363401, 
0x14151632, 0x26222306, 0x23020e37, 0x37272622, 0x3233011e, 0x32213736, 0x2317021e, 0x2223022e, 
0x1415010e, 0x2e231716, 0x36343501, 0x21352303, 0x23112315, 0x131acb03, 0x131a1a13, 0x0de41a13, 
0x43304732, 0x17401d5d, 0x2d353137, 0x7cf5fc0e, 0x3a92b3d5, 0xcfbe5561, 0x366e5271, 0x0d560d17, 
0x59799d12, 0x51671101, 0x1a125403, 0x1a13121a, 0x4b3e281a, 0x16585221, 0x3e454042, 0x3d664c2a, 
0x18305d44, 0x2f1c2934, 0x22331811, 0xa7fe5953, 0xd9fd4747, 0x00000400, 0xe4040000, 0x0b008003, 
0x33001a00, 0x00003b00, 0x33363401, 0x14151632, 0x26222306, 0x23020e37, 0x37272622, 0x3233011e, 
0x32213736, 0x2317021e, 0x2223032e, 0x1415010e, 0x2e231716, 0x36343501, 0x21352303, 0x23112315, 
0x131a0004, 0x131a1a13, 0x0de41a13, 0x43304732, 0x17401d5d, 0x2d353137, 0x84ccfc0e, 0x3c9abce2, 
0x9e934363, 0x74575aa9, 0x560e1639, 0x7fa3120d, 0x67110159, 0x12540351, 0x13121a1a, 0x3e281a1a, 
0x5852214b, 0x45404216, 0x674c2a3e, 0x354e333c, 0x2a34181b, 0x18112e1c, 0x58532333, 0x4747a7fe, 
0x0000d9fd, 0x24ff0300, 0x6e010000, 0x0b008003, 0x39001a00, 0x34130000, 0x16323336, 0x23061415, 
0x0e372622, 0x26222302, 0x011e3727, 0x37363233, 0x35012e01, 0x32333634, 0x3317021e, 0x23112315, 
0x33352311, 0x2223022e, 0x16141506, 0x131a8a17, 0x131a1a13, 0x0de41a13, 0x43304732, 0x17401d5d, 
0x2d353137, 0x111dfe0e, 0x2d4b5412, 0x132a3442, 0x5951676e, 0x32271257, 0x142a2825, 0x1254030e, 
0x13121a1a, 0x3e281a1a, 0x5852214b, 0x45404216, 0x23e7fe3e, 0x53412240, 0x48684220, 0x02d9fd47, 
0x59464727, 0x222b312c, 0x00001d37, 0xeffe0300, 0x5b010000, 0x0b008003, 0x39001a00, 0x34130000, 
0x16323336, 0x23061415, 0x0e372622, 0x26222302, 0x011e3727, 0x37363233, 0x33352303, 0x2223022e, 
0x16141506, 0x012e2317, 0x33363435, 0x17021e32, 0x11231533, 0x131a7723, 0x131a1a13, 0x0de41a13, 
0x43304732, 0x17401d5d, 0x2d353137, 0x5659be0e, 0x293f3619, 0x0d14312e, 0x5a111150, 0x404e314f, 
0x676d1835, 0x12540351, 0x13121a1a, 0x3e281a1a, 0x5852214b, 0x45404216, 0x47a7fe3e, 0x342b5a46, 
0x1a37212c, 0x44223e20, 0x67432155, 0xd9fd4747, 0xb8fe0300, 0x5b010000, 0x0b008003, 0x39001a00, 
0x34130000, 0x16323336, 0x23061415, 0x0e372622, 0x26222302, 0x011e3727, 0x37363233, 0x33352303, 
0x2223022e, 0x16141506, 0x012e2317, 0x33363435, 0x17021e32, 0x11231533, 0x131a7723, 0x131a1a13, 
0x0de41a13, 0x43304732, 0x17401d5d, 0x2d353137, 0x5559be0e, 0x2e4d4420, 0x0d153934, 0x60111052, 
0x4b5a3655, 0x676d1c40, 0x12540351, 0x13121a1a, 0x3e281a1a, 0x5852214b, 0x45404216, 0x47a7fe3e, 
0x362c5a45, 0x1835212e, 0x47213c1e, 0x66452257, 0xd9fd4745, 0x4afe0300, 0x5b010000, 0x0b008003, 
0x38001a00, 0x34130000, 0x16323336, 0x23061415, 0x0e372622, 0x26222302, 0x011e3727, 0x37363233, 
0x33352303, 0x2223012e, 0x16141506, 0x012e2317, 0x33363435, 0x17021e32, 0x11231533, 0x131a7723, 
0x131a1a13, 0x0de41a13, 0x43304732, 0x17401d5d, 0x2d353137, 0x5159be0e, 0x40549543, 0x540d164a, 
0x5e6e120e, 0x55627242, 0x51676c24, 0x1a125403, 0x1a13121a, 0x4b3e281a, 0x16585221, 0x3e454042, 
0x6547a7fe, 0x21323965, 0x371a1431, 0x255c4c20, 0x47416547, 0x0000d9fd, 0xfbfe0400, 0xf7006702, 
0x03008003, 0x23001700, 0x00003300, 0x15333501, 0x35012e33, 0x32333634, 0x2e071716, 0x06222301, 
0x17161415, 0x35262237, 0x32333634, 0x06141516, 0x012e2207, 0x011e3727, 0x013e3233, 0x010e1737, 
0x6451fbfe, 0x4254201f, 0x1613301e, 0x29102211, 0x651f2325, 0x13161613, 0x12141513, 0x0e2a3721, 
0x212a0e38, 0x06151f16, 0x02470f3c, 0x24bebe67, 0x4343244b, 0x0a42090b, 0x1f202c07, 0x166f2742, 
0x16161010, 0x52161010, 0x112d381a, 0x2b122b2e, 0x3a4c1224, 0xfeffffff, 0xfa010000, 0x26128003, 
0x00007701, 0x95040710, 0x00000301, 0xf1fd0400, 0x91006702, 0x0f008003, 0x30002400, 0x00004000, 
0x23020e03, 0x27012e22, 0x33011e37, 0x13373632, 0x3435012e, 0x3233013e, 0x2e071716, 0x06222301, 
0x17161415, 0x35262237, 0x32333634, 0x06141516, 0x012e2207, 0x011e3727, 0x013e3233, 0x010e1737, 
0x47320c97, 0x38482e2e, 0x39174617, 0x0e2f312d, 0x26201f28, 0x301e2c44, 0x22111613, 0x23252910, 
0x1612641f, 0x15141216, 0x38211115, 0x0e380e29, 0x1f16212a, 0x0f3d0614, 0x3d5f0347, 0x51272852, 
0x4446183f, 0xeefe4349, 0x2d244b24, 0x090b1e3b, 0x2c070a42, 0x27421f20, 0x1010166f, 0x10101616, 
0x381a5216, 0x2b2e112d, 0x12242b12, 0x00003a4c, 0x25fe0400, 0xa9006702, 0x18008003, 0x35002900, 
0x00004500, 0x23022e03, 0x22230622, 0x3727012e, 0x3233021e, 0x1e323336, 0x34271702, 0x16323336, 
0x012e0717, 0x15062223, 0x37171614, 0x34352622, 0x16323336, 0x07061415, 0x27012e22, 0x33011e37, 
0x37013e32, 0xaa010e17, 0x1922180b, 0x230d1a0d, 0x42142f39, 0x1c23170b, 0x1c12200e, 0x0d1f252d, 
0x1f42537e, 0x1116132f, 0x26281022, 0x13a20203, 0x13131616, 0x21111415, 0x370e2938, 0x17202b0e, 
0x3c06151e, 0x6702470f, 0x02163630, 0x17373b16, 0x0413281d, 0x384c2d14, 0x0b434393, 0x070a4209, 
0x1107202c, 0x10160708, 0x10161610, 0x1a521610, 0x2e112d38, 0x242b122b, 0x003a4c12, 0x67fe0400, 
0xad006702, 0x13008003, 0x34002800, 0x00004400, 0x23022e03, 0x27070622, 0x3233013e, 0x011f011e, 
0x2717011e, 0x3435012e, 0x3233013e, 0x2e071716, 0x06222301, 0x17161415, 0x35262237, 0x32333634, 
0x06141516, 0x012e2207, 0x011e3727, 0x013e3233, 0x010e1737, 0x322915a9, 0x0e221622, 0x1c2a1518, 
0x14283223, 0x0e1e1112, 0x2006045b, 0x2f1f263a, 0x22111613, 0x03242811, 0x16139f04, 0x15131316, 
0x38211114, 0x0e370e29, 0x1e17202b, 0x0f3c0615, 0x4f670247, 0x0509265b, 0x11060849, 0x1f152227, 
0x0f573754, 0x3b2d0e1f, 0x42090b1e, 0x232d070a, 0x180b170b, 0x16101016, 0x16101016, 0x2d381a52, 
0x122b2e11, 0x4c12242b, 0x0000003a, 0x54fe0400, 0xad006702, 0x22008003, 0x3f003300, 0x00004f00, 
0x011e3201, 0x011e011f, 0x022e2317, 0x07062223, 0x33013e27, 0x37171632, 0x2223022e, 0x3e270706, 
0x16322101, 0x012e0717, 0x15062223, 0x27171614, 0x22173634, 0x36343526, 0x15163233, 0x22070614, 
0x3727012e, 0x3233011e, 0x1737013e, 0xc2fe010e, 0x112b3421, 0x0e1f1111, 0x2b2d1b55, 0x142a141a, 
0x1d32171a, 0x0418462d, 0x1f2c2614, 0x170e2018, 0x17012a15, 0x16132f1f, 0x27112211, 0x40040325, 
0x16139b44, 0x15131316, 0x38211114, 0x0e370e29, 0x1e17202b, 0x0f3c0615, 0x12800347, 0x1f122228, 
0x25283755, 0x45090c0b, 0x262b0c0a, 0x18393402, 0x08450608, 0x42090b06, 0x232d070a, 0x3d0b170b, 
0x16aa4243, 0x16161010, 0x52161010, 0x112d381a, 0x2b122b2e, 0x3a4c1224, 0xf4feffff, 0x94010000, 
0x26128003, 0x00007701, 0x97040710, 0x00000301, 0x28ffffff, 0xac010000, 0x26128003, 0x00007701, 
0x98040710, 0x00000301, 0x6affffff, 0xb0010000, 0x26128003, 0x00007701, 0x99040710, 0x00000301, 
0x57ffffff, 0xb0010000, 0x26128003, 0x00007701, 0x9a040710, 0x00000301, 0xdbfeffff, 0xbf010000, 
0x26128003, 0x00007701, 0xc9040710, 0x00000301, 0x00000500, 0x7f050000, 0x18008003, 0x34002000, 
0x50004400, 0x32010000, 0x07171604, 0x23032e23, 0x15010e22, 0x23171614, 0x3435012e, 0x35230336, 
0x11231521, 0x16320123, 0x012e0717, 0x15062223, 0x23171614, 0x3435012e, 0x2e221736, 0x1e372701, 
0x3e323301, 0x0e173701, 0x26222701, 0x33363435, 0x14151632, 0xa7780106, 0x54dc1301, 0x9b47230b, 
0x5d60b3a7, 0x0e163c79, 0xa9120d56, 0x11015985, 0x36045167, 0x16132f1f, 0x28102211, 0x541f2426, 
0xa6531f1f, 0x0d2a3821, 0x202b0e37, 0x06151e17, 0x39470f3c, 0x13161613, 0x03141513, 0x44683c80, 
0x354e3231, 0x2b34181c, 0x18112e1b, 0x58532333, 0x4747a7fe, 0x8003d9fd, 0x0a42090b, 0x1f202c07, 
0x4b242742, 0xfc434324, 0x112d381a, 0x2b122b2e, 0x3a4c1224, 0x10101652, 0x10101616, 0x00000016, 
0x00000500, 0x34030000, 0x1a008003, 0x37002200, 0x53004700, 0x32130000, 0x011e1716, 0x17011e17, 
0x23012e23, 0x14150622, 0x2e231716, 0x3e343501, 0x35230301, 0x11231521, 0x16320123, 0x012e0717, 
0x15062223, 0x23171614, 0x3e35022e, 0x2e221701, 0x1e372701, 0x3e323301, 0x0e173701, 0x26222701, 
0x33363435, 0x14151632, 0x774cee06, 0x04060431, 0x50112614, 0x37497435, 0x520d153c, 0x532d1110, 
0x1101595c, 0xeb015167, 0x16132f1f, 0x28102211, 0x24151a26, 0x01192815, 0x3821a252, 0x0e370e29, 
0x1e17202b, 0x083c0615, 0x16133c4b, 0x15131316, 0x3f800314, 0x050a043e, 0x6b28451c, 0x212f3767, 
0x3a1d1734, 0x28493021, 0x4747a7fe, 0x8003d9fd, 0x0a42090b, 0x1b202c07, 0x31182944, 0x41451832, 
0x2d381afc, 0x122b2e11, 0x4c12242b, 0x1016523a, 0x10161610, 0x00001610, 0x00000500, 0x65030000, 
0x18008003, 0x34002000, 0x50004400, 0x32130000, 0x1e17011e, 0x2e231701, 0x06222301, 0x17161415, 
0x35012e23, 0x03013e34, 0x15213523, 0x01231123, 0x07171632, 0x2223012e, 0x16141506, 0x012e2317, 
0x17013e35, 0x27012e22, 0x33011e37, 0x37013e32, 0x27010e17, 0x34352622, 0x16323336, 0xf9061415, 
0x285e6e42, 0x33081008, 0x3c50893d, 0x530d1644, 0x58301110, 0x11015964, 0x1c025167, 0x1613301e, 
0x28102211, 0x381f2326, 0x5401391f, 0x2a3821a3, 0x2b0e380e, 0x151f1620, 0x470f3c06, 0x16161339, 
0x14151313, 0x4f288003, 0x1a351a39, 0x3039686a, 0x1b163221, 0x4a322039, 0x47a7fe29, 0x03d9fd47, 
0x42090b80, 0x202c070a, 0x2427421f, 0x4145244b, 0x2d381afc, 0x122b2e11, 0x4c12242b, 0x1016523a, 
0x10161610, 0x00001610, 0x00000500, 0xb5030000, 0x17008003, 0x34001f00, 0x50004400, 0x32010000, 
0x011f011e, 0x23022e23, 0x14150622, 0x2e231716, 0x3e343501, 0x35230301, 0x11231521, 0x16320123, 
0x012e0717, 0x15062223, 0x23171614, 0x3435012e, 0x2217013e, 0x3727012e, 0x3233011e, 0x1737013e, 
0x2227010e, 0x36343526, 0x15163233, 0x0a010614, 0x3174854d, 0x6d333621, 0x4f463d74, 0x0d560d17, 
0x71603512, 0x67110159, 0x1f6c0251, 0x1116132f, 0x26281022, 0x1f511f24, 0x90422520, 0x0d2a3821, 
0x202b0e37, 0x06151e17, 0x39470f3c, 0x13161613, 0x03141513, 0x3c572e80, 0x2f5c4658, 0x3021333b, 
0x20351812, 0xfe2b4d34, 0xfd4747a7, 0x0b8003d9, 0x070a4209, 0x421f202c, 0x244b2427, 0xfc1e3b2d, 
0x112d381a, 0x2b122b2e, 0x3a4c1224, 0x10101652, 0x10101616, 0x00000016, 0x00000500, 0xe8030000, 
0x16008003, 0x33001e00, 0x4f004300, 0x32010000, 0x011f011e, 0x23012e23, 0x14150622, 0x2e231716, 
0x3e343501, 0x35230301, 0x11231521, 0x16320123, 0x012e0717, 0x15062223, 0x23171614, 0x3435012e, 
0x2217013e, 0x3727012e, 0x3233011e, 0x1737013e, 0x2227010e, 0x36343526, 0x15163233, 0x15010614, 
0x347e9154, 0xbd54382b, 0x17564d65, 0x120d560d, 0x59786537, 0x51671101, 0x2f1f9e02, 0x23101613, 
0x24262810, 0x1d1f541f, 0x21904225, 0x380e2938, 0x17202a0e, 0x3d06151e, 0x13394710, 0x13131616, 
0x80031415, 0x5c3b542e, 0x353b6968, 0x18113020, 0x4d352034, 0x47a7fe2b, 0x03d9fd47, 0x42090b80, 
0x202c070a, 0x2427421f, 0x3b2d244b, 0x381afc1e, 0x2b2e112d, 0x12242b12, 0x16523a4c, 0x16161010, 
0x00161010, 0x00000500, 0x1b040000, 0x16008003, 0x33001e00, 0x4f004300, 0x32010000, 0x011f011e, 
0x23012e23, 0x14150622, 0x2e231716, 0x3e343501, 0x35230301, 0x11231521, 0x16320123, 0x012e0717, 
0x15062223, 0x23171614, 0x3435012e, 0x2217013e, 0x3727012e, 0x3233011e, 0x1737013e, 0x2227010e, 
0x36343526, 0x15163233, 0x22010614, 0x37859b59, 0xcf5b3939, 0x175c5571, 0x120d560d, 0x59816b3a, 
0x51671101, 0x301ed202, 0x23111613, 0x23252810, 0x201f531f, 0x218f4426, 0x380e2938, 0x16212a0e, 
0x3d06141f, 0x13394710, 0x14131515, 0x80031414, 0x6638502b, 0x363b6a67, 0x1811301f, 0x4d352134, 
0x47a7fe2a, 0x03d9fd47, 0x42090b80, 0x202c070a, 0x2427421f, 0x3b2d244b, 0x381afc1e, 0x2b2e112d, 
0x12242b12, 0x16523a4c, 0x16161010, 0x00161010, 0x00000500, 0x4e040000, 0x15008003, 0x32001d00, 
0x4e004200, 0x32010000, 0x011f011e, 0x23012e23, 0x14150622, 0x2e231716, 0x36343501, 0x21352303, 
0x23112315, 0x17163201, 0x23012e07, 0x14150622, 0x2e231716, 0x3e343501, 0x2e221701, 0x1e372701, 
0x3e323301, 0x0e173701, 0x26222701, 0x33363435, 0x14151632, 0x602e0106, 0x433a8ea6, 0x7ce1623b, 
0x0d17635c, 0x86120d56, 0x11015962, 0x04035167, 0x15132f1f, 0x28102311, 0x541f2325, 0x43261f1f, 
0x29382190, 0x2a0e380e, 0x151e1720, 0x47103d06, 0x16161339, 0x14151313, 0x4f2a8003, 0x6a676a36, 
0x2f1f383a, 0x22331811, 0xa7fe5c50, 0xd9fd4747, 0x090b8003, 0x2c070a42, 0x27421f20, 0x2d244b24, 
0x1afc1e3b, 0x2e112d38, 0x242b122b, 0x523a4c12, 0x16101016, 0x16101016, 0x00000500, 0x80040000, 
0x16008003, 0x33001e00, 0x4f004300, 0x32010000, 0x011f011e, 0x23022e23, 0x14150622, 0x2e231716, 
0x36343501, 0x21352303, 0x23112315, 0x17163201, 0x23012e07, 0x14150622, 0x2e231716, 0x3e343501, 
0x2e221701, 0x1e372701, 0x3e323301, 0x0e173701, 0x26222701, 0x33363435, 0x14151632, 0x6b3a0106, 
0x453f9ab7, 0xa89c4643, 0x1768645b, 0x120d560d, 0x0159688c, 0x03516711, 0x132f1f37, 0x10221116, 
0x1f242628, 0x261f1f54, 0x38219043, 0x0e370e29, 0x1e17202b, 0x0f3c0615, 0x16133947, 0x15131316, 
0x2d800314, 0x44613853, 0x393a305d, 0x18112f1e, 0x5c502233, 0x4747a7fe, 0x8003d9fd, 0x0a42090b, 
0x1f202c07, 0x4b242742, 0x1e3b2d24, 0x2d381afc, 0x122b2e11, 0x4c12242b, 0x1016523a, 0x10161610, 
0x00001610, 0x00000500, 0xb4040000, 0x17008003, 0x34001f00, 0x50004400, 0x32010000, 0x011f011e, 
0x23022e23, 0x15010e22, 0x23171614, 0x3435012e, 0x35230336, 0x11231521, 0x16320123, 0x012e0717, 
0x15062223, 0x23171614, 0x3435012e, 0x2217013e, 0x3727012e, 0x3233011e, 0x1737013e, 0x2227010e, 
0x36343526, 0x15163233, 0x47010614, 0x43a7c875, 0xa84b3e3a, 0x614862b5, 0x560d1731, 0x6e92120d, 
0x67110159, 0x1f6a0351, 0x11161330, 0x25281023, 0x1f541f23, 0x9043261f, 0x0e293821, 0x202a0e38, 
0x06151e17, 0x3947103d, 0x13151513, 0x03141513, 0x3a563080, 0x305d4459, 0x1d273419, 0x3318112f, 
0xfe5b5122, 0xfd4747a7, 0x0b8003d9, 0x070a4209, 0x421f202c, 0x244b2427, 0xfc1e3b2d, 0x112d381a, 
0x2b122b2e, 0x3a4c1224, 0x10101652, 0x10101616, 0x00000016, 0x00000500, 0xe6040000, 0x17008003, 
0x33001f00, 0x4f004300, 0x32010000, 0x011f011e, 0x23022e23, 0x15010e22, 0x23171614, 0x3435012e, 
0x35230336, 0x11231521, 0x16320123, 0x012e0717, 0x15062223, 0x23171614, 0x3435012e, 0x2e221736, 
0x1e372701, 0x3e323301, 0x0e173701, 0x26222701, 0x33363435, 0x14151632, 0x82530106, 0x3148b5da, 
0xc3b25041, 0x34674d69, 0x0d560d17, 0x59749812, 0x51671101, 0x301e9d03, 0x23111613, 0x23252810, 
0x201f531f, 0x3821a554, 0x0e380e29, 0x1f16212a, 0x103d0614, 0x15133a46, 0x14141315, 0x33800314, 
0x444d3d5c, 0x3319305d, 0x112f1d28, 0x52223318, 0x47a7fe5a, 0x03d9fd47, 0x42090b80, 0x202c070a, 
0x2427421f, 0x4343244b, 0x2d381afc, 0x122b2e11, 0x4c12242b, 0x1016523a, 0x10161610, 0x00001610, 
0x00000500, 0x19050000, 0x17008003, 0x33001f00, 0x4f004300, 0x32010000, 0x011f011e, 0x23022e23, 
0x15010e22, 0x23171614, 0x3435012e, 0x35230336, 0x11231521, 0x16320123, 0x012e0717, 0x15062223, 
0x23171614, 0x3435012e, 0x2e221736, 0x1e372701, 0x3e323301, 0x0e173701, 0x26222701, 0x33363435, 
0x14151632, 0x8d600106, 0x2b4cc1ed, 0xcfbe5543, 0x366e5271, 0x0d560d17, 0x59799d12, 0x51671101, 
0x301fcf03, 0x23111613, 0x23252810, 0x201f531f, 0x3821a554, 0x0e380e29, 0x1e16212a, 0x103d0615, 
0x15133947, 0x14141315, 0x36800314, 0x44453f5f, 0x3418305d, 0x112f1c29, 0x53223318, 0x47a7fe59, 
0x03d9fd47, 0x42090b80, 0x202c070a, 0x2427421f, 0x4343244b, 0x2d381afc, 0x122b2e11, 0x4c12242b, 
0x1016523a, 0x10161610, 0x00001610, 0x00000500, 0x4b050000, 0x18008003, 0x34002000, 0x50004400, 
0x32010000, 0x011f011e, 0x23032e23, 0x15010e22, 0x23171614, 0x3435012e, 0x35230336, 0x11231521, 
0x16320123, 0x012e0717, 0x15062223, 0x23171614, 0x3435012e, 0x2e221736, 0x1e372701, 0x3e323301, 
0x0e173701, 0x26222701, 0x33363435, 0x14151632, 0x916c0106, 0x364fc7f3, 0x9e93433b, 0x74575aa9, 
0x560e1639, 0x7fa3120d, 0x67110159, 0x1f020451, 0x1116132f, 0x26281022, 0x1f541f24, 0x21a6531f, 
0x370e2938, 0x17202a0f, 0x3c06151e, 0x1339470f, 0x13131616, 0x80031415, 0x523b5a32, 0x1b354e33, 
0x1c2a3418, 0x3318112e, 0xfe585323, 0xfd4747a7, 0x0b8003d9, 0x070a4209, 0x421f202c, 0x244b2427, 
0x1afc4343, 0x2e112d38, 0x242b122b, 0x523a4c12, 0x16101016, 0x16101016, 0x24ff0400, 0xb2010000, 
0x20008003, 0x42003200, 0x00004e00, 0x33352313, 0x2223022e, 0x16141506, 0x012e2317, 0x33363435, 
0x011f1632, 0x3317011e, 0x23112315, 0x17163213, 0x23012e07, 0x14150622, 0x012f1716, 0x22173634, 
0x3727012e, 0x3233011e, 0x1737013e, 0x2227010e, 0x36343526, 0x15163233, 0x59590614, 0x32261153, 
0x142a2823, 0x1211500e, 0x43324b54, 0x20130c1a, 0x5167720e, 0x132e2069, 0x11221016, 0x03042728, 
0xa24c1932, 0x0e2a3721, 0x212a0e38, 0x06151f16, 0x39470f3c, 0x13161613, 0x02141513, 0x5a454727, 
0x222b312c, 0x40231d37, 0x31534122, 0x55200f23, 0xd9fd473a, 0x090b8003, 0x2d080942, 0x0c180c23, 
0x43433b04, 0x2d381afc, 0x122b2e11, 0x4c12242b, 0x1016523a, 0x10161610, 0x00001610, 0xeefe0400, 
0xb1010000, 0x20008003, 0x42003200, 0x00004e00, 0x33352313, 0x2223022e, 0x16141506, 0x012e2317, 
0x33363435, 0x011f1632, 0x3317011e, 0x23112315, 0x17163213, 0x23012e07, 0x14150622, 0x012f1716, 
0x2217013e, 0x3727012e, 0x3233011e, 0x1737013e, 0x2227010e, 0x36343526, 0x15163233, 0x59590614, 
0x3f361956, 0x14322e29, 0x1111500d, 0x5a3c4f5b, 0x25140924, 0x51676d10, 0x152d1e69, 0x11211116, 
0x05062529, 0x4f02183d, 0x2a3721a2, 0x2b0e380e, 0x151f1620, 0x470f3c06, 0x16161339, 0x14151313, 
0x46472702, 0x2c342b5a, 0x201a3721, 0x5544223e, 0x1f0e3330, 0xfd473250, 0x0b8003d9, 0x08094209, 
0x1d0f232d, 0x4332170e, 0x381afc43, 0x2b2e112d, 0x12242b12, 0x16523a4c, 0x16161010, 0x00161010, 
0xb7fe0400, 0xb1010000, 0x22008003, 0x44003400, 0x00005000, 0x33352313, 0x2223022e, 0x16141506, 
0x012e2317, 0x33363435, 0x011f1632, 0x3317031e, 0x23112315, 0x17163213, 0x23012e07, 0x14150622, 
0x27231716, 0x2217013e, 0x3727012e, 0x3233011e, 0x1737013e, 0x2227010e, 0x36343526, 0x15163233, 
0x59590614, 0x4d442055, 0x153a342e, 0x1110520d, 0x6f495561, 0x0f0a0b2d, 0x78080e0d, 0x20685167, 
0x1116142d, 0x25291022, 0x314f191b, 0x21a54f01, 0x380e2a37, 0x16202b0e, 0x3c06151f, 0x1339470f, 
0x13131616, 0x27021415, 0x2c5a4547, 0x35212e36, 0x213c1e18, 0x3d3d5747, 0x22200e0f, 0xfd471425, 
0x0b8003d9, 0x08094209, 0x4022222c, 0x44429324, 0x2d381afc, 0x122b2e11, 0x4c12242b, 0x1016523a, 
0x10161610, 0x00001610, 0x49fe0400, 0xb1010000, 0x1f008003, 0x41003100, 0x00004d00, 0x33352313, 
0x2223012e, 0x16141506, 0x012e2317, 0x33363435, 0x17011e32, 0x3317011e, 0x23112315, 0x17163213, 
0x23012e07, 0x14150622, 0x27231716, 0x22173634, 0x3727012e, 0x3233011e, 0x1737013e, 0x2227010e, 
0x36343526, 0x15163233, 0x59590614, 0x54954351, 0x0d164b40, 0x6f120e54, 0x616f405e, 0x132b172a, 
0x6851676c, 0x1613301e, 0x29102211, 0x52191b25, 0x21a15630, 0x380e2a37, 0x16202b0e, 0x3c06151f, 
0x1339470f, 0x13131616, 0x27021415, 0x39656547, 0x14312132, 0x4c20371a, 0x3043245c, 0x47233d1b, 
0x8003d9fd, 0x0a42090b, 0x21232d07, 0x4393243f, 0x381afc43, 0x2b2e112d, 0x12242b12, 0x16523a4c, 
0x16161010, 0x00161010, 0x49fe0300, 0xf2fff4fe, 0x06008500, 0x31001c00, 0x37250000, 0x27071733, 
0x2e221707, 0x3e343501, 0x0e173701, 0x16141501, 0x37363233, 0x07010e17, 0x35012e22, 0x17373634, 
0x1415010e, 0x36323316, 0x010e1737, 0x4bc549fe, 0xb9583b6a, 0x324a24cf, 0x073a4f28, 0x262b2f3f, 
0x19222f20, 0x35024319, 0x0d112447, 0x290f144f, 0x22302028, 0x0c431918, 0x6d268279, 0x29136e7f, 
0x19261620, 0x16043202, 0x0a101210, 0x100a300b, 0x19291869, 0x140c190d, 0x120a0e09, 0x310b0b10, 
0x0000100a, 0x2cfe0300, 0x2b00f4fe, 0x06008500, 0x45001c00, 0x37250000, 0x27071733, 0x012e1707, 
0x15062223, 0x17011e14, 0x35012e07, 0x33013e34, 0x37171632, 0x15011e32, 0x22070614, 0x16141506, 
0x37363233, 0x23010e17, 0x34352622, 0x0737013e, 0x3435013e, 0x06222326, 0x013e2707, 0x4bc549fe, 
0xbd5c376a, 0x19291394, 0x3c1d221c, 0x5b492b2e, 0x261c3a27, 0x1a6a1d40, 0x0e112638, 0x171e3038, 
0x131b2918, 0x3b203514, 0x38472143, 0x200e0d3a, 0x15351b1a, 0x0c541846, 0x6b248279, 0x0c0b1679, 
0x1f111313, 0x282a1823, 0x241d2f46, 0x28141410, 0x141f230f, 0x0f161126, 0x09080c0f, 0x2d0d0831, 
0x18241623, 0x1b0a1c04, 0x1b11110f, 0x3c2f0f2e, 0x2cfe0400, 0x8d00f4fe, 0x06008500, 0x42002c00, 
0x00005700, 0x17333725, 0x05072707, 0x35012e22, 0x07373634, 0x2223012e, 0x3e270706, 0x1e323301, 
0x011c1501, 0x15010e15, 0x32331614, 0x0e173736, 0x16322501, 0x012e0717, 0x15062223, 0x17011e14, 
0x35012e07, 0x01013e34, 0x35012e22, 0x17373634, 0x1415010e, 0x36323316, 0x010e1737, 0x4bc549fe, 
0xbd5c376a, 0x3a208a01, 0x16352d24, 0x1b1a1f07, 0x18461535, 0x381a4a54, 0x20242926, 0x1b2a1716, 
0xfe351413, 0x1d40268c, 0x19291325, 0x3c1d221c, 0x5b492b2e, 0x97013a27, 0x031e3828, 0x01013e04, 
0x251b1621, 0x3514131a, 0x2482790c, 0x0f88796b, 0x25161820, 0x0f101c06, 0x2f0f2e1b, 0x1d24113c, 
0x01020402, 0x0a0b0b0f, 0x07310a09, 0x1414bc0d, 0x130c0b22, 0x231f1113, 0x46282a18, 0x10241d2f, 
0x2515effe, 0x0a0f0818, 0x05070216, 0x0b080e0f, 0x000d0830, 0xaafeffff, 0xffff8603, 0x2610db04, 
0x00310c02, 0x0c020710, 0x00007bff, 0x07feffff, 0xf6ffaa03, 0x2612db04, 0x00001602, 0x0d020710, 
0x0000dffe, 0xe7fdffff, 0x2e009003, 0x2612db04, 0x00001702, 0x0e020710, 0x0000bbfe, 0x63feffff, 
0xf4ff8603, 0x2610db04, 0x000b1a02, 0x0c020710, 0x000034ff, 0x4bfeffff, 0xf4ffa903, 0x2610db04, 
0x000b1a02, 0x0d020710, 0x000023ff, 0x57feffff, 0xf4ff9003, 0x2610db04, 0x000b1a02, 0x0e020710, 
0x00002bff, 0x20feffff, 0xf4ffa903, 0x2610db04, 0x000b1a02, 0x0f020710, 0x000006ff, 0x41feffff, 
0xf4ff8f03, 0x2610db04, 0x000b1a02, 0x10020710, 0x00002dff, 0x46feffff, 0xddffaa03, 0x2612db04, 
0x00001c02, 0x0d020710, 0x00001eff, 0xe4fdffff, 0x1e00aa03, 0x2610db04, 0x0022b901, 0x0d020710, 
0x0000bcfe, 0xc3fdffff, 0x1b00a903, 0x26104305, 0x00321a02, 0x1b020710, 0x000037ff, 0x0a00ffff, 
0x25013600, 0x2610f301, 0x000c3c01, 0xcb010710, 0x00001d01, 0x2400ffff, 0x95013600, 0x27104902, 
0xcd003c01, 0x06100000, 0x0000cd01, 0x2400ffff, 0x9501dfff, 0x2610f301, 0x0000ce01, 0x3c010710, 
0x0000cd00, 0xdeffffff, 0x9a012cff, 0x2710f301, 0xd2003c01, 0x06100000, 0x0000d101, 0x1f000100, 
0xb6015cff, 0x20005703, 0x2e010000, 0x06222301, 0x021e1415, 0x020e1415, 0x023e2707, 0x012e3435, 
0x013e3435, 0x17163233, 0x26137e01, 0x0d2a2518, 0x30130d10, 0x3b0e4256, 0x15151b42, 0x2c304525, 
0xe7021e45, 0x35311314, 0xa392833c, 0x4357335d, 0x014b0529, 0x6938512c, 0x365bc3ca, 0x201f274c, 
0x1c000300, 0xd302f4fe, 0x25007802, 0x46003100, 0x17010000, 0x0e27022e, 0x3e270701, 0x012e3701, 
0x013e3435, 0x15163233, 0x1e070614, 0x11071701, 0x15333523, 0x01231123, 0x3435013e, 0x06222326, 
0x01161415, 0x2223010e, 0x3435012e, 0x0e173736, 0x16141501, 0x37363233, 0x2f1b0e02, 0x2b2b6569, 
0x29302f5b, 0x2935254d, 0x42314726, 0x2c232d56, 0x400b3678, 0xfe5167f8, 0x282521ea, 0x222f1d22, 
0x43190902, 0x26483229, 0x3a075859, 0x201f3234, 0x1c01222f, 0x1f14052d, 0x1b391c13, 0x152b1444, 
0x23274826, 0x3b49233b, 0x111b452b, 0x0119061c, 0xfd47470a, 0x168901d9, 0x20221f36, 0x36182322, 
0x160d74fd, 0x382a4024, 0x07420553, 0x1f22212c, 0x0000120f, 0x0000ffff, 0x4e0248ff, 0x26128003, 
0x00004801, 0xc5040710, 0x00003302, 0x19fe0200, 0x1b006702, 0x0b008003, 0x00003d00, 0x33363403, 
0x14151632, 0x26222306, 0x23012e07, 0x22230622, 0x3727012e, 0x3233021e, 0x1e323336, 0x013e1701, 
0x2f263435, 0x35012e01, 0x3735013c, 0x14151406, 0x1e011f16, 0x06141501, 0x16215307, 0x17202017, 
0x106b2116, 0x1f0c162b, 0x30361f12, 0x1a0d4216, 0x200d1821, 0x25302011, 0x1b06070c, 0x2e370e20, 
0x24110146, 0x0e31291d, 0x18400308, 0x18182222, 0x2dc12222, 0x320f031a, 0x20201835, 0x3814030b, 
0x101d1135, 0x050a1f1d, 0x03353312, 0x02010306, 0x1b130507, 0x2c0f0b0c, 0x11311633, 0x19fe0300, 
0xb9006702, 0x0b008003, 0x4c001a00, 0x34030000, 0x16323336, 0x23061415, 0x0e372622, 0x26222302, 
0x011e3727, 0x37363233, 0x23012e01, 0x22230622, 0x3727012e, 0x3233021e, 0x1e323336, 0x013e1701, 
0x2f263435, 0x35012e01, 0x3735013c, 0x14151406, 0x1e011f16, 0x06141501, 0x131a2b07, 0x131a1a13, 
0x0de41a13, 0x43304732, 0x17401d5d, 0x2d353137, 0x10cdfe0e, 0x1f0c162b, 0x30361f12, 0x1a0d4216, 
0x200d1821, 0x25302011, 0x1b06070c, 0x2e370e20, 0x24110146, 0x0e31291d, 0x12540308, 0x13121a1a, 
0x3e281a1a, 0x5852214b, 0x45404216, 0x2de7fe3e, 0x320f031a, 0x20201835, 0x3814030b, 0x101d1135, 
0x050a1f1d, 0x03353312, 0x02010306, 0x1b130507, 0x2c0f0b0c, 0x11311633, 0xd8fd0300, 0x44006702, 
0x16008003, 0x41002c00, 0x2e030000, 0x06222301, 0x012e2223, 0x021e3727, 0x33363233, 0x17011e32, 
0x2f012e37, 0x35012e01, 0x013f013c, 0x14151406, 0x1e011f16, 0x2e071501, 0x3e343501, 0x16323301, 
0x012e0717, 0x15062223, 0xff171614, 0x0b172a11, 0x371f121f, 0x0d42162f, 0x0d18211a, 0x31201120, 
0x08170d25, 0x370e201f, 0x0146012f, 0x281d2312, 0x1c151932, 0x212c4628, 0x11161535, 0x2a281626, 
0x6702181b, 0x0f031a2d, 0x20183532, 0x15030b20, 0x1d44393c, 0x14050b21, 0x06033531, 0x07020103, 
0x0e191305, 0x332c0f0b, 0x244c2358, 0x0d1e3b2d, 0x0c09420b, 0x3f21232d, 0x00000024, 0xd8fd0400, 
0x44006702, 0x16008003, 0x41002c00, 0x00004d00, 0x23012e03, 0x22230622, 0x3727012e, 0x3233021e, 
0x1e323336, 0x2e371701, 0x2e012f01, 0x013c3501, 0x1406013f, 0x1f161415, 0x15011e01, 0x35012e07, 
0x33013e34, 0x07171632, 0x2223012e, 0x16141506, 0x36342717, 0x15163233, 0x22230614, 0x2a11ff26, 
0x121f0b17, 0x162f371f, 0x211a0d42, 0x11200d18, 0x0d253120, 0x201f0817, 0x012f370e, 0x23120146, 
0x1932281d, 0x46281c15, 0x1535212c, 0x16261116, 0x181b2a28, 0x14141e01, 0x14141e1e, 0x2d67021e, 
0x320f031a, 0x20201835, 0x3c15030b, 0x211d4439, 0x3114050b, 0x03060335, 0x05070201, 0x0b0e1913, 
0x58332c0f, 0x2d244c23, 0x0b0d1e3b, 0x2d0c0942, 0x243f2123, 0x1d1d156d, 0x1d1d1515, 0xd8fd0500, 
0xbc006702, 0x16008003, 0x40002c00, 0x5c005000, 0x2e030000, 0x06222301, 0x012e2223, 0x021e3727, 
0x33363233, 0x17011e32, 0x2f012e37, 0x35012e01, 0x013f013c, 0x14151406, 0x1e011f16, 0x2e071501, 
0x36343501, 0x17163233, 0x23012e07, 0x14150622, 0x22371716, 0x3727012e, 0x3233011e, 0x1737013e, 
0x2227010e, 0x36343526, 0x15163233, 0x11ff0614, 0x1f0b172a, 0x2f371f12, 0x1a0d4216, 0x200d1821, 
0x25312011, 0x1f08170d, 0x2f370e20, 0x12014601, 0x32281d23, 0x531f1f14, 0x132f1f42, 0x10221116, 
0x1f242628, 0x2a382167, 0x2b0e370d, 0x151e1720, 0x470f3c06, 0x16161339, 0x14151313, 0x1a2d6702, 
0x35320f03, 0x0b202018, 0x393c1503, 0x0b211d44, 0x35311405, 0x01030603, 0x13050702, 0x0f0b0e19, 
0x2458332c, 0x4343244b, 0x0a42090b, 0x1f202c07, 0x1a1d2742, 0x2e112d38, 0x242b122b, 0x523a4c12, 
0x16101016, 0x16101016, 0x00000200, 0xbd03f4ff, 0x2e006e02, 0x00005600, 0x010e1725, 0x012e2223, 
0x35013e27, 0x2e272634, 0x27012b01, 0x011e3233, 0x15011e17, 0x37070614, 0x3233011e, 0x11073736, 
0x15213521, 0x01231123, 0x15011e37, 0x07010e14, 0x17021e37, 0x27022e07, 0x3435012e, 0x16323336, 
0x013e2717, 0x27263435, 0x21352117, 0x1b040315, 0x30345021, 0x3a0e3f56, 0x0c070742, 0x05aa2625, 
0x233324b7, 0x3f13140c, 0x401a124a, 0x1950362a, 0x027afe1b, 0xfe51683f, 0x0d0b1c18, 0x0433502e, 
0x2b544b1e, 0x50683b36, 0x1e0d1617, 0x13302622, 0x0f34393e, 0xedfe2d0b, 0x138da801, 0x572b1f19, 
0x22270742, 0x0b06110b, 0x10094707, 0x172f130c, 0x2a144037, 0x1b35293f, 0x477d0130, 0x02d9fd47, 
0x36100f27, 0x364d3826, 0x4b230814, 0x31362249, 0x1f1f5864, 0x22131124, 0x13232b32, 0x391d2f43, 
0x47470e0b, 0x00000100, 0x19030000, 0x42006e02, 0x15010000, 0x06141521, 0x022e2223, 0x013e3435, 
0x011e3233, 0x0614011d, 0x022e2223, 0x023e3435, 0x021e3233, 0x07061415, 0x35013e27, 0x22232634, 
0x010f010e, 0x022e3435, 0x07062223, 0x35233527, 0xb3fd1903, 0x29131717, 0x59391623, 0x39705531, 
0x29131717, 0x39241623, 0x543c1e43, 0x14231835, 0x3e1a1347, 0x1b211650, 0x2d180a0c, 0x361f263f, 
0x027b0120, 0x19e0476e, 0x2a25171d, 0x12282113, 0x204c6c3a, 0x25171919, 0x1f19132a, 0x321c0711, 
0x5f352742, 0x451d271f, 0x053f322a, 0x23380609, 0x14293e29, 0x73310e0e, 0x00000047, 0x00000100, 
0xa10268ff, 0x5a006e02, 0x15010000, 0x06141521, 0x022e2223, 0x013e3435, 0x013e013f, 0x021e3233, 
0x07061415, 0x010e2223, 0x011e1415, 0x33361617, 0x34353632, 0x06222326, 0x17161415, 0x35022e07, 
0x32333634, 0x06141516, 0x012e2223, 0x013e3435, 0x0717013b, 0x3435013e, 0x2223012e, 0x35270706, 
0xa1023523, 0x17192ffe, 0x16242a13, 0x152d3214, 0x3b1b381c, 0x02274862, 0x6a3b5602, 0x2a3f2341, 
0x38081c08, 0x231c2348, 0x4714122c, 0x4a09120d, 0x73454a49, 0x41714965, 0x2958864b, 0x0205331c, 
0x28385530, 0x7f0d204d, 0xf2476e02, 0x26181d19, 0x1d15112a, 0x05020916, 0x51371b06, 0x13280d36, 
0x29393913, 0x01071d35, 0x1d272d01, 0x1c26281f, 0x180e1d2f, 0x33192c2a, 0x43324d4d, 0x405c3157, 
0x212a5845, 0x0f190b1a, 0x0f214536, 0x4784300e, 0x00000100, 0x3c030000, 0x41006e02, 0x15010000, 
0x35231123, 0x23010e17, 0x27012e22, 0x3435013e, 0x2223012e, 0x35270706, 0x15213523, 0x06141523, 
0x022e2223, 0x013e3435, 0x013e013f, 0x011e3233, 0x07061415, 0x33011e37, 0x07373632, 0x03352111, 
0x2451683c, 0x30345021, 0x3a0e3f56, 0x253e2742, 0x0d204d28, 0xc393017f, 0x2a131719, 0x32141624, 
0x381c152d, 0x3763411b, 0x1a124a3f, 0x50362a40, 0xfbfe2419, 0xfd476e02, 0x191389d9, 0x42572b1f, 
0x1a222707, 0x0e0f091b, 0x47478430, 0x181d19f2, 0x15112a26, 0x0209161d, 0x3b1b0605, 0x14403731, 
0x35293f2a, 0x8b013a1b, 0x00000047, 0x48000100, 0xc400f2ff, 0x0b007900, 0x34370000, 0x16323336, 
0x23061415, 0x24482622, 0x25251a19, 0x3624191a, 0x251e1e25, 0x00202024, 0x0c000200, 0x5b01d501, 
0x0a00ca02, 0x00001600, 0x07020e01, 0x37023e23, 0x020e0733, 0x033e2307, 0x5b013337, 0x10211c09, 
0x11130a42, 0x09b25e05, 0x4010211c, 0x0b0d0e07, 0xbf025e04, 0x24515223, 0x23555726, 0x5152230b, 
0x41401c24, 0x00001a3e, 0x0c000100, 0xa300d501, 0x0a00ca02, 0x3e130000, 0x0e333702, 0x0c230702, 
0x10211c09, 0x10140941, 0xe0015f05, 0x23525223, 0x23555726, 0x0c000100, 0xa300d501, 0x0b00ca02, 
0x0e130000, 0x3e230702, 0xa3333703, 0x10211c09, 0x0d0f0741, 0x025e040b, 0x515223bf, 0x41401c24, 
0x00001a3e, 0xbe000100, 0x36015802, 0x0c00f802, 0x0e010000, 0x35230702, 0x3337033e, 0x17043601, 
0x05300f1e, 0x0207090a, 0x12ef0257, 0x0c163936, 0x2729260e, 0x00000010, 0xb9000100, 0x3a015e02, 
0x0b00fe02, 0x0e010000, 0x35230702, 0x3337023e, 0x11083a01, 0x0557030e, 0x31122118, 0x3511f202, 
0x12091638, 0x00163936, 0x1e000000, 0x01006e01, 0x00000000, 0x51000000, 0x0100a400, 0x00000000, 
0x14000100, 0x01002001, 0x00000000, 0x07000200, 0x01004501, 0x00000000, 0x25000300, 0x01009901, 
0x00000000, 0x1c000400, 0x0100f901, 0x00000000, 0x0d000500, 0x01003202, 0x00000000, 0x1a000600, 
0x01007602, 0x00000000, 0x22000700, 0x0100d702, 0x00000000, 0x15000800, 0x01002603, 0x00000000, 
0x22000900, 0x01008203, 0x00000000, 0x21000a00, 0x0100e903, 0x00000000, 0x1f000b00, 0x01004b04, 
0x00000000, 0x1e000c00, 0x0100a904, 0x00000000, 0x91000d00, 0x0100ec05, 0x00000000, 0x1b000e00, 
0x0300b606, 0x09040100, 0xa2000000, 0x03000000, 0x09040100, 0x28000100, 0x0300f600, 0x09040100, 
0x0e000200, 0x03003501, 0x09040100, 0x4a000300, 0x03004d01, 0x09040100, 0x38000400, 0x0300bf01, 
0x09040100, 0x1a000500, 0x03001602, 0x09040100, 0x34000600, 0x03004002, 0x09040100, 0x44000700, 
0x03009102, 0x09040100, 0x2a000800, 0x0300fa02, 0x09040100, 0x44000900, 0x03003c03, 0x09040100, 
0x42000a00, 0x0300a503, 0x09040100, 0x3e000b00, 0x03000b04, 0x09040100, 0x3c000c00, 0x03006b04, 
0x09040100, 0x22010d00, 0x0300c804, 0x09040100, 0x36000e00, 0x43007e06, 0x70006f00, 0x72007900, 
0x67006900, 0x74006800, 0x32002000, 0x32003000, 0x20003200, 0x68005400, 0x20006500, 0x6f004e00, 
0x6f007400, 0x50002000, 0x6f007200, 0x65006a00, 0x74006300, 0x41002000, 0x74007500, 0x6f006800, 
0x73007200, 0x28002000, 0x74006800, 0x70007400, 0x3a007300, 0x2f002f00, 0x69006700, 0x68007400, 
0x62007500, 0x63002e00, 0x6d006f00, 0x6e002f00, 0x74006f00, 0x66006f00, 0x6e006f00, 0x73007400, 
0x64002f00, 0x76006500, 0x6e006100, 0x67006100, 0x72006100, 0x29006900, 0x6f430000, 0x69727970, 
0x20746867, 0x32323032, 0x65685420, 0x746f4e20, 0x7250206f, 0x63656a6f, 0x75412074, 0x726f6874, 
0x68282073, 0x73707474, 0x672f2f3a, 0x75687469, 0x6f632e62, 0x6f6e2f6d, 0x6f666f74, 0x2f73746e, 
0x61766564, 0x6167616e, 0x00296972, 0x6f004e00, 0x6f007400, 0x53002000, 0x6e006100, 0x20007300, 
0x65004400, 0x61007600, 0x61006e00, 0x61006700, 0x69007200, 0x6f4e0000, 0x53206f74, 0x20736e61, 
0x61766544, 0x6167616e, 0x00006972, 0x00650052, 0x00750067, 0x0061006c, 0x52000072, 0x6c756765, 
0x00007261, 0x002e0032, 0x00300030, 0x003b0034, 0x004f0047, 0x0047004f, 0x004e003b, 0x0074006f, 
0x0053006f, 0x006e0061, 0x00440073, 0x00760065, 0x006e0061, 0x00670061, 0x00720061, 0x002d0069, 
0x00650052, 0x00750067, 0x0061006c, 0x32000072, 0x3430302e, 0x4f4f473b, 0x6f4e3b47, 0x61536f74, 
0x6544736e, 0x616e6176, 0x69726167, 0x6765522d, 0x72616c75, 0x004e0000, 0x0074006f, 0x0020006f, 
0x00610053, 0x0073006e, 0x00440020, 0x00760065, 0x006e0061, 0x00670061, 0x00720061, 0x00200069, 
0x00650052, 0x00750067, 0x0061006c, 0x4e000072, 0x206f746f, 0x736e6153, 0x76654420, 0x67616e61, 
0x20697261, 0x75676552, 0x0072616c, 0x65005600, 0x73007200, 0x6f006900, 0x20006e00, 0x2e003200, 
0x30003000, 0x00003400, 0x73726556, 0x206e6f69, 0x30302e32, 0x4e000034, 0x74006f00, 0x53006f00, 
0x6e006100, 0x44007300, 0x76006500, 0x6e006100, 0x67006100, 0x72006100, 0x2d006900, 0x65005200, 
0x75006700, 0x61006c00, 0x00007200, 0x6f746f4e, 0x736e6153, 0x61766544, 0x6167616e, 0x522d6972, 
0x6c756765, 0x00007261, 0x006f004e, 0x006f0074, 0x00690020, 0x00200073, 0x00200061, 0x00720074, 
0x00640061, 0x006d0065, 0x00720061, 0x0020006b, 0x0066006f, 0x00470020, 0x006f006f, 0x006c0067, 
0x00200065, 0x006e0049, 0x002e0063, 0x746f4e00, 0x7369206f, 0x74206120, 0x65646172, 0x6b72616d, 
0x20666f20, 0x676f6f47, 0x4920656c, 0x002e636e, 0x6f004d00, 0x6f006e00, 0x79007400, 0x65007000, 
0x49002000, 0x61006d00, 0x69006700, 0x67006e00, 0x49002000, 0x63006e00, 0x00002e00, 0x6f6e6f4d, 
0x65707974, 0x616d4920, 0x676e6967, 0x636e4920, 0x4a00002e, 0x6c006500, 0x65006c00, 0x42002000, 
0x73006f00, 0x61006d00, 0x2d002000, 0x4d002000, 0x6e006f00, 0x74006f00, 0x70007900, 0x20006500, 
0x65004400, 0x69007300, 0x6e006700, 0x54002000, 0x61006500, 0x00006d00, 0x6c6c654a, 0x6f422065, 
0x20616d73, 0x6f4d202d, 0x79746f6e, 0x44206570, 0x67697365, 0x6554206e, 0x00006d61, 0x00650044, 
0x00690073, 0x006e0067, 0x00640065, 0x00620020, 0x00200079, 0x006f004d, 0x006f006e, 0x00790074, 
0x00650070, 0x00640020, 0x00730065, 0x00670069, 0x0020006e, 0x00650074, 0x006d0061, 0x4400002e, 
0x67697365, 0x2064656e, 0x4d207962, 0x746f6e6f, 0x20657079, 0x69736564, 0x74206e67, 0x2e6d6165, 
0x00680000, 0x00740074, 0x003a0070, 0x002f002f, 0x00770077, 0x002e0077, 0x006f0067, 0x0067006f, 
0x0065006c, 0x0063002e, 0x006d006f, 0x0067002f, 0x00740065, 0x006e002f, 0x0074006f, 0x002f006f, 
0x74746800, 0x2f2f3a70, 0x2e777777, 0x676f6f67, 0x632e656c, 0x672f6d6f, 0x6e2f7465, 0x2f6f746f, 
0x00680000, 0x00740074, 0x003a0070, 0x002f002f, 0x00770077, 0x002e0077, 0x006f006d, 0x006f006e, 
0x00790074, 0x00650070, 0x0063002e, 0x006d006f, 0x0073002f, 0x00750074, 0x00690064, 0x6800006f, 
0x3a707474, 0x77772f2f, 0x6f6d2e77, 0x79746f6e, 0x632e6570, 0x732f6d6f, 0x69647574, 0x5400006f, 
0x69006800, 0x20007300, 0x6f004600, 0x74006e00, 0x53002000, 0x66006f00, 0x77007400, 0x72006100, 
0x20006500, 0x73006900, 0x6c002000, 0x63006900, 0x6e006500, 0x65007300, 0x20006400, 0x6e007500, 
0x65006400, 0x20007200, 0x68007400, 0x20006500, 0x49005300, 0x20004c00, 0x70004f00, 0x6e006500, 
0x46002000, 0x6e006f00, 0x20007400, 0x69004c00, 0x65006300, 0x73006e00, 0x2c006500, 0x56002000, 
0x72006500, 0x69007300, 0x6e006f00, 0x31002000, 0x31002e00, 0x20002e00, 0x68005400, 0x73006900, 
0x6c002000, 0x63006900, 0x6e006500, 0x65007300, 0x69002000, 0x20007300, 0x76006100, 0x69006100, 
0x61006c00, 0x6c006200, 0x20006500, 0x69007700, 0x68007400, 0x61002000, 0x46002000, 0x51004100, 
0x61002000, 0x3a007400, 0x68002000, 0x74007400, 0x73007000, 0x2f003a00, 0x73002f00, 0x72006300, 
0x70006900, 0x73007400, 0x73002e00, 0x6c006900, 0x6f002e00, 0x67007200, 0x4f002f00, 0x4c004600, 
0x68540000, 0x46207369, 0x20746e6f, 0x74666f53, 0x65726177, 0x20736920, 0x6563696c, 0x6465736e, 
0x646e7520, 0x74207265, 0x53206568, 0x4f204c49, 0x206e6570, 0x746e6f46, 0x63694c20, 0x65736e65, 
0x6556202c, 0x6f697372, 0x2e31206e, 0x54202e31, 0x20736968, 0x6563696c, 0x2065736e, 0x61207369, 
0x6c696176, 0x656c6261, 0x74697720, 0x20612068, 0x20514146, 0x203a7461, 0x70747468, 0x2f2f3a73, 
0x69726373, 0x2e737470, 0x2e6c6973, 0x2f67726f, 0x004c464f, 0x74006800, 0x70007400, 0x3a007300, 
0x2f002f00, 0x63007300, 0x69007200, 0x74007000, 0x2e007300, 0x69007300, 0x2e006c00, 0x72006f00, 
0x2f006700, 0x46004f00, 0x00004c00, 0x70747468, 0x2f2f3a73, 0x69726373, 0x2e737470, 0x2e6c6973, 
0x2f67726f, 0x004c464f, 0x00000200, 0x00000000, 0x32009cff, 0x00000000, 0x00000000, 0x00000000, 
0x00000000, 0x00000000, 0x0000d404, 0x02000100, 0x03010201, 0x04010300, 0x06010501, 0x07010700, 
0x08010900, 0x0a010901, 0x0c010b01, 0x0e010d01, 0x10010f01, 0x12011101, 0x14011301, 0x16011501, 
0x18011701, 0x1a011901, 0x1c011b01, 0x1e011d01, 0x20011f01, 0x24002300, 0x26002500, 0x28002700, 
0x2a002900, 0x2c002b00, 0x2e002d00, 0x30002f00, 0x32003100, 0x34003300, 0x36003500, 0x38003700, 
0x3a003900, 0x3c003b00, 0x21013d00, 0x23012201, 0x25012401, 0x44004300, 0x46004500, 0x48004700, 
0x4a004900, 0x4c004b00, 0x4e004d00, 0x50004f00, 0x52005100, 0x54005300, 0x56005500, 0x58005700, 
0x5a005900, 0x5c005b00, 0x26015d00, 0x28012701, 0x2a012901, 0x8400a300, 0x96008500, 0x8e008600, 
0x9d008b00, 0x8a00a900, 0x83002b01, 0x88008d00, 0xde00c300, 0xaa009e00, 0xad00a200, 0xc700c900, 
0x6200ae00, 0x90006300, 0xcb006400, 0xc8006500, 0xcf00ca00, 0xcd00cc00, 0xe900ce00, 0xd3006600, 
0xd100d000, 0x6700af00, 0x91002c01, 0xd400d600, 0x6800d500, 0xed00eb00, 0x6a008900, 0x6b006900, 
0x6c006d00, 0xa0006e00, 0x71006f00, 0x72007000, 0x75007300, 0x76007400, 0xea007700, 0x7a007800, 
0x7b007900, 0x7c007d00, 0xa1002d01, 0x7e007f00, 0x81008000, 0xee00ec00, 0x2e01ba00, 0x30012f01, 
0x32013101, 0xfd003301, 0x3401fe00, 0xff003501, 0x36010001, 0x38013701, 0x39010101, 0x3b013a01, 
0x3d013c01, 0x3f013e01, 0xf8004001, 0x4101f900, 0x43014201, 0x45014401, 0x47014601, 0x49014801, 
0xfa004a01, 0x4b01d700, 0x4d014c01, 0x4f014e01, 0x51015001, 0x53015201, 0xe2005401, 0x5501e300, 
0x57015601, 0x59015801, 0x5b015a01, 0x5d015c01, 0x5f015e01, 0xb0006001, 0x6101b100, 0x63016201, 
0x65016401, 0x67016601, 0xfb006801, 0xe400fc00, 0x6901e500, 0x6b016a01, 0x6d016c01, 0x6f016e01, 
0x71017001, 0x73017201, 0x75017401, 0x77017601, 0xbb007801, 0x7a017901, 0x7c017b01, 0xe700e600, 
0x7e017d01, 0x80017f01, 0x82018101, 0xe100d800, 0xdb008301, 0xdd00dc00, 0xd900e000, 0x8401df00, 
0x86018501, 0x88018701, 0x8a018901, 0x8c018b01, 0x8e018d01, 0x90018f01, 0x92019101, 0x94019301, 
0x96019501, 0x98019701, 0x9a019901, 0x9c019b01, 0x9e019d01, 0xa0019f01, 0xa201a101, 0xa401a301, 
0xa601a501, 0xa801a701, 0xaa01a901, 0xac01ab01, 0xae01ad01, 0xb001af01, 0xb201b101, 0xb401b301, 
0xb601b501, 0xb801b701, 0xba01b901, 0xbc01bb01, 0xbe01bd01, 0xc001bf01, 0xc201c101, 0xc401c301, 
0xc601c501, 0xc801c701, 0xca01c901, 0xcc01cb01, 0xce01cd01, 0xd001cf01, 0xd201d101, 0xd401d301, 
0xd601d501, 0xd801d701, 0xda01d901, 0xdc01db01, 0xde01dd01, 0xe001df01, 0xe201e101, 0xe401e301, 
0xe601e501, 0xe801e701, 0xea01e901, 0xec01eb01, 0xee01ed01, 0xf001ef01, 0xf201f101, 0xf401f301, 
0xf601f501, 0xf801f701, 0xfa01f901, 0xfc01fb01, 0xfe01fd01, 0x0002ff01, 0x02020102, 0x04020302, 
0x06020502, 0x08020702, 0x0a020902, 0x0c020b02, 0x0e020d02, 0x10020f02, 0x12021102, 0x14021302, 
0x16021502, 0x18021702, 0x1a021902, 0x1c021b02, 0x1e021d02, 0x20021f02, 0x22022102, 0x24022302, 
0x26022502, 0x28022702, 0x2a022902, 0x2c022b02, 0x2e022d02, 0x30022f02, 0x32023102, 0x34023302, 
0x36023502, 0x38023702, 0x3a023902, 0x3c023b02, 0x3e023d02, 0x40023f02, 0x42024102, 0x44024302, 
0x46024502, 0x48024702, 0x4a024902, 0x4c024b02, 0x4d02c400, 0xc5004e02, 0x4f028700, 0xbf00be00, 
0x51025002, 0x8c005202, 0x54025302, 0x56025502, 0x58025702, 0x5a025902, 0x5c025b02, 0x5e025d02, 
0x60025f02, 0x62026102, 0x64026302, 0x66026502, 0x68026702, 0x6a026902, 0x6c026b02, 0x6e026d02, 
0x70026f02, 0x72027102, 0x74027302, 0x76027502, 0x78027702, 0x7a027902, 0x7c027b02, 0x7e027d02, 
0x80027f02, 0x82028102, 0x84028302, 0x86028502, 0x88028702, 0x8a028902, 0x8c028b02, 0x8e028d02, 
0x90028f02, 0x92029102, 0x94029302, 0x96029502, 0x98029702, 0x9a029902, 0x9c029b02, 0x9e029d02, 
0xa0029f02, 0xa202a102, 0xa402a302, 0xa602a502, 0xa802a702, 0xaa02a902, 0xac02ab02, 0xae02ad02, 
0xb002af02, 0xb202b102, 0xb402b302, 0xb602b502, 0xb802b702, 0xba02b902, 0xbc02bb02, 0xbe02bd02, 
0xc002bf02, 0xc202c102, 0xc402c302, 0xc602c502, 0xc802c702, 0xca02c902, 0xcc02cb02, 0xce02cd02, 
0xd002cf02, 0xd202d102, 0xd402d302, 0xd602d502, 0xd802d702, 0xda02d902, 0xdc02db02, 0xde02dd02, 
0xe002df02, 0xe202e102, 0xe402e302, 0xe602e502, 0xe802e702, 0xea02e902, 0xec02eb02, 0xee02ed02, 
0xf002ef02, 0xf202f102, 0xf402f302, 0xf602f502, 0xf802f702, 0xfa02f902, 0xfc02fb02, 0xfe02fd02, 
0x0003ff02, 0x02030103, 0x04030303, 0x06030503, 0x08030703, 0x0a030903, 0x0c030b03, 0x0e030d03, 
0x10030f03, 0x12031103, 0x14031303, 0x16031503, 0x18031703, 0x1a031903, 0x1c031b03, 0x1e031d03, 
0x20031f03, 0x22032103, 0x24032303, 0x26032503, 0x28032703, 0x2a032903, 0x2c032b03, 0x2e032d03, 
0x30032f03, 0x32033103, 0x34033303, 0x36033503, 0x38033703, 0x3a033903, 0x3c033b03, 0x3e033d03, 
0x40033f03, 0x42034103, 0x44034303, 0x46034503, 0x48034703, 0x4a034903, 0x4c034b03, 0x4e034d03, 
0x50034f03, 0x52035103, 0x54035303, 0x56035503, 0x58035703, 0x5a035903, 0x5c035b03, 0x5e035d03, 
0x60035f03, 0x62036103, 0x64036303, 0x66036503, 0x68036703, 0x6a036903, 0x6c036b03, 0x6e036d03, 
0x70036f03, 0x72037103, 0x74037303, 0x76037503, 0x78037703, 0x7a037903, 0x7c037b03, 0x7e037d03, 
0x80037f03, 0x82038103, 0x84038303, 0x86038503, 0x88038703, 0x8a038903, 0x8c038b03, 0x8e038d03, 
0x90038f03, 0x92039103, 0x94039303, 0x96039503, 0x98039703, 0x9a039903, 0x9c039b03, 0x9e039d03, 
0xa0039f03, 0xa203a103, 0xa403a303, 0xa603a503, 0xa803a703, 0xaa03a903, 0xac03ab03, 0xae03ad03, 
0xb003af03, 0xb203b103, 0xb403b303, 0xb603b503, 0xb803b703, 0xba03b903, 0xbc03bb03, 0xbe03bd03, 
0xc003bf03, 0xc203c103, 0xc403c303, 0xc603c503, 0xc803c703, 0xca03c903, 0xcc03cb03, 0xce03cd03, 
0xd003cf03, 0xd203d103, 0xd403d303, 0xd603d503, 0xd803d703, 0xda03d903, 0xdc03db03, 0xde03dd03, 
0xe003df03, 0xe203e103, 0xe403e303, 0xe603e503, 0xe803e703, 0xea03e903, 0xec03eb03, 0xee03ed03, 
0xf003ef03, 0xf203f103, 0xf403f303, 0xf603f503, 0xf803f703, 0xfa03f903, 0xfc03fb03, 0xfe03fd03, 
0x0004ff03, 0x02040104, 0x04040304, 0x06040504, 0x08040704, 0x0a040904, 0x0c040b04, 0x0e040d04, 
0x10040f04, 0x12041104, 0x14041304, 0x16041504, 0x18041704, 0x1a041904, 0x1c041b04, 0x1e041d04, 
0x20041f04, 0x22042104, 0x24042304, 0x26042504, 0x28042704, 0x2a042904, 0x2c042b04, 0x2e042d04, 
0x30042f04, 0x32043104, 0x34043304, 0x36043504, 0x38043704, 0x3a043904, 0x3c043b04, 0x3e043d04, 
0x40043f04, 0x42044104, 0x44044304, 0x46044504, 0x48044704, 0x4a044904, 0x4c044b04, 0x4e044d04, 
0x50044f04, 0x52045104, 0x54045304, 0x56045504, 0x58045704, 0x5a045904, 0x5c045b04, 0x5e045d04, 
0x60045f04, 0x62046104, 0x64046304, 0x66046504, 0x68046704, 0x6a046904, 0x6c046b04, 0x6e046d04, 
0x70046f04, 0x72047104, 0x74047304, 0x76047504, 0x78047704, 0x7a047904, 0x7c047b04, 0x7e047d04, 
0x80047f04, 0x82048104, 0x84048304, 0x86048504, 0x88048704, 0x8a048904, 0x8c048b04, 0x8e048d04, 
0x90048f04, 0x92049104, 0x94049304, 0x96049504, 0x98049704, 0x9a049904, 0x9c049b04, 0x9e049d04, 
0xa0049f04, 0xa204a104, 0xa404a304, 0xa604a504, 0xa804a704, 0xaa04a904, 0xac04ab04, 0xae04ad04, 
0xb004af04, 0xb204b104, 0xb404b304, 0xb604b504, 0xb804b704, 0xba04b904, 0xbc04bb04, 0xbe04bd04, 
0xc004bf04, 0xc204c104, 0xc404c304, 0xc604c504, 0xc804c704, 0xca04c904, 0xcc04cb04, 0xce04cd04, 
0xd004cf04, 0xd204d104, 0xd404d304, 0xd604d504, 0xd804d704, 0xda04d904, 0xdc04db04, 0xde04dd04, 
0xe004df04, 0xe204e104, 0xe404e304, 0xe604e504, 0xe804e704, 0xea04e904, 0xec04eb04, 0xee04ed04, 
0xf004ef04, 0xf204f104, 0xf404f304, 0xf604f504, 0xf804f704, 0xfa04f904, 0xfc04fb04, 0xfe04fd04, 
0x0005ff04, 0x02050105, 0x04050305, 0x06050505, 0x08050705, 0x0a050905, 0x0c050b05, 0x0e050d05, 
0x10050f05, 0x12051105, 0x14051305, 0x16051505, 0x18051705, 0x1a051905, 0x1c051b05, 0x1e051d05, 
0x20051f05, 0x11002105, 0xb600b500, 0x2205b700, 0x6e042305, 0x026c6c75, 0x650b5243, 0x616c6378, 
0x65642e6d, 0x710d6176, 0x65746f75, 0x2e6c6264, 0x61766564, 0x6d756e0f, 0x73726562, 0x2e6e6769, 
0x61766564, 0x7265700c, 0x746e6563, 0x7665642e, 0x75711061, 0x7365746f, 0x6c676e69, 0x65642e65, 
0x700e6176, 0x6e657261, 0x7466656c, 0x7665642e, 0x61700f61, 0x726e6572, 0x74686769, 0x7665642e, 
0x73610d61, 0x69726574, 0x642e6b73, 0x09617665, 0x73756c70, 0x7665642e, 0x6f630a61, 0x2e616d6d, 
0x61766564, 0x7079680b, 0x2e6e6568, 0x61766564, 0x7265700b, 0x2e646f69, 0x61766564, 0x616c730a, 
0x642e6873, 0x09617665, 0x6f72657a, 0x7665642e, 0x6e6f0861, 0x65642e65, 0x74086176, 0x642e6f77, 
0x0a617665, 0x65726874, 0x65642e65, 0x66096176, 0x2e72756f, 0x61766564, 0x76696609, 0x65642e65, 
0x73086176, 0x642e7869, 0x0a617665, 0x65766573, 0x65642e6e, 0x650a6176, 0x74686769, 0x7665642e, 
0x696e0961, 0x642e656e, 0x0a617665, 0x6f6c6f63, 0x65642e6e, 0x730e6176, 0x63696d65, 0x6e6f6c6f, 
0x7665642e, 0x656c0961, 0x642e7373, 0x0a617665, 0x61757165, 0x65642e6c, 0x670c6176, 0x74616572, 
0x642e7265, 0x0d617665, 0x73657571, 0x6e6f6974, 0x7665642e, 0x72621061, 0x656b6361, 0x66656c74, 
0x65642e74, 0x620e6176, 0x736b6361, 0x6873616c, 0x7665642e, 0x72621161, 0x656b6361, 0x67697274, 
0x642e7468, 0x10617665, 0x69637361, 0x72696369, 0x2e6d7563, 0x61766564, 0x646e750f, 0x63737265, 
0x2e65726f, 0x61766564, 0x6172620e, 0x656c6563, 0x642e7466, 0x08617665, 0x2e726162, 0x61766564, 
0x6172620f, 0x69726563, 0x2e746867, 0x61766564, 0x6373610f, 0x69746969, 0x2e65646c, 0x61766564, 
0x696e7507, 0x30413030, 0x65766f09, 0x6f637372, 0x6d0d6572, 0x69746c75, 0x2e796c70, 0x61766564, 
0x7669640b, 0x2e656469, 0x61766564, 0x616d4107, 0x6e6f7263, 0x616d6107, 0x6e6f7263, 0x72624106, 
0x06657665, 0x65726261, 0x41076576, 0x6e6f676f, 0x61076b65, 0x6e6f676f, 0x430a6b65, 0x61746f64, 
0x6e656363, 0x64630a74, 0x6361746f, 0x746e6563, 0x61634406, 0x066e6f72, 0x72616364, 0x44066e6f, 
0x616f7263, 0x6d450774, 0x6f726361, 0x6d65076e, 0x6f726361, 0x64450a6e, 0x6361746f, 0x746e6563, 
0x6f64650a, 0x63636174, 0x07746e65, 0x6f676f45, 0x076b656e, 0x6f676f65, 0x066b656e, 0x72616345, 
0x65066e6f, 0x6f726163, 0x64470a6e, 0x6361746f, 0x746e6563, 0x6f64670a, 0x63636174, 0x07746e65, 
0x30696e75, 0x07323231, 0x30696e75, 0x04333231, 0x72616248, 0x61626804, 0x6d490772, 0x6f726361, 
0x6d69076e, 0x6f726361, 0x6f49076e, 0x656e6f67, 0x6f69076b, 0x656e6f67, 0x4a49026b, 0x076a6902, 
0x30696e75, 0x07363331, 0x30696e75, 0x06373331, 0x7563614c, 0x6c066574, 0x74756361, 0x6e750765, 
0x33313069, 0x6e750742, 0x33313069, 0x634c0643, 0x6e6f7261, 0x61636c06, 0x066e6f72, 0x7563614e, 
0x6e066574, 0x74756361, 0x6e750765, 0x34313069, 0x6e750735, 0x34313069, 0x634e0636, 0x6e6f7261, 
0x61636e06, 0x036e6f72, 0x03676e45, 0x07676e65, 0x63616d4f, 0x076e6f72, 0x63616d6f, 0x0d6e6f72, 
0x6e75684f, 0x75726167, 0x75616c6d, 0x686f0d74, 0x61676e75, 0x6c6d7572, 0x06747561, 0x75636152, 
0x72066574, 0x74756361, 0x6e750765, 0x35313069, 0x6e750736, 0x35313069, 0x63520637, 0x6e6f7261, 
0x61637206, 0x066e6f72, 0x75636153, 0x73066574, 0x74756361, 0x63540665, 0x6e6f7261, 0x61637406, 
0x076e6f72, 0x63616d55, 0x076e6f72, 0x63616d75, 0x066e6f72, 0x65726255, 0x75066576, 0x76657262, 
0x72550565, 0x05676e69, 0x6e697275, 0x68550d67, 0x61676e75, 0x6c6d7572, 0x0d747561, 0x6e756875, 
0x75726167, 0x75616c6d, 0x6f550774, 0x656e6f67, 0x6f75076b, 0x656e6f67, 0x63570b6b, 0x75637269, 
0x656c666d, 0x63770b78, 0x75637269, 0x656c666d, 0x63590b78, 0x75637269, 0x656c666d, 0x63790b78, 
0x75637269, 0x656c666d, 0x615a0678, 0x65747563, 0x63617a06, 0x0a657475, 0x746f645a, 0x65636361, 
0x7a0a746e, 0x61746f64, 0x6e656363, 0x6e750774, 0x31323069, 0x6e750738, 0x31323069, 0x6e750739, 
0x31323069, 0x6e750741, 0x31323069, 0x6e750742, 0x33323069, 0x6e750737, 0x42323069, 0x616d0943, 
0x6e6f7263, 0x09646f6d, 0x76617267, 0x6d6f6365, 0x63610962, 0x63657475, 0x07626d6f, 0x30696e75, 
0x09323033, 0x646c6974, 0x6d6f6365, 0x6e750762, 0x30333069, 0x6e750734, 0x30333069, 0x6e750736, 
0x30333069, 0x6e750737, 0x30333069, 0x6e750738, 0x30333069, 0x6e750741, 0x30333069, 0x6e750742, 
0x30333069, 0x6e750743, 0x31333069, 0x6e750732, 0x32333069, 0x6e750736, 0x32333069, 0x6e750737, 
0x32333069, 0x69620f38, 0x6375646e, 0x72646e61, 0x76656461, 0x6e750761, 0x30393069, 0x6e750731, 
0x30393069, 0x6e750732, 0x30393069, 0x73610a33, 0x74726f68, 0x61766564, 0x696e7507, 0x35303930, 
0x696e7507, 0x36303930, 0x696e7507, 0x37303930, 0x696e7507, 0x38303930, 0x696e7507, 0x39303930, 
0x696e7507, 0x41303930, 0x696e7507, 0x42303930, 0x696e7507, 0x43303930, 0x696e7507, 0x44303930, 
0x696e7507, 0x45303930, 0x696e7507, 0x46303930, 0x696e7507, 0x30313930, 0x696e7507, 0x31313930, 
0x696e7507, 0x32313930, 0x696e7507, 0x33313930, 0x696e7507, 0x34313930, 0x696e7507, 0x35313930, 
0x696e7507, 0x36313930, 0x696e7507, 0x37313930, 0x696e7507, 0x38313930, 0x696e7507, 0x39313930, 
0x696e7507, 0x41313930, 0x696e7507, 0x42313930, 0x696e7507, 0x43313930, 0x696e7507, 0x44313930, 
0x696e7507, 0x45313930, 0x696e7507, 0x46313930, 0x696e7507, 0x30323930, 0x696e7507, 0x31323930, 
0x696e7507, 0x32323930, 0x696e7507, 0x33323930, 0x696e7507, 0x34323930, 0x696e7507, 0x35323930, 
0x696e7507, 0x36323930, 0x696e7507, 0x37323930, 0x696e7507, 0x38323930, 0x696e7507, 0x39323930, 
0x696e7507, 0x41323930, 0x696e7507, 0x42323930, 0x696e7507, 0x43323930, 0x696e7507, 0x44323930, 
0x696e7507, 0x45323930, 0x696e7507, 0x46323930, 0x696e7507, 0x30333930, 0x696e7507, 0x31333930, 
0x696e7507, 0x32333930, 0x696e7507, 0x33333930, 0x696e7507, 0x34333930, 0x696e7507, 0x35333930, 
0x696e7507, 0x36333930, 0x696e7507, 0x37333930, 0x696e7507, 0x38333930, 0x696e7507, 0x39333930, 
0x76656f0f, 0x6c65776f, 0x6e676973, 0x61766564, 0x656f6f10, 0x65776f76, 0x6769736c, 0x7665646e, 
0x6e750761, 0x33393069, 0x6e750743, 0x33393069, 0x6e750744, 0x33393069, 0x6e750745, 0x33393069, 
0x6e750746, 0x34393069, 0x6e750730, 0x34393069, 0x6e750731, 0x34393069, 0x6e750732, 0x34393069, 
0x6e750733, 0x34393069, 0x6e750734, 0x34393069, 0x6e750735, 0x34393069, 0x6e750736, 0x34393069, 
0x6e750737, 0x34393069, 0x6e750738, 0x34393069, 0x6e750739, 0x34393069, 0x6e750741, 0x34393069, 
0x6e750742, 0x34393069, 0x6e750743, 0x34393069, 0x6e750744, 0x34393069, 0x77610f45, 0x65776f76, 
0x6769736c, 0x7665646e, 0x6e750761, 0x35393069, 0x6e750730, 0x35393069, 0x6e750731, 0x35393069, 
0x6e750732, 0x35393069, 0x6e750733, 0x35393069, 0x61631834, 0x6172646e, 0x676e6f6c, 0x776f7665, 
0x69736c65, 0x65646e67, 0x750f6176, 0x776f7665, 0x69736c65, 0x65646e67, 0x75106176, 0x6f766575, 
0x736c6577, 0x646e6769, 0x07617665, 0x30696e75, 0x07383539, 0x30696e75, 0x07393539, 0x30696e75, 
0x07413539, 0x30696e75, 0x07423539, 0x30696e75, 0x07433539, 0x30696e75, 0x07443539, 0x30696e75, 
0x07453539, 0x30696e75, 0x07463539, 0x30696e75, 0x07303639, 0x30696e75, 0x07313639, 0x30696e75, 
0x07323639, 0x30696e75, 0x09333639, 0x646e6164, 0x76656461, 0x62640c61, 0x6e61646c, 0x65646164, 
0x75076176, 0x3930696e, 0x75073636, 0x3930696e, 0x75073736, 0x3930696e, 0x75073836, 0x3930696e, 
0x75073936, 0x3930696e, 0x75074136, 0x3930696e, 0x75074236, 0x3930696e, 0x75074336, 0x3930696e, 
0x75074436, 0x3930696e, 0x75074536, 0x3930696e, 0x75074636, 0x3930696e, 0x75073037, 0x3930696e, 
0x610b3137, 0x646e6163, 0x65646172, 0x6f066176, 0x76656465, 0x6f6f0761, 0x76656465, 0x77610661, 
0x61766564, 0x64657506, 0x07617665, 0x64657575, 0x0e617665, 0x7772616d, 0x64697261, 0x65646164, 
0x7a076176, 0x65646168, 0x680b6176, 0x79766165, 0x65646179, 0x67096176, 0x72616261, 0x61766564, 
0x62616a09, 0x65647261, 0x75076176, 0x3930696e, 0x640a4437, 0x61626164, 0x76656472, 0x61620961, 
0x64726162, 0x07617665, 0x31696e75, 0x07304443, 0x31696e75, 0x07314443, 0x31696e75, 0x07324443, 
0x31696e75, 0x07334443, 0x31696e75, 0x07344443, 0x31696e75, 0x07354443, 0x31696e75, 0x07364443, 
0x31696e75, 0x07374443, 0x31696e75, 0x07384443, 0x31696e75, 0x07394443, 0x31696e75, 0x07414443, 
0x31696e75, 0x07424443, 0x31696e75, 0x07434443, 0x31696e75, 0x07444443, 0x31696e75, 0x07454443, 
0x31696e75, 0x07464443, 0x31696e75, 0x07304543, 0x31696e75, 0x07314543, 0x31696e75, 0x07324543, 
0x31696e75, 0x07334543, 0x31696e75, 0x07344543, 0x31696e75, 0x07354543, 0x31696e75, 0x07364543, 
0x31696e75, 0x07374543, 0x31696e75, 0x07384543, 0x31696e75, 0x07394543, 0x31696e75, 0x07414543, 
0x31696e75, 0x07424543, 0x31696e75, 0x07434543, 0x31696e75, 0x07444543, 0x31696e75, 0x07454543, 
0x31696e75, 0x07464543, 0x31696e75, 0x07304643, 0x31696e75, 0x07314643, 0x31696e75, 0x07324643, 
0x31696e75, 0x07334643, 0x31696e75, 0x07344643, 0x31696e75, 0x07354643, 0x31696e75, 0x07364643, 
0x31696e75, 0x07384643, 0x31696e75, 0x06394643, 0x61726757, 0x77066576, 0x76617267, 0x61570665, 
0x65747563, 0x63617706, 0x09657475, 0x65696457, 0x69736572, 0x64770973, 0x65726569, 0x07736973, 
0x31696e75, 0x06453945, 0x61726759, 0x79066576, 0x76617267, 0x6e750765, 0x30303269, 0x6e750742, 
0x30303269, 0x6e750743, 0x30303269, 0x6e750744, 0x31303269, 0x6e650b30, 0x68736164, 0x7665642e, 
0x6d650b61, 0x68736164, 0x7665642e, 0x75710e61, 0x6c65746f, 0x2e746665, 0x61766564, 0x6f75710f, 
0x69726574, 0x2e746867, 0x61766564, 0x6f757111, 0x62646574, 0x66656c6c, 0x65642e74, 0x71126176, 
0x65746f75, 0x726c6264, 0x74686769, 0x7665642e, 0x6c650d61, 0x7370696c, 0x642e7369, 0x04617665, 
0x6f727545, 0x696e750c, 0x39423032, 0x7665642e, 0x6e750761, 0x46303269, 0x696d0a30, 0x2e73756e, 
0x61766564, 0x696e7507, 0x43433532, 0x696e7507, 0x30333841, 0x696e7507, 0x31333841, 0x696e7507, 
0x32333841, 0x696e7507, 0x33333841, 0x696e7507, 0x34333841, 0x696e7507, 0x35333841, 0x696e7507, 
0x36333841, 0x696e7507, 0x37333841, 0x696e7507, 0x38333841, 0x696e7507, 0x39333841, 0x696e7507, 
0x30453841, 0x696e7507, 0x31453841, 0x696e7507, 0x32453841, 0x696e7507, 0x33453841, 0x696e7507, 
0x34453841, 0x696e7507, 0x35453841, 0x696e7507, 0x36453841, 0x696e7507, 0x37453841, 0x696e7507, 
0x38453841, 0x696e7507, 0x39453841, 0x696e7507, 0x41453841, 0x696e7507, 0x42453841, 0x696e7507, 
0x43453841, 0x696e7507, 0x44453841, 0x696e7507, 0x45453841, 0x696e7507, 0x46453841, 0x696e7507, 
0x30463841, 0x696e7507, 0x31463841, 0x696e7507, 0x32463841, 0x696e7507, 0x33463841, 0x696e7507, 
0x34463841, 0x696e7507, 0x35463841, 0x696e7507, 0x36463841, 0x696e7507, 0x37463841, 0x696e7507, 
0x38463841, 0x696e7507, 0x39463841, 0x696e7507, 0x41463841, 0x696e7507, 0x42463841, 0x696e7507, 
0x43463841, 0x696e7507, 0x44463841, 0x64796106, 0x0f617665, 0x6f767961, 0x736c6577, 0x646e6769, 
0x0f617665, 0x6f687361, 0x756e7472, 0x6461746b, 0x0a617665, 0x6b756e61, 0x65646174, 0x610b6176, 
0x6b756e61, 0x65646174, 0x690a6176, 0x746b756e, 0x76656461, 0x69690b61, 0x746b756e, 0x76656461, 
0x6e750a61, 0x61746b75, 0x61766564, 0x6e75750b, 0x61746b75, 0x61766564, 0x6f767211, 0x696c6163, 
0x6b756e63, 0x65646174, 0x6c116176, 0x61636f76, 0x6e63696c, 0x61746b75, 0x61766564, 0x61636510, 
0x6172646e, 0x746b756e, 0x76656461, 0x73650f61, 0x74726f68, 0x746b756e, 0x76656461, 0x6e650a61, 
0x61746b75, 0x61766564, 0x6e69610b, 0x61746b75, 0x61766564, 0x61636f10, 0x6172646e, 0x746b756e, 
0x76656461, 0x736f0f61, 0x74726f68, 0x746b756e, 0x76656461, 0x6e6f0a61, 0x61746b75, 0x61766564, 
0x6e75610b, 0x61746b75, 0x61766564, 0x76727212, 0x6c61636f, 0x756e6369, 0x6461746b, 0x12617665, 
0x6f766c6c, 0x696c6163, 0x6b756e63, 0x65646174, 0x61106176, 0x646e6163, 0x756e6172, 0x6461746b, 
0x0c617665, 0x6e616867, 0x61746b75, 0x61766564, 0x61676e0c, 0x746b756e, 0x76656461, 0x61630b61, 
0x746b756e, 0x76656461, 0x68630c61, 0x6b756e61, 0x65646174, 0x6a0c6176, 0x756e6168, 0x6461746b, 
0x0c617665, 0x6e61796e, 0x61746b75, 0x61766564, 0x6174740c, 0x746b756e, 0x76656461, 0x74740d61, 
0x756e6168, 0x6461746b, 0x0c617665, 0x6e616e6e, 0x61746b75, 0x61766564, 0x6e61740b, 0x61746b75, 
0x61766564, 0x6168740c, 0x746b756e, 0x76656461, 0x61640b61, 0x746b756e, 0x76656461, 0x68640c61, 
0x6b756e61, 0x65646174, 0x700b6176, 0x6b756e61, 0x65646174, 0x620b6176, 0x6b756e61, 0x65646174, 
0x620c6176, 0x756e6168, 0x6461746b, 0x0b617665, 0x756e616d, 0x6461746b, 0x0b617665, 0x756e616c, 
0x6461746b, 0x0b617665, 0x756e6176, 0x6461746b, 0x0c617665, 0x6e616873, 0x61746b75, 0x61766564, 
0x6173730c, 0x746b756e, 0x76656461, 0x61730b61, 0x746b756e, 0x76656461, 0x61680b61, 0x746b756e, 
0x76656461, 0x616b0961, 0x64617373, 0x09617665, 0x796e616a, 0x76656461, 0x65720861, 0x65646870, 
0x76096176, 0x75747461, 0x61766564, 0x70616b0d, 0x61686572, 0x6564666c, 0x6b0e6176, 0x72706168, 
0x6c616865, 0x76656466, 0x61670d61, 0x68657270, 0x64666c61, 0x0e617665, 0x70616867, 0x61686572, 
0x6564666c, 0x6e0e6176, 0x72706167, 0x6c616865, 0x76656466, 0x61630d61, 0x68657270, 0x64666c61, 
0x0e617665, 0x70616863, 0x61686572, 0x6564666c, 0x6a0d6176, 0x65727061, 0x666c6168, 0x61766564, 
0x61686a0e, 0x68657270, 0x64666c61, 0x0e617665, 0x7061796e, 0x61686572, 0x6564666c, 0x740e6176, 
0x72706174, 0x6c616865, 0x76656466, 0x74740f61, 0x72706168, 0x6c616865, 0x76656466, 0x64640e61, 
0x65727061, 0x666c6168, 0x61766564, 0x6864640f, 0x65727061, 0x666c6168, 0x61766564, 0x616e6e0e, 
0x68657270, 0x64666c61, 0x0d617665, 0x72706174, 0x6c616865, 0x76656466, 0x68740e61, 0x65727061, 
0x666c6168, 0x61766564, 0x7061640d, 0x61686572, 0x6564666c, 0x640e6176, 0x72706168, 0x6c616865, 
0x76656466, 0x616e0d61, 0x68657270, 0x64666c61, 0x0d617665, 0x72706170, 0x6c616865, 0x76656466, 
0x68700e61, 0x65727061, 0x666c6168, 0x61766564, 0x7061620d, 0x61686572, 0x6564666c, 0x620e6176, 
0x72706168, 0x6c616865, 0x76656466, 0x616d0d61, 0x68657270, 0x64666c61, 0x0d617665, 0x72706179, 
0x6c616865, 0x76656466, 0x61720d61, 0x68657270, 0x64666c61, 0x0d617665, 0x7270616c, 0x6c616865, 
0x76656466, 0x6c6c0e61, 0x65727061, 0x666c6168, 0x61766564, 0x7061760d, 0x61686572, 0x6564666c, 
0x730e6176, 0x72706168, 0x6c616865, 0x76656466, 0x73730e61, 0x65727061, 0x666c6168, 0x61766564, 
0x7061730d, 0x61686572, 0x6564666c, 0x680d6176, 0x65727061, 0x666c6168, 0x61766564, 0x61687a0e, 
0x68657270, 0x64666c61, 0x12617665, 0x76616568, 0x70617979, 0x61686572, 0x6564666c, 0x6b106176, 
0x61737361, 0x68657270, 0x64666c61, 0x10617665, 0x796e616a, 0x65727061, 0x666c6168, 0x61766564, 
0x6e616b12, 0x61746b75, 0x68657270, 0x64666c61, 0x13617665, 0x6e61686b, 0x61746b75, 0x68657270, 
0x64666c61, 0x12617665, 0x756e6167, 0x7061746b, 0x61686572, 0x6564666c, 0x67136176, 0x756e6168, 
0x7061746b, 0x61686572, 0x6564666c, 0x6e136176, 0x756e6167, 0x7061746b, 0x61686572, 0x6564666c, 
0x63126176, 0x6b756e61, 0x72706174, 0x6c616865, 0x76656466, 0x68631361, 0x6b756e61, 0x72706174, 
0x6c616865, 0x76656466, 0x616a1261, 0x746b756e, 0x65727061, 0x666c6168, 0x61766564, 0x61686a13, 
0x746b756e, 0x65727061, 0x666c6168, 0x61766564, 0x61796e13, 0x746b756e, 0x65727061, 0x666c6168, 
0x61766564, 0x61747413, 0x746b756e, 0x65727061, 0x666c6168, 0x61766564, 0x68747414, 0x6b756e61, 
0x72706174, 0x6c616865, 0x76656466, 0x64641361, 0x6b756e61, 0x72706174, 0x6c616865, 0x76656466, 
0x64641461, 0x756e6168, 0x7061746b, 0x61686572, 0x6564666c, 0x6e136176, 0x756e616e, 0x7061746b, 
0x61686572, 0x6564666c, 0x74126176, 0x6b756e61, 0x72706174, 0x6c616865, 0x76656466, 0x68741361, 
0x6b756e61, 0x72706174, 0x6c616865, 0x76656466, 0x61641261, 0x746b756e, 0x65727061, 0x666c6168, 
0x61766564, 0x61686413, 0x746b756e, 0x65727061, 0x666c6168, 0x61766564, 0x6e616e12, 0x61746b75, 
0x68657270, 0x64666c61, 0x12617665, 0x756e6170, 0x7061746b, 0x61686572, 0x6564666c, 0x70136176, 
0x756e6168, 0x7061746b, 0x61686572, 0x6564666c, 0x62126176, 0x6b756e61, 0x72706174, 0x6c616865, 
0x76656466, 0x68621361, 0x6b756e61, 0x72706174, 0x6c616865, 0x76656466, 0x616d1261, 0x746b756e, 
0x65727061, 0x666c6168, 0x61766564, 0x6e617912, 0x61746b75, 0x68657270, 0x64666c61, 0x12617665, 
0x756e616c, 0x7061746b, 0x61686572, 0x6564666c, 0x6c136176, 0x756e616c, 0x7061746b, 0x61686572, 
0x6564666c, 0x76126176, 0x6b756e61, 0x72706174, 0x6c616865, 0x76656466, 0x68731361, 0x6b756e61, 
0x72706174, 0x6c616865, 0x76656466, 0x73731361, 0x6b756e61, 0x72706174, 0x6c616865, 0x76656466, 
0x61731261, 0x746b756e, 0x65727061, 0x666c6168, 0x61766564, 0x6e616812, 0x61746b75, 0x68657270, 
0x64666c61, 0x08617665, 0x6172616b, 0x61766564, 0x61686b09, 0x65646172, 0x67086176, 0x64617261, 
0x09617665, 0x72616867, 0x76656461, 0x676e0961, 0x64617261, 0x08617665, 0x61726163, 0x61766564, 
0x61686309, 0x65646172, 0x6a086176, 0x64617261, 0x09617665, 0x7261686a, 0x76656461, 0x796e0961, 
0x64617261, 0x09617665, 0x72617474, 0x76656461, 0x74740a61, 0x61726168, 0x61766564, 0x61646409, 
0x65646172, 0x640a6176, 0x72616864, 0x76656461, 0x6e6e0961, 0x64617261, 0x08617665, 0x61726174, 
0x61766564, 0x61687409, 0x65646172, 0x64086176, 0x64617261, 0x09617665, 0x72616864, 0x76656461, 
0x616e0861, 0x65646172, 0x70086176, 0x64617261, 0x09617665, 0x72616870, 0x76656461, 0x61620861, 
0x65646172, 0x62096176, 0x61726168, 0x61766564, 0x72616d08, 0x76656461, 0x61790861, 0x65646172, 
0x72086176, 0x64617261, 0x08617665, 0x6172616c, 0x61766564, 0x616c6c09, 0x65646172, 0x76086176, 
0x64617261, 0x09617665, 0x72616873, 0x76656461, 0x73730961, 0x64617261, 0x08617665, 0x61726173, 
0x61766564, 0x72616808, 0x76656461, 0x616d1061, 0x72617772, 0x61646469, 0x65646172, 0x7a096176, 
0x61726168, 0x61766564, 0x6165680d, 0x61797976, 0x65646172, 0x6b0b6176, 0x61737361, 0x65646172, 
0x6a0b6176, 0x61796e61, 0x65646172, 0x6b0d6176, 0x6b756e61, 0x61726174, 0x61766564, 0x61686b0e, 
0x746b756e, 0x64617261, 0x0d617665, 0x756e6167, 0x7261746b, 0x76656461, 0x68670e61, 0x6b756e61, 
0x61726174, 0x61766564, 0x61676e0e, 0x746b756e, 0x64617261, 0x0d617665, 0x756e6163, 0x7261746b, 
0x76656461, 0x68630e61, 0x6b756e61, 0x61726174, 0x61766564, 0x6e616a0d, 0x61746b75, 0x65646172, 
0x6a0e6176, 0x756e6168, 0x7261746b, 0x76656461, 0x796e0e61, 0x6b756e61, 0x61726174, 0x61766564, 
0x6174740e, 0x746b756e, 0x64617261, 0x0f617665, 0x61687474, 0x746b756e, 0x64617261, 0x0e617665, 
0x6e616464, 0x61746b75, 0x65646172, 0x640f6176, 0x6e616864, 0x61746b75, 0x65646172, 0x6e0e6176, 
0x756e616e, 0x7261746b, 0x76656461, 0x61740d61, 0x746b756e, 0x64617261, 0x0e617665, 0x6e616874, 
0x61746b75, 0x65646172, 0x640d6176, 0x6b756e61, 0x61726174, 0x61766564, 0x6168640e, 0x746b756e, 
0x64617261, 0x0d617665, 0x756e616e, 0x7261746b, 0x76656461, 0x61700d61, 0x746b756e, 0x64617261, 
0x0e617665, 0x6e616870, 0x61746b75, 0x65646172, 0x620d6176, 0x6b756e61, 0x61726174, 0x61766564, 
0x6168620e, 0x746b756e, 0x64617261, 0x0d617665, 0x756e616d, 0x7261746b, 0x76656461, 0x61790d61, 
0x746b756e, 0x64617261, 0x0d617665, 0x756e6172, 0x7261746b, 0x76656461, 0x616c0d61, 0x746b756e, 
0x64617261, 0x0e617665, 0x6e616c6c, 0x61746b75, 0x65646172, 0x760d6176, 0x6b756e61, 0x61726174, 
0x61766564, 0x6168730e, 0x746b756e, 0x64617261, 0x0e617665, 0x6e617373, 0x61746b75, 0x65646172, 
0x730d6176, 0x6b756e61, 0x61726174, 0x61766564, 0x6e61680d, 0x61746b75, 0x65646172, 0x6b0f6176, 
0x70617261, 0x61686572, 0x6564666c, 0x6b106176, 0x61726168, 0x68657270, 0x64666c61, 0x0f617665, 
0x61726167, 0x68657270, 0x64666c61, 0x10617665, 0x72616867, 0x65727061, 0x666c6168, 0x61766564, 
0x61676e10, 0x72706172, 0x6c616865, 0x76656466, 0x676e1261, 0x70617261, 0x61686572, 0x4955666c, 
0x61766564, 0x7261630f, 0x65727061, 0x666c6168, 0x61766564, 0x61686310, 0x72706172, 0x6c616865, 
0x76656466, 0x616a0f61, 0x72706172, 0x6c616865, 0x76656466, 0x686a1061, 0x70617261, 0x61686572, 
0x6564666c, 0x6e106176, 0x61726179, 0x68657270, 0x64666c61, 0x10617665, 0x72617474, 0x65727061, 
0x666c6168, 0x61766564, 0x61747412, 0x72706172, 0x6c616865, 0x64495566, 0x11617665, 0x61687474, 
0x72706172, 0x6c616865, 0x76656466, 0x74741361, 0x61726168, 0x68657270, 0x55666c61, 0x76656449, 
0x64641061, 0x70617261, 0x61686572, 0x6564666c, 0x64126176, 0x61726164, 0x68657270, 0x55666c61, 
0x76656449, 0x64641161, 0x61726168, 0x68657270, 0x64666c61, 0x13617665, 0x61686464, 0x72706172, 
0x6c616865, 0x64495566, 0x10617665, 0x72616e6e, 0x65727061, 0x666c6168, 0x61766564, 0x7261740f, 
0x65727061, 0x666c6168, 0x61766564, 0x61687410, 0x72706172, 0x6c616865, 0x76656466, 0x68641061, 
0x70617261, 0x61686572, 0x6564666c, 0x6e0f6176, 0x70617261, 0x61686572, 0x6564666c, 0x700f6176, 
0x70617261, 0x61686572, 0x6564666c, 0x70106176, 0x61726168, 0x68657270, 0x64666c61, 0x0f617665, 
0x61726162, 0x68657270, 0x64666c61, 0x10617665, 0x72616862, 0x65727061, 0x666c6168, 0x61766564, 
0x72616d0f, 0x65727061, 0x666c6168, 0x61766564, 0x7261790f, 0x65727061, 0x666c6168, 0x61766564, 
0x7261720f, 0x65727061, 0x666c6168, 0x61766564, 0x72616c0f, 0x65727061, 0x666c6168, 0x61766564, 
0x616c6c10, 0x72706172, 0x6c616865, 0x76656466, 0x61760f61, 0x72706172, 0x6c616865, 0x76656466, 
0x68731061, 0x70617261, 0x61686572, 0x6564666c, 0x73106176, 0x61726173, 0x68657270, 0x64666c61, 
0x0f617665, 0x61726173, 0x68657270, 0x64666c61, 0x0f617665, 0x61726168, 0x68657270, 0x64666c61, 
0x10617665, 0x7261687a, 0x65727061, 0x666c6168, 0x61766564, 0x61656814, 0x61797976, 0x72706172, 
0x6c616865, 0x76656466, 0x616b1261, 0x72617373, 0x65727061, 0x666c6168, 0x61766564, 0x6e616a12, 
0x61726179, 0x68657270, 0x64666c61, 0x14617665, 0x756e616b, 0x7261746b, 0x65727061, 0x666c6168, 
0x61766564, 0x61686b15, 0x746b756e, 0x70617261, 0x61686572, 0x6564666c, 0x67146176, 0x6b756e61, 
0x61726174, 0x68657270, 0x64666c61, 0x15617665, 0x6e616867, 0x61746b75, 0x72706172, 0x6c616865, 
0x76656466, 0x676e1561, 0x6b756e61, 0x61726174, 0x68657270, 0x64666c61, 0x14617665, 0x756e6163, 
0x7261746b, 0x65727061, 0x666c6168, 0x61766564, 0x61686315, 0x746b756e, 0x70617261, 0x61686572, 
0x6564666c, 0x6a146176, 0x6b756e61, 0x61726174, 0x68657270, 0x64666c61, 0x15617665, 0x6e61686a, 
0x61746b75, 0x72706172, 0x6c616865, 0x76656466, 0x796e1561, 0x6b756e61, 0x61726174, 0x68657270, 
0x64666c61, 0x15617665, 0x6e617474, 0x61746b75, 0x72706172, 0x6c616865, 0x76656466, 0x74741661, 
0x756e6168, 0x7261746b, 0x65727061, 0x666c6168, 0x61766564, 0x61646415, 0x746b756e, 0x70617261, 
0x61686572, 0x6564666c, 0x64166176, 0x6e616864, 0x61746b75, 0x72706172, 0x6c616865, 0x76656466, 
0x6e6e1561, 0x6b756e61, 0x61726174, 0x68657270, 0x64666c61, 0x14617665, 0x756e6174, 0x7261746b, 
0x65727061, 0x666c6168, 0x61766564, 0x61687415, 0x746b756e, 0x70617261, 0x61686572, 0x6564666c, 
0x64156176, 0x756e6168, 0x7261746b, 0x65727061, 0x666c6168, 0x61766564, 0x6e616e14, 0x61746b75, 
0x72706172, 0x6c616865, 0x76656466, 0x61701461, 0x746b756e, 0x70617261, 0x61686572, 0x6564666c, 
0x70156176, 0x756e6168, 0x7261746b, 0x65727061, 0x666c6168, 0x61766564, 0x6e616214, 0x61746b75, 
0x72706172, 0x6c616865, 0x76656466, 0x68621561, 0x6b756e61, 0x61726174, 0x68657270, 0x64666c61, 
0x14617665, 0x756e616d, 0x7261746b, 0x65727061, 0x666c6168, 0x61766564, 0x6e617914, 0x61746b75, 
0x72706172, 0x6c616865, 0x76656466, 0x616c1461, 0x746b756e, 0x70617261, 0x61686572, 0x6564666c, 
0x6c156176, 0x756e616c, 0x7261746b, 0x65727061, 0x666c6168, 0x61766564, 0x6e617614, 0x61746b75, 
0x72706172, 0x6c616865, 0x76656466, 0x68731561, 0x6b756e61, 0x61726174, 0x68657270, 0x64666c61, 
0x15617665, 0x6e617373, 0x61746b75, 0x72706172, 0x6c616865, 0x76656466, 0x61731461, 0x746b756e, 
0x70617261, 0x61686572, 0x6564666c, 0x68146176, 0x6b756e61, 0x61726174, 0x68657270, 0x64666c61, 
0x07617665, 0x64756168, 0x09617665, 0x55756168, 0x76656449, 0x61680861, 0x65647575, 0x680a6176, 
0x55757561, 0x76656449, 0x61680e61, 0x636f7672, 0x63696c61, 0x61766564, 0x7261680f, 0x636f7672, 
0x63696c61, 0x61766564, 0x6e61680c, 0x61746b75, 0x76656475, 0x61680d61, 0x746b756e, 0x64757561, 
0x13617665, 0x756e6168, 0x7261746b, 0x61636f76, 0x6463696c, 0x14617665, 0x756e6168, 0x7261746b, 
0x636f7672, 0x63696c61, 0x61766564, 0x72616809, 0x65647561, 0x680b6176, 0x75617261, 0x65644955, 
0x680a6176, 0x75617261, 0x76656475, 0x61680c61, 0x75756172, 0x65644955, 0x72076176, 0x65647561, 
0x72086176, 0x64757561, 0x07617665, 0x64756164, 0x08617665, 0x75756164, 0x61766564, 0x7261640e, 
0x61636f76, 0x6463696c, 0x09617665, 0x61726164, 0x76656475, 0x61640a61, 0x75756172, 0x61766564, 
0x72616410, 0x6f767261, 0x696c6163, 0x76656463, 0x61720c61, 0x746b756e, 0x65647561, 0x720d6176, 
0x6b756e61, 0x75756174, 0x61766564, 0x6e61640c, 0x61746b75, 0x76656475, 0x61640d61, 0x746b756e, 
0x64757561, 0x13617665, 0x756e6164, 0x7261746b, 0x61636f76, 0x6463696c, 0x0a617665, 0x68646464, 
0x65647561, 0x640b6176, 0x61686464, 0x65647575, 0x72086176, 0x64756168, 0x09617665, 0x75616872, 
0x76656475, 0x656f1761, 0x65776f76, 0x6769736c, 0x756e616e, 0x72617673, 0x76656461, 0x656f1361, 
0x65776f76, 0x6769736c, 0x7065726e, 0x76656468, 0x656f1b61, 0x65776f76, 0x6769736c, 0x7065726e, 
0x756e6168, 0x72617673, 0x76656461, 0x6f6f1861, 0x776f7665, 0x69736c65, 0x6e616e67, 0x61767375, 
0x65646172, 0x6f146176, 0x6f76656f, 0x736c6577, 0x726e6769, 0x64687065, 0x1c617665, 0x76656f6f, 
0x6c65776f, 0x6e676973, 0x68706572, 0x73756e61, 0x61726176, 0x61766564, 0x76696917, 0x6c65776f, 
0x6e676973, 0x73756e61, 0x61726176, 0x61766564, 0x76696913, 0x6c65776f, 0x6e676973, 0x68706572, 
0x61766564, 0x7669691b, 0x6c65776f, 0x6e676973, 0x68706572, 0x73756e61, 0x61726176, 0x61766564, 
0x6163651c, 0x6172646e, 0x65776f76, 0x6769736c, 0x756e616e, 0x72617673, 0x76656461, 0x63651861, 
0x72646e61, 0x776f7661, 0x69736c65, 0x65726e67, 0x65646870, 0x651c6176, 0x646e6163, 0x6f766172, 
0x726c6577, 0x61687065, 0x7673756e, 0x64617261, 0x1b617665, 0x6f687365, 0x6f767472, 0x736c6577, 
0x616e6769, 0x7673756e, 0x64617261, 0x17617665, 0x6f687365, 0x6f767472, 0x736c6577, 0x726e6769, 
0x64687065, 0x1d617665, 0x6f687365, 0x6f767472, 0x736c6577, 0x726e6769, 0x61687065, 0x7673756e, 
0x64617261, 0x76651665, 0x6c65776f, 0x6e676973, 0x73756e61, 0x61726176, 0x61766564, 0x6f766512, 
0x736c6577, 0x726e6769, 0x64687065, 0x1a617665, 0x776f7665, 0x69736c65, 0x65726e67, 0x6e616870, 
0x61767375, 0x65646172, 0x61176176, 0x776f7669, 0x69736c65, 0x6e616e67, 0x61767375, 0x65646172, 
0x61136176, 0x776f7669, 0x69736c65, 0x65726e67, 0x65646870, 0x611b6176, 0x776f7669, 0x69736c65, 
0x65726e67, 0x6e616870, 0x61767375, 0x65646172, 0x6f1c6176, 0x646e6163, 0x6f766172, 0x736c6577, 
0x616e6769, 0x7673756e, 0x64617261, 0x18617665, 0x6e61636f, 0x76617264, 0x6c65776f, 0x6e676973, 
0x68706572, 0x61766564, 0x61636f1c, 0x6172646e, 0x65776f76, 0x7065726c, 0x756e6168, 0x72617673, 
0x76656461, 0x736f1b61, 0x74726f68, 0x65776f76, 0x6769736c, 0x756e616e, 0x72617673, 0x76656461, 
0x736f1761, 0x74726f68, 0x65776f76, 0x6769736c, 0x7065726e, 0x76656468, 0x736f1f61, 0x74726f68, 
0x65776f76, 0x6769736c, 0x7065726e, 0x756e6168, 0x72617673, 0x76656461, 0x766f1661, 0x6c65776f, 
0x6e676973, 0x73756e61, 0x61726176, 0x61766564, 0x6f766f12, 0x736c6577, 0x726e6769, 0x64687065, 
0x1a617665, 0x776f766f, 0x69736c65, 0x65726e67, 0x6e616870, 0x61767375, 0x65646172, 0x61176176, 
0x776f7675, 0x69736c65, 0x6e616e67, 0x61767375, 0x65646172, 0x61136176, 0x776f7675, 0x69736c65, 
0x65726e67, 0x65646870, 0x611b6176, 0x776f7675, 0x69736c65, 0x65726e67, 0x6e616870, 0x61767375, 
0x65646172, 0x61176176, 0x776f7677, 0x69736c65, 0x6e616e67, 0x61767375, 0x65646172, 0x61136176, 
0x776f7677, 0x69736c65, 0x65726e67, 0x65646870, 0x611b6176, 0x776f7677, 0x69736c65, 0x65726e67, 
0x6e616870, 0x61767375, 0x65646172, 0x72106176, 0x61687065, 0x7673756e, 0x64617261, 0x12617665, 
0x6f687361, 0x6e617472, 0x61767375, 0x65646172, 0x690e6176, 0x756e6169, 0x72617673, 0x76656461, 
0x63651361, 0x72646e61, 0x756e6161, 0x72617673, 0x76656461, 0x73651261, 0x74726f68, 0x73756e61, 
0x61726176, 0x61766564, 0x6169610e, 0x7673756e, 0x64617261, 0x13617665, 0x6e61636f, 0x61617264, 
0x7673756e, 0x64617261, 0x12617665, 0x6f68736f, 0x6e617472, 0x61767375, 0x65646172, 0x6f0d6176, 
0x73756e61, 0x61726176, 0x61766564, 0x6175610e, 0x7673756e, 0x64617261, 0x13617665, 0x6e616361, 
0x61617264, 0x7673756e, 0x64617261, 0x0e617665, 0x6e61656f, 0x61767375, 0x65646172, 0x6f0f6176, 
0x6e61656f, 0x61767375, 0x65646172, 0x610e6176, 0x756e6177, 0x72617673, 0x76656461, 0x73611761, 
0x74726f68, 0x746b756e, 0x756e6161, 0x72617673, 0x76656461, 0x69691361, 0x746b756e, 0x756e6161, 
0x72617673, 0x76656461, 0x63651861, 0x72646e61, 0x6b756e61, 0x6e616174, 0x61767375, 0x65646172, 
0x65176176, 0x726f6873, 0x6b756e74, 0x6e616174, 0x61767375, 0x65646172, 0x61136176, 0x6b756e69, 
0x6e616174, 0x61767375, 0x65646172, 0x6f186176, 0x646e6163, 0x756e6172, 0x6161746b, 0x7673756e, 
0x64617261, 0x17617665, 0x6f68736f, 0x756e7472, 0x6161746b, 0x7673756e, 0x64617261, 0x12617665, 
0x6b756e6f, 0x6e616174, 0x61767375, 0x65646172, 0x61136176, 0x6b756e75, 0x6e616174, 0x61767375, 
0x65646172, 0x61186176, 0x646e6163, 0x756e6172, 0x6161746b, 0x7673756e, 0x64617261, 0x08617665, 
0x6174616b, 0x61766564, 0x73616b09, 0x65646168, 0x6b0a6176, 0x68736168, 0x76656461, 0x676e0961, 
0x64616761, 0x09617665, 0x6d61676e, 0x76656461, 0x676e0961, 0x64617961, 0x08617665, 0x61636163, 
0x61766564, 0x63616309, 0x65646168, 0x630b6176, 0x61686361, 0x65646172, 0x63096176, 0x61796168, 
0x61766564, 0x6a616a08, 0x76656461, 0x616a0961, 0x64616464, 0x09617665, 0x6a61796e, 0x76656461, 
0x74740a61, 0x61747461, 0x61766564, 0x6174740c, 0x75617474, 0x76656475, 0x74740b61, 0x68747461, 
0x76656461, 0x74740d61, 0x68747461, 0x64757561, 0x09617665, 0x79617474, 0x76656461, 0x74740c61, 
0x74746168, 0x65646168, 0x740a6176, 0x79616874, 0x76656461, 0x64640b61, 0x68646461, 0x76656461, 
0x64640a61, 0x61646461, 0x61766564, 0x6164640c, 0x75616464, 0x76656475, 0x64640961, 0x64617961, 
0x0b617665, 0x72616464, 0x64617961, 0x0c617665, 0x61686464, 0x61686464, 0x61766564, 0x6864640a, 
0x64617961, 0x08617665, 0x61746174, 0x61766564, 0x7461740f, 0x65727061, 0x666c6168, 0x61766564, 
0x74617409, 0x65646168, 0x74096176, 0x61687361, 0x61766564, 0x67616409, 0x65646168, 0x64086176, 
0x64616761, 0x08617665, 0x61626164, 0x61766564, 0x62616409, 0x65646168, 0x64086176, 0x64617661, 
0x0a617665, 0x61766164, 0x65646179, 0x64096176, 0x61686461, 0x61766564, 0x6461640b, 0x61796168, 
0x61766564, 0x64616408, 0x76656461, 0x61640a61, 0x61796164, 0x61766564, 0x6d616408, 0x76656461, 
0x61640861, 0x65646179, 0x640f6176, 0x70617961, 0x61686572, 0x6564666c, 0x6e096176, 0x61646461, 
0x61766564, 0x64616e0b, 0x61726164, 0x61766564, 0x74616e09, 0x65646168, 0x6e0b6176, 0x61687461, 
0x65646172, 0x6e096176, 0x61686461, 0x61766564, 0x64616e10, 0x72706168, 0x6c616865, 0x76656466, 
0x616e0b61, 0x72616864, 0x76656461, 0x616e0861, 0x6564616e, 0x6e096176, 0x61687361, 0x61766564, 
0x6e617008, 0x76656461, 0x61620961, 0x64616864, 0x08617665, 0x6170616d, 0x61766564, 0x70616d0a, 
0x64617261, 0x0f617665, 0x6170616d, 0x68657270, 0x64666c61, 0x09617665, 0x6870616d, 0x76656461, 
0x616d0961, 0x64616862, 0x09617665, 0x6464616c, 0x76656461, 0x616c0b61, 0x72616464, 0x76656461, 
0x616c0961, 0x64616874, 0x08617665, 0x61796176, 0x61766564, 0x61687309, 0x65646163, 0x73096176, 
0x61766168, 0x61766564, 0x61687309, 0x6564616c, 0x73096176, 0x616e6168, 0x61766564, 0x6173730a, 
0x64617474, 0x0c617665, 0x74617373, 0x61796174, 0x61766564, 0x6173730c, 0x72617474, 0x76656461, 
0x73730b61, 0x68747461, 0x76656461, 0x73730d61, 0x68747461, 0x64617961, 0x0d617665, 0x74617373, 
0x72616874, 0x76656461, 0x61730961, 0x64616874, 0x10617665, 0x68746173, 0x65727061, 0x666c6168, 
0x61766564, 0x70617308, 0x76656461, 0x61730f61, 0x72706170, 0x6c616865, 0x76656466, 0x61730a61, 
0x61726170, 0x61766564, 0x70617309, 0x65646168, 0x68096176, 0x616e6e61, 0x61766564, 0x6e616808, 
0x76656461, 0x61680861, 0x6564616d, 0x68086176, 0x64617961, 0x08617665, 0x616c6168, 0x61766564, 
0x76616808, 0x76656461, 0x616c0961, 0x61766564, 0x0e52414d, 0x756e616c, 0x6461746b, 0x4d617665, 
0x6c0b5241, 0x64617261, 0x4d617665, 0x6c105241, 0x6b756e61, 0x61726174, 0x61766564, 0x0c52414d, 
0x6c616873, 0x76656461, 0x52414d61, 0x6168730a, 0x61766564, 0x1152414d, 0x70616873, 0x61686572, 
0x6564666c, 0x414d6176, 0x68730f52, 0x6b756e61, 0x65646174, 0x414d6176, 0x68731652, 0x6b756e61, 
0x72706174, 0x6c616865, 0x76656466, 0x52414d61, 0x61686a0a, 0x61766564, 0x0f50454e, 0x6e61686a, 
0x61746b75, 0x61766564, 0x1150454e, 0x7061686a, 0x61686572, 0x6564666c, 0x454e6176, 0x686a1650, 
0x6b756e61, 0x72706174, 0x6c616865, 0x76656466, 0x50454e61, 0x61686a0c, 0x65646172, 0x454e6176, 
0x686a1150, 0x6b756e61, 0x61726174, 0x61766564, 0x1350454e, 0x7261686a, 0x65727061, 0x666c6168, 
0x61766564, 0x1850454e, 0x6e61686a, 0x61746b75, 0x72706172, 0x6c616865, 0x76656466, 0x50454e61, 
0x7669660b, 0x76656465, 0x50454e61, 0x6769650c, 0x65647468, 0x454e6176, 0x696e0b50, 0x6564656e, 
0x454e6176, 0x76691050, 0x6c65776f, 0x6e676973, 0x65643030, 0x69106176, 0x65776f76, 0x6769736c, 
0x6431306e, 0x10617665, 0x776f7669, 0x69736c65, 0x32306e67, 0x61766564, 0x6f766910, 0x736c6577, 
0x306e6769, 0x76656433, 0x76691061, 0x6c65776f, 0x6e676973, 0x65643430, 0x69106176, 0x65776f76, 
0x6769736c, 0x6435306e, 0x10617665, 0x776f7669, 0x69736c65, 0x36306e67, 0x61766564, 0x6f766910, 
0x736c6577, 0x306e6769, 0x76656437, 0x76691061, 0x6c65776f, 0x6e676973, 0x65643830, 0x69106176, 
0x65776f76, 0x6769736c, 0x6439306e, 0x10617665, 0x776f7669, 0x69736c65, 0x30316e67, 0x61766564, 
0x6f766910, 0x736c6577, 0x316e6769, 0x76656431, 0x76691661, 0x6c65776f, 0x6e676973, 0x73756e61, 
0x61726176, 0x61766564, 0x6f766918, 0x736c6577, 0x616e6769, 0x7673756e, 0x30617261, 0x76656431, 
0x76691861, 0x6c65776f, 0x6e676973, 0x73756e61, 0x61726176, 0x65643230, 0x69186176, 0x65776f76, 
0x6769736c, 0x756e616e, 0x72617673, 0x64333061, 0x18617665, 0x776f7669, 0x69736c65, 0x6e616e67, 
0x61767375, 0x34306172, 0x61766564, 0x6f766918, 0x736c6577, 0x616e6769, 0x7673756e, 0x30617261, 
0x76656435, 0x76691861, 0x6c65776f, 0x6e676973, 0x73756e61, 0x61726176, 0x65643630, 0x69186176, 
0x65776f76, 0x6769736c, 0x756e616e, 0x72617673, 0x64373061, 0x18617665, 0x776f7669, 0x69736c65, 
0x6e616e67, 0x61767375, 0x38306172, 0x61766564, 0x6f766918, 0x736c6577, 0x616e6769, 0x7673756e, 
0x30617261, 0x76656439, 0x76691861, 0x6c65776f, 0x6e676973, 0x73756e61, 0x61726176, 0x65643031, 
0x69186176, 0x65776f76, 0x6769736c, 0x756e616e, 0x72617673, 0x64313161, 0x12617665, 0x776f7669, 
0x69736c65, 0x65726e67, 0x65646870, 0x69146176, 0x65776f76, 0x6769736c, 0x7065726e, 0x64313068, 
0x14617665, 0x776f7669, 0x69736c65, 0x65726e67, 0x32306870, 0x61766564, 0x6f766914, 0x736c6577, 
0x726e6769, 0x30687065, 0x76656433, 0x76691461, 0x6c65776f, 0x6e676973, 0x68706572, 0x65643430, 
0x69146176, 0x65776f76, 0x6769736c, 0x7065726e, 0x64353068, 0x14617665, 0x776f7669, 0x69736c65, 
0x65726e67, 0x36306870, 0x61766564, 0x6f766914, 0x736c6577, 0x726e6769, 0x30687065, 0x76656437, 
0x76691461, 0x6c65776f, 0x6e676973, 0x68706572, 0x65643830, 0x69146176, 0x65776f76, 0x6769736c, 
0x7065726e, 0x64393068, 0x14617665, 0x776f7669, 0x69736c65, 0x65726e67, 0x30316870, 0x61766564, 
0x6f766914, 0x736c6577, 0x726e6769, 0x31687065, 0x76656431, 0x76691a61, 0x6c65776f, 0x6e676973, 
0x68706572, 0x73756e61, 0x61726176, 0x61766564, 0x6f76691c, 0x736c6577, 0x726e6769, 0x61687065, 
0x7673756e, 0x30617261, 0x76656431, 0x76691c61, 0x6c65776f, 0x6e676973, 0x68706572, 0x73756e61, 
0x61726176, 0x65643230, 0x691c6176, 0x65776f76, 0x6769736c, 0x7065726e, 0x756e6168, 0x72617673, 
0x64333061, 0x1c617665, 0x776f7669, 0x69736c65, 0x65726e67, 0x6e616870, 0x61767375, 0x34306172, 
0x61766564, 0x6f76691c, 0x736c6577, 0x726e6769, 0x61687065, 0x7673756e, 0x30617261, 0x76656435, 
0x76691c61, 0x6c65776f, 0x6e676973, 0x68706572, 0x73756e61, 0x61726176, 0x65643630, 0x691c6176, 
0x65776f76, 0x6769736c, 0x7065726e, 0x756e6168, 0x72617673, 0x64373061, 0x1c617665, 0x776f7669, 
0x69736c65, 0x65726e67, 0x6e616870, 0x61767375, 0x38306172, 0x61766564, 0x6f76691c, 0x736c6577, 
0x726e6769, 0x61687065, 0x7673756e, 0x30617261, 0x76656439, 0x76691c61, 0x6c65776f, 0x6e676973, 
0x68706572, 0x73756e61, 0x61726176, 0x65643031, 0x691c6176, 0x65776f76, 0x6769736c, 0x7065726e, 
0x756e6168, 0x72617673, 0x64313161, 0x0d617665, 0x6d6d7564, 0x72616d79, 0x7665646b, 0x69691061, 
0x65776f76, 0x6769736c, 0x6564316e, 0x69106176, 0x776f7669, 0x69736c65, 0x64326e67, 0x10617665, 
0x6f766969, 0x736c6577, 0x336e6769, 0x61766564, 0x76696918, 0x6c65776f, 0x6e676973, 0x73756e61, 
0x61726176, 0x76656431, 0x69691861, 0x65776f76, 0x6769736c, 0x756e616e, 0x72617673, 0x65643261, 
0x69186176, 0x776f7669, 0x69736c65, 0x6e616e67, 0x61767375, 0x64336172, 0x14617665, 0x6f766969, 
0x736c6577, 0x726e6769, 0x31687065, 0x61766564, 0x76696914, 0x6c65776f, 0x6e676973, 0x68706572, 
0x76656432, 0x69691461, 0x65776f76, 0x6769736c, 0x7065726e, 0x65643368, 0x691c6176, 0x776f7669, 
0x69736c65, 0x65726e67, 0x6e616870, 0x61767375, 0x64316172, 0x1c617665, 0x6f766969, 0x736c6577, 
0x726e6769, 0x61687065, 0x7673756e, 0x32617261, 0x61766564, 0x7669691c, 0x6c65776f, 0x6e676973, 
0x68706572, 0x73756e61, 0x61726176, 0x76656433, 0x76751361, 0x6c65776f, 0x6e676973, 0x746b756e, 
0x76656461, 0x76751761, 0x6c65776f, 0x6e676973, 0x746b756e, 0x66656c61, 0x76656474, 0x76751461, 
0x6c65776f, 0x6e676973, 0x7272616e, 0x6564776f, 0x75146176, 0x776f7675, 0x69736c65, 0x756e6e67, 
0x6461746b, 0x18617665, 0x6f767575, 0x736c6577, 0x6e6e6769, 0x61746b75, 0x7466656c, 0x61766564, 
0x6f76721a, 0x696c6163, 0x776f7663, 0x69736c65, 0x756e6e67, 0x6461746b, 0x1e617665, 0x636f7672, 
0x63696c61, 0x65776f76, 0x6769736c, 0x6b756e6e, 0x656c6174, 0x65647466, 0x721b6176, 0x636f7672, 
0x63696c61, 0x65776f76, 0x6769736c, 0x6b756e6e, 0x65646174, 0x721f6176, 0x636f7672, 0x63696c61, 
0x65776f76, 0x6769736c, 0x6b756e6e, 0x656c6174, 0x65647466, 0x6c196176, 0x61636f76, 0x7663696c, 
0x6c65776f, 0x6e676973, 0x7466656c, 0x61766564, 0x6f766c1a, 0x696c6163, 0x776f7663, 0x69736c65, 
0x756e6e67, 0x6461746b, 0x1e617665, 0x636f766c, 0x63696c61, 0x65776f76, 0x6769736c, 0x6b756e6e, 
0x656c6174, 0x65647466, 0x6c1b6176, 0x636f766c, 0x63696c61, 0x65776f76, 0x6769736c, 0x6b756e6e, 
0x65646174, 0x6c1a6176, 0x636f766c, 0x63696c61, 0x65776f76, 0x6769736c, 0x66656c6e, 0x76656474, 
0x6c6c1f61, 0x61636f76, 0x7663696c, 0x6c65776f, 0x6e676973, 0x746b756e, 0x66656c61, 0x76656474, 
0x69760f61, 0x616d6172, 0x746b756e, 0x76656461, 0x65751461, 0x65776f76, 0x6769736c, 0x6b756e6e, 
0x65646174, 0x75186176, 0x776f7665, 0x69736c65, 0x756e6e67, 0x6c61746b, 0x64746665, 0x15617665, 
0x76657575, 0x6c65776f, 0x6e676973, 0x746b756e, 0x76656461, 0x75751961, 0x776f7665, 0x69736c65, 
0x756e6e67, 0x6c61746b, 0x64746665, 0x0a617665, 0x6161676e, 0x6564746c, 0x630a6176, 0x6c616168, 
0x76656474, 0x74740a61, 0x746c6161, 0x61766564, 0x6874740b, 0x746c6161, 0x61766564, 0x6164640a, 
0x64746c61, 0x0b617665, 0x61686464, 0x64746c61, 0x0a617665, 0x61616c6c, 0x6564746c, 0x6c0c6176, 
0x746c6161, 0x61766564, 0x0f52414d, 0x6e61676e, 0x61746b75, 0x64746c61, 0x0f617665, 0x6e616863, 
0x61746b75, 0x64746c61, 0x0f617665, 0x6e617474, 0x61746b75, 0x64746c61, 0x10617665, 0x61687474, 
0x746b756e, 0x746c6161, 0x61766564, 0x6464640c, 0x6c616168, 0x76656474, 0x68720a61, 0x746c6161, 
0x61766564, 0x6c6c6c0b, 0x746c6161, 0x61766564, 0x6e616c11, 0x61746b75, 0x64746c61, 0x4d617665, 
0x73115241, 0x72706168, 0x6c616865, 0x746c6166, 0x61766564, 0x7461760a, 0x64757574, 0x0d617665, 
0x74746176, 0x6f6c7575, 0x76656477, 0x61761261, 0x75757474, 0x6e776f6c, 0x61746b75, 0x61766564, 
0x7461760b, 0x75757574, 0x61766564, 0x7461760e, 0x75757574, 0x64776f6c, 0x13617665, 0x74746176, 
0x6c757575, 0x756e776f, 0x6461746b, 0x11617665, 0x74746176, 0x6f767275, 0x696c6163, 0x76656463, 
0x61761461, 0x72757474, 0x61636f76, 0x6c63696c, 0x6564776f, 0x76196176, 0x75747461, 0x636f7672, 
0x63696c61, 0x6e776f6c, 0x61746b75, 0x61766564, 0x74617612, 0x72727574, 0x61636f76, 0x6463696c, 
0x11617665, 0x74746176, 0x6f766c75, 0x696c6163, 0x76656463, 0x61761261, 0x6c757474, 0x636f766c, 
0x63696c61, 0x61766564, 0x7461760f, 0x69767574, 0x616d6172, 0x61766564, 0x74617612, 0x69767574, 
0x616d6172, 0x64776f6c, 0x17617665, 0x74746176, 0x72697675, 0x6c616d61, 0x756e776f, 0x6461746b, 
0x13617665, 0x74746176, 0x76657575, 0x6c65776f, 0x64776f6c, 0x18617665, 0x74746176, 0x76657575, 
0x6c65776f, 0x6e776f6c, 0x61746b75, 0x61766564, 0x74617614, 0x75757574, 0x776f7665, 0x6f6c6c65, 
0x76656477, 0x61761961, 0x75757474, 0x6f766575, 0x6c6c6577, 0x756e776f, 0x6461746b, 0x11617665, 
0x776f7675, 0x69736c65, 0x6f6c6e67, 0x76656477, 0x75751261, 0x65776f76, 0x6769736c, 0x776f6c6e, 
0x61766564, 0x6f767218, 0x696c6163, 0x776f7663, 0x69736c65, 0x6f6c6e67, 0x76656477, 0x72721061, 
0x61636f76, 0x6c63696c, 0x6564776f, 0x6c186176, 0x61636f76, 0x7663696c, 0x6c65776f, 0x6e676973, 
0x64776f6c, 0x19617665, 0x6f766c6c, 0x696c6163, 0x776f7663, 0x69736c65, 0x6f6c6e67, 0x76656477, 
0x69760d61, 0x616d6172, 0x64776f6c, 0x12617665, 0x6f766575, 0x736c6577, 0x6c6e6769, 0x6564776f, 
0x75136176, 0x6f766575, 0x736c6577, 0x6c6e6769, 0x6564776f, 0x640b6176, 0x61616461, 0x6564746c, 
0x640c6176, 0x61686261, 0x64746c61, 0x13617665, 0x68706572, 0x646e6163, 0x69626172, 0x6475646e, 
0x1a617665, 0x6f76656f, 0x736c6577, 0x636e6769, 0x72646e61, 0x6e696261, 0x65647564, 0x6f1b6176, 
0x6f76656f, 0x736c6577, 0x636e6769, 0x72646e61, 0x6e696261, 0x65647564, 0x651f6176, 0x646e6163, 
0x6f766172, 0x736c6577, 0x636e6769, 0x72646e61, 0x6e696261, 0x65647564, 0x651e6176, 0x726f6873, 
0x776f7674, 0x69736c65, 0x61636e67, 0x6172646e, 0x646e6962, 0x76656475, 0x76651961, 0x6c65776f, 
0x6e676973, 0x646e6163, 0x69626172, 0x6475646e, 0x1a617665, 0x6f766961, 0x736c6577, 0x636e6769, 
0x72646e61, 0x6e696261, 0x65647564, 0x6f1f6176, 0x646e6163, 0x6f766172, 0x736c6577, 0x636e6769, 
0x72646e61, 0x6e696261, 0x65647564, 0x6f1e6176, 0x726f6873, 0x776f7674, 0x69736c65, 0x61636e67, 
0x6172646e, 0x646e6962, 0x76656475, 0x766f1961, 0x6c65776f, 0x6e676973, 0x646e6163, 0x69626172, 
0x6475646e, 0x1a617665, 0x6f767561, 0x736c6577, 0x636e6769, 0x72646e61, 0x6e696261, 0x65647564, 
0x611a6176, 0x776f7677, 0x69736c65, 0x61636e67, 0x6172646e, 0x646e6962, 0x76656475, 0x76691961, 
0x6c65776f, 0x6e676973, 0x646e6163, 0x69626172, 0x6475646e, 0x1b617665, 0x776f7669, 0x69736c65, 
0x61636e67, 0x6172646e, 0x646e6962, 0x64313075, 0x1b617665, 0x776f7669, 0x69736c65, 0x61636e67, 
0x6172646e, 0x646e6962, 0x64323075, 0x1b617665, 0x776f7669, 0x69736c65, 0x61636e67, 0x6172646e, 
0x646e6962, 0x64333075, 0x1b617665, 0x776f7669, 0x69736c65, 0x61636e67, 0x6172646e, 0x646e6962, 
0x64343075, 0x1b617665, 0x776f7669, 0x69736c65, 0x61636e67, 0x6172646e, 0x646e6962, 0x64353075, 
0x1b617665, 0x776f7669, 0x69736c65, 0x61636e67, 0x6172646e, 0x646e6962, 0x64363075, 0x1b617665, 
0x776f7669, 0x69736c65, 0x61636e67, 0x6172646e, 0x646e6962, 0x64373075, 0x1b617665, 0x776f7669, 
0x69736c65, 0x61636e67, 0x6172646e, 0x646e6962, 0x64383075, 0x1b617665, 0x776f7669, 0x69736c65, 
0x61636e67, 0x6172646e, 0x646e6962, 0x64393075, 0x1b617665, 0x776f7669, 0x69736c65, 0x61636e67, 
0x6172646e, 0x646e6962, 0x64303175, 0x1b617665, 0x776f7669, 0x69736c65, 0x61636e67, 0x6172646e, 
0x646e6962, 0x64313175, 0x16617665, 0x6f766969, 0x636c6577, 0x72646e61, 0x6e696261, 0x65647564, 
0x69176176, 0x776f7669, 0x61636c65, 0x6172646e, 0x646e6962, 0x65643175, 0x69176176, 0x776f7669, 
0x61636c65, 0x6172646e, 0x646e6962, 0x65643275, 0x69176176, 0x776f7669, 0x61636c65, 0x6172646e, 
0x646e6962, 0x65643375, 0x6f1e6176, 0x776f7665, 0x69736c65, 0x65726e67, 0x61636870, 0x6172646e, 
0x646e6962, 0x76656475, 0x6f6f1f61, 0x776f7665, 0x69736c65, 0x65726e67, 0x61636870, 0x6172646e, 
0x646e6962, 0x76656475, 0x63651f61, 0x72646e61, 0x776f7661, 0x65726c65, 0x61636870, 0x6172646e, 
0x646e6962, 0x76656475, 0x73651e61, 0x74726f68, 0x65776f76, 0x7065726c, 0x6e616368, 0x62617264, 
0x75646e69, 0x61766564, 0x6f76651d, 0x736c6577, 0x726e6769, 0x63687065, 0x72646e61, 0x6e696261, 
0x65647564, 0x611e6176, 0x776f7669, 0x69736c65, 0x65726e67, 0x61636870, 0x6172646e, 0x646e6962, 
0x76656475, 0x636f1f61, 0x72646e61, 0x776f7661, 0x65726c65, 0x61636870, 0x6172646e, 0x646e6962, 
0x76656475, 0x736f1e61, 0x74726f68, 0x65776f76, 0x7065726c, 0x6e616368, 0x62617264, 0x75646e69, 
0x61766564, 0x6f766f1d, 0x736c6577, 0x726e6769, 0x63687065, 0x72646e61, 0x6e696261, 0x65647564, 
0x611e6176, 0x776f7675, 0x69736c65, 0x65726e67, 0x61636870, 0x6172646e, 0x646e6962, 0x76656475, 
0x77611e61, 0x65776f76, 0x6769736c, 0x7065726e, 0x6e616368, 0x62617264, 0x75646e69, 0x61766564, 
0x6f76691d, 0x736c6577, 0x726e6769, 0x63687065, 0x72646e61, 0x6e696261, 0x65647564, 0x691f6176, 
0x65776f76, 0x6769736c, 0x7065726e, 0x6e616368, 0x62617264, 0x75646e69, 0x65643130, 0x691f6176, 
0x65776f76, 0x6769736c, 0x7065726e, 0x6e616368, 0x62617264, 0x75646e69, 0x65643230, 0x691f6176, 
0x65776f76, 0x6769736c, 0x7065726e, 0x6e616368, 0x62617264, 0x75646e69, 0x65643330, 0x691f6176, 
0x65776f76, 0x6769736c, 0x7065726e, 0x6e616368, 0x62617264, 0x75646e69, 0x65643430, 0x691f6176, 
0x65776f76, 0x6769736c, 0x7065726e, 0x6e616368, 0x62617264, 0x75646e69, 0x65643530, 0x691f6176, 
0x65776f76, 0x6769736c, 0x7065726e, 0x6e616368, 0x62617264, 0x75646e69, 0x65643630, 0x691f6176, 
0x65776f76, 0x6769736c, 0x7065726e, 0x6e616368, 0x62617264, 0x75646e69, 0x65643730, 0x691f6176, 
0x65776f76, 0x6769736c, 0x7065726e, 0x6e616368, 0x62617264, 0x75646e69, 0x65643830, 0x691f6176, 
0x65776f76, 0x6769736c, 0x7065726e, 0x6e616368, 0x62617264, 0x75646e69, 0x65643930, 0x691f6176, 
0x65776f76, 0x6769736c, 0x7065726e, 0x6e616368, 0x62617264, 0x75646e69, 0x65643031, 0x691f6176, 
0x65776f76, 0x6769736c, 0x7065726e, 0x6e616368, 0x62617264, 0x75646e69, 0x65643131, 0x691e6176, 
0x776f7669, 0x69736c65, 0x65726e67, 0x61636870, 0x6172646e, 0x646e6962, 0x76656475, 0x69691f61, 
0x65776f76, 0x6769736c, 0x7065726e, 0x6e616368, 0x62617264, 0x75646e69, 0x76656431, 0x69691f61, 
0x65776f76, 0x6769736c, 0x7065726e, 0x6e616368, 0x62617264, 0x75646e69, 0x76656432, 0x69691f61, 
0x65776f76, 0x6769736c, 0x7065726e, 0x6e616368, 0x62617264, 0x75646e69, 0x76656433, 0x61761461, 
0x72757474, 0x636f7672, 0x63696c61, 0x65644955, 0x76136176, 0x75747461, 0x636f766c, 0x63696c61, 
0x65644955, 0x76146176, 0x75747461, 0x6f766c6c, 0x696c6163, 0x64495563, 0x0b617665, 0x5f656e6f, 
0x64656e6f, 0x09617665, 0x5f6f7774, 0x76656475, 0x68740c61, 0x5f656572, 0x6564616b, 0x6f0a6176, 
0x725f656e, 0x76656461, 0x77740a61, 0x61725f6f, 0x61766564, 0x7268740c, 0x725f6565, 0x76656461, 
0x6f660b61, 0x725f7275, 0x76656461, 0x69660b61, 0x725f6576, 0x76656461, 0x77741061, 0x76615f6f, 
0x61726761, 0x65646168, 0x740b6176, 0x755f6f77, 0x4331696e, 0x76093044, 0x61725f69, 0x61766564, 
0x7369760f, 0x61677261, 0x696e755f, 0x32454331, 0x7369760f, 0x61677261, 0x696e755f, 0x34454331, 
0x7369760f, 0x61677261, 0x696e755f, 0x35454331, 0x7369760f, 0x61677261, 0x696e755f, 0x38454331, 
0x696e750b, 0x31454331, 0x746c612e, 0x6168730f, 0x636f7672, 0x63696c61, 0x61766564, 0x6179610e, 
0x7673756e, 0x64617261, 0x17617665, 0x6e617961, 0x61767375, 0x6f766172, 0x736c6577, 0x646e6769, 
0x1a617665, 0x6f767961, 0x736c6577, 0x636e6769, 0x72646e61, 0x6e696261, 0x65647564, 0x61136176, 
0x776f7679, 0x69736c65, 0x65726e67, 0x65646870, 0x611b6176, 0x776f7679, 0x69736c65, 0x65726e67, 
0x6e616870, 0x61767375, 0x65646172, 0x611e6176, 0x776f7679, 0x69736c65, 0x65726e67, 0x61636870, 
0x6172646e, 0x646e6962, 0x76656475, 0x61720861, 0x65646179, 0x6d116176, 0x61777261, 0x64646972, 
0x61646461, 0x61766564, 0x72616d12, 0x69726177, 0x64616464, 0x64616864, 0x10617665, 0x7772616d, 
0x64697261, 0x61796164, 0x61766564, 0x72616310, 0x6f636e6f, 0x61616d6d, 0x6e656363, 0x6f631174, 
0x61616d6d, 0x6e656363, 0x746f7274, 0x00657461, 0x01000100, 0x0f00ffff, 0x02000100, 0x00000e00, 
0xde02d602, 0x0200ba03, 0x26007600, 0x01003f00, 0x5f004600, 0x6c000100, 0x01006c00, 0x75007500, 
0x78000100, 0x01008e00, 0xae009000, 0xb0000100, 0x01001f01, 0x3c012a01, 0x40010300, 0x01004001, 
0x45014201, 0x48010100, 0x01004901, 0x4e014e01, 0x52010100, 0x01005201, 0x54015401, 0x58010100, 
0x01005b01, 0x5f015f01, 0x64010100, 0x01006401, 0x6a016901, 0x6c010100, 0x01006d01, 0x72017201, 
0x73010100, 0x03007301, 0x75017501, 0x76010300, 0x01007601, 0x81017a01, 0x86010300, 0x03008601, 
0x90018a01, 0x91010300, 0x01009101, 0x97019501, 0x99010100, 0x01009a01, 0x9c019b01, 0x9f010300, 
0x0100a801, 0xb101b101, 0xb7010100, 0x0100b701, 0xbb01b901, 0xbd010300, 0x0300c801, 0xd101cb01, 
0xd2010300, 0x0100d501, 0xd601d601, 0xd7010300, 0x0100d901, 0xdd01dd01, 0xe0010300, 0x0300e101, 
0xea01e201, 0xec010100, 0x0300ed01, 0xfd01fd01, 0x00020300, 0x01000002, 0x1c020b02, 0x1d020300, 
0x01002202, 0x25022502, 0x2a020300, 0x03002a02, 0x2e022e02, 0x30020100, 0x01003302, 0x36023602, 
0x3c020100, 0x01003d02, 0x40024002, 0x42020100, 0x01004202, 0x46024502, 0x4a020100, 0x01004a02, 
0x59025802, 0xa1020300, 0x0100a102, 0xa502a502, 0xa7020100, 0x0100a702, 0xae02ab02, 0xb2020100, 
0x0100b202, 0xb602b602, 0xbb020100, 0x0100bb02, 0xbd02bd02, 0xc2020100, 0x0100c302, 0xc802c802, 
0xcc020100, 0x0100cc02, 0xce02ce02, 0xd2020100, 0x0100d502, 0xd902d902, 0xdd020100, 0x0100dd02, 
0xe402e402, 0x35030100, 0x01003503, 0x39033703, 0x3c030100, 0x01003d03, 0x3f033f03, 0x41030100, 
0x01005203, 0x55035303, 0x5c030300, 0x03006403, 0x67036603, 0x77030300, 0x03007703, 0x7c037c03, 
0x7f030100, 0x01008003, 0x8f038f03, 0x92030100, 0x01009303, 0x97039603, 0x9a030100, 0x01009a03, 
0x9f039c03, 0xa1030100, 0x0100a103, 0xa503a303, 0xa8030100, 0x0100a803, 0xb203ae03, 0xb4030100, 
0x0100b403, 0xb603b603, 0xbb030100, 0x0100bc03, 0xc903c903, 0xcb030100, 0x0100cc03, 0xd303d303, 
0xd5030100, 0x0100d603, 0xd803d803, 0xde030100, 0x0100e903, 0xef03ee03, 0xf2030100, 0x0100f303, 
0x29042904, 0x36040300, 0x03004904, 0x59044a04, 0x5b040100, 0x03007004, 0x76047204, 0x77040300, 
0x01007804, 0x7a047904, 0x7c040300, 0x03007f04, 0x95049504, 0x97040300, 0x03009a04, 0xbd04b004, 
0xc5040300, 0x0300c904, 0xcc04cb04, 0x04000100, 0x02000000, 0x02000000, 0x39012400, 0x01003b01, 
0x73017301, 0x75010100, 0x02007501, 0x7d017a01, 0x7e010200, 0x01008101, 0x86018601, 0x8a010200, 
0x01008a01, 0x8b018b01, 0x8c010200, 0x01008e01, 0x90018f01, 0x9b010200, 0x02009c01, 0xbb01b901, 
0xbe010100, 0x0200c201, 0xc401c301, 0xc5010100, 0x0200c801, 0xd601d601, 0xdd010200, 0x0100dd01, 
0xe101e001, 0xfd010100, 0x0100fd01, 0x1c020b02, 0x2a020100, 0x01002a02, 0x58025802, 0x59020100, 
0x02005902, 0x55035303, 0x5c030100, 0x01006703, 0x77037703, 0x29040100, 0x01002904, 0x49043604, 
0x5b040200, 0x02007604, 0x7a047904, 0x7c040100, 0x01007f04, 0x95049504, 0x97040100, 0x01009a04, 
0xb204b004, 0xb3040200, 0x0100bd04, 0xc904c504, 0x01000100, 0x00000400, 0x00001400, 0x00001a00, 
0x00002400, 0x01002e00, 0xc8010100, 0x03000100, 0x37013601, 0x02003801, 0x2a010100, 0x00003501, 
0x02000200, 0x3c013c01, 0xcc010000, 0x0100d101, 0x00000100, 0x22010a00, 0x04004402, 0x544c4644, 
0x65641a00, 0x42003276, 0x61766564, 0x616cc200, 0xcc006e74, 0x00000400, 0xffff0000, 0x00000f00, 
0x02000100, 0x04000300, 0x06000500, 0x09000700, 0x10000e00, 0x12001100, 0x14001300, 0x02001000, 
0x2052414d, 0x454e3400, 0x5a002050, 0xffff0000, 0x00000f00, 0x02000100, 0x04000300, 0x06000500, 
0x09000700, 0x10000e00, 0x12001100, 0x14001300, 0xffff0000, 0x00001000, 0x02000100, 0x04000300, 
0x06000500, 0x09000700, 0x0e000b00, 0x11001000, 0x13001200, 0x00001400, 0x1000ffff, 0x01000000, 
0x03000200, 0x05000400, 0x08000600, 0x0c000900, 0x0f000e00, 0x12001100, 0x14001300, 0x00000400, 
0xffff0000, 0x10000000, 0x4f4d0200, 0x3400204c, 0x204d4f52, 0x00004000, 0x0f00ffff, 0x01000000, 
0x03000200, 0x05000400, 0x07000600, 0x0e000900, 0x11001000, 0x13001200, 0x00001400, 0x0300ffff, 
0x05000000, 0x00000d00, 0x0300ffff, 0x05000000, 0x15000a00, 0x746c6161, 0x62618000, 0x86007376, 
0x6e686b61, 0x6c629800, 0x9e006677, 0x73776c62, 0x6363a400, 0xb800706d, 0x74636a63, 0x6168c000, 
0xc600666c, 0x666c6168, 0x6168cc00, 0xd2006e6c, 0x6c636f6c, 0x6f6cd800, 0xde006c63, 0x6c636f6c, 
0x6f6ce400, 0xea006c63, 0x746b756e, 0x7270f000, 0xf6007365, 0x73657270, 0x7370fc00, 0x02017374, 
0x66726b72, 0x70720c01, 0x14016668, 0x75746176, 0x00001a01, 0x00000100, 0x07000000, 0x63013801, 
0x65016401, 0x68016601, 0x00006f01, 0x27000100, 0x01000000, 0x00003301, 0x70010800, 0x74017201, 
0x76017501, 0x78017701, 0x00007901, 0x85010200, 0x00008701, 0x35010100, 0x01000000, 0x00002900, 
0xb2000100, 0x01000000, 0x00007a01, 0x89010100, 0x01000000, 0x00002100, 0x22000100, 0x01000000, 
0x00008801, 0x26000100, 0x01000000, 0x00003701, 0x36010100, 0x03000000, 0x7c017b01, 0x00008001, 
0x23000200, 0x00002400, 0x28000100, 0x02000000, 0x84018201, 0x16038a01, 0x26031e03, 0x36032e03, 
0x46033e03, 0x56034e03, 0x66035e03, 0x76036e03, 0x86037e03, 0x96038e03, 0xa6039e03, 0xb603ae03, 
0xc603be03, 0xd603ce03, 0xe603de03, 0xf603ee03, 0x0604fe03, 0x16040e04, 0x26041e04, 0x36042e04, 
0x46043e04, 0x56044e04, 0x66045e04, 0x76046e04, 0x86047e04, 0x96048e04, 0xa6049e04, 0xb604ae04, 
0xc604be04, 0xd604ce04, 0xe604de04, 0xf604ee04, 0x0605fe04, 0x16050e05, 0x26051e05, 0x36052e05, 
0x46053e05, 0x56054e05, 0x66055e05, 0x76056e05, 0x86057e05, 0x96058e05, 0xa6059e05, 0xb605ae05, 
0xc605be05, 0xd605ce05, 0xe605de05, 0xf605ee05, 0x0606fe05, 0x16060e06, 0x26061e06, 0x36062e06, 
0x46063e06, 0x56064e06, 0x66065e06, 0x76066e06, 0x86067e06, 0x96068e06, 0xa6069e06, 0xb606ae06, 
0xc606be06, 0xd606ce06, 0xe606de06, 0xf606ee06, 0x0607fe06, 0x16070e07, 0x26071e07, 0x36072e07, 
0x46073e07, 0x56074e07, 0x66075e07, 0x76076e07, 0x86077e07, 0x96078e07, 0xa6079e07, 0xb607ae07, 
0xc607be07, 0xd607ce07, 0xe607de07, 0xf607ee07, 0x0608fe07, 0x16080e08, 0x26081e08, 0x36082e08, 
0x46083e08, 0x56084e08, 0x66085e08, 0x76086e08, 0x86087e08, 0x96088e08, 0xa6089e08, 0xb608ae08, 
0xc608be08, 0xd608ce08, 0xe608de08, 0xf608ee08, 0x0609fe08, 0x16090e09, 0x26091e09, 0x36092e09, 
0x46093e09, 0x56094e09, 0x66095e09, 0x76096e09, 0x86097e09, 0x96098e09, 0xa6099e09, 0xb609ae09, 
0xc609be09, 0xd609ce09, 0xe609de09, 0xf609ee09, 0x060afe09, 0x160a0e0a, 0x260a1e0a, 0x360a2e0a, 
0x460a3e0a, 0x560a4e0a, 0x660a5e0a, 0x760a6e0a, 0x860a7e0a, 0x960a8e0a, 0xa60a9e0a, 0xb60aae0a, 
0xc60abe0a, 0xd60ace0a, 0xe60ade0a, 0xf60aee0a, 0x060bfe0a, 0x160b0e0b, 0x260b1e0b, 0x360b2e0b, 
0x460b3e0b, 0x560b4e0b, 0x660b5e0b, 0x760b6e0b, 0x860b7e0b, 0x960b8e0b, 0xa60b9e0b, 0xb60bae0b, 
0xc60bbe0b, 0xd60bce0b, 0xe60bde0b, 0xf60bee0b, 0x060cfe0b, 0x160c0e0c, 0x260c1e0c, 0x360c2e0c, 
0x460c3e0c, 0x560c4e0c, 0x660c5e0c, 0x760c6e0c, 0x860c7e0c, 0x960c8e0c, 0xa60c9e0c, 0xb60cae0c, 
0xc60cbe0c, 0xd60cce0c, 0xe60cde0c, 0xf60cee0c, 0x060dfe0c, 0x160d0e0d, 0x260d1e0d, 0x360d2e0d, 
0x460d3e0d, 0x560d4e0d, 0x660d5e0d, 0x760d6e0d, 0x860d7e0d, 0x960d8e0d, 0xa60d9e0d, 0xb60dae0d, 
0xc60dbe0d, 0xd60dce0d, 0xe60dde0d, 0xf60dee0d, 0x060efe0d, 0x160e0e0e, 0x260e1e0e, 0x360e2e0e, 
0x460e3e0e, 0x580e500e, 0x82107a10, 0x92108a10, 0xa2109a10, 0xb210aa10, 0xc210ba10, 0xd210ca10, 
0xe610da10, 0x0611fe10, 0x1c111411, 0x2c112411, 0x40113811, 0x50114811, 0x62115a11, 0x74116c11, 
0x84117c11, 0x94118c11, 0x01009c11, 0x01000000, 0x01008e0e, 0x01000000, 0x0100cc0e, 0x01000000, 
0x0100da0e, 0x01000000, 0x0100e80e, 0x01000000, 0x0100f60e, 0x01000000, 0x0100040f, 0x01000000, 
0x0100080f, 0x01000000, 0x01000c0f, 0x01000000, 0x0100100f, 0x01000000, 0x0100140f, 0x01000000, 
0x0200180f, 0x01000000, 0x01001c0f, 0x01000000, 0x0100840f, 0x01000000, 0x01009a0f, 0x01000000, 
0x0100a20f, 0x01000000, 0x0100aa0f, 0x01000000, 0x0100b20f, 0x01000000, 0x0200ba0f, 0x01000000, 
0x0200c20f, 0x01000000, 0x0100a610, 0x01000000, 0x01008212, 0x01000000, 0x04009c12, 0x01000000, 
0x0200a612, 0x01000000, 0x0100ee12, 0x01000000, 0x02003815, 0x01000000, 0x01003c15, 0x01000000, 
0x04007615, 0x01000000, 0x0100d415, 0x01000000, 0x01001c16, 0x01000000, 0x01002616, 0x01000000, 
0x01003016, 0x01000000, 0x02003a16, 0x01000000, 0x01003e16, 0x01000000, 0x01008e17, 0x01000000, 
0x04009817, 0x01000000, 0x0600c617, 0x01000000, 0x04004a1c, 0x01000000, 0x04006e1c, 0x01000000, 
0x04007e1c, 0x01000000, 0x0400621f, 0x01000000, 0x0600841f, 0x01000000, 0x0400941f, 0x01000000, 
0x0400aa2a, 0x01000000, 0x0400ba2a, 0x01000000, 0x0400ca2a, 0x01000000, 0x0400da2a, 0x01000000, 
0x0400ea2a, 0x01000000, 0x0400fa2a, 0x01000000, 0x04000a2b, 0x01000000, 0x04001a2b, 0x01000000, 
0x04002a2b, 0x01000000, 0x04003a2b, 0x01000000, 0x04004a2b, 0x01000000, 0x04005a2b, 0x01000000, 
0x04006a2b, 0x01000000, 0x04007a2b, 0x01000000, 0x04008a2b, 0x01000000, 0x04009a2b, 0x01000000, 
0x0400aa2b, 0x01000000, 0x0400ba2b, 0x01000000, 0x0400ca2b, 0x01000000, 0x0400da2b, 0x01000000, 
0x0400ea2b, 0x01000000, 0x0400fa2b, 0x01000000, 0x04000a2c, 0x01000000, 0x04001a2c, 0x01000000, 
0x04002a2c, 0x01000000, 0x04003a2c, 0x01000000, 0x04004a2c, 0x01000000, 0x04005a2c, 0x01000000, 
0x04006a2c, 0x01000000, 0x04007a2c, 0x01000000, 0x04008a2c, 0x01000000, 0x04009a2c, 0x01000000, 
0x0400aa2c, 0x01000000, 0x0400ba2c, 0x01000000, 0x0400ca2c, 0x01000000, 0x0400da2c, 0x01000000, 
0x0400ea2c, 0x01000000, 0x0400fa2c, 0x01000000, 0x04000a2d, 0x01000000, 0x04001a2d, 0x01000000, 
0x04002a2d, 0x01000000, 0x04003a2d, 0x01000000, 0x04004a2d, 0x01000000, 0x04005a2d, 0x01000000, 
0x04006a2d, 0x01000000, 0x04007a2d, 0x01000000, 0x04008a2d, 0x01000000, 0x04009a2d, 0x01000000, 
0x0400aa2d, 0x01000000, 0x0400ba2d, 0x01000000, 0x0400ca2d, 0x01000000, 0x0400da2d, 0x01000000, 
0x0400ea2d, 0x01000000, 0x0400fa2d, 0x01000000, 0x04000a2e, 0x01000000, 0x04001a2e, 0x01000000, 
0x04002a2e, 0x01000000, 0x04003a2e, 0x01000000, 0x04004a2e, 0x01000000, 0x04005a2e, 0x01000000, 
0x04006a2e, 0x01000000, 0x04007a2e, 0x01000000, 0x04008a2e, 0x01000000, 0x04009a2e, 0x01000000, 
0x0400aa2e, 0x01000000, 0x0400ba2e, 0x01000000, 0x0400ca2e, 0x01000000, 0x0400da2e, 0x01000000, 
0x0400ea2e, 0x01000000, 0x0400fa2e, 0x01000000, 0x04000a2f, 0x01000000, 0x04001a2f, 0x01000000, 
0x04002a2f, 0x01000000, 0x04003a2f, 0x01000000, 0x04004a2f, 0x01000000, 0x04005a2f, 0x01000000, 
0x04006a2f, 0x01000000, 0x04007a2f, 0x01000000, 0x04008a2f, 0x01000000, 0x04009a2f, 0x01000000, 
0x0400aa2f, 0x01000000, 0x0400ba2f, 0x01000000, 0x0400ca2f, 0x01000000, 0x0400da2f, 0x01000000, 
0x0400ea2f, 0x01000000, 0x0400fa2f, 0x01000000, 0x04000a30, 0x01000000, 0x04001a30, 0x01000000, 
0x04002a30, 0x01000000, 0x04003a30, 0x01000000, 0x04004a30, 0x01000000, 0x04005a30, 0x01000000, 
0x04006a30, 0x01000000, 0x04007a30, 0x01000000, 0x04008a30, 0x01000000, 0x04009a30, 0x01000000, 
0x0400aa30, 0x01000000, 0x0400ba30, 0x01000000, 0x0400ca30, 0x01000000, 0x0400da30, 0x01000000, 
0x0400ea30, 0x01000000, 0x0400fa30, 0x01000000, 0x04000a31, 0x01000000, 0x04001a31, 0x01000000, 
0x04002a31, 0x01000000, 0x04003a31, 0x01000000, 0x04004a31, 0x01000000, 0x04005a31, 0x01000000, 
0x04006a31, 0x01000000, 0x04007a31, 0x01000000, 0x04008a31, 0x01000000, 0x04009a31, 0x01000000, 
0x0400aa31, 0x01000000, 0x0400ba31, 0x01000000, 0x0400ca31, 0x01000000, 0x0400da31, 0x01000000, 
0x0400ea31, 0x01000000, 0x0400fa31, 0x01000000, 0x04000a32, 0x01000000, 0x04001a32, 0x01000000, 
0x04002a32, 0x01000000, 0x04003a32, 0x01000000, 0x04004a32, 0x01000000, 0x04005a32, 0x01000000, 
0x04006a32, 0x01000000, 0x04007a32, 0x01000000, 0x04008a32, 0x01000000, 0x04009a32, 0x01000000, 
0x0400aa32, 0x01000000, 0x0400ba32, 0x01000000, 0x0400ca32, 0x01000000, 0x0400da32, 0x01000000, 
0x0400ea32, 0x01000000, 0x0400fa32, 0x01000000, 0x04000a33, 0x01000000, 0x06001a33, 0x01000000, 
0x04002a33, 0x01000000, 0x0400c23d, 0x01000000, 0x0400d23d, 0x01000000, 0x0400e23d, 0x01000000, 
0x0400f23d, 0x01000000, 0x0400023e, 0x01000000, 0x0400123e, 0x01000000, 0x0400223e, 0x01000000, 
0x0400323e, 0x01000000, 0x0400423e, 0x01000000, 0x0400523e, 0x01000000, 0x0400623e, 0x01000000, 
0x0400723e, 0x01000000, 0x0400823e, 0x01000000, 0x0400923e, 0x01000000, 0x0400a23e, 0x01000000, 
0x0400b23e, 0x01000000, 0x0400c23e, 0x01000000, 0x0400d23e, 0x01000000, 0x0400e23e, 0x01000000, 
0x0400f23e, 0x01000000, 0x0400023f, 0x01000000, 0x0400123f, 0x01000000, 0x0400223f, 0x01000000, 
0x0400323f, 0x01000000, 0x0400423f, 0x01000000, 0x0400523f, 0x01000000, 0x0400623f, 0x01000000, 
0x0400723f, 0x01000000, 0x0400823f, 0x01000000, 0x0400923f, 0x01000000, 0x0400a23f, 0x01000000, 
0x0400b23f, 0x01000000, 0x0400c23f, 0x01000000, 0x0400d23f, 0x01000000, 0x0400e23f, 0x01000000, 
0x0400f23f, 0x01000000, 0x04000240, 0x01000000, 0x04001240, 0x01000000, 0x04002240, 0x01000000, 
0x04003240, 0x01000000, 0x04004240, 0x01000000, 0x04005240, 0x01000000, 0x04006240, 0x01000000, 
0x04007240, 0x01000000, 0x04008240, 0x01000000, 0x04009240, 0x01000000, 0x0400a240, 0x01000000, 
0x0400b240, 0x01000000, 0x0400c240, 0x01000000, 0x0400d240, 0x01000000, 0x0400e240, 0x01000000, 
0x0400f240, 0x01000000, 0x04000241, 0x01000000, 0x04001241, 0x01000000, 0x04002241, 0x01000000, 
0x04003241, 0x01000000, 0x04004241, 0x01000000, 0x04005241, 0x01000000, 0x04006241, 0x01000000, 
0x04007241, 0x01000000, 0x04008241, 0x01000000, 0x04009241, 0x01000000, 0x0400a241, 0x01000000, 
0x0400b241, 0x01000000, 0x0400c241, 0x01000000, 0x0400d241, 0x01000000, 0x0400e241, 0x01000000, 
0x0400f241, 0x01000000, 0x04000242, 0x01000000, 0x04001242, 0x01000000, 0x04002242, 0x01000000, 
0x04003242, 0x01000000, 0x04004242, 0x01000000, 0x04005242, 0x01000000, 0x04006242, 0x01000000, 
0x04007242, 0x01000000, 0x04008242, 0x01000000, 0x04009242, 0x01000000, 0x0400a242, 0x01000000, 
0x0400b242, 0x01000000, 0x0400c242, 0x01000000, 0x0400d242, 0x01000000, 0x0400e242, 0x01000000, 
0x0400f242, 0x01000000, 0x04000243, 0x01000000, 0x04001243, 0x01000000, 0x04002243, 0x01000000, 
0x04003243, 0x01000000, 0x04004243, 0x01000000, 0x04005243, 0x01000000, 0x04006243, 0x01000000, 
0x04007243, 0x01000000, 0x04008243, 0x01000000, 0x04009243, 0x01000000, 0x0400a243, 0x01000000, 
0x0400b243, 0x01000000, 0x0400c243, 0x01000000, 0x0400d243, 0x01000000, 0x0400e243, 0x01000000, 
0x0400f243, 0x01000000, 0x04000244, 0x01000000, 0x04001244, 0x01000000, 0x04002244, 0x01000000, 
0x04003244, 0x01000000, 0x04004244, 0x01000000, 0x04005244, 0x01000000, 0x04006244, 0x01000000, 
0x04007244, 0x01000000, 0x04008244, 0x01000000, 0x04009244, 0x01000000, 0x0400a244, 0x01000000, 
0x0400b244, 0x01000000, 0x0400c244, 0x01000000, 0x0400d244, 0x01000000, 0x0400e244, 0x01000000, 
0x0400f244, 0x01000000, 0x04000245, 0x01000000, 0x04001245, 0x01000000, 0x04002245, 0x01000000, 
0x04003245, 0x01000000, 0x04004245, 0x01000000, 0x04005245, 0x01000000, 0x04006245, 0x01000000, 
0x04007245, 0x01000000, 0x04008245, 0x01000000, 0x04009245, 0x01000000, 0x0400a245, 0x01000000, 
0x0600b245, 0x01000000, 0x0200c245, 0x01000000, 0x0400e045, 0x01000000, 0x0400ec45, 0x01000000, 
0x04007e47, 0x01000000, 0x06001e4b, 0x01000000, 0x0200be4c, 0x01000000, 0x0200f050, 0x01000000, 
0x0200fc50, 0x01000000, 0x02000851, 0x01000000, 0x02001451, 0x01000000, 0x02002051, 0x01000000, 
0x02002c51, 0x01000000, 0x02003851, 0x01000000, 0x02004451, 0x01000000, 0x02005051, 0x01000000, 
0x02005c51, 0x01000000, 0x02006851, 0x01000000, 0x02007451, 0x01000000, 0x02008051, 0x01000000, 
0x02008c51, 0x01000000, 0x02009851, 0x01000000, 0x0200a451, 0x01000000, 0x0200b051, 0x01000000, 
0x0200bc51, 0x01000000, 0x0200c851, 0x01000000, 0x0200d451, 0x01000000, 0x0200e051, 0x01000000, 
0x0200ec51, 0x01000000, 0x0200f851, 0x01000000, 0x02000452, 0x01000000, 0x02001052, 0x01000000, 
0x02001c52, 0x01000000, 0x02002852, 0x01000000, 0x02003452, 0x01000000, 0x02004052, 0x01000000, 
0x02004c52, 0x01000000, 0x02005852, 0x01000000, 0x02006452, 0x01000000, 0x02007052, 0x01000000, 
0x02007c52, 0x01000000, 0x02008852, 0x01000000, 0x02009452, 0x01000000, 0x0200a052, 0x01000000, 
0x0200ac52, 0x01000000, 0x0200b852, 0x01000000, 0x0200c452, 0x01000000, 0x0200d052, 0x01000000, 
0x0500dc52, 0x01000000, 0x0400e852, 0x01000001, 0x04007853, 0x01000000, 0x06000c54, 0x02000000, 
0xf057d657, 0x00000100, 0x56580100, 0x00000600, 0x5a580e01, 0xc6587e58, 0xa6595859, 0x5a5afc59, 
0xc85a965a, 0x245bf45a, 0xa45b525b, 0x8e5cfc5b, 0x4a5de65c, 0xda5d805d, 0xd45e3a5e, 0xa05f345f, 
0x1c60d25f, 0xfe605260, 0xbc615661, 0x4862f661, 0x3a638662, 0x08649a63, 0x88643664, 0x7265de64, 
0x0066ca65, 0xb8665a66, 0xb4675467, 0x3c68e667, 0x2e699668, 0xc4698a69, 0x846a226a, 0x886b246b, 
0x086cb66b, 0xf26c466c, 0x7e6d486d, 0x1e6ed86d, 0x306fd26e, 0xb46f606f, 0x9470ea6f, 0x2871f070, 
0xc2718471, 0xd8727472, 0x58730673, 0x3a748673, 0xcc749674, 0x5c752675, 0x7c761876, 0x0477ae76, 
0xe2773277, 0x80784678, 0x1479de78, 0x387acc79, 0xba7a6e7a, 0x8c7bfc7a, 0x227ce47b, 0xc07c767c, 
0xb87d587d, 0x3e7eea7d, 0x0a7f6a7e, 0xa87f6e7f, 0x38800480, 0x4c81e080, 0xd6819481, 0xd0824482, 
0x6a832083, 0x7484e083, 0xf484a284, 0xde854c85, 0x6e861486, 0x6887ce86, 0xe8879687, 0xd2883688, 
0x62890889, 0x5c8ab889, 0xdc8a8a8a, 0xc48b1c8b, 0x548cfa8b, 0x4c8d9c8c, 0xd48d7e8d, 0xc48e168e, 
0x5c8ffe8e, 0x5c90a68f, 0xea909090, 0xd6912a91, 0x74921292, 0x7093bc92, 0xf893a293, 0xe0943094, 
0x78951a95, 0x7096b895, 0xf2969e96, 0xd0972297, 0x62980698, 0x50999a98, 0xda998499, 0xc49a149a, 
0x5e9b009b, 0x589ca09b, 0xd69c869c, 0xae9d029d, 0x3c9ee49d, 0x249f709e, 0xa29f529f, 0x72a0ca9f, 
0x00a1a8a0, 0xe0a130a1, 0x50a20ca2, 0x12a380a2, 0x92a346a3, 0x64a4caa3, 0xcea492a4, 0x6aa50aa5, 
0xe4a5a0a5, 0x90a628a6, 0x16a7c0a6, 0xa2a76aa7, 0x5ca800a8, 0xdca88aa8, 0x52a91ca9, 0xf4a9aca9, 
0x6eaa20aa, 0xccaa98aa, 0x54ab22ab, 0xcaab82ab, 0x30acfaab, 0xb8ac80ac, 0x38adfaac, 0xc8ad82ad, 
0x46aef4ad, 0xd4ae7aae, 0x5caf06af, 0xf4af96af, 0x8ab032b0, 0x30b1d0b0, 0xbcb164b1, 0x58b2f8b1, 
0xccb286b2, 0x50b302b3, 0x04b4a6b3, 0x010036b4, 0x01000000, 0x01004eb2, 0x01000000, 0x010052b2, 
0x01000000, 0x010056b2, 0x01000000, 0x01005ab2, 0x01000000, 0x01005eb2, 0x01000000, 0x050062b2, 
0x01000000, 0x060066b2, 0x01000002, 0x01007cb5, 0x01000002, 0x0600b6b5, 0x01000002, 0x0100c0b5, 
0x01000002, 0x0600e6b7, 0x01000000, 0x0500eab7, 0x03000000, 0xf6b890b8, 0x050038b9, 0x09000000, 
0xaab96ab9, 0xfeb9d6b9, 0x52ba28ba, 0xe2ba9cba, 0x04002abb, 0x01000000, 0x05002ebb, 0x04000002, 
0x12bec2bd, 0x9cbe58be, 0x00000500, 0xc0be0100, 0x00000400, 0x0ebf0100, 0x00000400, 0x0cc00100, 
0x00000600, 0x34c00300, 0xe8c0b8c0, 0x00000100, 0x20c10100, 0x00000100, 0x3ac10100, 0x00000100, 
0x54c10100, 0x00020600, 0x6ec10200, 0x01006cc2, 0x01000002, 0x0600a2c2, 0x02000000, 0xccc2a6c2, 
0x00000200, 0x00c30100, 0x00000200, 0x0cc30100, 0x00000600, 0x14c30100, 0x00000100, 0x30c30100, 
0x00000400, 0x3ac30100, 0x00000100, 0xacc30100, 0x00000100, 0xb2c30100, 0x24000200, 0x1b010f00, 
0xee031c01, 0xea03e503, 0xf703f603, 0xef03f803, 0xf103f003, 0xf303f203, 0xf503f403, 0x0f000100, 
0x01010001, 0x6b015601, 0xa4016f01, 0xa801a701, 0x62024302, 0xa9028802, 0xf302d002, 0x02001c03, 
0x03000c00, 0x58029901, 0x01007d01, 0x69010300, 0x58027d01, 0x0c000200, 0x44010300, 0x7c015802, 
0x03000100, 0x7c016901, 0x02005802, 0x03000c00, 0x58029a01, 0x01009c01, 0x69010300, 0x58029c01, 
0x0c000200, 0x45010300, 0x9b015802, 0x03000100, 0x9b016901, 0x01005802, 0x0b000600, 0x01000100, 
0x0100f903, 0x0a000600, 0x01000100, 0x0100f903, 0x09000600, 0x01000100, 0x0100f903, 0x08000600, 
0x01000100, 0x0100f903, 0x07000600, 0x01000100, 0x0100f903, 0x06000600, 0x01000100, 0x0100f903, 
0x0c006600, 0x24001e00, 0x30002a00, 0x3c003600, 0x48004200, 0x54004e00, 0x60005a00, 0xf9030200, 
0x02002904, 0x2904fa03, 0xfb030200, 0x02002904, 0x2904fc03, 0xfd030200, 0x02002904, 0x2904fe03, 
0xff030200, 0x02002904, 0x29040004, 0x01040200, 0x02002904, 0x29040204, 0x03040200, 0x02002904, 
0x29040404, 0x01000200, 0x0404f903, 0x02000000, 0x05001000, 0x29042904, 0x29042904, 0x01002904, 
0x3a010500, 0x58023b01, 0x79047703, 0x06000100, 0x02008c00, 0xf9030100, 0x00000404, 0x06000100, 
0x0200a700, 0xf9030100, 0x00000404, 0x06000100, 0x02002400, 0xf9030100, 0x00000404, 0x06000100, 
0x02001800, 0xf9030100, 0x00000404, 0x06000100, 0x02000c00, 0xf9030100, 0x00000404, 0xbe000100, 
0x30001500, 0x3c003600, 0x48004200, 0x54004e00, 0x62005a00, 0x72006a00, 0x82007a00, 0x92008a00, 
0x9e009800, 0xaa00a400, 0xb600b000, 0x52010200, 0x02002904, 0x29045401, 0x58010200, 0x02002904, 
0x29045901, 0x5a010200, 0x02002904, 0x29045b01, 0x6c010200, 0x03002904, 0x75015201, 0x03002904, 
0x75015401, 0x03002904, 0x75015801, 0x03002904, 0x75015901, 0x03002904, 0x75015a01, 0x03002904, 
0x75015b01, 0x03002904, 0x75016c01, 0x02002904, 0x29049603, 0xbb030200, 0x02002904, 0x2904cb03, 
0xd3030200, 0x02002904, 0x2904d603, 0xe5030200, 0x03002904, 0x7501e503, 0x01002904, 0xa5021500, 
0xab02a702, 0xad02ac02, 0xbd02ae02, 0xce02cc02, 0xd302d202, 0xd502d402, 0x9703e402, 0xcc03bc03, 
0xd803d503, 0xe803e703, 0x84010100, 0x62002e00, 0x6e006800, 0x7a007400, 0x86008000, 0x92008c00, 
0x9e009800, 0xaa00a400, 0xb600b000, 0xc200bc00, 0xd000ca00, 0xdc00d600, 0xe800e200, 0xf400ee00, 
0x0001fa00, 0x0c010601, 0x1a011201, 0x28012001, 0x36013001, 0x44013c01, 0x52014c01, 0x5e015801, 
0x6a016401, 0x76017001, 0x02007c01, 0x59024a04, 0x4b040200, 0x02005902, 0x59024c04, 0x4d040200, 
0x02005902, 0x59024e04, 0x4f040200, 0x02005902, 0x59025004, 0x52040200, 0x02005902, 0x59025304, 
0x54040200, 0x02005902, 0x59025504, 0x56040200, 0x02005902, 0x59025704, 0x58040200, 0x02005902, 
0x50015e02, 0x5e020200, 0x03006701, 0x4b045f02, 0x02005902, 0x58016402, 0x64020200, 0x02005901, 
0x59016502, 0x66020200, 0x02005b01, 0x5a016602, 0x67020200, 0x02005b01, 0x51016b02, 0x6b020200, 
0x02005001, 0x65016b02, 0x6b020200, 0x02006601, 0x6e016b02, 0x6b020200, 0x03006001, 0x6c026b02, 
0x02006801, 0x5f016b02, 0x6d020300, 0x59024e04, 0x75020300, 0x59024e04, 0x5a040200, 0x02005301, 
0x6e015a04, 0x79020300, 0x59024c04, 0x79020300, 0x59024d04, 0x7b020200, 0x02005c01, 0x61017b02, 
0x7b020200, 0x02006701, 0x68017b02, 0x7b020200, 0x02006b01, 0x6e017b02, 0x51040200, 0x02005902, 
0x59025904, 0xb1010300, 0x5b018601, 0x2e000100, 0xa702a502, 0xac02ab02, 0xae02ad02, 0xcc02bd02, 
0xd202ce02, 0xd402d302, 0xe402d502, 0x93039203, 0x9c039703, 0xa1039e03, 0xa403a303, 0xae03a803, 
0xb003af03, 0xb203b103, 0xb503b403, 0xbc03b603, 0xcf03cc03, 0xd503d003, 0xdf03d803, 0xe103e003, 
0xe303e203, 0xe703e403, 0xcc04e803, 0x12000200, 0x6e040600, 0x70046f04, 0x75047404, 0x01007604, 
0x7a010600, 0x7c017b01, 0x8f018601, 0x02009001, 0x02000a00, 0x43043f04, 0x02000100, 0x9c019b01, 
0x4a000100, 0x08000100, 0x12000800, 0x1e001800, 0x2a002400, 0x36003000, 0x49043c00, 0x90010200, 
0x02004704, 0x44048f01, 0x9c010200, 0x02004104, 0x3e049b01, 0x7d010200, 0x02003c04, 0x3a047c01, 
0x7b010200, 0x02003704, 0x01007a01, 0x75010100, 0xee010100, 0x80003d00, 0x8c008600, 0x98009200, 
0xa4009e00, 0xb000aa00, 0xbc00b600, 0xc800c200, 0xd400ce00, 0xe000da00, 0xec00e600, 0xf800f200, 
0x0401fe00, 0x10010a01, 0x1c011601, 0x28012201, 0x34012e01, 0x40013a01, 0x4c014601, 0x58015201, 
0x64015e01, 0x70016a01, 0x7c017601, 0x88018201, 0x94018e01, 0xa0019a01, 0xac01a601, 0xb801b201, 
0xc401be01, 0xd001ca01, 0xdc01d601, 0xe801e201, 0x61010200, 0x02007501, 0x75016c01, 0x4e010200, 
0x02007501, 0x75015001, 0x55010200, 0x02007501, 0x75015a01, 0x5b010200, 0x02007501, 0x75016401, 
0x68010200, 0x02007501, 0x75015101, 0x52010200, 0x02007501, 0x75015301, 0x54010200, 0x02007501, 
0x75015601, 0x57010200, 0x02007501, 0x75015801, 0x59010200, 0x02007501, 0x75015c01, 0x5d010200, 
0x02007501, 0x75015e01, 0x5f010200, 0x02007501, 0x75016001, 0x63010200, 0x02007501, 0x75016501, 
0x66010200, 0x02007501, 0x75016701, 0x6b010200, 0x02007501, 0x75016e01, 0x6f010200, 0x02007501, 
0x75017001, 0xa1020200, 0x02007501, 0x7501a302, 0xa4020200, 0x02007501, 0x7501a602, 0xa8020200, 
0x02007501, 0x7501a902, 0xaa020200, 0x02007501, 0x7501af02, 0xb0020200, 0x02007501, 0x7501b102, 
0xb2020200, 0x02007501, 0x7501b302, 0xb4020200, 0x02007501, 0x7501b502, 0xb6020200, 0x02007501, 
0x7501b702, 0xb8020200, 0x02007501, 0x7501b902, 0xba020200, 0x02007501, 0x7501bc02, 0xbd020200, 
0x02007501, 0x7501be02, 0xbf020200, 0x02007501, 0x7501c002, 0xc1020200, 0x02007501, 0x7501c202, 
0xe5030200, 0x02007501, 0x7501e703, 0xea030200, 0x02007501, 0x7501ee03, 0xf2030200, 0x02007501, 
0x62011000, 0x00006201, 0x6d016d01, 0x91010100, 0x02009101, 0x98019301, 0x3f020300, 0x09005302, 
0xc802c802, 0xca021e00, 0x1f00cb02, 0xcd02cd02, 0xcf022100, 0x2200d102, 0xe102d602, 0xe3022500, 
0x3100e902, 0xe603e603, 0xe8033800, 0x3900e803, 0xec03ec03, 0xef033a00, 0x3b00ef03, 0xf303f303, 
0x01003c00, 0xbe020600, 0x01000100, 0x01007a01, 0x05003400, 0x18001000, 0x28002000, 0x03002e00, 
0x58016402, 0x03007b01, 0x59016402, 0x03007b01, 0x5a016602, 0x02007b01, 0x4c047902, 0x79020200, 
0x01004d04, 0x9d030500, 0xa5039f03, 0xd603d303, 0x34000200, 0x4a041700, 0x4c044b04, 0x4e044d04, 
0x50044f04, 0x72047104, 0x35037304, 0x3f033703, 0x72044103, 0x5b047304, 0x61045e04, 0xb104b004, 
0x6704b204, 0x17000100, 0x54015201, 0x59015801, 0x5b015a01, 0x7d016c01, 0x9c019b01, 0x36033403, 
0x40033e03, 0x43043f04, 0x5f045c04, 0x64046204, 0x66046504, 0x01006804, 0x05004200, 0x1a001000, 
0x2e002400, 0x01003800, 0xef020400, 0x67040200, 0x04000100, 0x0200f602, 0x01006704, 0xf8020400, 
0x67040200, 0x04000100, 0x0200fa02, 0x01006704, 0xfc020400, 0x67040200, 0x05000100, 0x4c044a04, 
0x4e044d04, 0x02004f04, 0x02000a00, 0x59025902, 0x02000100, 0x7b017a01, 0x0a000200, 0x43030200, 
0x01004b03, 0xbb020200, 0x0200e202, 0x02000a00, 0x4a034203, 0x02000100, 0xe202bb02, 0x06000100, 
0x0100c7fe, 0x3c010100, 0x36010100, 0x52002600, 0x5e005800, 0x6a006400, 0x76007000, 0x82007c00, 
0x8e008800, 0x9a009400, 0xa600a000, 0xb200ac00, 0xbe00b800, 0xca00c400, 0xd600d000, 0xe200dc00, 
0xee00e800, 0xfa00f400, 0x06010001, 0x12010c01, 0x1e011801, 0x2a012401, 0x02003001, 0x3c018a01, 
0x8b010200, 0x02003c01, 0x3c01b901, 0xba010200, 0x02003c01, 0x3c01bb01, 0xbc010200, 0x02003c01, 
0x3c01bd01, 0xbe010200, 0x02003c01, 0x3c01bf01, 0xc0010200, 0x02003c01, 0x3c01c101, 0xc2010200, 
0x02003c01, 0x3c01c301, 0xc4010200, 0x02003c01, 0x3c01c501, 0xc6010200, 0x02003c01, 0x3c01c701, 
0xc8010200, 0x02003c01, 0x3c01c901, 0xdd010200, 0x02003c01, 0x3c01e001, 0xe1010200, 0x02003c01, 
0x3c010b02, 0x0c020200, 0x02003c01, 0x3c010d02, 0x0e020200, 0x02003c01, 0x3c010f02, 0x10020200, 
0x02003c01, 0x3c011102, 0x12020200, 0x02003c01, 0x3c011302, 0x14020200, 0x02003c01, 0x3c011502, 
0x16020200, 0x02003c01, 0x3c011702, 0x18020200, 0x02003c01, 0x3c011902, 0x1a020200, 0x02003c01, 
0x8a010500, 0x00008b01, 0xc901b901, 0xdd010200, 0x1300dd01, 0xe101e001, 0x0b021400, 0x16001a02, 
0x0a000200, 0xe5030200, 0x0100ea03, 0x6b010200, 0x02006f01, 0x0b001c00, 0xf603ee03, 0xf803f703, 
0xf003ef03, 0xf203f103, 0xf403f303, 0x0100f503, 0x56010b00, 0xa701a401, 0x4302a801, 0x88026202, 
0xd002a902, 0x1c03f302, 0x58040100, 0xa4004f00, 0xbc00b000, 0xd400c800, 0xec00e000, 0x0401f800, 
0x1c011001, 0x34012801, 0x4c014001, 0x64015801, 0x7c017001, 0x94018801, 0xac01a001, 0xc401b801, 
0xdc01d001, 0xf401e801, 0x0c020002, 0x24021802, 0x3c023002, 0x54024802, 0x6c026002, 0x84027802, 
0x9c029002, 0xb402a802, 0xcc02c002, 0xe402d802, 0xfc02f002, 0x14030803, 0x2c032003, 0x44033803, 
0x5c035003, 0x74036803, 0x8c038003, 0xa4039803, 0xbc03b003, 0xd403c803, 0xec03e003, 0x0404f803, 
0x1c041004, 0x34042804, 0x4c044004, 0x04000100, 0x0300a102, 0x69018601, 0x04000100, 0x0300a202, 
0x69018601, 0x04000100, 0x0300a302, 0x69018601, 0x04000100, 0x0300a402, 0x69018601, 0x04000100, 
0x0300a502, 0x69018601, 0x04000100, 0x0300a602, 0x69018601, 0x04000100, 0x0300a702, 0x69018601, 
0x04000100, 0x0300a802, 0x69018601, 0x04000100, 0x0300a902, 0x69018601, 0x04000100, 0x0300aa02, 
0x69018601, 0x04000100, 0x0300ab02, 0x69018601, 0x04000100, 0x0300ac02, 0x69018601, 0x04000100, 
0x0300ad02, 0x69018601, 0x04000100, 0x0300ae02, 0x69018601, 0x04000100, 0x0300af02, 0x69018601, 
0x04000100, 0x0300b002, 0x69018601, 0x04000100, 0x0300b102, 0x69018601, 0x04000100, 0x0300b202, 
0x69018601, 0x04000100, 0x0300b302, 0x69018601, 0x04000100, 0x0300b402, 0x69018601, 0x04000100, 
0x0300db02, 0x69018601, 0x04000100, 0x0300b502, 0x69018601, 0x04000100, 0x0300b602, 0x69018601, 
0x04000100, 0x0300b702, 0x69018601, 0x04000100, 0x0300b802, 0x69018601, 0x04000100, 0x0300b902, 
0x69018601, 0x04000100, 0x0300ba02, 0x69018601, 0x04000100, 0x0300bb02, 0x69018601, 0x04000100, 
0x0300e202, 0x69018601, 0x04000100, 0x0300bc02, 0x69018601, 0x04000100, 0x0300bd02, 0x69018601, 
0x04000100, 0x0300e402, 0x69018601, 0x04000100, 0x0300be02, 0x69018601, 0x04000100, 0x0300bf02, 
0x69018601, 0x04000100, 0x0300c002, 0x69018601, 0x04000100, 0x0300c102, 0x69018601, 0x04000100, 
0x0300c202, 0x69018601, 0x04000100, 0x0300c802, 0x69018601, 0x04000100, 0x0300c902, 0x69018601, 
0x04000100, 0x0300ca02, 0x69018601, 0x04000100, 0x0300cf02, 0x69018601, 0x04000100, 0x0300d402, 
0x69018601, 0x04000100, 0x0300d502, 0x69018601, 0x04000100, 0x0300dd02, 0x69018601, 0x04000100, 
0x0300e102, 0x69018601, 0x04000100, 0x0300c302, 0x69018601, 0x04000100, 0x0300c402, 0x69018601, 
0x04000100, 0x0300c502, 0x69018601, 0x04000100, 0x0300cb02, 0x69018601, 0x04000100, 0x0300cc02, 
0x69018601, 0x04000100, 0x0300cd02, 0x69018601, 0x04000100, 0x0300ce02, 0x69018601, 0x04000100, 
0x0300d002, 0x69018601, 0x04000100, 0x0300d102, 0x69018601, 0x04000100, 0x0300d202, 0x69018601, 
0x04000100, 0x0300d302, 0x69018601, 0x04000100, 0x0300d602, 0x69018601, 0x04000100, 0x0300d702, 
0x69018601, 0x04000100, 0x0300d802, 0x69018601, 0x04000100, 0x0300d902, 0x69018601, 0x04000100, 
0x0300da02, 0x69018601, 0x04000100, 0x0300dc02, 0x69018601, 0x04000100, 0x0300de02, 0x69018601, 
0x04000100, 0x0300df02, 0x69018601, 0x04000100, 0x0300e002, 0x69018601, 0x04000100, 0x0300e302, 
0x69018601, 0x04000100, 0x0300e502, 0x69018601, 0x04000100, 0x0300e602, 0x69018601, 0x04000100, 
0x0300e702, 0x69018601, 0x04000100, 0x0300e802, 0x69018601, 0x04000100, 0x0300e902, 0x69018601, 
0x04000100, 0x0300c602, 0x69018601, 0x04000100, 0x0300c702, 0x69018601, 0x04000100, 0x0300e703, 
0x69018601, 0x04000100, 0x0300e803, 0x69018601, 0x04000100, 0x0300bf02, 0x69018601, 0x04000100, 
0x0300e602, 0x69018601, 0x04000100, 0x0300f203, 0x69018601, 0x04000100, 0x0300f303, 0x69018601, 
0x08000200, 0x72014e01, 0x91010000, 0x25009801, 0xb301b101, 0x3f022d00, 0x30005702, 0xe603e503, 
0xea034900, 0x4b00ea03, 0xec03ec03, 0xee034c00, 0x4d00ef03, 0x01000300, 0x02002000, 0x1a001400, 
0x01000000, 0x25000000, 0x01000100, 0x01008601, 0x69010100, 0x04000100, 0xb501b401, 0xb801b701, 
0x12000100, 0x08000100, 0x04000100, 0x02005902, 0x01006901, 0x86010100, 0xb2020100, 0x78003900, 
0x8c008200, 0xa0009600, 0xb400aa00, 0xc800be00, 0xdc00d200, 0xf000e600, 0x0401fa00, 0x18010e01, 
0x2c012201, 0x40013601, 0x54014a01, 0x68015e01, 0x7c017201, 0x90018601, 0xa4019a01, 0xb801ae01, 
0xcc01c201, 0xe001d601, 0xf401ea01, 0x0802fe01, 0x1c021202, 0x30022602, 0x44023a02, 0x58024e02, 
0x6c026202, 0x80027602, 0x94028a02, 0xa8029e02, 0x04000100, 0x02002b02, 0x01007501, 0x2c020400, 
0x75010200, 0x04000100, 0x02002d02, 0x01007501, 0x2e020400, 0x75010200, 0x04000100, 0x02002f02, 
0x01007501, 0x30020400, 0x75010200, 0x04000100, 0x02003102, 0x01007501, 0x32020400, 0x75010200, 
0x04000100, 0x02003302, 0x01007501, 0x34020400, 0x75010200, 0x04000100, 0x02003502, 0x01007501, 
0x36020400, 0x75010200, 0x04000100, 0x02003702, 0x01007501, 0x38020400, 0x75010200, 0x04000100, 
0x02003902, 0x01007501, 0x3a020400, 0x75010200, 0x04000100, 0x02003b02, 0x01007501, 0x91010400, 
0x75010200, 0x04000100, 0x02009201, 0x01007501, 0x93010400, 0x75010200, 0x04000100, 0x02003f02, 
0x01007501, 0x40020400, 0x75010200, 0x04000100, 0x02004102, 0x01007501, 0x42020400, 0x75010200, 
0x04000100, 0x02009401, 0x01007501, 0x43020400, 0x75010200, 0x04000100, 0x02004402, 0x01007501, 
0x45020400, 0x75010200, 0x04000100, 0x02004602, 0x01007501, 0x95010400, 0x75010200, 0x04000100, 
0x02009601, 0x01007501, 0x47020400, 0x75010200, 0x04000100, 0x02004802, 0x01007501, 0x49020400, 
0x75010200, 0x04000100, 0x02004a02, 0x01007501, 0x4b020400, 0x75010200, 0x04000100, 0x02006201, 
0x01007501, 0x4c020400, 0x75010200, 0x04000100, 0x02009701, 0x01007501, 0x4d020400, 0x75010200, 
0x04000100, 0x02004e02, 0x01007501, 0x4f020400, 0x75010200, 0x04000100, 0x02009801, 0x01007501, 
0x6a010400, 0x75010200, 0x04000100, 0x02005002, 0x01007501, 0x6d010400, 0x75010200, 0x04000100, 
0x02005102, 0x01007501, 0x52020400, 0x75010200, 0x04000100, 0x02005302, 0x01007501, 0x54020400, 
0x75010200, 0x04000100, 0x02005502, 0x01007501, 0x3c020400, 0x75010200, 0x04000100, 0x02003d02, 
0x01007501, 0x3e020400, 0x75010200, 0x04000100, 0x0200e603, 0x01007501, 0xec030400, 0x75010200, 
0x04000100, 0x0200ef03, 0x02007501, 0x3d010900, 0x00006101, 0x69016301, 0x6b012500, 0x2c006c01, 
0x72016e01, 0x99012e00, 0x33009a01, 0xab01ab01, 0xe5033500, 0x3600e503, 0xea03ea03, 0xee033700, 
0x3800ee03, 0x22000100, 0x0a000200, 0x01001600, 0x56020400, 0x86010300, 0x01007001, 0x57020400, 
0x86010300, 0x01005701, 0x4e010200, 0x01005501, 0x01001200, 0x01000800, 0x58020400, 0x86010200, 
0x01000100, 0x01006901, 0x88001601, 0x86017401, 0xaa019801, 0xd001bc01, 0xf401e201, 0x18020602, 
0x3e022a02, 0x66025202, 0x8c027a02, 0xb0029e02, 0xd602c402, 0xfa02e802, 0x1e030c03, 0x42033003, 
0x66035403, 0x8c037a03, 0xb0039e03, 0xd403c203, 0xf803e603, 0x1c040a04, 0x40042e04, 0x64045204, 
0x8c047804, 0xb0049e04, 0xd404c204, 0xfa04e604, 0x1e050c05, 0x42053005, 0x6a055605, 0x8e057c05, 
0xb405a005, 0xd805c605, 0xfc05ea05, 0x20060e06, 0x44063206, 0x68065606, 0x8c067a06, 0xb0069e06, 
0xd406c206, 0xf806e606, 0x1c070a07, 0x40072e07, 0x64075207, 0x88077607, 0xac079a07, 0xd007be07, 
0xf407e207, 0x18080608, 0x3c082a08, 0x60084e08, 0x84087208, 0xa8089608, 0xcc08ba08, 0xf008de08, 
0x14090209, 0x38092609, 0x5c094a09, 0x80096e09, 0xa4099209, 0xc809b609, 0xec09da09, 0x100afe09, 
0x340a220a, 0x580a460a, 0x7c0a6a0a, 0xa00a8e0a, 0xc40ab20a, 0xe80ad60a, 0x0c0bfa0a, 0x0f000200, 
0x72014e01, 0x91010000, 0x25009801, 0xb301b201, 0x3f022d00, 0x2f005702, 0xa402a102, 0xa6024800, 
0x4c00aa02, 0xb102af02, 0xb3025100, 0x5400c102, 0xcb02c402, 0xcd026300, 0x6b00d102, 0xd802d602, 
0xda027000, 0x7300e802, 0xe803e503, 0xea038200, 0x8600ea03, 0xec03ec03, 0x01008700, 0x00000400, 
0x86010200, 0x01000000, 0x2a000000, 0x04000100, 0x02000000, 0x00008601, 0x00000100, 0x01002b00, 
0x00000400, 0x86010200, 0x01000000, 0x2c000000, 0x04000100, 0x02000000, 0x00008601, 0x00000100, 
0x01002d00, 0x00000400, 0x86010200, 0xed010100, 0x00000100, 0x01002e00, 0x00000400, 0x86010200, 
0x01000000, 0x2f000000, 0x04000100, 0x02000000, 0x00008601, 0x00000100, 0x01003000, 0x00000400, 
0x86010200, 0x01000000, 0x31000000, 0x04000100, 0x02000000, 0x00008601, 0x00000100, 0x01003200, 
0x00000400, 0x86010200, 0x01000000, 0x33000000, 0x04000100, 0x02000000, 0x01008601, 0x0100ed01, 
0x34000000, 0x04000100, 0x02000000, 0x01008601, 0x0100ed01, 0x35000000, 0x04000100, 0x02000000, 
0x01008601, 0x0100ed01, 0x36000000, 0x04000100, 0x02000000, 0x01008601, 0x0100ed01, 0x37000000, 
0x04000100, 0x02000000, 0x00008601, 0x00000100, 0x01003800, 0x00000400, 0x86010200, 0x01000000, 
0x39000000, 0x04000100, 0x02000000, 0x00008601, 0x00000100, 0x01003a00, 0x00000400, 0x86010200, 
0xed010100, 0x00000100, 0x01003b00, 0x00000400, 0x86010200, 0x01000000, 0x3c000000, 0x04000100, 
0x02000000, 0x00008601, 0x00000100, 0x01003d00, 0x00000400, 0x86010200, 0x01000000, 0x3e000000, 
0x04000100, 0x02000000, 0x00008601, 0x00000100, 0x01003f00, 0x00000400, 0x86010200, 0x01000000, 
0x40000000, 0x04000100, 0x02000000, 0x00008601, 0x00000100, 0x01004100, 0x00000400, 0x86010200, 
0x01000000, 0x42000000, 0x04000100, 0x02000000, 0x00008601, 0x00000100, 0x01004300, 0x00000400, 
0x86010200, 0x01000000, 0x44000000, 0x04000100, 0x02000000, 0x01008601, 0x0100ed01, 0x45000000, 
0x04000100, 0x02000000, 0x00008601, 0x00000100, 0x01004600, 0x00000400, 0x86010200, 0x01000000, 
0x47000000, 0x04000100, 0x02000000, 0x00008601, 0x00000100, 0x01004800, 0x00000400, 0x86010200, 
0x01000000, 0x49000000, 0x04000100, 0x02000000, 0x00008601, 0x00000100, 0x01004a00, 0x00000400, 
0x86010200, 0x01000000, 0x4b000000, 0x04000100, 0x02000000, 0x00008601, 0x00000100, 0x01004c00, 
0x00000400, 0x86010200, 0x01000000, 0x4d000000, 0x04000100, 0x02000000, 0x00008601, 0x00000100, 
0x01004e00, 0x00000400, 0x86010200, 0x01000000, 0x4f000000, 0x04000100, 0x02000000, 0x00008601, 
0x00000100, 0x01005000, 0x00000400, 0x86010200, 0x01000000, 0x51000000, 0x04000100, 0x02000000, 
0x00008601, 0x00000100, 0x01005200, 0x00000400, 0x86010200, 0xed010100, 0x00000100, 0x01005300, 
0x00000400, 0x86010200, 0xed010100, 0x00000100, 0x01005400, 0x00000400, 0x86010200, 0x01000000, 
0x55000000, 0x04000100, 0x02000000, 0x00008601, 0x00000100, 0x01005600, 0x00000400, 0x86010200, 
0x01000000, 0x57000000, 0x04000100, 0x02000000, 0x00008601, 0x00000100, 0x01005800, 0x00000400, 
0x86010200, 0x01000000, 0x59000000, 0x04000100, 0x02000000, 0x01008601, 0x0100ed01, 0x5a000000, 
0x04000100, 0x02000000, 0x00008601, 0x00000100, 0x01005b00, 0x00000400, 0x86010200, 0x01000000, 
0x5c000000, 0x04000100, 0x02000000, 0x00008601, 0x00000100, 0x01005d00, 0x00000400, 0x86010200, 
0x01000000, 0x5e000000, 0x04000100, 0x02000000, 0x01008601, 0x0100ed01, 0x5f000000, 0x04000100, 
0x02000000, 0x01008601, 0x0100ed01, 0x60000000, 0x04000100, 0x02000000, 0x00008601, 0x00000100, 
0x01006100, 0x00000400, 0x86010200, 0x01000000, 0x62000000, 0x04000100, 0x02000000, 0x00008601, 
0x00000100, 0x01006300, 0x00000400, 0x86010200, 0xed010100, 0x00000100, 0x01006400, 0x00000400, 
0x86010200, 0x01000000, 0x65000000, 0x04000100, 0x02000000, 0x00008601, 0x00000100, 0x01006600, 
0x00000400, 0x86010200, 0x01000000, 0x67000000, 0x04000100, 0x02000000, 0x00008601, 0x00000100, 
0x01006800, 0x00000400, 0x86010200, 0x01000000, 0x69000000, 0x04000100, 0x02000000, 0x00008601, 
0x00000100, 0x01006a00, 0x00000400, 0x86010200, 0x01000000, 0x6b000000, 0x04000100, 0x02000000, 
0x00008601, 0x00000100, 0x01006c00, 0x00000400, 0x86010200, 0x01000000, 0x6d000000, 0x04000100, 
0x02000000, 0x00008601, 0x00000100, 0x01006e00, 0x00000400, 0x86010200, 0x01000000, 0x6f000000, 
0x04000100, 0x02000000, 0x00008601, 0x00000100, 0x01007000, 0x00000400, 0x86010200, 0x01000000, 
0x71000000, 0x04000100, 0x02000000, 0x00008601, 0x00000100, 0x01007600, 0x00000400, 0x86010200, 
0x01000000, 0x77000000, 0x04000100, 0x02000000, 0x00008601, 0x00000100, 0x01007800, 0x00000400, 
0x86010200, 0x01000000, 0x79000000, 0x04000100, 0x02000000, 0x00008601, 0x00000100, 0x01007a00, 
0x00000400, 0x86010200, 0x01000000, 0x7b000000, 0x04000100, 0x02000000, 0x00008601, 0x00000100, 
0x01007c00, 0x00000400, 0x86010200, 0x01000000, 0x7d000000, 0x04000100, 0x02000000, 0x00008601, 
0x00000100, 0x01007e00, 0x00000400, 0x86010200, 0x01000000, 0x7f000000, 0x04000100, 0x02000000, 
0x00008601, 0x00000100, 0x01008000, 0x00000400, 0x86010200, 0x01000000, 0x81000000, 0x04000100, 
0x02000000, 0x00008601, 0x00000100, 0x01008200, 0x00000400, 0x86010200, 0x01000000, 0x83000000, 
0x04000100, 0x02000000, 0x00008601, 0x00000100, 0x01008400, 0x00000400, 0x86010200, 0x01000000, 
0x85000000, 0x04000100, 0x02000000, 0x00008601, 0x00000100, 0x01008600, 0x00000400, 0x86010200, 
0x01000000, 0x87000000, 0x04000100, 0x02000000, 0x00008601, 0x00000100, 0x01008800, 0x00000400, 
0x86010200, 0x01000000, 0x89000000, 0x04000100, 0x02000000, 0x00008601, 0x00000100, 0x01008a00, 
0x00000400, 0x86010200, 0x01000000, 0x8b000000, 0x04000100, 0x02000000, 0x00008601, 0x00000100, 
0x01008c00, 0x00000400, 0x86010200, 0x01000000, 0x8d000000, 0x04000100, 0x02000000, 0x00008601, 
0x00000100, 0x01008e00, 0x00000400, 0x86010200, 0x01000000, 0x8f000000, 0x04000100, 0x02000000, 
0x00008601, 0x00000100, 0x01009000, 0x00000400, 0x86010200, 0x01000000, 0x91000000, 0x04000100, 
0x02000000, 0x00008601, 0x00000100, 0x01009200, 0x00000400, 0x86010200, 0x01000000, 0x93000000, 
0x04000100, 0x02000000, 0x00008601, 0x00000100, 0x01009400, 0x00000400, 0x86010200, 0x01000000, 
0x95000000, 0x04000100, 0x02000000, 0x00008601, 0x00000100, 0x01009600, 0x00000400, 0x86010200, 
0x01000000, 0x97000000, 0x04000100, 0x02000000, 0x00008601, 0x00000100, 0x01009800, 0x00000400, 
0x86010200, 0x01000000, 0x99000000, 0x04000100, 0x02000000, 0x00008601, 0x00000100, 0x01009a00, 
0x00000400, 0x86010200, 0x01000000, 0x9b000000, 0x04000100, 0x02000000, 0x00008601, 0x00000100, 
0x01009c00, 0x00000400, 0x86010200, 0x01000000, 0x9d000000, 0x04000100, 0x02000000, 0x00008601, 
0x00000100, 0x01009e00, 0x00000400, 0x86010200, 0x01000000, 0x9f000000, 0x04000100, 0x02000000, 
0x00008601, 0x00000100, 0x0100a000, 0x00000400, 0x86010200, 0x01000000, 0xa1000000, 0x04000100, 
0x02000000, 0x00008601, 0x00000100, 0x0100a200, 0x00000400, 0x86010200, 0x01000000, 0xa3000000, 
0x04000100, 0x02000000, 0x00008601, 0x00000100, 0x0100a400, 0x00000400, 0x86010200, 0x01000000, 
0xa5000000, 0x04000100, 0x02000000, 0x00008601, 0x00000100, 0x0100a600, 0x00000400, 0x86010200, 
0x01000000, 0xa7000000, 0x04000100, 0x02000000, 0x00008601, 0x00000100, 0x0100a800, 0x00000400, 
0x86010200, 0x01000000, 0xa9000000, 0x04000100, 0x02000000, 0x00008601, 0x00000100, 0x0100aa00, 
0x00000400, 0x86010200, 0x01000000, 0xab000000, 0x04000100, 0x02000000, 0x00008601, 0x00000100, 
0x0100ac00, 0x00000400, 0x86010200, 0x01000000, 0xad000000, 0x04000100, 0x02000000, 0x00008601, 
0x00000100, 0x0100ae00, 0x00000400, 0x86010200, 0x01000000, 0xaf000000, 0x04000100, 0x02000000, 
0x00008601, 0x00000100, 0x01007200, 0x00000400, 0x86010200, 0x01000000, 0x73000000, 0x04000100, 
0x02000000, 0x00008601, 0x00000100, 0x0100b000, 0x00000400, 0x86010200, 0x01000000, 0xb1000000, 
0x04000100, 0x02000000, 0x00008601, 0x00000100, 0x01007400, 0x00000400, 0x86010200, 0x01000000, 
0x75000000, 0x12000100, 0x08000100, 0x04000100, 0x02005a02, 0x01008601, 0x4e010100, 0x12000100, 
0x08000100, 0x04000100, 0x02005b02, 0x01008601, 0x4f010100, 0x12000100, 0x08000100, 0x04000100, 
0x02005c02, 0x01008601, 0x50010100, 0x12000100, 0x08000100, 0x04000100, 0x02005d02, 0x01008601, 
0x51010100, 0x12000100, 0x08000100, 0x04000100, 0x02005e02, 0x01008601, 0x52010100, 0x12000100, 
0x08000100, 0x04000100, 0x02005f02, 0x01008601, 0x53010100, 0x12000100, 0x08000100, 0x04000100, 
0x02006002, 0x01008601, 0x54010100, 0x12000100, 0x08000100, 0x04000100, 0x02006102, 0x01008601, 
0x55010100, 0x12000100, 0x08000100, 0x04000100, 0x02006202, 0x01008601, 0x56010100, 0x12000100, 
0x08000100, 0x04000100, 0x02006302, 0x01008601, 0x57010100, 0x12000100, 0x08000100, 0x04000100, 
0x02006402, 0x01008601, 0x58010100, 0x12000100, 0x08000100, 0x04000100, 0x02006502, 0x01008601, 
0x59010100, 0x12000100, 0x08000100, 0x04000100, 0x02006602, 0x01008601, 0x5a010100, 0x12000100, 
0x08000100, 0x04000100, 0x02006702, 0x01008601, 0x5b010100, 0x12000100, 0x08000100, 0x04000100, 
0x02006802, 0x01008601, 0x5c010100, 0x12000100, 0x08000100, 0x04000100, 0x02006902, 0x01008601, 
0x5d010100, 0x12000100, 0x08000100, 0x04000100, 0x02006a02, 0x01008601, 0x5e010100, 0x12000100, 
0x08000100, 0x04000100, 0x02006b02, 0x01008601, 0x5f010100, 0x12000100, 0x08000100, 0x04000100, 
0x02006c02, 0x01008601, 0x60010100, 0x12000100, 0x08000100, 0x04000100, 0x02006d02, 0x01008601, 
0x61010100, 0x12000100, 0x08000100, 0x04000100, 0x02009302, 0x01008601, 0x62010100, 0x12000100, 
0x08000100, 0x04000100, 0x02006e02, 0x01008601, 0x63010100, 0x12000100, 0x08000100, 0x04000100, 
0x02006f02, 0x01008601, 0x64010100, 0x12000100, 0x08000100, 0x04000100, 0x02007002, 0x01008601, 
0x65010100, 0x12000100, 0x08000100, 0x04000100, 0x02007102, 0x01008601, 0x66010100, 0x12000100, 
0x08000100, 0x04000100, 0x02007202, 0x01008601, 0x67010100, 0x12000100, 0x08000100, 0x04000100, 
0x02007302, 0x01008601, 0x68010100, 0x12000100, 0x08000100, 0x04000100, 0x02007402, 0x01008601, 
0x69010100, 0x12000100, 0x08000100, 0x04000100, 0x02007402, 0x01008601, 0x6a010100, 0x12000100, 
0x08000100, 0x04000100, 0x02007502, 0x01008601, 0x6b010100, 0x12000100, 0x08000100, 0x04000100, 
0x02007602, 0x01008601, 0x6c010100, 0x12000100, 0x08000100, 0x04000100, 0x02009b02, 0x01008601, 
0x6d010100, 0x12000100, 0x08000100, 0x04000100, 0x02007702, 0x01008601, 0x6e010100, 0x12000100, 
0x08000100, 0x04000100, 0x02007802, 0x01008601, 0x6f010100, 0x12000100, 0x08000100, 0x04000100, 
0x02007902, 0x01008601, 0x70010100, 0x12000100, 0x08000100, 0x04000100, 0x02007a02, 0x01008601, 
0x71010100, 0x12000100, 0x08000100, 0x04000100, 0x02007b02, 0x01008601, 0x72010100, 0x12000100, 
0x08000100, 0x04000100, 0x02008002, 0x01008601, 0x91010100, 0x12000100, 0x08000100, 0x04000100, 
0x02008102, 0x01008601, 0x92010100, 0x12000100, 0x08000100, 0x04000100, 0x02008202, 0x01008601, 
0x93010100, 0x12000100, 0x08000100, 0x04000100, 0x02008702, 0x01008601, 0x94010100, 0x12000100, 
0x08000100, 0x04000100, 0x02008c02, 0x01008601, 0x95010100, 0x12000100, 0x08000100, 0x04000100, 
0x02008d02, 0x01008601, 0x96010100, 0x12000100, 0x08000100, 0x04000100, 0x02009502, 0x01008601, 
0x97010100, 0x12000100, 0x08000100, 0x04000100, 0x02009902, 0x01008601, 0x98010100, 0x12000100, 
0x08000100, 0x04000100, 0x02007c02, 0x01008601, 0xb2010100, 0x12000100, 0x08000100, 0x04000100, 
0x02007d02, 0x01008601, 0xb3010100, 0x12000100, 0x08000100, 0x04000100, 0x02008302, 0x01008601, 
0x3f020100, 0x12000100, 0x08000100, 0x04000100, 0x02008402, 0x01008601, 0x40020100, 0x12000100, 
0x08000100, 0x04000100, 0x02008502, 0x01008601, 0x41020100, 0x12000100, 0x08000100, 0x04000100, 
0x02008602, 0x01008601, 0x42020100, 0x12000100, 0x08000100, 0x04000100, 0x02008802, 0x01008601, 
0x43020100, 0x12000100, 0x08000100, 0x04000100, 0x02008902, 0x01008601, 0x44020100, 0x12000100, 
0x08000100, 0x04000100, 0x02008a02, 0x01008601, 0x45020100, 0x12000100, 0x08000100, 0x04000100, 
0x02008b02, 0x01008601, 0x46020100, 0x12000100, 0x08000100, 0x04000100, 0x02008e02, 0x01008601, 
0x47020100, 0x12000100, 0x08000100, 0x04000100, 0x02008f02, 0x01008601, 0x48020100, 0x12000100, 
0x08000100, 0x04000100, 0x02009002, 0x01008601, 0x49020100, 0x12000100, 0x08000100, 0x04000100, 
0x02009102, 0x01008601, 0x4a020100, 0x12000100, 0x08000100, 0x04000100, 0x02009202, 0x01008601, 
0x4b020100, 0x12000100, 0x08000100, 0x04000100, 0x02009402, 0x01008601, 0x4c020100, 0x12000100, 
0x08000100, 0x04000100, 0x02009602, 0x01008601, 0x4d020100, 0x12000100, 0x08000100, 0x04000100, 
0x02009702, 0x01008601, 0x4e020100, 0x12000100, 0x08000100, 0x04000100, 0x02009802, 0x01008601, 
0x4f020100, 0x12000100, 0x08000100, 0x04000100, 0x02009a02, 0x01008601, 0x50020100, 0x12000100, 
0x08000100, 0x04000100, 0x02009c02, 0x01008601, 0x51020100, 0x12000100, 0x08000100, 0x04000100, 
0x02009d02, 0x01008601, 0x52020100, 0x12000100, 0x08000100, 0x04000100, 0x02009e02, 0x01008601, 
0x53020100, 0x12000100, 0x08000100, 0x04000100, 0x02009f02, 0x01008601, 0x54020100, 0x12000100, 
0x08000100, 0x04000100, 0x0200a002, 0x01008601, 0x55020100, 0x12000100, 0x08000100, 0x04000100, 
0x02007e02, 0x01008601, 0x56020100, 0x12000100, 0x08000100, 0x04000100, 0x02007f02, 0x01008601, 
0x57020100, 0x12000100, 0x08000100, 0x04000100, 0x02007502, 0x01008601, 0xe5030100, 0x12000100, 
0x08000100, 0x04000100, 0x02009a02, 0x01008601, 0xe6030100, 0x12000100, 0x08000100, 0x04000100, 
0x0200eb03, 0x01008601, 0xea030100, 0x12000100, 0x08000100, 0x04000100, 0x0200ed03, 0x01008601, 
0xec030100, 0x12000100, 0x08000100, 0x04000100, 0x0200ea02, 0x01008601, 0xa1020100, 0x12000100, 
0x08000100, 0x04000100, 0x0200eb02, 0x01008601, 0xa2020100, 0x12000100, 0x08000100, 0x04000100, 
0x0200ec02, 0x01008601, 0xa3020100, 0x12000100, 0x08000100, 0x04000100, 0x0200ed02, 0x01008601, 
0xa4020100, 0x12000100, 0x08000100, 0x04000100, 0x0200f002, 0x01008601, 0xa6020100, 0x12000100, 
0x08000100, 0x04000100, 0x0200f102, 0x01008601, 0xa7020100, 0x12000100, 0x08000100, 0x04000100, 
0x0200f202, 0x01008601, 0xa8020100, 0x12000100, 0x08000100, 0x04000100, 0x0200f302, 0x01008601, 
0xa9020100, 0x12000100, 0x08000100, 0x04000100, 0x0200f402, 0x01008601, 0xaa020100, 0x12000100, 
0x08000100, 0x04000100, 0x0200fd02, 0x01008601, 0xaf020100, 0x12000100, 0x08000100, 0x04000100, 
0x0200fe02, 0x01008601, 0xb0020100, 0x12000100, 0x08000100, 0x04000100, 0x0200ff02, 0x01008601, 
0xb1020100, 0x12000100, 0x08000100, 0x04000100, 0x02000003, 0x01008601, 0xb3020100, 0x12000100, 
0x08000100, 0x04000100, 0x02000103, 0x01008601, 0xb4020100, 0x12000100, 0x08000100, 0x04000100, 
0x02000203, 0x01008601, 0xb5020100, 0x12000100, 0x08000100, 0x04000100, 0x02000303, 0x01008601, 
0xb6020100, 0x12000100, 0x08000100, 0x04000100, 0x02000403, 0x01008601, 0xb7020100, 0x12000100, 
0x08000100, 0x04000100, 0x02000503, 0x01008601, 0xb8020100, 0x12000100, 0x08000100, 0x04000100, 
0x02000603, 0x01008601, 0xb9020100, 0x12000100, 0x08000100, 0x04000100, 0x02000703, 0x01008601, 
0xba020100, 0x12000100, 0x08000100, 0x04000100, 0x02000803, 0x01008601, 0xbb020100, 0x12000100, 
0x08000100, 0x04000100, 0x02000903, 0x01008601, 0xbc020100, 0x12000100, 0x08000100, 0x04000100, 
0x02000a03, 0x01008601, 0xbd020100, 0x12000100, 0x08000100, 0x04000100, 0x02000b03, 0x01008601, 
0xbe020100, 0x12000100, 0x08000100, 0x04000100, 0x02000c03, 0x01008601, 0xbf020100, 0x12000100, 
0x08000100, 0x04000100, 0x02000d03, 0x01008601, 0xc0020100, 0x12000100, 0x08000100, 0x04000100, 
0x02000e03, 0x01008601, 0xc1020100, 0x12000100, 0x08000100, 0x04000100, 0x02001003, 0x01008601, 
0xc4020100, 0x12000100, 0x08000100, 0x04000100, 0x02001103, 0x01008601, 0xc5020100, 0x12000100, 
0x08000100, 0x04000100, 0x02001203, 0x01008601, 0xc6020100, 0x12000100, 0x08000100, 0x04000100, 
0x02001303, 0x01008601, 0xc7020100, 0x12000100, 0x08000100, 0x04000100, 0x02001403, 0x01008601, 
0xc8020100, 0x12000100, 0x08000100, 0x04000100, 0x02001503, 0x01008601, 0xc9020100, 0x12000100, 
0x08000100, 0x04000100, 0x02001603, 0x01008601, 0xca020100, 0x12000100, 0x08000100, 0x04000100, 
0x02001703, 0x01008601, 0xcb020100, 0x12000100, 0x08000100, 0x04000100, 0x02001903, 0x01008601, 
0xcd020100, 0x12000100, 0x08000100, 0x04000100, 0x02001a03, 0x01008601, 0xce020100, 0x12000100, 
0x08000100, 0x04000100, 0x02001b03, 0x01008601, 0xcf020100, 0x12000100, 0x08000100, 0x04000100, 
0x02001c03, 0x01008601, 0xd0020100, 0x12000100, 0x08000100, 0x04000100, 0x02001d03, 0x01008601, 
0xd1020100, 0x12000100, 0x08000100, 0x04000100, 0x02002203, 0x01008601, 0xd6020100, 0x12000100, 
0x08000100, 0x04000100, 0x02002303, 0x01008601, 0xd7020100, 0x12000100, 0x08000100, 0x04000100, 
0x02002403, 0x01008601, 0xd8020100, 0x12000100, 0x08000100, 0x04000100, 0x02002503, 0x01008601, 
0xda020100, 0x12000100, 0x08000100, 0x04000100, 0x02002603, 0x01008601, 0xdb020100, 0x12000100, 
0x08000100, 0x04000100, 0x02002703, 0x01008601, 0xdc020100, 0x12000100, 0x08000100, 0x04000100, 
0x02002803, 0x01008601, 0xdd020100, 0x12000100, 0x08000100, 0x04000100, 0x02002903, 0x01008601, 
0xde020100, 0x12000100, 0x08000100, 0x04000100, 0x02002a03, 0x01008601, 0xdf020100, 0x12000100, 
0x08000100, 0x04000100, 0x02002b03, 0x01008601, 0xe0020100, 0x12000100, 0x08000100, 0x04000100, 
0x02002c03, 0x01008601, 0xe1020100, 0x12000100, 0x08000100, 0x04000100, 0x02000803, 0x01008601, 
0xe2020100, 0x12000100, 0x08000100, 0x04000100, 0x02002d03, 0x01008601, 0xe3020100, 0x12000100, 
0x08000100, 0x04000100, 0x02002e03, 0x01008601, 0xe4020100, 0x12000100, 0x08000100, 0x04000100, 
0x02002f03, 0x01008601, 0xe5020100, 0x12000100, 0x08000100, 0x04000100, 0x02003003, 0x01008601, 
0xe6020100, 0x12000100, 0x08000100, 0x04000100, 0x02003103, 0x01008601, 0xe7020100, 0x12000100, 
0x08000100, 0x04000100, 0x02003203, 0x01008601, 0xe8020100, 0x12000100, 0x08000100, 0x04000100, 
0x02000903, 0x01008601, 0xe7030100, 0x12000100, 0x08000100, 0x04000100, 0x02002d03, 0x01008601, 
0xe8030100, 0x06010100, 0x82018000, 0xa6019401, 0xca01b801, 0xf001de01, 0x16020402, 0x3c022802, 
0x64025002, 0x8a027802, 0xae029c02, 0xd402c202, 0xf802e602, 0x1c030a03, 0x40032e03, 0x64035203, 
0x8a037803, 0xae039c03, 0xd203c003, 0xf603e403, 0x1a040804, 0x3e042c04, 0x62045004, 0x8a047604, 
0xae049c04, 0xd204c004, 0xf804e404, 0x1e050a05, 0x44053005, 0x6a055805, 0x8e057c05, 0xb405a205, 
0xd805c605, 0xfc05ea05, 0x20060e06, 0x44063206, 0x68065606, 0x8c067a06, 0xb0069e06, 0xd406c206, 
0xf806e606, 0x1c070a07, 0x40072e07, 0x64075207, 0x88077607, 0xac079a07, 0xd007be07, 0xf407e207, 
0x18080608, 0x3c082a08, 0x60084e08, 0x84087208, 0xa8089608, 0xcc08ba08, 0xf008de08, 0x14090209, 
0x38092609, 0x5c094a09, 0x80096e09, 0xa4099209, 0xc809b609, 0xec09da09, 0x100afe09, 0x340a220a, 
0x580a460a, 0x7c0a6a0a, 0x02008e0a, 0x4e011400, 0x00005501, 0x72015701, 0x91010800, 0x24009801, 
0xb301b201, 0x3f022c00, 0x2e004202, 0x57024402, 0xa1023200, 0x4600a402, 0xa602a602, 0xa8024a00, 
0x4b00a802, 0xaa02aa02, 0xaf024c00, 0x4d00b102, 0xc102b302, 0xc4025000, 0x5f00cb02, 0xcd02cd02, 
0xcf026700, 0x6800cf02, 0xd102d102, 0xd6026900, 0x6a00d802, 0xe802da02, 0xee036d00, 0x7c00ef03, 
0xf303f203, 0x01007e00, 0x00000400, 0x86010200, 0x01000000, 0xb3000000, 0x04000100, 0x02000000, 
0x00008601, 0x00000100, 0x0100b400, 0x00000400, 0x86010200, 0x01000000, 0xb5000000, 0x04000100, 
0x02000000, 0x00008601, 0x00000100, 0x0100b600, 0x00000400, 0x86010200, 0xed010100, 0x00000100, 
0x0100b700, 0x00000400, 0x86010200, 0x01000000, 0xb8000000, 0x04000100, 0x02000000, 0x01008601, 
0x0100ed01, 0xb9000000, 0x04000100, 0x02000000, 0x00008601, 0x00000100, 0x0100ba00, 0x00000400, 
0x86010200, 0x01000000, 0xbb000000, 0x04000100, 0x02000000, 0x01008601, 0x0100ed01, 0xbc000000, 
0x04000100, 0x02000000, 0x01008601, 0x0100ed01, 0xbd000000, 0x04000100, 0x02000000, 0x01008601, 
0x0100ed01, 0xbe000000, 0x04000100, 0x02000000, 0x01008601, 0x0100ed01, 0xbf000000, 0x04000100, 
0x02000000, 0x00008601, 0x00000100, 0x0100c000, 0x00000400, 0x86010200, 0x01000000, 0xc1000000, 
0x04000100, 0x02000000, 0x00008601, 0x00000100, 0x0100c200, 0x00000400, 0x86010200, 0xed010100, 
0x00000100, 0x0100c300, 0x00000400, 0x86010200, 0x01000000, 0xc4000000, 0x04000100, 0x02000000, 
0x00008601, 0x00000100, 0x0100c500, 0x00000400, 0x86010200, 0x01000000, 0xc6000000, 0x04000100, 
0x02000000, 0x00008601, 0x00000100, 0x0100c700, 0x00000400, 0x86010200, 0x01000000, 0xc8000000, 
0x04000100, 0x02000000, 0x00008601, 0x00000100, 0x0100c900, 0x00000400, 0x86010200, 0x01000000, 
0xca000000, 0x04000100, 0x02000000, 0x00008601, 0x00000100, 0x0100cb00, 0x00000400, 0x86010200, 
0x01000000, 0xcc000000, 0x04000100, 0x02000000, 0x01008601, 0x0100ed01, 0xcd000000, 0x04000100, 
0x02000000, 0x00008601, 0x00000100, 0x0100ce00, 0x00000400, 0x86010200, 0x01000000, 0xcf000000, 
0x04000100, 0x02000000, 0x00008601, 0x00000100, 0x0100d000, 0x00000400, 0x86010200, 0x01000000, 
0xd1000000, 0x04000100, 0x02000000, 0x00008601, 0x00000100, 0x0100d200, 0x00000400, 0x86010200, 
0x01000000, 0xd3000000, 0x04000100, 0x02000000, 0x00008601, 0x00000100, 0x0100d400, 0x00000400, 
0x86010200, 0x01000000, 0xd5000000, 0x04000100, 0x02000000, 0x00008601, 0x00000100, 0x0100d600, 
0x00000400, 0x86010200, 0x01000000, 0xd7000000, 0x04000100, 0x02000000, 0x00008601, 0x00000100, 
0x0100d800, 0x00000400, 0x86010200, 0x01000000, 0xd9000000, 0x04000100, 0x02000000, 0x00008601, 
0x00000100, 0x0100da00, 0x00000400, 0x86010200, 0xed010100, 0x00000100, 0x0100db00, 0x00000400, 
0x86010200, 0xed010100, 0x00000100, 0x0100dc00, 0x00000400, 0x86010200, 0x01000000, 0xdd000000, 
0x04000100, 0x02000000, 0x00008601, 0x00000100, 0x0100de00, 0x00000400, 0x86010200, 0x01000000, 
0xdf000000, 0x04000100, 0x02000000, 0x00008601, 0x00000100, 0x0100e000, 0x00000400, 0x86010200, 
0x01000000, 0xe1000000, 0x04000100, 0x02000000, 0x01008601, 0x0100ed01, 0xe2000000, 0x04000100, 
0x02000000, 0x00008601, 0x00000100, 0x0100e300, 0x00000400, 0x86010200, 0xed010100, 0x00000100, 
0x0100e400, 0x00000400, 0x86010200, 0x01000000, 0xe5000000, 0x04000100, 0x02000000, 0x01008601, 
0x0100ed01, 0xe6000000, 0x04000100, 0x02000000, 0x01008601, 0x0100ed01, 0xe7000000, 0x04000100, 
0x02000000, 0x00008601, 0x00000100, 0x0100e800, 0x00000400, 0x86010200, 0x01000000, 0xe9000000, 
0x04000100, 0x02000000, 0x00008601, 0x00000100, 0x0100ea00, 0x00000400, 0x86010200, 0xed010100, 
0x00000100, 0x0100eb00, 0x00000400, 0x86010200, 0x01000000, 0xec000000, 0x04000100, 0x02000000, 
0x00008601, 0x00000100, 0x0100ed00, 0x00000400, 0x86010200, 0x01000000, 0xee000000, 0x04000100, 
0x02000000, 0x00008601, 0x00000100, 0x0100ef00, 0x00000400, 0x86010200, 0x01000000, 0xf0000000, 
0x04000100, 0x02000000, 0x00008601, 0x00000100, 0x0100f100, 0x00000400, 0x86010200, 0x01000000, 
0xf2000000, 0x04000100, 0x02000000, 0x00008601, 0x00000100, 0x0100f300, 0x00000400, 0x86010200, 
0x01000000, 0xf4000000, 0x04000100, 0x02000000, 0x00008601, 0x00000100, 0x0100f500, 0x00000400, 
0x86010200, 0x01000000, 0xf6000000, 0x04000100, 0x02000000, 0x00008601, 0x00000100, 0x0100f700, 
0x00000400, 0x86010200, 0x01000000, 0xf8000000, 0x04000100, 0x02000000, 0x00008601, 0x00000100, 
0x0100fb00, 0x00000400, 0x86010200, 0x01000000, 0xfc000000, 0x04000100, 0x02000000, 0x00008601, 
0x00000100, 0x0100fd00, 0x00000400, 0x86010200, 0x01000000, 0xfe000000, 0x04000100, 0x02000000, 
0x00008601, 0x00000100, 0x0100ff00, 0x00000400, 0x86010200, 0x01000000, 0x00010000, 0x04000100, 
0x02000000, 0x00008601, 0x00000100, 0x01000101, 0x00000400, 0x86010200, 0x01000000, 0x02010000, 
0x04000100, 0x02000000, 0x00008601, 0x00000100, 0x01000301, 0x00000400, 0x86010200, 0x01000000, 
0x04010000, 0x04000100, 0x02000000, 0x00008601, 0x00000100, 0x01000501, 0x00000400, 0x86010200, 
0x01000000, 0x06010000, 0x04000100, 0x02000000, 0x00008601, 0x00000100, 0x01000701, 0x00000400, 
0x86010200, 0x01000000, 0x08010000, 0x04000100, 0x02000000, 0x00008601, 0x00000100, 0x01000901, 
0x00000400, 0x86010200, 0x01000000, 0x0a010000, 0x04000100, 0x02000000, 0x00008601, 0x00000100, 
0x01000b01, 0x00000400, 0x86010200, 0x01000000, 0x0c010000, 0x04000100, 0x02000000, 0x00008601, 
0x00000100, 0x01000d01, 0x00000400, 0x86010200, 0x01000000, 0x0e010000, 0x04000100, 0x02000000, 
0x00008601, 0x00000100, 0x01000f01, 0x00000400, 0x86010200, 0x01000000, 0x10010000, 0x04000100, 
0x02000000, 0x00008601, 0x00000100, 0x01001101, 0x00000400, 0x86010200, 0x01000000, 0x12010000, 
0x04000100, 0x02000000, 0x00008601, 0x00000100, 0x01001301, 0x00000400, 0x86010200, 0x01000000, 
0x14010000, 0x04000100, 0x02000000, 0x00008601, 0x00000100, 0x01001501, 0x00000400, 0x86010200, 
0x01000000, 0x16010000, 0x04000100, 0x02000000, 0x00008601, 0x00000100, 0x01001701, 0x00000400, 
0x86010200, 0x01000000, 0x18010000, 0x04000100, 0x02000000, 0x00008601, 0x00000100, 0x01001901, 
0x00000400, 0x86010200, 0x01000000, 0x1a010000, 0x04000100, 0x02000000, 0x00008601, 0x00000100, 
0x01001b01, 0x00000400, 0x86010200, 0x01000000, 0x1c010000, 0x04000100, 0x02000000, 0x00008601, 
0x00000100, 0x01001d01, 0x00000400, 0x86010200, 0x01000000, 0x1e010000, 0x04000100, 0x02000000, 
0x00008601, 0x00000100, 0x01001f01, 0x00000400, 0x86010200, 0x01000000, 0x20010000, 0x04000100, 
0x02000000, 0x00008601, 0x00000100, 0x01002101, 0x00000400, 0x86010200, 0x01000000, 0x22010000, 
0x04000100, 0x02000000, 0x00008601, 0x00000100, 0x01002301, 0x00000400, 0x86010200, 0x01000000, 
0x24010000, 0x04000100, 0x02000000, 0x00008601, 0x00000100, 0x01002501, 0x00000400, 0x86010200, 
0x01000000, 0x26010000, 0x04000100, 0x02000000, 0x00008601, 0x00000100, 0x01002701, 0x00000400, 
0x86010200, 0x01000000, 0x28010000, 0x04000100, 0x02000000, 0x00008601, 0x00000100, 0x01002901, 
0x00000400, 0x86010200, 0x01000000, 0x2a010000, 0x04000100, 0x02000000, 0x00008601, 0x00000100, 
0x01002b01, 0x00000400, 0x86010200, 0x01000000, 0x2c010000, 0x04000100, 0x02000000, 0x00008601, 
0x00000100, 0x01002d01, 0x00000400, 0x86010200, 0x01000000, 0x2e010000, 0x04000100, 0x02000000, 
0x00008601, 0x00000100, 0x01002f01, 0x00000400, 0x86010200, 0x01000000, 0x30010000, 0x04000100, 
0x02000000, 0x00008601, 0x00000100, 0x0100f900, 0x00000400, 0x86010200, 0x01000000, 0xfa000000, 
0x04000100, 0x02000000, 0x00008601, 0x00000100, 0x01003101, 0x00000400, 0x86010200, 0x01000000, 
0x32010000, 0x12000100, 0x08000100, 0x04000100, 0x02005a02, 0x01008601, 0x4e010100, 0x12000100, 
0x08000100, 0x04000100, 0x02005b02, 0x01008601, 0x4f010100, 0x12000100, 0x08000100, 0x04000100, 
0x02005c02, 0x01008601, 0x50010100, 0x12000100, 0x08000100, 0x04000100, 0x02005d02, 0x01008601, 
0x51010100, 0x12000100, 0x08000100, 0x04000100, 0x02005e02, 0x01008601, 0x52010100, 0x12000100, 
0x08000100, 0x04000100, 0x02005f02, 0x01008601, 0x53010100, 0x12000100, 0x08000100, 0x04000100, 
0x02006002, 0x01008601, 0x54010100, 0x12000100, 0x08000100, 0x04000100, 0x02006102, 0x01008601, 
0x55010100, 0x12000100, 0x08000100, 0x04000100, 0x02006302, 0x01008601, 0x57010100, 0x12000100, 
0x08000100, 0x04000100, 0x02006402, 0x01008601, 0x58010100, 0x12000100, 0x08000100, 0x04000100, 
0x02006502, 0x01008601, 0x59010100, 0x12000100, 0x08000100, 0x04000100, 0x02006602, 0x01008601, 
0x5a010100, 0x12000100, 0x08000100, 0x04000100, 0x02006702, 0x01008601, 0x5b010100, 0x12000100, 
0x08000100, 0x04000100, 0x02006802, 0x01008601, 0x5c010100, 0x12000100, 0x08000100, 0x04000100, 
0x02006902, 0x01008601, 0x5d010100, 0x12000100, 0x08000100, 0x04000100, 0x02006a02, 0x01008601, 
0x5e010100, 0x12000100, 0x08000100, 0x04000100, 0x02006b02, 0x01008601, 0x5f010100, 0x12000100, 
0x08000100, 0x04000100, 0x02006c02, 0x01008601, 0x60010100, 0x12000100, 0x08000100, 0x04000100, 
0x02006d02, 0x01008601, 0x61010100, 0x12000100, 0x08000100, 0x04000100, 0x02009302, 0x01008601, 
0x62010100, 0x12000100, 0x08000100, 0x04000100, 0x02006e02, 0x01008601, 0x63010100, 0x12000100, 
0x08000100, 0x04000100, 0x02006f02, 0x01008601, 0x64010100, 0x12000100, 0x08000100, 0x04000100, 
0x02007002, 0x01008601, 0x65010100, 0x12000100, 0x08000100, 0x04000100, 0x02007102, 0x01008601, 
0x66010100, 0x12000100, 0x08000100, 0x04000100, 0x02007202, 0x01008601, 0x67010100, 0x12000100, 
0x08000100, 0x04000100, 0x02007302, 0x01008601, 0x68010100, 0x12000100, 0x08000100, 0x04000100, 
0x02007402, 0x01008601, 0x69010100, 0x12000100, 0x08000100, 0x04000100, 0x02007402, 0x01008601, 
0x6a010100, 0x12000100, 0x08000100, 0x04000100, 0x02007502, 0x01008601, 0x6b010100, 0x12000100, 
0x08000100, 0x04000100, 0x02007602, 0x01008601, 0x6c010100, 0x12000100, 0x08000100, 0x04000100, 
0x02009b02, 0x01008601, 0x6d010100, 0x12000100, 0x08000100, 0x04000100, 0x02007702, 0x01008601, 
0x6e010100, 0x12000100, 0x08000100, 0x04000100, 0x02007802, 0x01008601, 0x6f010100, 0x12000100, 
0x08000100, 0x04000100, 0x02007902, 0x01008601, 0x70010100, 0x12000100, 0x08000100, 0x04000100, 
0x02007a02, 0x01008601, 0x71010100, 0x12000100, 0x08000100, 0x04000100, 0x02007b02, 0x01008601, 
0x72010100, 0x12000100, 0x08000100, 0x04000100, 0x02008002, 0x01008601, 0x91010100, 0x12000100, 
0x08000100, 0x04000100, 0x02008102, 0x01008601, 0x92010100, 0x12000100, 0x08000100, 0x04000100, 
0x02008202, 0x01008601, 0x93010100, 0x12000100, 0x08000100, 0x04000100, 0x02008702, 0x01008601, 
0x94010100, 0x12000100, 0x08000100, 0x04000100, 0x02008c02, 0x01008601, 0x95010100, 0x12000100, 
0x08000100, 0x04000100, 0x02008d02, 0x01008601, 0x96010100, 0x12000100, 0x08000100, 0x04000100, 
0x02009502, 0x01008601, 0x97010100, 0x12000100, 0x08000100, 0x04000100, 0x02009902, 0x01008601, 
0x98010100, 0x12000100, 0x08000100, 0x04000100, 0x02007c02, 0x01008601, 0xb2010100, 0x12000100, 
0x08000100, 0x04000100, 0x02007d02, 0x01008601, 0xb3010100, 0x12000100, 0x08000100, 0x04000100, 
0x02008302, 0x01008601, 0x3f020100, 0x12000100, 0x08000100, 0x04000100, 0x02008402, 0x01008601, 
0x40020100, 0x12000100, 0x08000100, 0x04000100, 0x02008502, 0x01008601, 0x41020100, 0x12000100, 
0x08000100, 0x04000100, 0x02008602, 0x01008601, 0x42020100, 0x12000100, 0x08000100, 0x04000100, 
0x02008902, 0x01008601, 0x44020100, 0x12000100, 0x08000100, 0x04000100, 0x02008a02, 0x01008601, 
0x45020100, 0x12000100, 0x08000100, 0x04000100, 0x02008b02, 0x01008601, 0x46020100, 0x12000100, 
0x08000100, 0x04000100, 0x02008e02, 0x01008601, 0x47020100, 0x12000100, 0x08000100, 0x04000100, 
0x02008f02, 0x01008601, 0x48020100, 0x12000100, 0x08000100, 0x04000100, 0x02009002, 0x01008601, 
0x49020100, 0x12000100, 0x08000100, 0x04000100, 0x02009102, 0x01008601, 0x4a020100, 0x12000100, 
0x08000100, 0x04000100, 0x02009202, 0x01008601, 0x4b020100, 0x12000100, 0x08000100, 0x04000100, 
0x02009402, 0x01008601, 0x4c020100, 0x12000100, 0x08000100, 0x04000100, 0x02009602, 0x01008601, 
0x4d020100, 0x12000100, 0x08000100, 0x04000100, 0x02009702, 0x01008601, 0x4e020100, 0x12000100, 
0x08000100, 0x04000100, 0x02009802, 0x01008601, 0x4f020100, 0x12000100, 0x08000100, 0x04000100, 
0x02009a02, 0x01008601, 0x50020100, 0x12000100, 0x08000100, 0x04000100, 0x02009c02, 0x01008601, 
0x51020100, 0x12000100, 0x08000100, 0x04000100, 0x02009d02, 0x01008601, 0x52020100, 0x12000100, 
0x08000100, 0x04000100, 0x02009e02, 0x01008601, 0x53020100, 0x12000100, 0x08000100, 0x04000100, 
0x02009f02, 0x01008601, 0x54020100, 0x12000100, 0x08000100, 0x04000100, 0x0200a002, 0x01008601, 
0x55020100, 0x12000100, 0x08000100, 0x04000100, 0x02007e02, 0x01008601, 0x56020100, 0x12000100, 
0x08000100, 0x04000100, 0x02007f02, 0x01008601, 0x57020100, 0x12000100, 0x08000100, 0x04000100, 
0x0200f003, 0x01008601, 0xee030100, 0x12000100, 0x08000100, 0x04000100, 0x0200f103, 0x01008601, 
0xef030100, 0x12000100, 0x08000100, 0x04000100, 0x0200ea02, 0x01008601, 0xa1020100, 0x12000100, 
0x08000100, 0x04000100, 0x0200eb02, 0x01008601, 0xa2020100, 0x12000100, 0x08000100, 0x04000100, 
0x0200ec02, 0x01008601, 0xa3020100, 0x12000100, 0x08000100, 0x04000100, 0x0200ed02, 0x01008601, 
0xa4020100, 0x12000100, 0x08000100, 0x04000100, 0x0200f002, 0x01008601, 0xa6020100, 0x12000100, 
0x08000100, 0x04000100, 0x0200f202, 0x01008601, 0xa8020100, 0x12000100, 0x08000100, 0x04000100, 
0x0200f402, 0x01008601, 0xaa020100, 0x12000100, 0x08000100, 0x04000100, 0x0200fd02, 0x01008601, 
0xaf020100, 0x12000100, 0x08000100, 0x04000100, 0x0200fe02, 0x01008601, 0xb0020100, 0x12000100, 
0x08000100, 0x04000100, 0x0200ff02, 0x01008601, 0xb1020100, 0x12000100, 0x08000100, 0x04000100, 
0x02000003, 0x01008601, 0xb3020100, 0x12000100, 0x08000100, 0x04000100, 0x02000103, 0x01008601, 
0xb4020100, 0x12000100, 0x08000100, 0x04000100, 0x02000203, 0x01008601, 0xb5020100, 0x12000100, 
0x08000100, 0x04000100, 0x02000303, 0x01008601, 0xb6020100, 0x12000100, 0x08000100, 0x04000100, 
0x02000403, 0x01008601, 0xb7020100, 0x12000100, 0x08000100, 0x04000100, 0x02000503, 0x01008601, 
0xb8020100, 0x12000100, 0x08000100, 0x04000100, 0x02000603, 0x01008601, 0xb9020100, 0x12000100, 
0x08000100, 0x04000100, 0x02000703, 0x01008601, 0xba020100, 0x12000100, 0x08000100, 0x04000100, 
0x02000803, 0x01008601, 0xbb020100, 0x12000100, 0x08000100, 0x04000100, 0x02000903, 0x01008601, 
0xbc020100, 0x12000100, 0x08000100, 0x04000100, 0x02000a03, 0x01008601, 0xbd020100, 0x12000100, 
0x08000100, 0x04000100, 0x02000b03, 0x01008601, 0xbe020100, 0x12000100, 0x08000100, 0x04000100, 
0x02000c03, 0x01008601, 0xbf020100, 0x12000100, 0x08000100, 0x04000100, 0x02000d03, 0x01008601, 
0xc0020100, 0x12000100, 0x08000100, 0x04000100, 0x02000e03, 0x01008601, 0xc1020100, 0x12000100, 
0x08000100, 0x04000100, 0x02001003, 0x01008601, 0xc4020100, 0x12000100, 0x08000100, 0x04000100, 
0x02001103, 0x01008601, 0xc5020100, 0x12000100, 0x08000100, 0x04000100, 0x02001203, 0x01008601, 
0xc6020100, 0x12000100, 0x08000100, 0x04000100, 0x02001303, 0x01008601, 0xc7020100, 0x12000100, 
0x08000100, 0x04000100, 0x02001403, 0x01008601, 0xc8020100, 0x12000100, 0x08000100, 0x04000100, 
0x02001503, 0x01008601, 0xc9020100, 0x12000100, 0x08000100, 0x04000100, 0x02001603, 0x01008601, 
0xca020100, 0x12000100, 0x08000100, 0x04000100, 0x02001703, 0x01008601, 0xcb020100, 0x12000100, 
0x08000100, 0x04000100, 0x02001903, 0x01008601, 0xcd020100, 0x12000100, 0x08000100, 0x04000100, 
0x02001b03, 0x01008601, 0xcf020100, 0x12000100, 0x08000100, 0x04000100, 0x02001d03, 0x01008601, 
0xd1020100, 0x12000100, 0x08000100, 0x04000100, 0x02002203, 0x01008601, 0xd6020100, 0x12000100, 
0x08000100, 0x04000100, 0x02002303, 0x01008601, 0xd7020100, 0x12000100, 0x08000100, 0x04000100, 
0x02002403, 0x01008601, 0xd8020100, 0x12000100, 0x08000100, 0x04000100, 0x02002503, 0x01008601, 
0xda020100, 0x12000100, 0x08000100, 0x04000100, 0x02002603, 0x01008601, 0xdb020100, 0x12000100, 
0x08000100, 0x04000100, 0x02002703, 0x01008601, 0xdc020100, 0x12000100, 0x08000100, 0x04000100, 
0x02002803, 0x01008601, 0xdd020100, 0x12000100, 0x08000100, 0x04000100, 0x02002903, 0x01008601, 
0xde020100, 0x12000100, 0x08000100, 0x04000100, 0x02002a03, 0x01008601, 0xdf020100, 0x12000100, 
0x08000100, 0x04000100, 0x02002b03, 0x01008601, 0xe0020100, 0x12000100, 0x08000100, 0x04000100, 
0x02002c03, 0x01008601, 0xe1020100, 0x12000100, 0x08000100, 0x04000100, 0x02000803, 0x01008601, 
0xe2020100, 0x12000100, 0x08000100, 0x04000100, 0x02002d03, 0x01008601, 0xe3020100, 0x12000100, 
0x08000100, 0x04000100, 0x02002e03, 0x01008601, 0xe4020100, 0x12000100, 0x08000100, 0x04000100, 
0x02002f03, 0x01008601, 0xe5020100, 0x12000100, 0x08000100, 0x04000100, 0x02003003, 0x01008601, 
0xe6020100, 0x12000100, 0x08000100, 0x04000100, 0x02003103, 0x01008601, 0xe7020100, 0x12000100, 
0x08000100, 0x04000100, 0x02003203, 0x01008601, 0xe8020100, 0x12000100, 0x08000100, 0x04000100, 
0x0200f403, 0x01008601, 0xf2030100, 0x12000100, 0x08000100, 0x04000100, 0x0200f503, 0x01008601, 
0xf3030100, 0x00000300, 0x12000100, 0x18000100, 0x00000100, 0x01003401, 0xbb020100, 0x05000100, 
0x7d017c01, 0x9b018601, 0x01009c01, 0x01000e00, 0x02000800, 0x69017402, 0x01000100, 0x0100bb02, 
0x09008401, 0x38001800, 0x86007000, 0xc800b200, 0x58014a01, 0x03007801, 0x10000800, 0x94031800, 
0x86010300, 0x93036801, 0x86010300, 0x92036701, 0x86010300, 0x05005001, 0x16000c00, 0x28002000, 
0x9f033000, 0x86010400, 0x7b015901, 0x04009d03, 0x58018601, 0x9e037b01, 0x86010300, 0xa0035901, 
0x86010300, 0x9c036801, 0x86010300, 0x02005801, 0x0e000600, 0x0300a203, 0x68018601, 0x0300a103, 
0x59018601, 0x0a000400, 0x1c001400, 0xa5032400, 0x86010400, 0x7b015a01, 0x0300a603, 0x68018601, 
0x0300a403, 0x5a018601, 0x0300a303, 0x5b018601, 0x06000200, 0xa9030e00, 0x86010300, 0xa8036801, 
0x86010300, 0x0c005b01, 0x26001a00, 0x3a003000, 0x4a004200, 0x5a005200, 0x6a006200, 0x7a007200, 
0x0500b703, 0x5f018601, 0x68018601, 0x0400b503, 0x6c028601, 0xb3036801, 0x86010400, 0x68017702, 
0x0300b803, 0x67018601, 0x0300b603, 0x5f018601, 0x0300b403, 0x60018601, 0x0300b903, 0x68018601, 
0x0300b203, 0x6e018601, 0x0300b103, 0x66018601, 0x0300b003, 0x65018601, 0x0300af03, 0x50018601, 
0x0300ae03, 0x51018601, 0x04000100, 0x0400ca04, 0x8601ed01, 0x03006801, 0x10000800, 0xcd041800, 
0x86010300, 0xcc046801, 0x86010300, 0xcb045b01, 0x86010300, 0x0100b101, 0xa7030400, 0x86010300, 
0x01006801, 0x52010900, 0x59015801, 0x5b015a01, 0x69015f01, 0xad02b101, 0x70030100, 0x3a001a00, 
0x50004600, 0x74005a00, 0x98008e00, 0xb400aa00, 0xf400e200, 0x2a011801, 0xbc014c01, 0x10020602, 
0x44021a02, 0x68025e02, 0xd0028a02, 0x3c030203, 0x01004603, 0xba030400, 0x86010300, 0x01007302, 
0x90030400, 0x6f010200, 0x04000100, 0x02009103, 0x03006f01, 0x0e000800, 0x94031400, 0x68010200, 
0x02009303, 0x92036701, 0x50010200, 0x08000300, 0x14000e00, 0x02009703, 0x9603a702, 0x54010200, 
0x02009503, 0x01005301, 0x98030400, 0x68010200, 0x06000200, 0x9a030c00, 0x5a010200, 0x02009903, 
0x01005501, 0x9b030400, 0x55010200, 0x0c000500, 0x1c001400, 0x28002200, 0x03009f03, 0x7b015901, 
0x03009d03, 0x7b015801, 0x02009e03, 0xa0035901, 0x68010200, 0x02009c03, 0x02005801, 0x0c000600, 
0x0200a203, 0xa1036801, 0x59010200, 0x0a000400, 0x18001200, 0xa5031e00, 0x5a010300, 0xa6037b01, 
0x68010200, 0x0200a403, 0xa3035a01, 0x5b010200, 0x06000200, 0xa9030c00, 0x68010200, 0x0200a803, 
0x04005b01, 0x10000a00, 0x1c001600, 0x0200ad03, 0xac036f01, 0x5e010200, 0x0200ab03, 0xaa036902, 
0x5d010200, 0x1c000d00, 0x2c002400, 0x3a003400, 0x46004000, 0x52004c00, 0x5e005800, 0x6a006400, 
0x0300b703, 0x68016b02, 0x0300b503, 0x68016c02, 0x0300b303, 0x68017702, 0x0200b803, 0xba036701, 
0x73020200, 0x0200b603, 0xb4035f01, 0x60010200, 0x0200b903, 0xb2036801, 0x6e010200, 0x0200b103, 
0xb0036601, 0x65010200, 0x0200af03, 0xae035001, 0x51010200, 0x14000900, 0x20001a00, 0x2c002600, 
0x38003200, 0x44003e00, 0x0200c303, 0xc2036f01, 0x61010200, 0x0200c103, 0xc003b302, 0x6c020200, 
0x0200bf03, 0xbe036001, 0xb1020200, 0x0200bd03, 0xbc035e01, 0xad020200, 0x0200bb03, 0x01005a01, 
0xc4030400, 0x61010200, 0x04000100, 0x0200c503, 0x05006001, 0x12000c00, 0x1e001800, 0xca032400, 
0x66010200, 0x0200c903, 0xc8036401, 0x6e020200, 0x0200c703, 0xc603b502, 0x63010200, 0x08000300, 
0x14000e00, 0x0200cd03, 0xcc035e01, 0xad020200, 0x0200cb03, 0x01005a01, 0xce030400, 0x68010200, 
0x0a000400, 0x16001000, 0xd2031c00, 0x61010200, 0x0200d103, 0xd0036b01, 0x6e010200, 0x0200cf03, 
0x08005301, 0x1a001200, 0x28002200, 0x34002e00, 0x40003a00, 0x0300d703, 0x68016502, 0x0300d403, 
0x68016402, 0x0200d703, 0xd603a203, 0x59010200, 0x0200d503, 0xd803ab02, 0xac020200, 0x0200d403, 
0xd303a003, 0x58010200, 0x0e000600, 0x1a001400, 0x26002000, 0xde032c00, 0x64010200, 0x0200dd03, 
0xdc03b502, 0x6e020200, 0x0200db03, 0xda036301, 0x6a020200, 0x0200d903, 0x07005e01, 0x16001000, 
0x22001c00, 0x2e002800, 0xe4033400, 0x6e010200, 0x0200e303, 0xe3036b01, 0xe5030200, 0x0200e203, 
0xe1036801, 0x67010200, 0x0200e003, 0xdf036101, 0x5c010200, 0x04000100, 0x0200a703, 0x05006801, 
0x12000c00, 0x1e001800, 0xe9032400, 0xe5030200, 0x0200d203, 0xd1036101, 0x6b010200, 0x0200d003, 
0xcf036e01, 0x53010200, 0x1a000100, 0x5a025f01, 0x5e025b02, 0x60025f02, 0x63026102, 0x65026402, 
0x67026602, 0x6b026902, 0x6e026d02, 0x72027002, 0x77027502, 0x79027802, 0x7b027a02, 0xeb03f902, 
0x88010100, 0x22000e00, 0x40002e00, 0x64004a00, 0x80007600, 0xbc00a200, 0x0801fe00, 0x4c013201, 
0x01005601, 0xba030400, 0x86010300, 0x02007302, 0x0c000600, 0x02009003, 0x8f036f01, 0x5d010200, 
0x04000100, 0x02009103, 0x03006f01, 0x0e000800, 0x97031400, 0xa7020200, 0x02009603, 0x95035401, 
0x53010200, 0x06000200, 0x9a030c00, 0x5a010200, 0x02009903, 0x01005501, 0x9b030400, 0x55010200, 
0x0a000400, 0x16001000, 0xad031c00, 0x6f010200, 0x0200ac03, 0xab035e01, 0x69020200, 0x0200aa03, 
0x03005d01, 0x0e000800, 0xb9031400, 0x68010200, 0x0200ba03, 0xb2037302, 0x6e010200, 0x12000800, 
0x1e001800, 0x2a002400, 0x36003000, 0xc3033c00, 0x6f010200, 0x0200c103, 0xc003b302, 0x6c020200, 
0x0200bf03, 0xbe036001, 0xb1020200, 0x0200bd03, 0xbc035e01, 0xad020200, 0x0200bb03, 0x01005a01, 
0xc5030400, 0x60010200, 0x0c000500, 0x18001200, 0x24001e00, 0x0200ca03, 0xc9036601, 0x64010200, 
0x0200c803, 0xc7036e02, 0xb5020200, 0x0200c603, 0x03006301, 0x0e000800, 0xcd031400, 0x5e010200, 
0x0200cc03, 0xcb03ad02, 0x5a010200, 0x04000100, 0x0200ce03, 0x06006801, 0x14000e00, 0x20001a00, 
0x2c002600, 0x0200de03, 0xdd036401, 0xb5020200, 0x0200dc03, 0xdb036e02, 0x63010200, 0x0200da03, 
0xd9036a02, 0x5e010200, 0x0e000100, 0x5a025f01, 0x5f025b02, 0x63026102, 0x6b026902, 0x70026d02, 
0x75027202, 0x7a027702, 0x42000200, 0x82007a00, 0x1b002201, 0x3e010000, 0x9e018c01, 0xc201b001, 
0xf801e601, 0x2e021c02, 0x74024002, 0xba02a802, 0xde02cc02, 0x0203f002, 0x62031403, 0xaa038603, 
0xce03bc03, 0x1604f203, 0x01002804, 0x3d011a00, 0x46014101, 0x49014701, 0x4b014a01, 0x4d014c01, 
0x85018401, 0xac01ab01, 0xae01ad01, 0x2b022902, 0x34022f02, 0x37023502, 0x39023802, 0x3b023a02, 
0x01003e02, 0x01000000, 0x02000000, 0x3d011a00, 0x16003d01, 0x41014101, 0x46010b00, 0x0f004601, 
0x47014701, 0x49010d00, 0x18004901, 0x4a014a01, 0x4b010900, 0x03004b01, 0x4c014c01, 0x4d010700, 
0x14004d01, 0x84018401, 0x85010100, 0x12008501, 0xab01ab01, 0xac011a00, 0x0600ac01, 0xad01ad01, 
0xae010400, 0x1100ae01, 0x29022902, 0x2b021000, 0x15002b02, 0x2f022f02, 0x34020a00, 0x0e003402, 
0x35023502, 0x37020c00, 0x17003702, 0x38023802, 0x39020800, 0x02003902, 0x3a023a02, 0x3b020500, 
0x13003b02, 0x3e023e02, 0x02001900, 0x3a010400, 0x01003a01, 0x3b013b01, 0x8a010300, 0x02008a01, 
0x58025802, 0x04000100, 0x1a000a00, 0x3e002c00, 0x01000000, 0x01000200, 0x01000200, 0x5b010000, 
0x01000000, 0x01000300, 0x02000100, 0x00000100, 0x00005c01, 0x03000100, 0x03000100, 0x01000200, 
0x5d010000, 0x01000000, 0x03000200, 0x01000200, 0x5e010000, 0x04000100, 0x01000000, 0x01000100, 
0x00000100, 0x01004801, 0x00000400, 0x01000100, 0x01000100, 0x47010000, 0x04000100, 0x01000000, 
0x01000100, 0x00000100, 0x02004601, 0x14000600, 0x01000000, 0x01000100, 0x00000100, 0x00005301, 
0x02000100, 0x02000300, 0x00000100, 0x01005401, 0x00000400, 0x01000100, 0x01000100, 0x45010000, 
0x06000200, 0x00001400, 0x01000100, 0x01000100, 0x51010000, 0x01000000, 0x03000200, 0x01000200, 
0x52010000, 0x04000100, 0x01000000, 0x01000100, 0x00000100, 0x01004401, 0x00000400, 0x01000100, 
0x01000100, 0x43010000, 0x08000300, 0x26001600, 0x01000000, 0x01000100, 0x00000100, 0x00005801, 
0x02000100, 0x02000300, 0x00000100, 0x00005901, 0x01000100, 0x01000200, 0x5a010000, 0x08000300, 
0x26001600, 0x01000000, 0x01000100, 0x00000100, 0x00005501, 0x02000100, 0x02000300, 0x00000100, 
0x00005601, 0x01000100, 0x01000200, 0x57010000, 0x04000100, 0x01000000, 0x01000100, 0x00000100, 
0x01004201, 0x00000400, 0x01000100, 0x01000100, 0x41010000, 0x04000100, 0x01000000, 0x01000100, 
0x00000100, 0x01004001, 0x00000400, 0x01000100, 0x01000100, 0x3f010000, 0x04000100, 0x01000000, 
0x01000100, 0x00000100, 0x01003e01, 0x00000400, 0x01000100, 0x01000100, 0x3d010000, 0x0a000400, 
0x2c001a00, 0x00003e00, 0x02000100, 0x02000100, 0x00000100, 0x00005f01, 0x03000100, 0x01000100, 
0x01000200, 0x60010000, 0x01000000, 0x01000300, 0x02000300, 0x00000100, 0x00006101, 0x02000100, 
0x02000300, 0x00000100, 0x02006201, 0x14000600, 0x01000000, 0x01000100, 0x00000100, 0x00004f01, 
0x02000100, 0x02000300, 0x00000100, 0x02005001, 0x14000600, 0x01000000, 0x01000100, 0x00000100, 
0x00004d01, 0x02000100, 0x02000300, 0x00000100, 0x01004e01, 0x00000400, 0x01000100, 0x01000100, 
0x3c010000, 0x04000100, 0x01000000, 0x01000100, 0x00000100, 0x02003b01, 0x14000600, 0x01000000, 
0x01000100, 0x00000100, 0x00004b01, 0x02000100, 0x02000300, 0x00000100, 0x02004c01, 0x14000600, 
0x01000000, 0x01000100, 0x00000100, 0x00004901, 0x02000100, 0x02000300, 0x00000100, 0x01004a01, 
0x00000400, 0x01000100, 0x01000100, 0x3a010000, 0x04000100, 0x01000000, 0x01000100, 0x00000100, 
0x01003901, 0x01000e00, 0x02000800, 0x7e013e01, 0x01000100, 0x0100ab01, 0x01000e00, 0x02000800, 
0x7e012c02, 0x01000100, 0x01003e02, 0x01000e00, 0x02000800, 0x7f013e01, 0x01000100, 0x01003d01, 
0x01000e00, 0x02000800, 0x7f012c02, 0x01000100, 0x01002b02, 0x01000e00, 0x02000800, 0x88013e01, 
0x01000100, 0x0100ae01, 0x01000e00, 0x02000800, 0x2a024801, 0x01000100, 0x01002902, 0x01000e00, 
0x02000800, 0x7e014801, 0x01000100, 0x01004601, 0x01000e00, 0x02000800, 0x7e013602, 0x01000100, 
0x01003402, 0x01000e00, 0x02000800, 0x7f014801, 0x01000100, 0x01004701, 0x01000e00, 0x02000800, 
0x7f013602, 0x01000100, 0x01003502, 0x01000e00, 0x02000800, 0x7e013f01, 0x01000100, 0x01004a01, 
0x01000e00, 0x02000800, 0x7e012d02, 0x01000100, 0x01003802, 0x01000e00, 0x02000800, 0x73013e01, 
0x01000100, 0x0100ac01, 0x01000e00, 0x02000800, 0x73013f01, 0x01000100, 0x0100ad01, 0x01000e00, 
0x02000800, 0x7f013f01, 0x01000100, 0x01004b01, 0x01000e00, 0x02000800, 0x7f012d02, 0x01000100, 
0x01003902, 0x01000e00, 0x02000800, 0x80014801, 0x01000100, 0x01004901, 0x01000e00, 0x02000800, 
0x80014801, 0x01000100, 0x01004901, 0x01000e00, 0x02000800, 0x80013602, 0x01000100, 0x01003702, 
0x01000e00, 0x02000800, 0x80013602, 0x01000100, 0x01003702, 0x01000e00, 0x02000800, 0x81013f01, 
0x01000100, 0x01004d01, 0x01000e00, 0x02000800, 0x81013f01, 0x01000100, 0x01004d01, 0x01000e00, 
0x02000800, 0x81012d02, 0x01000100, 0x01003b02, 0x01000e00, 0x02000800, 0x81012d02, 0x01000100, 
0x01003b02, 0x01000e00, 0x02000800, 0x80013f01, 0x01000100, 0x01004c01, 0x01000e00, 0x02000800, 
0x80013f01, 0x01000100, 0x01004c01, 0x01000e00, 0x02000800, 0x80012d02, 0x01000100, 0x01003a02, 
0x01000e00, 0x02000800, 0x80012d02, 0x01000100, 0x01003a02, 0x01000e00, 0x02000800, 0x58024001, 
0x01000100, 0x01004101, 0x01000e00, 0x02000800, 0x58024001, 0x01000100, 0x01004101, 0x01000e00, 
0x02000800, 0x58024001, 0x01000100, 0x01004101, 0x01000e00, 0x02000800, 0x58022e02, 0x01000100, 
0x01002f02, 0x01000e00, 0x02000800, 0x58022e02, 0x01000100, 0x01002f02, 0x01000e00, 0x02000800, 
0x58022e02, 0x01000100, 0x01002f02, 0x01000e00, 0x02000800, 0x80017701, 0x01000100, 0x01008401, 
0x01000e00, 0x02000800, 0x80017701, 0x01000100, 0x01008401, 0x01000e00, 0x02000800, 0x80017701, 
0x01000100, 0x01008401, 0x01000e00, 0x02000800, 0x80017701, 0x01000100, 0x01008401, 0x01000e00, 
0x02000800, 0x81017701, 0x01000100, 0x01008501, 0x01000e00, 0x02000800, 0x81017701, 0x01000100, 
0x01008501, 0x01000e00, 0x02000800, 0x81017701, 0x01000100, 0x01008501, 0x01000e00, 0x02000800, 
0x81017701, 0x01000100, 0x01008501, 0x01000800, 0x01000e00, 0x69010100, 0x12000800, 0x32002200, 
0x4e004000, 0x6e005e00, 0x03007c00, 0x7c010200, 0x01005802, 0x02000200, 0x03000200, 0x7d010200, 
0x01005802, 0x02000100, 0x02000100, 0x7c010200, 0x02000000, 0x02000100, 0x02000200, 0x00007d01, 
0x01000100, 0x03000100, 0x9b010200, 0x01005802, 0x02000400, 0x03000400, 0x9c010200, 0x01005802, 
0x02000300, 0x02000300, 0x9b010200, 0x04000000, 0x04000100, 0x02000200, 0x00009c01, 0x01000300, 
0x01000300, 0x07008a00, 0x26001400, 0x5a004800, 0x6e006400, 0x02007800, 0x0c000600, 0x0200b604, 
0xb3041a02, 0x0c020200, 0x0a000400, 0x16001000, 0xbc041c00, 0xb9010200, 0x0200bb04, 0xb7041c02, 
0x1a020200, 0x0200b404, 0x02001602, 0x0c000600, 0x0200b804, 0xb5041a02, 0x17020200, 0x04000100, 
0x0200b904, 0x01001a02, 0xba040400, 0x1a020200, 0x04000100, 0x0200bd04, 0x02001a02, 0x0c000600, 
0x02007904, 0x77033a01, 0x3b010200, 0x07000100, 0x0d020c02, 0x0f020e02, 0x1b021002, 0x01005802, 
0x26008203, 0x5c005200, 0x70006600, 0x84007a00, 0x98008e00, 0xac00a200, 0x0001d600, 0x54012a01, 
0xa8017e01, 0xfc01d201, 0x50022602, 0xa4027a02, 0xb802ae02, 0xcc02c202, 0x0003d602, 0x14030a03, 
0x28031e03, 0x3c033203, 0x50034603, 0x64035a03, 0x04000100, 0x02007803, 0x01003b01, 0x79030400, 
0x3b010200, 0x04000100, 0x02007a03, 0x01003b01, 0x7b030400, 0x3b010200, 0x04000100, 0x02007c03, 
0x01003b01, 0x7d030400, 0x3b010200, 0x04000100, 0x02007e03, 0x01003b01, 0x7f030400, 0x3b010200, 
0x04000100, 0x02008003, 0x05003b01, 0x12000c00, 0x1e001800, 0x95042400, 0x79040200, 0x02007a04, 
0x55033a01, 0x77030200, 0x02005403, 0x53035802, 0x3b010200, 0x0c000500, 0x18001200, 0x24001e00, 
0x02009604, 0x7b047904, 0x3a010200, 0x02005803, 0x57037703, 0x58020200, 0x02005603, 0x05003b01, 
0x12000c00, 0x1e001800, 0xac042400, 0x79040200, 0x02009104, 0x5b033a01, 0x77030200, 0x02005a03, 
0x59035802, 0x3b010200, 0x0c000500, 0x18001200, 0x24001e00, 0x02009704, 0x7c047904, 0x3a010200, 
0x02005e03, 0x5d037703, 0x58020200, 0x02005c03, 0x05003b01, 0x12000c00, 0x1e001800, 0x98042400, 
0x79040200, 0x02007d04, 0x61033a01, 0x77030200, 0x02006003, 0x5f035802, 0x3b010200, 0x0c000500, 
0x18001200, 0x24001e00, 0x02009904, 0x7e047904, 0x3a010200, 0x02006403, 0x63037703, 0x58020200, 
0x02006203, 0x05003b01, 0x12000c00, 0x1e001800, 0x9a042400, 0x79040200, 0x02007f04, 0x67033a01, 
0x77030200, 0x02006603, 0x65035802, 0x3b010200, 0x0c000500, 0x18001200, 0x24001e00, 0x02009b04, 
0x80047904, 0x3a010200, 0x02006a03, 0x69037703, 0x58020200, 0x02006803, 0x05003b01, 0x12000c00, 
0x1e001800, 0x9c042400, 0x79040200, 0x02008104, 0x6d033a01, 0x77030200, 0x02006c03, 0x6b035802, 
0x3b010200, 0x0c000500, 0x18001200, 0x24001e00, 0x02009d04, 0x82047904, 0x3a010200, 0x02007003, 
0x6f037703, 0x58020200, 0x02006e03, 0x05003b01, 0x12000c00, 0x1e001800, 0x9e042400, 0x79040200, 
0x02008304, 0x73033a01, 0x77030200, 0x02007203, 0x71035802, 0x3b010200, 0x0c000500, 0x18001200, 
0x24001e00, 0x02009f04, 0x84047904, 0x3a010200, 0x02007603, 0x75037703, 0x58020200, 0x02007403, 
0x01003b01, 0x81030400, 0x3b010200, 0x04000100, 0x02008203, 0x01003b01, 0x83030400, 0x3b010200, 
0x04000100, 0x02008403, 0x01003b01, 0xc4040400, 0x3b010200, 0x0c000500, 0x18001200, 0x24001e00, 
0x0200c904, 0xc8047904, 0x77030200, 0x0200c704, 0xc6045802, 0x3a010200, 0x0200c504, 0x01003b01, 
0x85030400, 0x3b010200, 0x04000100, 0x02008603, 0x01003b01, 0x87030400, 0x3b010200, 0x04000100, 
0x02008803, 0x01003b01, 0x89030400, 0x3b010200, 0x04000100, 0x02008a03, 0x01003b01, 0x8b030400, 
0x3b010200, 0x04000100, 0x02008c03, 0x01003b01, 0x8d030400, 0x3b010200, 0x04000100, 0x02008e03, 
0x03003b01, 0x10000800, 0xc9041800, 0x2a020300, 0xc8043a01, 0x2a020300, 0xc7043b01, 0x2a020200, 
0x26000100, 0x41013d01, 0x47014601, 0x4a014901, 0x4c014b01, 0x73014d01, 0x79017401, 0x7f017e01, 
0x81018001, 0x83018201, 0x85018401, 0xab018801, 0xad01ac01, 0x2902ae01, 0x2b022a02, 0x34022f02, 
0x37023502, 0x39023802, 0x3b023a02, 0x58023e02, 0x00000300, 0x0e000100, 0x14000100, 0x01000000, 
0x78010100, 0x01000100, 0x03000002, 0x01000000, 0x01001200, 0x01001800, 0x67010000, 0x01000100, 
0x02007801, 0x03000e00, 0x00000800, 0x0a000a00, 0x0c000600, 0x07002400, 0x44004000, 0x60002000, 
0x25006400, 0x8f008f00, 0xaf002a00, 0x2b00af00, 0x20012001, 0x39012c00, 0x2d00e101, 0xf201eb01, 
0xf401d600, 0xde00f501, 0xf801f801, 0xfc01e000, 0xe100fd01, 0xcd04ff01, 0x0100e300, 0x81020600, 
0x01000100, 0x03007801, 0x01000000, 0x01001200, 0x01001800, 0x69010000, 0x01000100, 0x0100f903, 
0x69010400, 0xbb026a01, 0x0300e202, 0x01000000, 0x01001200, 0x01001800, 0x6a010000, 0x01000100, 
0x0100f903, 0x58011600, 0x5b015901, 0x96015f01, 0x46024502, 0xab024a02, 0xae02ac02, 0xd202b202, 
0xd502d302, 0x9c03d902, 0xa1039e03, 0xaf03a803, 0x0300b603, 0x01000000, 0x01001200, 0x01001800, 
0x6b010000, 0x01000100, 0x0100f903, 0x4e013b00, 0x52015001, 0x5d015a01, 0x62016101, 0x64016301, 
0x6e016501, 0x72017001, 0x93019101, 0x97019501, 0xb401b101, 0xb801b701, 0x48024002, 0x4d024c02, 
0x53025102, 0xa1025502, 0xa502a302, 0xb002ad02, 0xb502b402, 0xb702b602, 0xc002be02, 0xc302c202, 
0xca02c802, 0xd702d402, 0xdc02db02, 0xde02dd02, 0xe702e502, 0x9203e902, 0xa3039303, 0xb003a403, 
0xc403b203, 0x00000300, 0x12000100, 0x18000100, 0x00000100, 0x01006c01, 0xf9030100, 0x19000100, 
0x60015101, 0x68016701, 0xb3019801, 0x4b023f02, 0xa4024f02, 0xb902b302, 0xc502ba02, 0xcc02cb02, 
0xe002da02, 0xc203e102, 0xd503d303, 0xd803d603, 0x0300e003, 0x01000000, 0x01001200, 0x01001800, 
0x6d010000, 0x01000100, 0x0100f903, 0x53011d00, 0x5e015401, 0x6f016b01, 0x41027101, 0x49024202, 
0x52025002, 0x57025402, 0xa702a602, 0xcd02b102, 0xd802ce02, 0xae038f03, 0xe503e403, 0xe703e603, 
0xea03e803, 0xcc04ec03, 0x00000300, 0x12000200, 0x00001800, 0x00000100, 0x01000a00, 0xf9030100, 
0x21000100, 0x66015c01, 0x6d016c01, 0x4702b501, 0x56024e02, 0xb802af02, 0xbd02bc02, 0xc102bf02, 
0xd602c702, 0xe302df02, 0xe602e402, 0xaa03e802, 0xb903b803, 0xd003cf03, 0xdf03d203, 0xee03e303, 
0xf203ef03, 0x0300f303, 0x02000000, 0x18001200, 0x01000000, 0x09000000, 0x01000100, 0x0100f903, 
0x55011000, 0x57015601, 0xb2019401, 0x44024302, 0xaa02a802, 0xc602c402, 0xd102cf02, 0xb403b103, 
0x0300cb04, 0x02000000, 0x18001200, 0x01000000, 0x08000000, 0x01000100, 0x0100f903, 0x4f010b00, 
0xa2029201, 0xc902a902, 0xbb03d002, 0xe103bc03, 0xcd04e203, 0x00000300, 0x12000200, 0x00001800, 
0x00000100, 0x01000600, 0xf9030100, 0x08000100, 0xbe03bd03, 0xc103bf03, 0xc703c603, 0xce03c903, 
0x00000300, 0x12000200, 0x00001800, 0x00000100, 0x01000500, 0xf9030100, 0x0a000100, 0xad03ac03, 
0xca03c503, 0xcc03cb03, 0xdd03db03, 0xca04de03, 0x00000300, 0x14000300, 0x22001a00, 0x01000000, 
0x0a000000, 0x01000100, 0x0100f903, 0x5c020200, 0x01008202, 0x69010400, 0xbb026a01, 0x0300e202, 
0x03000000, 0x1a001400, 0x00002200, 0x00000100, 0x01000900, 0xf9030100, 0x02000100, 0x82025c02, 
0x16000100, 0x59015801, 0x5f015b01, 0x45029601, 0x4a024602, 0xac02ab02, 0xb202ae02, 0xd302d202, 
0xd902d502, 0x9e039c03, 0xa803a103, 0xb603af03, 0x00000300, 0x14000300, 0x22001a00, 0x01000000, 
0x08000000, 0x01000100, 0x0100f903, 0x5c020200, 0x01008202, 0x4e011900, 0x61015a01, 0x64016201, 
0x72016e01, 0x97019101, 0x5102b101, 0xa1025502, 0xb402b002, 0xbe02b602, 0xc302c202, 0xd702c802, 
0xdd02db02, 0xe902e502, 0x00000300, 0x14000300, 0x22001a00, 0x01000000, 0x07000000, 0x01000100, 
0x0100f903, 0x5c020200, 0x01008202, 0x50013600, 0x52015101, 0x63015d01, 0x67016501, 0x70016801, 
0x95019301, 0xb3019801, 0xb701b401, 0x3f02b801, 0x48024002, 0x4d024c02, 0x53024f02, 0xa402a302, 
0xad02a502, 0xb702b502, 0xba02b902, 0xc502c002, 0xcb02ca02, 0xd402cc02, 0xde02dc02, 0xe102e002, 
0x9203e702, 0xa3039303, 0xb003a403, 0xc403b203, 0xd503d303, 0xd803d603, 0x0300e003, 0x03000000, 
0x1a001400, 0x00002200, 0x00000100, 0x01000600, 0xf9030100, 0x02000100, 0x82025c02, 0x19000100, 
0x54015301, 0x60015e01, 0x42024102, 0x4b024902, 0xa6025702, 0xb102a702, 0xcd02b302, 0xd802ce02, 
0x8f03da02, 0xc203ae03, 0xe503e403, 0xe703e603, 0x0300e803, 0x03000000, 0x1a001400, 0x00002200, 
0x00000100, 0x01000500, 0xf9030100, 0x02000100, 0x82025c02, 0x1f000100, 0x6b016601, 0x6d016c01, 
0x71016f01, 0x50024e02, 0x54025202, 0xbc02b802, 0xbf02bd02, 0xe302df02, 0xe602e402, 0xb903aa03, 
0xd003cf03, 0xdf03d203, 0xea03e303, 0xee03ec03, 0xf203ef03, 0x0300f303, 0x04000000, 0x1c001600, 
0x2a002400, 0x01000000, 0x0a000000, 0x01000100, 0x0100f903, 0x5c020200, 0x01008202, 0xed010100, 
0x04000100, 0x6a016901, 0xe202bb02, 0x00000300, 0x16000400, 0x24001c00, 0x00002a00, 0x00000100, 
0x01000900, 0xf9030100, 0x02000100, 0x82025c02, 0x01000100, 0x0100ed01, 0x58011600, 0x5b015901, 
0x96015f01, 0x46024502, 0xab024a02, 0xae02ac02, 0xd202b202, 0xd502d302, 0x9c03d902, 0xa1039e03, 
0xaf03a803, 0x0300b603, 0x04000000, 0x1c001600, 0x2a002400, 0x01000000, 0x08000000, 0x01000100, 
0x0100f903, 0x5c020200, 0x01008202, 0xed010100, 0x19000100, 0x5a014e01, 0x62016101, 0x6e016401, 
0x91017201, 0xb1019701, 0x55025102, 0xb002a102, 0xb602b402, 0xc202be02, 0xc802c302, 0xdb02d702, 
0xe502dd02, 0x0300e902, 0x04000000, 0x1c001600, 0x2a002400, 0x01000000, 0x07000000, 0x01000100, 
0x0100f903, 0x5c020200, 0x01008202, 0xed010100, 0x36000100, 0x51015001, 0x5d015201, 0x65016301, 
0x68016701, 0x93017001, 0x98019501, 0xb401b301, 0xb801b701, 0x40023f02, 0x4c024802, 0x4f024d02, 
0xa3025302, 0xa502a402, 0xb502ad02, 0xb902b702, 0xc002ba02, 0xca02c502, 0xcc02cb02, 0xdc02d402, 
0xe002de02, 0xe702e102, 0x93039203, 0xa403a303, 0xb203b003, 0xd303c403, 0xd603d503, 0xe003d803, 
0x00000300, 0x16000400, 0x24001c00, 0x00002a00, 0x00000100, 0x01000600, 0xf9030100, 0x02000100, 
0x82025c02, 0x01000100, 0x0100ed01, 0x53011900, 0x5e015401, 0x41026001, 0x49024202, 0x57024b02, 
0xa702a602, 0xb302b102, 0xce02cd02, 0xda02d802, 0xae038f03, 0xe403c203, 0xe603e503, 0xe803e703, 
0x00000300, 0x16000400, 0x24001c00, 0x00002a00, 0x00000100, 0x01000500, 0xf9030100, 0x02000100, 
0x82025c02, 0x01000100, 0x0100ed01, 0x66011f00, 0x6c016b01, 0x6f016d01, 0x4e027101, 0x52025002, 
0xb8025402, 0xbd02bc02, 0xdf02bf02, 0xe402e302, 0xaa03e602, 0xcf03b903, 0xd203d003, 0xe303df03, 
0xec03ea03, 0xef03ee03, 0xf303f203, 0x00000300, 0x14000300, 0x26001a00, 0x01000000, 0x0a000000, 
0x01000100, 0x0100f903, 0x6e020400, 0x02039402, 0x01002703, 0x69010400, 0xbb026a01, 0x0300e202, 
0x03000000, 0x1a001400, 0x00002600, 0x00000100, 0x01000900, 0xf9030100, 0x04000100, 0x94026e02, 
0x27030203, 0x10000100, 0x59015801, 0x45025f01, 0x4a024602, 0xac02ab02, 0xd202b202, 0xd902d302, 
0x9e039c03, 0xaf03a103, 0x00000300, 0x14000300, 0x26001a00, 0x01000000, 0x08000000, 0x01000100, 
0x0100f903, 0x6e020400, 0x02039402, 0x01002703, 0x5b010600, 0xae029601, 0xa803d502, 0x0300b603, 
0x03000000, 0x1a001400, 0x00002600, 0x00000100, 0x01000700, 0xf9030100, 0x04000100, 0x94026e02, 
0x27030203, 0x41000100, 0x50014e01, 0x5a015201, 0x61015d01, 0x63016201, 0x65016401, 0x6e016801, 
0x72017001, 0x93019101, 0x97019501, 0xb1019801, 0xb401b301, 0xb801b701, 0x48024002, 0x4d024c02, 
0x53025102, 0xa1025502, 0xa502a302, 0xb002ad02, 0xb502b402, 0xb702b602, 0xbe02ba02, 0xc202c002, 
0xc502c302, 0xca02c802, 0xd702d402, 0xdc02db02, 0xde02dd02, 0xe502e102, 0xe902e702, 0x93039203, 
0xa403a303, 0xb203b003, 0x0300c403, 0x03000000, 0x1a001400, 0x00002600, 0x00000100, 0x01000600, 
0xf9030100, 0x04000100, 0x94026e02, 0x27030203, 0x17000100, 0x54015101, 0x67016001, 0x42023f02, 
0x4f024b02, 0xa702a402, 0xb902b302, 0xcc02cb02, 0xda02ce02, 0xc203e002, 0xd503d303, 0xd803d603, 
0x0300e003, 0x03000000, 0x1a001400, 0x00002600, 0x00000100, 0x01000500, 0xf9030100, 0x04000100, 
0x94026e02, 0x27030203, 0x1e000100, 0x5e015301, 0x6c016b01, 0x6f016d01, 0x41027101, 0x50024902, 
0x54025202, 0xa6025702, 0xbd02b102, 0xd802cd02, 0x8f03e402, 0xae03aa03, 0xe403b903, 0xe603e503, 
0xe803e703, 0xec03ea03, 0x00000300, 0x16000400, 0x28001c00, 0x00002e00, 0x00000100, 0x01000a00, 
0xf9030100, 0x04000100, 0x94026e02, 0x27030203, 0x01000100, 0x0100ed01, 0x69010400, 0xbb026a01, 
0x0300e202, 0x04000000, 0x1c001600, 0x2e002800, 0x01000000, 0x09000000, 0x01000100, 0x0100f903, 
0x6e020400, 0x02039402, 0x01002703, 0xed010100, 0x10000100, 0x59015801, 0x45025f01, 0x4a024602, 
0xac02ab02, 0xd202b202, 0xd902d302, 0x9e039c03, 0xaf03a103, 0x00000300, 0x16000400, 0x28001c00, 
0x00002e00, 0x00000100, 0x01000800, 0xf9030100, 0x04000100, 0x94026e02, 0x27030203, 0x01000100, 
0x0100ed01, 0x5b010600, 0xae029601, 0xa803d502, 0x0300b603, 0x04000000, 0x1c001600, 0x2e002800, 
0x01000000, 0x07000000, 0x01000100, 0x0100f903, 0x6e020400, 0x02039402, 0x01002703, 0xed010100, 
0x41000100, 0x50014e01, 0x5a015201, 0x61015d01, 0x63016201, 0x65016401, 0x6e016801, 0x72017001, 
0x93019101, 0x97019501, 0xb1019801, 0xb401b301, 0xb801b701, 0x48024002, 0x4d024c02, 0x53025102, 
0xa1025502, 0xa502a302, 0xb002ad02, 0xb502b402, 0xb702b602, 0xbe02ba02, 0xc202c002, 0xc502c302, 
0xca02c802, 0xd702d402, 0xdc02db02, 0xde02dd02, 0xe502e102, 0xe902e702, 0x93039203, 0xa403a303, 
0xb203b003, 0x0300c403, 0x04000000, 0x1c001600, 0x2e002800, 0x01000000, 0x06000000, 0x01000100, 
0x0100f903, 0x6e020400, 0x02039402, 0x01002703, 0xed010100, 0x17000100, 0x54015101, 0x67016001, 
0x42023f02, 0x4f024b02, 0xa702a402, 0xb902b302, 0xcc02cb02, 0xda02ce02, 0xc203e002, 0xd503d303, 
0xd803d603, 0x0300e003, 0x04000000, 0x1c001600, 0x2e002800, 0x01000000, 0x05000000, 0x01000100, 
0x0100f903, 0x6e020400, 0x02039402, 0x01002703, 0xed010100, 0x1e000100, 0x5e015301, 0x6c016b01, 
0x6f016d01, 0x41027101, 0x50024902, 0x54025202, 0xa6025702, 0xbd02b102, 0xd802cd02, 0x8f03e402, 
0xae03aa03, 0xe403b903, 0xe603e503, 0xe803e703, 0xec03ea03, 0x00000300, 0x14000300, 0x22001a00, 
0x01000000, 0x09000000, 0x01000100, 0x0100f903, 0x7d020200, 0x01001103, 0x69010400, 0xbb026a01, 
0x0300e202, 0x03000000, 0x1a001400, 0x00002200, 0x00000100, 0x01000800, 0xf9030100, 0x02000100, 
0x11037d02, 0x16000100, 0x59015801, 0x5f015b01, 0x45029601, 0x4a024602, 0xac02ab02, 0xb202ae02, 
0xd302d202, 0xd902d502, 0x9e039c03, 0xa803a103, 0xb603af03, 0x00000300, 0x14000300, 0x22001a00, 
0x01000000, 0x07000000, 0x01000100, 0x0100f903, 0x7d020200, 0x01001103, 0x4e011800, 0x62016101, 
0x6e016401, 0x91017201, 0xb1019701, 0x55025102, 0xb002a102, 0xb602b402, 0xc202be02, 0xc802c302, 
0xdb02d702, 0xe502dd02, 0x0300e902, 0x03000000, 0x1a001400, 0x00002200, 0x00000100, 0x01000600, 
0xf9030100, 0x02000100, 0x11037d02, 0x37000100, 0x51015001, 0x5a015201, 0x63015d01, 0x67016501, 
0x70016801, 0x95019301, 0xb3019801, 0xb701b401, 0x3f02b801, 0x48024002, 0x4d024c02, 0x53024f02, 
0xa402a302, 0xad02a502, 0xb702b502, 0xba02b902, 0xc502c002, 0xcb02ca02, 0xd402cc02, 0xde02dc02, 
0xe102e002, 0x9203e702, 0xa3039303, 0xb003a403, 0xc403b203, 0xd503d303, 0xd803d603, 0x0300e003, 
0x03000000, 0x1a001400, 0x00002200, 0x00000100, 0x01000500, 0xf9030100, 0x02000100, 0x11037d02, 
0x19000100, 0x54015301, 0x60015e01, 0x42024102, 0x4b024902, 0xa6025702, 0xb102a702, 0xcd02b302, 
0xd802ce02, 0x8f03da02, 0xc203ae03, 0xe503e403, 0xe703e603, 0x0300e803, 0x04000000, 0x1c001600, 
0x2a002400, 0x01000000, 0x09000000, 0x01000100, 0x0100f903, 0x7d020200, 0x01001103, 0xed010100, 
0x04000100, 0x6a016901, 0xe202bb02, 0x00000300, 0x16000400, 0x24001c00, 0x00002a00, 0x00000100, 
0x01000800, 0xf9030100, 0x02000100, 0x11037d02, 0x01000100, 0x0100ed01, 0x58011600, 0x5b015901, 
0x96015f01, 0x46024502, 0xab024a02, 0xae02ac02, 0xd202b202, 0xd502d302, 0x9c03d902, 0xa1039e03, 
0xaf03a803, 0x0300b603, 0x04000000, 0x1c001600, 0x2a002400, 0x01000000, 0x07000000, 0x01000100, 
0x0100f903, 0x7d020200, 0x01001103, 0xed010100, 0x18000100, 0x61014e01, 0x64016201, 0x72016e01, 
0x97019101, 0x5102b101, 0xa1025502, 0xb402b002, 0xbe02b602, 0xc302c202, 0xd702c802, 0xdd02db02, 
0xe902e502, 0x00000300, 0x16000400, 0x24001c00, 0x00002a00, 0x00000100, 0x01000600, 0xf9030100, 
0x02000100, 0x11037d02, 0x01000100, 0x0100ed01, 0x50013700, 0x52015101, 0x5d015a01, 0x65016301, 
0x68016701, 0x93017001, 0x98019501, 0xb401b301, 0xb801b701, 0x40023f02, 0x4c024802, 0x4f024d02, 
0xa3025302, 0xa502a402, 0xb502ad02, 0xb902b702, 0xc002ba02, 0xca02c502, 0xcc02cb02, 0xdc02d402, 
0xe002de02, 0xe702e102, 0x93039203, 0xa403a303, 0xb203b003, 0xd303c403, 0xd603d503, 0xe003d803, 
0x00000300, 0x16000400, 0x24001c00, 0x00002a00, 0x00000100, 0x01000500, 0xf9030100, 0x02000100, 
0x11037d02, 0x01000100, 0x0100ed01, 0x53011900, 0x5e015401, 0x41026001, 0x49024202, 0x57024b02, 
0xa702a602, 0xb302b102, 0xce02cd02, 0xda02d802, 0xae038f03, 0xe403c203, 0xe603e503, 0xe803e703, 
0x00000300, 0x14000300, 0x26001a00, 0x01000000, 0x09000000, 0x01000100, 0x0100f903, 0x73020400, 
0x07039902, 0x01002c03, 0x69010400, 0xbb026a01, 0x0300e202, 0x03000000, 0x1a001400, 0x00002600, 
0x00000100, 0x01000800, 0xf9030100, 0x04000100, 0x99027302, 0x2c030703, 0x16000100, 0x59015801, 
0x5f015b01, 0x45029601, 0x4a024602, 0xac02ab02, 0xb202ae02, 0xd302d202, 0xd902d502, 0x9e039c03, 
0xa803a103, 0xb603af03, 0x00000300, 0x14000300, 0x26001a00, 0x01000000, 0x07000000, 0x01000100, 
0x0100f903, 0x73020400, 0x07039902, 0x01002c03, 0x4e011800, 0x62016101, 0x6e016401, 0x91017201, 
0xb1019701, 0x55025102, 0xb002a102, 0xb602b402, 0xc202be02, 0xc802c302, 0xdb02d702, 0xe502dd02, 
0x0300e902, 0x03000000, 0x1a001400, 0x00002600, 0x00000100, 0x01000600, 0xf9030100, 0x04000100, 
0x99027302, 0x2c030703, 0x37000100, 0x51015001, 0x5a015201, 0x63015d01, 0x67016501, 0x70016801, 
0x95019301, 0xb3019801, 0xb701b401, 0x3f02b801, 0x48024002, 0x4d024c02, 0x53024f02, 0xa402a302, 
0xad02a502, 0xb702b502, 0xba02b902, 0xc502c002, 0xcb02ca02, 0xd402cc02, 0xde02dc02, 0xe102e002, 
0x9203e702, 0xa3039303, 0xb003a403, 0xc403b203, 0xd503d303, 0xd803d603, 0x0300e003, 0x03000000, 
0x1a001400, 0x00002600, 0x00000100, 0x01000500, 0xf9030100, 0x04000100, 0x99027302, 0x2c030703, 
0x19000100, 0x54015301, 0x60015e01, 0x42024102, 0x4b024902, 0xa6025702, 0xb102a702, 0xcd02b302, 
0xd802ce02, 0x8f03da02, 0xc203ae03, 0xe503e403, 0xe703e603, 0x0300e803, 0x04000000, 0x1c001600, 
0x2e002800, 0x01000000, 0x09000000, 0x01000100, 0x0100f903, 0x73020400, 0x07039902, 0x01002c03, 
0xed010100, 0x04000100, 0x6a016901, 0xe202bb02, 0x00000300, 0x16000400, 0x28001c00, 0x00002e00, 
0x00000100, 0x01000800, 0xf9030100, 0x04000100, 0x99027302, 0x2c030703, 0x01000100, 0x0100ed01, 
0x58011600, 0x5b015901, 0x96015f01, 0x46024502, 0xab024a02, 0xae02ac02, 0xd202b202, 0xd502d302, 
0x9c03d902, 0xa1039e03, 0xaf03a803, 0x0300b603, 0x04000000, 0x1c001600, 0x2e002800, 0x01000000, 
0x07000000, 0x01000100, 0x0100f903, 0x73020400, 0x07039902, 0x01002c03, 0xed010100, 0x18000100, 
0x61014e01, 0x64016201, 0x72016e01, 0x97019101, 0x5102b101, 0xa1025502, 0xb402b002, 0xbe02b602, 
0xc302c202, 0xd702c802, 0xdd02db02, 0xe902e502, 0x00000300, 0x16000400, 0x28001c00, 0x00002e00, 
0x00000100, 0x01000600, 0xf9030100, 0x04000100, 0x99027302, 0x2c030703, 0x01000100, 0x0100ed01, 
0x50013700, 0x52015101, 0x5d015a01, 0x65016301, 0x68016701, 0x93017001, 0x98019501, 0xb401b301, 
0xb801b701, 0x40023f02, 0x4c024802, 0x4f024d02, 0xa3025302, 0xa502a402, 0xb502ad02, 0xb902b702, 
0xc002ba02, 0xca02c502, 0xcc02cb02, 0xdc02d402, 0xe002de02, 0xe702e102, 0x93039203, 0xa403a303, 
0xb203b003, 0xd303c403, 0xd603d503, 0xe003d803, 0x00000300, 0x16000400, 0x28001c00, 0x00002e00, 
0x00000100, 0x01000500, 0xf9030100, 0x04000100, 0x99027302, 0x2c030703, 0x01000100, 0x0100ed01, 
0x53011900, 0x5e015401, 0x41026001, 0x49024202, 0x57024b02, 0xa702a602, 0xb302b102, 0xce02cd02, 
0xda02d802, 0xae038f03, 0xe403c203, 0xe603e503, 0xe803e703, 0x00000300, 0x14000300, 0x22001a00, 
0x01000000, 0x09000000, 0x01000100, 0x0100f903, 0xec020200, 0x01001603, 0x69010400, 0xbb026a01, 
0x0300e202, 0x03000000, 0x1a001400, 0x00002200, 0x00000100, 0x01000800, 0xf9030100, 0x02000100, 
0x1603ec02, 0x16000100, 0x59015801, 0x5f015b01, 0x45029601, 0x4a024602, 0xac02ab02, 0xb202ae02, 
0xd302d202, 0xd902d502, 0x9e039c03, 0xa803a103, 0xb603af03, 0x00000300, 0x14000300, 0x22001a00, 
0x01000000, 0x07000000, 0x01000100, 0x0100f903, 0xec020200, 0x01001603, 0x4e010c00, 0x72016401, 
0x97019101, 0xa1025502, 0xb602b002, 0xd702c802, 0x0300dd02, 0x03000000, 0x1a001400, 0x00002200, 
0x00000100, 0x01000600, 0xf9030100, 0x02000100, 0x1603ec02, 0x43000100, 0x51015001, 0x5a015201, 
0x61015d01, 0x63016201, 0x67016501, 0x6e016801, 0x93017001, 0x98019501, 0xb301b101, 0xb701b401, 
0x3f02b801, 0x48024002, 0x4d024c02, 0x51024f02, 0xa3025302, 0xa502a402, 0xb402ad02, 0xb702b502, 
0xba02b902, 0xc002be02, 0xc302c202, 0xca02c502, 0xcc02cb02, 0xdb02d402, 0xde02dc02, 0xe102e002, 
0xe702e502, 0x9203e902, 0xa3039303, 0xb003a403, 0xc403b203, 0xd503d303, 0xd803d603, 0x0300e003, 
0x03000000, 0x1a001400, 0x00002200, 0x00000100, 0x01000500, 0xf9030100, 0x02000100, 0x1603ec02, 
0x18000100, 0x54015301, 0x60015e01, 0x42024102, 0x4b024902, 0xa6025702, 0xb102a702, 0xcd02b302, 
0xd802ce02, 0x8f03da02, 0xe403c203, 0xe603e503, 0xe803e703, 0x00000300, 0x16000400, 0x24001c00, 
0x00002a00, 0x00000100, 0x01000900, 0xf9030100, 0x02000100, 0x1603ec02, 0x01000100, 0x0100ed01, 
0x69010400, 0xbb026a01, 0x0300e202, 0x04000000, 0x1c001600, 0x2a002400, 0x01000000, 0x08000000, 
0x01000100, 0x0100f903, 0xec020200, 0x01001603, 0xed010100, 0x16000100, 0x59015801, 0x5f015b01, 
0x45029601, 0x4a024602, 0xac02ab02, 0xb202ae02, 0xd302d202, 0xd902d502, 0x9e039c03, 0xa803a103, 
0xb603af03, 0x00000300, 0x16000400, 0x24001c00, 0x00002a00, 0x00000100, 0x01000700, 0xf9030100, 
0x02000100, 0x1603ec02, 0x01000100, 0x0100ed01, 0x4e010c00, 0x72016401, 0x97019101, 0xa1025502, 
0xb602b002, 0xd702c802, 0x0300dd02, 0x04000000, 0x1c001600, 0x2a002400, 0x01000000, 0x06000000, 
0x01000100, 0x0100f903, 0xec020200, 0x01001603, 0xed010100, 0x43000100, 0x51015001, 0x5a015201, 
0x61015d01, 0x63016201, 0x67016501, 0x6e016801, 0x93017001, 0x98019501, 0xb301b101, 0xb701b401, 
0x3f02b801, 0x48024002, 0x4d024c02, 0x51024f02, 0xa3025302, 0xa502a402, 0xb402ad02, 0xb702b502, 
0xba02b902, 0xc002be02, 0xc302c202, 0xca02c502, 0xcc02cb02, 0xdb02d402, 0xde02dc02, 0xe102e002, 
0xe702e502, 0x9203e902, 0xa3039303, 0xb003a403, 0xc403b203, 0xd503d303, 0xd803d603, 0x0300e003, 
0x04000000, 0x1c001600, 0x2a002400, 0x01000000, 0x05000000, 0x01000100, 0x0100f903, 0xec020200, 
0x01001603, 0xed010100, 0x18000100, 0x54015301, 0x60015e01, 0x42024102, 0x4b024902, 0xa6025702, 
0xb102a702, 0xcd02b302, 0xd802ce02, 0x8f03da02, 0xe403c203, 0xe603e503, 0xe803e703, 0x00000300, 
0x14000300, 0x22001a00, 0x01000000, 0x09000000, 0x01000100, 0x0100f903, 0x69020200, 0x01008f02, 
0x5f010500, 0x6a016901, 0xe202bb02, 0x00000300, 0x14000300, 0x22001a00, 0x01000000, 0x08000000, 
0x01000100, 0x0100f903, 0x69020200, 0x01008f02, 0x4e011700, 0x59015801, 0x96015b01, 0x46024502, 
0xa1024a02, 0xac02ab02, 0xb202ae02, 0xd302d202, 0xd902d502, 0x9e039c03, 0xa803a103, 0xb603af03, 
0x00000300, 0x14000300, 0x22001a00, 0x01000000, 0x07000000, 0x01000100, 0x0100f903, 0x69020200, 
0x01008f02, 0x63010800, 0x65016401, 0x6e016801, 0x55027201, 0x0300b502, 0x03000000, 0x1a001400, 
0x00002200, 0x00000100, 0x01000600, 0xf9030100, 0x02000100, 0x8f026902, 0x42000100, 0x51015001, 
0x5a015201, 0x61015d01, 0x67016201, 0x91017001, 0x95019301, 0x98019701, 0xb301b101, 0xb701b401, 
0x3f02b801, 0x48024002, 0x4d024c02, 0x53025102, 0xa402a302, 0xad02a502, 0xb402b002, 0xb702b602, 
0xbe02ba02, 0xc202c002, 0xc502c302, 0xca02c802, 0xcc02cb02, 0xd702d402, 0xdc02db02, 0xde02dd02, 
0xe502e102, 0xe902e702, 0x93039203, 0xa403a303, 0xb203b003, 0xd303c403, 0xd603d503, 0xe503d803, 
0x00000300, 0x14000300, 0x22001a00, 0x01000000, 0x05000000, 0x01000100, 0x0100f903, 0x69020200, 
0x01008f02, 0x53011b00, 0x5e015401, 0x6b016001, 0x42024102, 0x4b024902, 0x57024f02, 0xa702a602, 
0xb302b102, 0xcd02b902, 0xd802ce02, 0xe002da02, 0xc2038f03, 0xe603e003, 0xe803e703, 0x00000300, 
0x16000400, 0x24001c00, 0x00002a00, 0x00000100, 0x01000900, 0xf9030100, 0x02000100, 0x8f026902, 
0x01000100, 0x0100ed01, 0x5f010500, 0x6a016901, 0xe202bb02, 0x00000300, 0x16000400, 0x24001c00, 
0x00002a00, 0x00000100, 0x01000800, 0xf9030100, 0x02000100, 0x8f026902, 0x01000100, 0x0100ed01, 
0x4e011700, 0x59015801, 0x96015b01, 0x46024502, 0xa1024a02, 0xac02ab02, 0xb202ae02, 0xd302d202, 
0xd902d502, 0x9e039c03, 0xa803a103, 0xb603af03, 0x00000300, 0x16000400, 0x24001c00, 0x00002a00, 
0x00000100, 0x01000700, 0xf9030100, 0x02000100, 0x8f026902, 0x01000100, 0x0100ed01, 0x63010800, 
0x65016401, 0x6e016801, 0x55027201, 0x0300b502, 0x04000000, 0x1c001600, 0x2a002400, 0x01000000, 
0x06000000, 0x01000100, 0x0100f903, 0x69020200, 0x01008f02, 0xed010100, 0x42000100, 0x51015001, 
0x5a015201, 0x61015d01, 0x67016201, 0x91017001, 0x95019301, 0x98019701, 0xb301b101, 0xb701b401, 
0x3f02b801, 0x48024002, 0x4d024c02, 0x53025102, 0xa402a302, 0xad02a502, 0xb402b002, 0xb702b602, 
0xbe02ba02, 0xc202c002, 0xc502c302, 0xca02c802, 0xcc02cb02, 0xd702d402, 0xdc02db02, 0xde02dd02, 
0xe502e102, 0xe902e702, 0x93039203, 0xa403a303, 0xb203b003, 0xd303c403, 0xd603d503, 0xe503d803, 
0x00000300, 0x16000400, 0x24001c00, 0x00002a00, 0x00000100, 0x01000500, 0xf9030100, 0x02000100, 
0x8f026902, 0x01000100, 0x0100ed01, 0x53011b00, 0x5e015401, 0x6b016001, 0x42024102, 0x4b024902, 
0x57024f02, 0xa702a602, 0xb302b102, 0xcd02b902, 0xd802ce02, 0xe002da02, 0xc2038f03, 0xe603e003, 
0xe803e703, 0x00000300, 0x14000300, 0x22001a00, 0x01000000, 0x09000000, 0x01000100, 0x0100f903, 
0x72020200, 0x01009802, 0x69010400, 0xbb026a01, 0x0300e202, 0x03000000, 0x1a001400, 0x00002200, 
0x00000100, 0x01000800, 0xf9030100, 0x02000100, 0x98027202, 0x16000100, 0x59015801, 0x5f015b01, 
0x45029601, 0x4a024602, 0xac02ab02, 0xb202ae02, 0xd302d202, 0xd902d502, 0x9e039c03, 0xa803a103, 
0xb603af03, 0x00000300, 0x14000300, 0x22001a00, 0x01000000, 0x07000000, 0x01000100, 0x0100f903, 
0x72020200, 0x01009802, 0x5a010400, 0x72016e01, 0x03005502, 0x03000000, 0x1a001400, 0x00002200, 
0x00000100, 0x01000600, 0xf9030100, 0x02000100, 0x98027202, 0x47000100, 0x50014e01, 0x52015101, 
0x61015d01, 0x63016201, 0x65016401, 0x68016701, 0x91017001, 0x95019301, 0x98019701, 0xb301b101, 
0xb701b401, 0x3f02b801, 0x48024002, 0x4d024c02, 0x53025102, 0xa302a102, 0xa502a402, 0xb002ad02, 
0xb502b402, 0xb702b602, 0xbe02ba02, 0xc202c002, 0xc502c302, 0xca02c802, 0xcc02cb02, 0xd702d402, 
0xdc02db02, 0xde02dd02, 0xe502e102, 0xe902e702, 0x93039203, 0xa403a303, 0xb203b003, 0xd303c403, 
0xd603d503, 0x0300d803, 0x03000000, 0x1a001400, 0x00002200, 0x00000100, 0x01000500, 0xf9030100, 
0x02000100, 0x98027202, 0x1b000100, 0x54015301, 0x60015e01, 0x42024102, 0x4b024902, 0x57024f02, 
0xa702a602, 0xb302b102, 0xcd02b902, 0xd802ce02, 0xe002da02, 0xc2038f03, 0xe503e003, 0xe703e603, 
0x0300e803, 0x04000000, 0x1c001600, 0x2a002400, 0x01000000, 0x09000000, 0x01000100, 0x0100f903, 
0x72020200, 0x01009802, 0xed010100, 0x04000100, 0x6a016901, 0xe202bb02, 0x00000300, 0x16000400, 
0x24001c00, 0x00002a00, 0x00000100, 0x01000800, 0xf9030100, 0x02000100, 0x98027202, 0x01000100, 
0x0100ed01, 0x58011600, 0x5b015901, 0x96015f01, 0x46024502, 0xab024a02, 0xae02ac02, 0xd202b202, 
0xd502d302, 0x9c03d902, 0xa1039e03, 0xaf03a803, 0x0300b603, 0x04000000, 0x1c001600, 0x2a002400, 
0x01000000, 0x07000000, 0x01000100, 0x0100f903, 0x72020200, 0x01009802, 0xed010100, 0x04000100, 
0x6e015a01, 0x55027201, 0x00000300, 0x16000400, 0x24001c00, 0x00002a00, 0x00000100, 0x01000600, 
0xf9030100, 0x02000100, 0x98027202, 0x01000100, 0x0100ed01, 0x4e014700, 0x51015001, 0x5d015201, 
0x62016101, 0x64016301, 0x67016501, 0x70016801, 0x93019101, 0x97019501, 0xb1019801, 0xb401b301, 
0xb801b701, 0x40023f02, 0x4c024802, 0x51024d02, 0xa1025302, 0xa402a302, 0xad02a502, 0xb402b002, 
0xb602b502, 0xba02b702, 0xc002be02, 0xc302c202, 0xc802c502, 0xcb02ca02, 0xd402cc02, 0xdb02d702, 
0xdd02dc02, 0xe102de02, 0xe702e502, 0x9203e902, 0xa3039303, 0xb003a403, 0xc403b203, 0xd503d303, 
0xd803d603, 0x00000300, 0x16000400, 0x24001c00, 0x00002a00, 0x00000100, 0x01000500, 0xf9030100, 
0x02000100, 0x98027202, 0x01000100, 0x0100ed01, 0x53011b00, 0x5e015401, 0x41026001, 0x49024202, 
0x4f024b02, 0xa6025702, 0xb102a702, 0xb902b302, 0xce02cd02, 0xda02d802, 0x8f03e002, 0xe003c203, 
0xe603e503, 0xe803e703, 0x00000300, 0x14000300, 0x26001a00, 0x01000000, 0x09000000, 0x01000100, 
0x0100f903, 0x5d020400, 0xed028302, 0x01001703, 0x69010400, 0xbb026a01, 0x0300e202, 0x03000000, 
0x1a001400, 0x00002600, 0x00000100, 0x01000800, 0xf9030100, 0x04000100, 0x83025d02, 0x1703ed02, 
0x16000100, 0x59015801, 0x5f015b01, 0x45029601, 0x4a024602, 0xac02ab02, 0xb202ae02, 0xd302d202, 
0xd902d502, 0x9e039c03, 0xa803a103, 0xb603af03, 0x00000300, 0x14000300, 0x26001a00, 0x01000000, 
0x07000000, 0x01000100, 0x0100f903, 0x5d020400, 0xed028302, 0x01001703, 0x72010200, 0x03005502, 
0x03000000, 0x1a001400, 0x00002600, 0x00000100, 0x01000600, 0xf9030100, 0x04000100, 0x83025d02, 
0x1703ed02, 0x43000100, 0x50014e01, 0x5a015201, 0x61015d01, 0x63016201, 0x65016401, 0x6e016801, 
0x91017001, 0x95019301, 0x98019701, 0xb301b101, 0xb701b401, 0x4002b801, 0x4c024802, 0x51024d02, 
0xa1025302, 0xa502a302, 0xb002ad02, 0xb502b402, 0xb702b602, 0xbe02ba02, 0xc202c002, 0xc502c302, 
0xca02c802, 0xd702d402, 0xdc02db02, 0xde02dd02, 0xe502e102, 0xe902e702, 0x93039203, 0xa403a303, 
0xb203b003, 0xd303c403, 0xd603d503, 0x0300d803, 0x03000000, 0x1a001400, 0x00002600, 0x00000100, 
0x01000500, 0xf9030100, 0x04000100, 0x83025d02, 0x1703ed02, 0x1d000100, 0x53015101, 0x60015401, 
0x3f026701, 0x42024102, 0x4f024b02, 0xa4025702, 0xa702a602, 0xb902b302, 0xcc02cb02, 0xce02cd02, 
0xe002da02, 0xc2038f03, 0xe503e003, 0xe703e603, 0x0300e803, 0x04000000, 0x1c001600, 0x2e002800, 
0x01000000, 0x09000000, 0x01000100, 0x0100f903, 0x5d020400, 0xed028302, 0x01001703, 0xed010100, 
0x04000100, 0x6a016901, 0xe202bb02, 0x00000300, 0x16000400, 0x28001c00, 0x00002e00, 0x00000100, 
0x01000800, 0xf9030100, 0x04000100, 0x83025d02, 0x1703ed02, 0x01000100, 0x0100ed01, 0x58011600, 
0x5b015901, 0x96015f01, 0x46024502, 0xab024a02, 0xae02ac02, 0xd202b202, 0xd502d302, 0x9c03d902, 
0xa1039e03, 0xaf03a803, 0x0300b603, 0x04000000, 0x1c001600, 0x2e002800, 0x01000000, 0x07000000, 
0x01000100, 0x0100f903, 0x5d020400, 0xed028302, 0x01001703, 0xed010100, 0x02000100, 0x55027201, 
0x00000300, 0x16000400, 0x28001c00, 0x00002e00, 0x00000100, 0x01000600, 0xf9030100, 0x04000100, 
0x83025d02, 0x1703ed02, 0x01000100, 0x0100ed01, 0x4e014300, 0x52015001, 0x5d015a01, 0x62016101, 
0x64016301, 0x68016501, 0x70016e01, 0x93019101, 0x97019501, 0xb1019801, 0xb401b301, 0xb801b701, 
0x48024002, 0x4d024c02, 0x53025102, 0xa302a102, 0xad02a502, 0xb402b002, 0xb602b502, 0xba02b702, 
0xc002be02, 0xc302c202, 0xc802c502, 0xd402ca02, 0xdb02d702, 0xdd02dc02, 0xe102de02, 0xe702e502, 
0x9203e902, 0xa3039303, 0xb003a403, 0xc403b203, 0xd503d303, 0xd803d603, 0x00000300, 0x16000400, 
0x28001c00, 0x00002e00, 0x00000100, 0x01000500, 0xf9030100, 0x04000100, 0x83025d02, 0x1703ed02, 
0x01000100, 0x0100ed01, 0x51011d00, 0x54015301, 0x67016001, 0x41023f02, 0x4b024202, 0x57024f02, 
0xa602a402, 0xb302a702, 0xcb02b902, 0xcd02cc02, 0xda02ce02, 0x8f03e002, 0xe003c203, 0xe603e503, 
0xe803e703, 0x00000300, 0x14000300, 0x22001a00, 0x01000000, 0x09000000, 0x01000100, 0x0100f903, 
0x6d020200, 0x01009302, 0x58010800, 0x69015f01, 0xab026a01, 0xbb02b202, 0x0300e202, 0x03000000, 
0x1a001400, 0x00002200, 0x00000100, 0x01000800, 0xf9030100, 0x02000100, 0x93026d02, 0x13000100, 
0x5b015901, 0x96017201, 0x46024502, 0xac024a02, 0xd202ae02, 0xd502d302, 0x9c03d902, 0xa1039e03, 
0xaf03a803, 0x0300b203, 0x03000000, 0x1a001400, 0x00002200, 0x00000100, 0x01000700, 0xf9030100, 
0x02000100, 0x93026d02, 0x0e000100, 0x51014e01, 0x63015d01, 0x65016401, 0x6e016801, 0x97017001, 
0xb002a102, 0xb603b602, 0x00000300, 0x14000300, 0x22001a00, 0x01000000, 0x06000000, 0x01000100, 
0x0100f903, 0x6d020200, 0x01009302, 0x50013500, 0x54015201, 0x61015a01, 0x67016201, 0x93019101, 
0x98019501, 0xb301b101, 0xb701b401, 0x4002b801, 0x4c024802, 0x51024d02, 0x55025302, 0xa502a302, 
0xb402ad02, 0xb702b502, 0xbe02ba02, 0xc202c002, 0xc502c302, 0xca02c802, 0xd702d402, 0xdc02db02, 
0xde02dd02, 0xe502e102, 0xe902e702, 0x93039203, 0xa403a303, 0xc403b003, 0x00000300, 0x14000300, 
0x22001a00, 0x01000000, 0x05000000, 0x01000100, 0x0100f903, 0x6d020200, 0x01009302, 0x53011900, 
0x66016001, 0x71016b01, 0x42023f02, 0x4f024b02, 0xa702a402, 0xb902b302, 0xcc02cb02, 0xda02ce02, 
0xc203e002, 0xd503d303, 0xd803d603, 0xe503e003, 0x00000300, 0x16000400, 0x24001c00, 0x00002a00, 
0x00000100, 0x01000900, 0xf9030100, 0x02000100, 0x93026d02, 0x01000100, 0x0100ed01, 0x58010800, 
0x69015f01, 0xab026a01, 0xbb02b202, 0x0300e202, 0x04000000, 0x1c001600, 0x2a002400, 0x01000000, 
0x08000000, 0x01000100, 0x0100f903, 0x6d020200, 0x01009302, 0xed010100, 0x13000100, 0x5b015901, 
0x96017201, 0x46024502, 0xac024a02, 0xd202ae02, 0xd502d302, 0x9c03d902, 0xa1039e03, 0xaf03a803, 
0x0300b203, 0x04000000, 0x1c001600, 0x2a002400, 0x01000000, 0x07000000, 0x01000100, 0x0100f903, 
0x6d020200, 0x01009302, 0xed010100, 0x0e000100, 0x51014e01, 0x63015d01, 0x65016401, 0x6e016801, 
0x97017001, 0xb002a102, 0xb603b602, 0x00000300, 0x16000400, 0x24001c00, 0x00002a00, 0x00000100, 
0x01000600, 0xf9030100, 0x02000100, 0x93026d02, 0x01000100, 0x0100ed01, 0x50013500, 0x54015201, 
0x61015a01, 0x67016201, 0x93019101, 0x98019501, 0xb301b101, 0xb701b401, 0x4002b801, 0x4c024802, 
0x51024d02, 0x55025302, 0xa502a302, 0xb402ad02, 0xb702b502, 0xbe02ba02, 0xc202c002, 0xc502c302, 
0xca02c802, 0xd702d402, 0xdc02db02, 0xde02dd02, 0xe502e102, 0xe902e702, 0x93039203, 0xa403a303, 
0xc403b003, 0x00000300, 0x16000400, 0x24001c00, 0x00002a00, 0x00000100, 0x01000500, 0xf9030100, 
0x02000100, 0x93026d02, 0x01000100, 0x0100ed01, 0x53011900, 0x66016001, 0x71016b01, 0x42023f02, 
0x4f024b02, 0xa702a402, 0xb902b302, 0xcc02cb02, 0xda02ce02, 0xc203e002, 0xd503d303, 0xd803d603, 
0xe503e003, 0x00000300, 0x14000300, 0x26001a00, 0x01000000, 0x09000000, 0x01000100, 0x0100f903, 
0x6c020400, 0x00039202, 0x01002503, 0x69010400, 0xbb026a01, 0x0300e202, 0x03000000, 0x1a001400, 
0x00002600, 0x00000100, 0x01000800, 0xf9030100, 0x04000100, 0x92026c02, 0x25030003, 0x15000100, 
0x59015801, 0x5f015b01, 0x45029601, 0x4a024602, 0xac02ab02, 0xb202ae02, 0xd302d202, 0xd902d502, 
0x9e039c03, 0xa803a103, 0x0300af03, 0x03000000, 0x1a001400, 0x00002600, 0x00000100, 0x01000700, 
0xf9030100, 0x04000100, 0x92026c02, 0x25030003, 0x01000100, 0x0300b603, 0x03000000, 0x1a001400, 
0x00002600, 0x00000100, 0x01000600, 0xf9030100, 0x04000100, 0x92026c02, 0x25030003, 0x3b000100, 
0x50014e01, 0x5a015201, 0x61015d01, 0x63016201, 0x65016401, 0x70016e01, 0x91017201, 0x95019301, 
0xb1019701, 0xb701b401, 0x4002b801, 0x4c024802, 0x51024d02, 0x55025302, 0xa302a102, 0xad02a502, 
0xb402b002, 0xb602b502, 0xbe02b702, 0xc202c002, 0xc802c302, 0xd402ca02, 0xdb02d702, 0xdd02dc02, 
0xe502de02, 0xe902e702, 0x93039203, 0xa403a303, 0xb203b003, 0x0300c403, 0x03000000, 0x1a001400, 
0x00002600, 0x00000100, 0x01000500, 0xf9030100, 0x04000100, 0x92026c02, 0x25030003, 0x1d000100, 
0x54015101, 0x67016001, 0x98016801, 0x3f02b301, 0x4b024202, 0xa4024f02, 0xb302a702, 0xba02b902, 
0xcb02c502, 0xce02cc02, 0xe002da02, 0xc203e102, 0xd503d303, 0xd803d603, 0x0300e003, 0x04000000, 
0x1c001600, 0x2e002800, 0x01000000, 0x09000000, 0x01000100, 0x0100f903, 0x6c020400, 0x00039202, 
0x01002503, 0xed010100, 0x04000100, 0x6a016901, 0xe202bb02, 0x00000300, 0x16000400, 0x28001c00, 
0x00002e00, 0x00000100, 0x01000800, 0xf9030100, 0x04000100, 0x92026c02, 0x25030003, 0x01000100, 
0x0100ed01, 0x58011500, 0x5b015901, 0x96015f01, 0x46024502, 0xab024a02, 0xae02ac02, 0xd202b202, 
0xd502d302, 0x9c03d902, 0xa1039e03, 0xaf03a803, 0x00000300, 0x16000400, 0x28001c00, 0x00002e00, 
0x00000100, 0x01000700, 0xf9030100, 0x04000100, 0x92026c02, 0x25030003, 0x01000100, 0x0100ed01, 
0xb6030100, 0x00000300, 0x16000400, 0x28001c00, 0x00002e00, 0x00000100, 0x01000600, 0xf9030100, 
0x04000100, 0x92026c02, 0x25030003, 0x01000100, 0x0100ed01, 0x4e013b00, 0x52015001, 0x5d015a01, 
0x62016101, 0x64016301, 0x6e016501, 0x72017001, 0x93019101, 0x97019501, 0xb401b101, 0xb801b701, 
0x48024002, 0x4d024c02, 0x53025102, 0xa1025502, 0xa502a302, 0xb002ad02, 0xb502b402, 0xb702b602, 
0xc002be02, 0xc302c202, 0xca02c802, 0xd702d402, 0xdc02db02, 0xde02dd02, 0xe702e502, 0x9203e902, 
0xa3039303, 0xb003a403, 0xc403b203, 0x00000300, 0x16000400, 0x28001c00, 0x00002e00, 0x00000100, 
0x01000500, 0xf9030100, 0x04000100, 0x92026c02, 0x25030003, 0x01000100, 0x0100ed01, 0x51011d00, 
0x60015401, 0x68016701, 0xb3019801, 0x42023f02, 0x4f024b02, 0xa702a402, 0xb902b302, 0xc502ba02, 
0xcc02cb02, 0xda02ce02, 0xe102e002, 0xd303c203, 0xd603d503, 0xe003d803, 0x00000300, 0x14000300, 
0x26001a00, 0x01000000, 0x08000000, 0x01000100, 0x0100f903, 0x79020400, 0x0d039e02, 0x01003103, 
0x58010f00, 0x69015901, 0x45026a01, 0xab024602, 0xbb02ac02, 0xd302d202, 0x9c03e202, 0xa1039e03, 
0x00000300, 0x14000300, 0x26001a00, 0x01000000, 0x07000000, 0x01000100, 0x0100f903, 0x79020400, 
0x0d039e02, 0x01003103, 0x5b010c00, 0x64015f01, 0x4a029601, 0xb202ae02, 0xd902d502, 0xaf03a803, 
0x0300b603, 0x03000000, 0x1a001400, 0x00002600, 0x00000100, 0x01000600, 0xf9030100, 0x04000100, 
0x9e027902, 0x31030d03, 0x22000100, 0x50014e01, 0x61015d01, 0x63016201, 0x6e016801, 0x72017001, 
0x93019101, 0xb1019701, 0x5102b401, 0xa1025502, 0xb002a302, 0xb502b402, 0xbe02b602, 0xc302c202, 
0xca02c802, 0xdb02d702, 0xe502dd02, 0xb203e902, 0x00000300, 0x14000300, 0x26001a00, 0x01000000, 
0x05000000, 0x01000100, 0x0100f903, 0x79020400, 0x0d039e02, 0x01003103, 0x51013100, 0x5a015201, 
0x65016001, 0x95016701, 0xb3019801, 0xb801b701, 0x40023f02, 0x4b024802, 0x4d024c02, 0x53024f02, 
0xa502a402, 0xb302ad02, 0xb902b702, 0xc002ba02, 0xcb02c502, 0xd402cc02, 0xdc02da02, 0xe002de02, 
0xe702e102, 0x93039203, 0xa403a303, 0xc203b003, 0xd303c403, 0xd603d503, 0xe003d803, 0x00000300, 
0x16000400, 0x28001c00, 0x00002e00, 0x00000100, 0x01000800, 0xf9030100, 0x04000100, 0x9e027902, 
0x31030d03, 0x01000100, 0x0100ed01, 0x58010f00, 0x69015901, 0x45026a01, 0xab024602, 0xbb02ac02, 
0xd302d202, 0x9c03e202, 0xa1039e03, 0x00000300, 0x16000400, 0x28001c00, 0x00002e00, 0x00000100, 
0x01000700, 0xf9030100, 0x04000100, 0x9e027902, 0x31030d03, 0x01000100, 0x0100ed01, 0x5b010c00, 
0x64015f01, 0x4a029601, 0xb202ae02, 0xd902d502, 0xaf03a803, 0x0300b603, 0x04000000, 0x1c001600, 
0x2e002800, 0x01000000, 0x06000000, 0x01000100, 0x0100f903, 0x79020400, 0x0d039e02, 0x01003103, 
0xed010100, 0x22000100, 0x50014e01, 0x61015d01, 0x63016201, 0x6e016801, 0x72017001, 0x93019101, 
0xb1019701, 0x5102b401, 0xa1025502, 0xb002a302, 0xb502b402, 0xbe02b602, 0xc302c202, 0xca02c802, 
0xdb02d702, 0xe502dd02, 0xb203e902, 0x00000300, 0x16000400, 0x28001c00, 0x00002e00, 0x00000100, 
0x01000500, 0xf9030100, 0x04000100, 0x9e027902, 0x31030d03, 0x01000100, 0x0100ed01, 0x51013100, 
0x5a015201, 0x65016001, 0x95016701, 0xb3019801, 0xb801b701, 0x40023f02, 0x4b024802, 0x4d024c02, 
0x53024f02, 0xa502a402, 0xb302ad02, 0xb902b702, 0xc002ba02, 0xcb02c502, 0xd402cc02, 0xdc02da02, 
0xe002de02, 0xe702e102, 0x93039203, 0xa403a303, 0xc203b003, 0xd303c403, 0xd603d503, 0xe003d803, 
0x00000300, 0x14000300, 0x22001a00, 0x01000000, 0x08000000, 0x01000100, 0x0100f903, 0xfe020200, 
0x01002303, 0x69010400, 0xbb026a01, 0x0300e202, 0x03000000, 0x1a001400, 0x00002200, 0x00000100, 
0x01000700, 0xf9030100, 0x02000100, 0x2303fe02, 0x16000100, 0x59015801, 0x5f015b01, 0x45029601, 
0x4a024602, 0xac02ab02, 0xb202ae02, 0xd302d202, 0xd902d502, 0x9e039c03, 0xa803a103, 0xb603af03, 
0x00000300, 0x14000300, 0x22001a00, 0x01000000, 0x06000000, 0x01000100, 0x0100f903, 0xfe020200, 
0x01002303, 0x4e011900, 0x62016101, 0x68016401, 0x72016e01, 0x97019101, 0x5102b101, 0xa1025502, 
0xb402b002, 0xbe02b602, 0xc302c202, 0xd702c802, 0xdd02db02, 0xe902e502, 0x00000300, 0x14000300, 
0x22001a00, 0x01000000, 0x05000000, 0x01000100, 0x0100f903, 0xfe020200, 0x01002303, 0x50013600, 
0x52015101, 0x5d015a01, 0x65016301, 0x70016701, 0x95019301, 0xb3019801, 0xb701b401, 0x3f02b801, 
0x48024002, 0x4d024c02, 0x53024f02, 0xa402a302, 0xad02a502, 0xb702b502, 0xba02b902, 0xc502c002, 
0xcb02ca02, 0xd402cc02, 0xde02dc02, 0xe102e002, 0x9203e702, 0xa3039303, 0xb003a403, 0xc403b203, 
0xd503d303, 0xd803d603, 0x0300e003, 0x04000000, 0x1c001600, 0x2a002400, 0x01000000, 0x08000000, 
0x01000100, 0x0100f903, 0xfe020200, 0x01002303, 0xed010100, 0x04000100, 0x6a016901, 0xe202bb02, 
0x00000300, 0x16000400, 0x24001c00, 0x00002a00, 0x00000100, 0x01000700, 0xf9030100, 0x02000100, 
0x2303fe02, 0x01000100, 0x0100ed01, 0x58011600, 0x5b015901, 0x96015f01, 0x46024502, 0xab024a02, 
0xae02ac02, 0xd202b202, 0xd502d302, 0x9c03d902, 0xa1039e03, 0xaf03a803, 0x0300b603, 0x04000000, 
0x1c001600, 0x2a002400, 0x01000000, 0x06000000, 0x01000100, 0x0100f903, 0xfe020200, 0x01002303, 
0xed010100, 0x19000100, 0x61014e01, 0x64016201, 0x6e016801, 0x91017201, 0xb1019701, 0x55025102, 
0xb002a102, 0xb602b402, 0xc202be02, 0xc802c302, 0xdb02d702, 0xe502dd02, 0x0300e902, 0x04000000, 
0x1c001600, 0x2a002400, 0x01000000, 0x05000000, 0x01000100, 0x0100f903, 0xfe020200, 0x01002303, 
0xed010100, 0x36000100, 0x51015001, 0x5a015201, 0x63015d01, 0x67016501, 0x93017001, 0x98019501, 
0xb401b301, 0xb801b701, 0x40023f02, 0x4c024802, 0x4f024d02, 0xa3025302, 0xa502a402, 0xb502ad02, 
0xb902b702, 0xc002ba02, 0xca02c502, 0xcc02cb02, 0xdc02d402, 0xe002de02, 0xe702e102, 0x93039203, 
0xa403a303, 0xb203b003, 0xd303c403, 0xd603d503, 0xe003d803, 0x00000300, 0x14000300, 0x22001a00, 
0x01000000, 0x08000000, 0x01000100, 0x0100f903, 0x01030200, 0x01002603, 0x69010400, 0xbb026a01, 
0x0300e202, 0x03000000, 0x1a001400, 0x00002200, 0x00000100, 0x01000700, 0xf9030100, 0x02000100, 
0x26030103, 0x16000100, 0x59015801, 0x5f015b01, 0x45029601, 0x4a024602, 0xac02ab02, 0xb202ae02, 
0xd302d202, 0xd902d502, 0x9e039c03, 0xa803a103, 0xb603af03, 0x00000300, 0x14000300, 0x22001a00, 
0x01000000, 0x06000000, 0x01000100, 0x0100f903, 0x01030200, 0x01002603, 0x4e011400, 0x62016101, 
0x72016401, 0x97019101, 0x5502b101, 0xb002a102, 0xb602b402, 0xc302c202, 0xd702c802, 0xdd02db02, 
0x0300e902, 0x03000000, 0x1a001400, 0x00002200, 0x00000100, 0x01000500, 0xf9030100, 0x02000100, 
0x26030103, 0x3b000100, 0x51015001, 0x5a015201, 0x63015d01, 0x67016501, 0x6e016801, 0x93017001, 
0x98019501, 0xb401b301, 0xb801b701, 0x40023f02, 0x4c024802, 0x4f024d02, 0x53025102, 0xa402a302, 
0xad02a502, 0xb702b502, 0xba02b902, 0xc002be02, 0xca02c502, 0xcc02cb02, 0xdc02d402, 0xe002de02, 
0xe502e102, 0x9203e702, 0xa3039303, 0xb003a403, 0xc403b203, 0xd503d303, 0xd803d603, 0x0300e003, 
0x04000000, 0x1c001600, 0x2a002400, 0x01000000, 0x08000000, 0x01000100, 0x0100f903, 0x01030200, 
0x01002603, 0xed010100, 0x04000100, 0x6a016901, 0xe202bb02, 0x00000300, 0x16000400, 0x24001c00, 
0x00002a00, 0x00000100, 0x01000700, 0xf9030100, 0x02000100, 0x26030103, 0x01000100, 0x0100ed01, 
0x58011600, 0x5b015901, 0x96015f01, 0x46024502, 0xab024a02, 0xae02ac02, 0xd202b202, 0xd502d302, 
0x9c03d902, 0xa1039e03, 0xaf03a803, 0x0300b603, 0x04000000, 0x1c001600, 0x2a002400, 0x01000000, 
0x06000000, 0x01000100, 0x0100f903, 0x01030200, 0x01002603, 0xed010100, 0x14000100, 0x61014e01, 
0x64016201, 0x91017201, 0xb1019701, 0xa1025502, 0xb402b002, 0xc202b602, 0xc802c302, 0xdb02d702, 
0xe902dd02, 0x00000300, 0x16000400, 0x24001c00, 0x00002a00, 0x00000100, 0x01000500, 0xf9030100, 
0x02000100, 0x26030103, 0x01000100, 0x0100ed01, 0x50013b00, 0x52015101, 0x5d015a01, 0x65016301, 
0x68016701, 0x70016e01, 0x95019301, 0xb3019801, 0xb701b401, 0x3f02b801, 0x48024002, 0x4d024c02, 
0x51024f02, 0xa3025302, 0xa502a402, 0xb502ad02, 0xb902b702, 0xbe02ba02, 0xc502c002, 0xcb02ca02, 
0xd402cc02, 0xde02dc02, 0xe102e002, 0xe702e502, 0x93039203, 0xa403a303, 0xb203b003, 0xd303c403, 
0xd603d503, 0xe003d803, 0x00000300, 0x14000300, 0x22001a00, 0x01000000, 0x08000000, 0x01000100, 
0x0100f903, 0x7a020200, 0x01009f02, 0x69010400, 0xbb026a01, 0x0300e202, 0x03000000, 0x1a001400, 
0x00002200, 0x00000100, 0x01000700, 0xf9030100, 0x02000100, 0x9f027a02, 0x16000100, 0x59015801, 
0x5f015b01, 0x45029601, 0x4a024602, 0xac02ab02, 0xb202ae02, 0xd302d202, 0xd902d502, 0x9e039c03, 
0xa803a103, 0xb603af03, 0x00000300, 0x14000300, 0x22001a00, 0x01000000, 0x06000000, 0x01000100, 
0x0100f903, 0x7a020200, 0x01009f02, 0x4e010d00, 0x64016101, 0x91017201, 0x55029701, 0xb002a102, 
0xc802b602, 0xdd02d702, 0x00000300, 0x14000300, 0x22001a00, 0x01000000, 0x05000000, 0x01000100, 
0x0100f903, 0x7a020200, 0x01009f02, 0x50014100, 0x52015101, 0x5d015a01, 0x63016201, 0x67016501, 
0x6e016801, 0x93017001, 0x98019501, 0xb301b101, 0xb701b401, 0x3f02b801, 0x48024002, 0x4d024c02, 
0x51024f02, 0xa3025302, 0xa502a402, 0xb402ad02, 0xb702b502, 0xba02b902, 0xc002be02, 0xc302c202, 
0xca02c502, 0xcc02cb02, 0xdb02d402, 0xde02dc02, 0xe102e002, 0xe702e502, 0x9203e902, 0xa3039303, 
0xb003a403, 0xc403b203, 0xd503d303, 0xd803d603, 0x00000300, 0x16000400, 0x24001c00, 0x00002a00, 
0x00000100, 0x01000800, 0xf9030100, 0x02000100, 0x9f027a02, 0x01000100, 0x0100ed01, 0x69010400, 
0xbb026a01, 0x0300e202, 0x04000000, 0x1c001600, 0x2a002400, 0x01000000, 0x07000000, 0x01000100, 
0x0100f903, 0x7a020200, 0x01009f02, 0xed010100, 0x16000100, 0x59015801, 0x5f015b01, 0x45029601, 
0x4a024602, 0xac02ab02, 0xb202ae02, 0xd302d202, 0xd902d502, 0x9e039c03, 0xa803a103, 0xb603af03, 
0x00000300, 0x16000400, 0x24001c00, 0x00002a00, 0x00000100, 0x01000600, 0xf9030100, 0x02000100, 
0x9f027a02, 0x01000100, 0x0100ed01, 0x4e010d00, 0x64016101, 0x91017201, 0x55029701, 0xb002a102, 
0xc802b602, 0xdd02d702, 0x00000300, 0x16000400, 0x24001c00, 0x00002a00, 0x00000100, 0x01000500, 
0xf9030100, 0x02000100, 0x9f027a02, 0x01000100, 0x0100ed01, 0x50014100, 0x52015101, 0x5d015a01, 
0x63016201, 0x67016501, 0x6e016801, 0x93017001, 0x98019501, 0xb301b101, 0xb701b401, 0x3f02b801, 
0x48024002, 0x4d024c02, 0x51024f02, 0xa3025302, 0xa502a402, 0xb402ad02, 0xb702b502, 0xba02b902, 
0xc002be02, 0xc302c202, 0xca02c502, 0xcc02cb02, 0xdb02d402, 0xde02dc02, 0xe102e002, 0xe702e502, 
0x9203e902, 0xa3039303, 0xb003a403, 0xc403b203, 0xd503d303, 0xd803d603, 0x00000300, 0x14000300, 
0x26001a00, 0x01000000, 0x08000000, 0x01000100, 0x0100f903, 0x6a020400, 0xff029002, 0x01002403, 
0x69010400, 0xbb026a01, 0x0300e202, 0x03000000, 0x1a001400, 0x00002600, 0x00000100, 0x01000700, 
0xf9030100, 0x04000100, 0x90026a02, 0x2403ff02, 0x16000100, 0x59015801, 0x5f015b01, 0x45029601, 
0x4a024602, 0xac02ab02, 0xb202ae02, 0xd302d202, 0xd902d502, 0x9e039c03, 0xa803a103, 0xb603af03, 
0x00000300, 0x14000300, 0x26001a00, 0x01000000, 0x06000000, 0x01000100, 0x0100f903, 0x6a020400, 
0xff029002, 0x01002403, 0x4e010c00, 0x72016401, 0x97019101, 0xa1025502, 0xb602b002, 0xd702c802, 
0x0300dd02, 0x03000000, 0x1a001400, 0x00002600, 0x00000100, 0x01000500, 0xf9030100, 0x04000100, 
0x90026a02, 0x2403ff02, 0x42000100, 0x51015001, 0x5a015201, 0x61015d01, 0x63016201, 0x67016501, 
0x6e016801, 0x93017001, 0x98019501, 0xb301b101, 0xb701b401, 0x3f02b801, 0x48024002, 0x4d024c02, 
0x51024f02, 0xa3025302, 0xa502a402, 0xb402ad02, 0xb702b502, 0xba02b902, 0xc002be02, 0xc302c202, 
0xca02c502, 0xcc02cb02, 0xdb02d402, 0xde02dc02, 0xe102e002, 0xe702e502, 0x9203e902, 0xa3039303, 
0xb003a403, 0xc403b203, 0xd503d303, 0xd803d603, 0x00000300, 0x16000400, 0x28001c00, 0x00002e00, 
0x00000100, 0x01000800, 0xf9030100, 0x04000100, 0x90026a02, 0x2403ff02, 0x01000100, 0x0100ed01, 
0x69010400, 0xbb026a01, 0x0300e202, 0x04000000, 0x1c001600, 0x2e002800, 0x01000000, 0x07000000, 
0x01000100, 0x0100f903, 0x6a020400, 0xff029002, 0x01002403, 0xed010100, 0x16000100, 0x59015801, 
0x5f015b01, 0x45029601, 0x4a024602, 0xac02ab02, 0xb202ae02, 0xd302d202, 0xd902d502, 0x9e039c03, 
0xa803a103, 0xb603af03, 0x00000300, 0x16000400, 0x28001c00, 0x00002e00, 0x00000100, 0x01000600, 
0xf9030100, 0x04000100, 0x90026a02, 0x2403ff02, 0x01000100, 0x0100ed01, 0x4e010c00, 0x72016401, 
0x97019101, 0xa1025502, 0xb602b002, 0xd702c802, 0x0300dd02, 0x04000000, 0x1c001600, 0x2e002800, 
0x01000000, 0x05000000, 0x01000100, 0x0100f903, 0x6a020400, 0xff029002, 0x01002403, 0xed010100, 
0x42000100, 0x51015001, 0x5a015201, 0x61015d01, 0x63016201, 0x67016501, 0x6e016801, 0x93017001, 
0x98019501, 0xb301b101, 0xb701b401, 0x3f02b801, 0x48024002, 0x4d024c02, 0x51024f02, 0xa3025302, 
0xa502a402, 0xb402ad02, 0xb702b502, 0xba02b902, 0xc002be02, 0xc302c202, 0xca02c502, 0xcc02cb02, 
0xdb02d402, 0xde02dc02, 0xe102e002, 0xe702e502, 0x9203e902, 0xa3039303, 0xb003a403, 0xc403b203, 
0xd503d303, 0xd803d603, 0x00000300, 0x14000300, 0x26001a00, 0x01000000, 0x08000000, 0x01000100, 
0x0100f903, 0x77020400, 0x0b039c02, 0x01002f03, 0x5a010500, 0x6a016901, 0xe202bb02, 0x00000300, 
0x14000300, 0x26001a00, 0x01000000, 0x07000000, 0x01000100, 0x0100f903, 0x77020400, 0x0b039c02, 
0x01002f03, 0x4e011800, 0x59015801, 0x5f015b01, 0x96017201, 0x46024502, 0xab024a02, 0xae02ac02, 
0xd202b202, 0xd502d302, 0x9c03d902, 0xa1039e03, 0xaf03a803, 0x0300b603, 0x03000000, 0x1a001400, 
0x00002600, 0x00000100, 0x01000600, 0xf9030100, 0x04000100, 0x9c027702, 0x2f030b03, 0x0b000100, 
0x64016101, 0x6e016701, 0x97019101, 0xa1025502, 0xc802b602, 0x0300dd02, 0x03000000, 0x1a001400, 
0x00002600, 0x00000100, 0x01000500, 0xf9030100, 0x04000100, 0x9c027702, 0x2f030b03, 0x41000100, 
0x51015001, 0x5d015201, 0x63016201, 0x68016501, 0x93017001, 0x98019501, 0xb301b101, 0xb701b401, 
0x3f02b801, 0x48024002, 0x4d024c02, 0x51024f02, 0xa3025302, 0xa502a402, 0xb002ad02, 0xb502b402, 
0xb902b702, 0xbe02ba02, 0xc202c002, 0xc502c302, 0xcb02ca02, 0xd402cc02, 0xdb02d702, 0xde02dc02, 
0xe102e002, 0xe702e502, 0x9203e902, 0xa3039303, 0xb003a403, 0xc403b203, 0xd503d303, 0xd803d603, 
0x0300e503, 0x04000000, 0x1c001600, 0x2e002800, 0x01000000, 0x08000000, 0x01000100, 0x0100f903, 
0x77020400, 0x0b039c02, 0x01002f03, 0xed010100, 0x05000100, 0x69015a01, 0xbb026a01, 0x0300e202, 
0x04000000, 0x1c001600, 0x2e002800, 0x01000000, 0x07000000, 0x01000100, 0x0100f903, 0x77020400, 
0x0b039c02, 0x01002f03, 0xed010100, 0x18000100, 0x58014e01, 0x5b015901, 0x72015f01, 0x45029601, 
0x4a024602, 0xac02ab02, 0xb202ae02, 0xd302d202, 0xd902d502, 0x9e039c03, 0xa803a103, 0xb603af03, 
0x00000300, 0x16000400, 0x28001c00, 0x00002e00, 0x00000100, 0x01000600, 0xf9030100, 0x04000100, 
0x9c027702, 0x2f030b03, 0x01000100, 0x0100ed01, 0x61010b00, 0x67016401, 0x91016e01, 0x55029701, 
0xb602a102, 0xdd02c802, 0x00000300, 0x16000400, 0x28001c00, 0x00002e00, 0x00000100, 0x01000500, 
0xf9030100, 0x04000100, 0x9c027702, 0x2f030b03, 0x01000100, 0x0100ed01, 0x50014100, 0x52015101, 
0x62015d01, 0x65016301, 0x70016801, 0x95019301, 0xb1019801, 0xb401b301, 0xb801b701, 0x40023f02, 
0x4c024802, 0x4f024d02, 0x53025102, 0xa402a302, 0xad02a502, 0xb402b002, 0xb702b502, 0xba02b902, 
0xc002be02, 0xc302c202, 0xca02c502, 0xcc02cb02, 0xd702d402, 0xdc02db02, 0xe002de02, 0xe502e102, 
0xe902e702, 0x93039203, 0xa403a303, 0xb203b003, 0xd303c403, 0xd603d503, 0xe503d803, 0x00000300, 
0x14000300, 0x26001a00, 0x01000000, 0x08000000, 0x01000100, 0x0100f903, 0x5f020400, 0xf0028502, 
0x01001903, 0x69010400, 0xbb026a01, 0x0300e202, 0x03000000, 0x1a001400, 0x00002600, 0x00000100, 
0x01000700, 0xf9030100, 0x04000100, 0x85025f02, 0x1903f002, 0x16000100, 0x59015801, 0x5f015b01, 
0x45029601, 0x4a024602, 0xac02ab02, 0xb202ae02, 0xd302d202, 0xd902d502, 0x9e039c03, 0xa803a103, 
0xb603af03, 0x00000300, 0x14000300, 0x26001a00, 0x01000000, 0x06000000, 0x01000100, 0x0100f903, 
0x5f020400, 0xf0028502, 0x01001903, 0x4e010700, 0x72015a01, 0x55029101, 0xc802a102, 0x00000300, 
0x14000300, 0x26001a00, 0x01000000, 0x05000000, 0x01000100, 0x0100f903, 0x5f020400, 0xf0028502, 
0x01001903, 0x50014300, 0x52015101, 0x61015d01, 0x63016201, 0x65016401, 0x6e016801, 0x93017001, 
0x97019501, 0xb1019801, 0xb401b301, 0xb801b701, 0x40023f02, 0x4c024802, 0x51024d02, 0xa3025302, 
0xa502a402, 0xb002ad02, 0xb502b402, 0xb702b602, 0xbe02ba02, 0xc202c002, 0xc502c302, 0xcb02ca02, 
0xd402cc02, 0xdb02d702, 0xdd02dc02, 0xe102de02, 0xe702e502, 0x9203e902, 0xa3039303, 0xb003a403, 
0xc403b203, 0xd503d303, 0xd803d603, 0x00000300, 0x16000400, 0x28001c00, 0x00002e00, 0x00000100, 
0x01000800, 0xf9030100, 0x04000100, 0x85025f02, 0x1903f002, 0x01000100, 0x0100ed01, 0x69010400, 
0xbb026a01, 0x0300e202, 0x04000000, 0x1c001600, 0x2e002800, 0x01000000, 0x07000000, 0x01000100, 
0x0100f903, 0x5f020400, 0xf0028502, 0x01001903, 0xed010100, 0x16000100, 0x59015801, 0x5f015b01, 
0x45029601, 0x4a024602, 0xac02ab02, 0xb202ae02, 0xd302d202, 0xd902d502, 0x9e039c03, 0xa803a103, 
0xb603af03, 0x00000300, 0x16000400, 0x28001c00, 0x00002e00, 0x00000100, 0x01000600, 0xf9030100, 
0x04000100, 0x85025f02, 0x1903f002, 0x01000100, 0x0100ed01, 0x4e010700, 0x72015a01, 0x55029101, 
0xc802a102, 0x00000300, 0x16000400, 0x28001c00, 0x00002e00, 0x00000100, 0x01000500, 0xf9030100, 
0x04000100, 0x85025f02, 0x1903f002, 0x01000100, 0x0100ed01, 0x50014300, 0x52015101, 0x61015d01, 
0x63016201, 0x65016401, 0x6e016801, 0x93017001, 0x97019501, 0xb1019801, 0xb401b301, 0xb801b701, 
0x40023f02, 0x4c024802, 0x51024d02, 0xa3025302, 0xa502a402, 0xb002ad02, 0xb502b402, 0xb702b602, 
0xbe02ba02, 0xc202c002, 0xc502c302, 0xcb02ca02, 0xd402cc02, 0xdb02d702, 0xdd02dc02, 0xe102de02, 
0xe702e502, 0x9203e902, 0xa3039303, 0xb003a403, 0xc403b203, 0xd503d303, 0xd803d603, 0x00000300, 
0x14000300, 0x22001a00, 0x01000000, 0x08000000, 0x01000100, 0x0100f903, 0x74020200, 0x01000803, 
0x69010400, 0xbb026a01, 0x0300e202, 0x03000000, 0x1a001400, 0x00002200, 0x00000100, 0x01000700, 
0xf9030100, 0x02000100, 0x08037402, 0x17000100, 0x59015801, 0x5f015b01, 0x96017201, 0x46024502, 
0xab024a02, 0xae02ac02, 0xd202b202, 0xd502d302, 0x9c03d902, 0xa1039e03, 0xaf03a803, 0x0300b603, 
0x03000000, 0x1a001400, 0x00002200, 0x00000100, 0x01000600, 0xf9030100, 0x02000100, 0x08037402, 
0x05000100, 0x91014e01, 0xa1025502, 0x0300c802, 0x03000000, 0x1a001400, 0x00002200, 0x00000100, 
0x01000500, 0xf9030100, 0x02000100, 0x08037402, 0x44000100, 0x51015001, 0x5a015201, 0x61015d01, 
0x63016201, 0x65016401, 0x6e016801, 0x93017001, 0x97019501, 0xb1019801, 0xb401b301, 0xb801b701, 
0x40023f02, 0x4c024802, 0x51024d02, 0xa3025302, 0xa502a402, 0xb002ad02, 0xb502b402, 0xb702b602, 
0xbe02ba02, 0xc202c002, 0xc502c302, 0xcb02ca02, 0xd402cc02, 0xdb02d702, 0xdd02dc02, 0xe102de02, 
0xe702e502, 0x9203e902, 0xa3039303, 0xb003a403, 0xc403b203, 0xd503d303, 0xd803d603, 0x00000300, 
0x16000400, 0x24001c00, 0x00002a00, 0x00000100, 0x01000800, 0xf9030100, 0x02000100, 0x08037402, 
0x01000100, 0x0100ed01, 0x69010400, 0xbb026a01, 0x0300e202, 0x04000000, 0x1c001600, 0x2a002400, 
0x01000000, 0x07000000, 0x01000100, 0x0100f903, 0x74020200, 0x01000803, 0xed010100, 0x17000100, 
0x59015801, 0x5f015b01, 0x96017201, 0x46024502, 0xab024a02, 0xae02ac02, 0xd202b202, 0xd502d302, 
0x9c03d902, 0xa1039e03, 0xaf03a803, 0x0300b603, 0x04000000, 0x1c001600, 0x2a002400, 0x01000000, 
0x06000000, 0x01000100, 0x0100f903, 0x74020200, 0x01000803, 0xed010100, 0x05000100, 0x91014e01, 
0xa1025502, 0x0300c802, 0x04000000, 0x1c001600, 0x2a002400, 0x01000000, 0x05000000, 0x01000100, 
0x0100f903, 0x74020200, 0x01000803, 0xed010100, 0x44000100, 0x51015001, 0x5a015201, 0x61015d01, 
0x63016201, 0x65016401, 0x6e016801, 0x93017001, 0x97019501, 0xb1019801, 0xb401b301, 0xb801b701, 
0x40023f02, 0x4c024802, 0x51024d02, 0xa3025302, 0xa502a402, 0xb002ad02, 0xb502b402, 0xb702b602, 
0xbe02ba02, 0xc202c002, 0xc502c302, 0xcb02ca02, 0xd402cc02, 0xdb02d702, 0xdd02dc02, 0xe102de02, 
0xe702e502, 0x9203e902, 0xa3039303, 0xb003a403, 0xc403b203, 0xd503d303, 0xd803d603, 0x00000300, 
0x14000300, 0x26001a00, 0x01000000, 0x08000000, 0x01000100, 0x0100f903, 0x70020400, 0x04039602, 
0x01002903, 0x5f010500, 0x6a016901, 0xe202bb02, 0x00000300, 0x14000300, 0x26001a00, 0x01000000, 
0x07000000, 0x01000100, 0x0100f903, 0x70020400, 0x04039602, 0x01002903, 0x58011600, 0x5a015901, 
0x96015b01, 0x46024502, 0xab024a02, 0xae02ac02, 0xd202b202, 0xd502d302, 0x9c03d902, 0xa1039e03, 
0xaf03a803, 0x0300b603, 0x03000000, 0x1a001400, 0x00002600, 0x00000100, 0x01000600, 0xf9030100, 
0x04000100, 0x96027002, 0x29030403, 0x08000100, 0x5d014e01, 0x65016101, 0x6e016801, 0x55027201, 
0x00000300, 0x14000300, 0x26001a00, 0x01000000, 0x05000000, 0x01000100, 0x0100f903, 0x70020400, 
0x04039602, 0x01002903, 0x50014300, 0x52015101, 0x63016201, 0x67016401, 0x91017001, 0x95019301, 
0x98019701, 0xb301b101, 0xb701b401, 0x3f02b801, 0x48024002, 0x4d024c02, 0x53025102, 0xa302a102, 
0xa502a402, 0xb002ad02, 0xb502b402, 0xb702b602, 0xbe02ba02, 0xc202c002, 0xc502c302, 0xca02c802, 
0xcc02cb02, 0xd702d402, 0xdc02db02, 0xde02dd02, 0xe502e102, 0xe902e702, 0x93039203, 0xa403a303, 
0xb203b003, 0xd303c403, 0xd603d503, 0xe503d803, 0x00000300, 0x16000400, 0x28001c00, 0x00002e00, 
0x00000100, 0x01000800, 0xf9030100, 0x04000100, 0x96027002, 0x29030403, 0x01000100, 0x0100ed01, 
0x5f010500, 0x6a016901, 0xe202bb02, 0x00000300, 0x16000400, 0x28001c00, 0x00002e00, 0x00000100, 
0x01000700, 0xf9030100, 0x04000100, 0x96027002, 0x29030403, 0x01000100, 0x0100ed01, 0x58011600, 
0x5a015901, 0x96015b01, 0x46024502, 0xab024a02, 0xae02ac02, 0xd202b202, 0xd502d302, 0x9c03d902, 
0xa1039e03, 0xaf03a803, 0x0300b603, 0x04000000, 0x1c001600, 0x2e002800, 0x01000000, 0x06000000, 
0x01000100, 0x0100f903, 0x70020400, 0x04039602, 0x01002903, 0xed010100, 0x08000100, 0x5d014e01, 
0x65016101, 0x6e016801, 0x55027201, 0x00000300, 0x16000400, 0x28001c00, 0x00002e00, 0x00000100, 
0x01000500, 0xf9030100, 0x04000100, 0x96027002, 0x29030403, 0x01000100, 0x0100ed01, 0x50014300, 
0x52015101, 0x63016201, 0x67016401, 0x91017001, 0x95019301, 0x98019701, 0xb301b101, 0xb701b401, 
0x3f02b801, 0x48024002, 0x4d024c02, 0x53025102, 0xa302a102, 0xa502a402, 0xb002ad02, 0xb502b402, 
0xb702b602, 0xbe02ba02, 0xc202c002, 0xc502c302, 0xca02c802, 0xcc02cb02, 0xd702d402, 0xdc02db02, 
0xde02dd02, 0xe502e102, 0xe902e702, 0x93039203, 0xa403a303, 0xb203b003, 0xd303c403, 0xd603d503, 
0xe503d803, 0x00000300, 0x14000300, 0x22001a00, 0x01000000, 0x08000000, 0x01000100, 0x0100f903, 
0x78020200, 0x01009d02, 0x69010400, 0xbb026a01, 0x0300e202, 0x03000000, 0x1a001400, 0x00002200, 
0x00000100, 0x01000700, 0xf9030100, 0x02000100, 0x9d027802, 0x15000100, 0x59015801, 0x5f015b01, 
0x45029601, 0x4a024602, 0xac02ab02, 0xb202ae02, 0xd302d202, 0xd902d502, 0x9e039c03, 0xa803a103, 
0x0300af03, 0x03000000, 0x1a001400, 0x00002200, 0x00000100, 0x01000600, 0xf9030100, 0x02000100, 
0x9d027802, 0x03000100, 0x55027201, 0x0300b603, 0x03000000, 0x1a001400, 0x00002200, 0x00000100, 
0x01000500, 0xf9030100, 0x02000100, 0x9d027802, 0x43000100, 0x50014e01, 0x5a015201, 0x61015d01, 
0x63016201, 0x65016401, 0x6e016801, 0x91017001, 0x95019301, 0x98019701, 0xb301b101, 0xb701b401, 
0x4002b801, 0x4c024802, 0x51024d02, 0xa1025302, 0xa502a302, 0xb002ad02, 0xb502b402, 0xb702b602, 
0xbe02ba02, 0xc202c002, 0xc502c302, 0xca02c802, 0xd702d402, 0xdc02db02, 0xde02dd02, 0xe502e102, 
0xe902e702, 0x93039203, 0xa403a303, 0xb203b003, 0xd303c403, 0xd603d503, 0x0300d803, 0x04000000, 
0x1c001600, 0x2a002400, 0x01000000, 0x08000000, 0x01000100, 0x0100f903, 0x78020200, 0x01009d02, 
0xed010100, 0x04000100, 0x6a016901, 0xe202bb02, 0x00000300, 0x16000400, 0x24001c00, 0x00002a00, 
0x00000100, 0x01000700, 0xf9030100, 0x02000100, 0x9d027802, 0x01000100, 0x0100ed01, 0x58011500, 
0x5b015901, 0x96015f01, 0x46024502, 0xab024a02, 0xae02ac02, 0xd202b202, 0xd502d302, 0x9c03d902, 
0xa1039e03, 0xaf03a803, 0x00000300, 0x16000400, 0x24001c00, 0x00002a00, 0x00000100, 0x01000600, 
0xf9030100, 0x02000100, 0x9d027802, 0x01000100, 0x0100ed01, 0x72010300, 0xb6035502, 0x00000300, 
0x16000400, 0x24001c00, 0x00002a00, 0x00000100, 0x01000500, 0xf9030100, 0x02000100, 0x9d027802, 
0x01000100, 0x0100ed01, 0x4e014300, 0x52015001, 0x5d015a01, 0x62016101, 0x64016301, 0x68016501, 
0x70016e01, 0x93019101, 0x97019501, 0xb1019801, 0xb401b301, 0xb801b701, 0x48024002, 0x4d024c02, 
0x53025102, 0xa302a102, 0xad02a502, 0xb402b002, 0xb602b502, 0xba02b702, 0xc002be02, 0xc302c202, 
0xc802c502, 0xd402ca02, 0xdb02d702, 0xdd02dc02, 0xe102de02, 0xe702e502, 0x9203e902, 0xa3039303, 
0xb003a403, 0xc403b203, 0xd503d303, 0xd803d603, 0x00000300, 0x14000300, 0x22001a00, 0x01000000, 
0x08000000, 0x01000100, 0x0100f903, 0xeb030200, 0x0100ed03, 0x69010400, 0xbb026a01, 0x0300e202, 
0x03000000, 0x1a001400, 0x00002200, 0x00000100, 0x01000700, 0xf9030100, 0x02000100, 0xed03eb03, 
0x15000100, 0x59015801, 0x5f015b01, 0x45029601, 0x4a024602, 0xac02ab02, 0xb202ae02, 0xd302d202, 
0xd902d502, 0x9e039c03, 0xa803a103, 0x0300af03, 0x03000000, 0x1a001400, 0x00002200, 0x00000100, 
0x01000600, 0xf9030100, 0x02000100, 0xed03eb03, 0x01000100, 0x0300b603, 0x03000000, 0x1a001400, 
0x00002200, 0x00000100, 0x01000500, 0xf9030100, 0x02000100, 0xed03eb03, 0x41000100, 0x50014e01, 
0x5a015201, 0x61015d01, 0x63016201, 0x65016401, 0x6e016801, 0x72017001, 0x93019101, 0x97019501, 
0xb1019801, 0xb401b301, 0xb801b701, 0x48024002, 0x4d024c02, 0x53025102, 0xa1025502, 0xa502a302, 
0xb002ad02, 0xb502b402, 0xb702b602, 0xbe02ba02, 0xc202c002, 0xc502c302, 0xca02c802, 0xd702d402, 
0xdc02db02, 0xde02dd02, 0xe502e102, 0xe902e702, 0x93039203, 0xa403a303, 0xb203b003, 0x0300c403, 
0x04000000, 0x1c001600, 0x2a002400, 0x01000000, 0x08000000, 0x01000100, 0x0100f903, 0xeb030200, 
0x0100ed03, 0xed010100, 0x04000100, 0x6a016901, 0xe202bb02, 0x00000300, 0x16000400, 0x24001c00, 
0x00002a00, 0x00000100, 0x01000700, 0xf9030100, 0x02000100, 0xed03eb03, 0x01000100, 0x0100ed01, 
0x58011500, 0x5b015901, 0x96015f01, 0x46024502, 0xab024a02, 0xae02ac02, 0xd202b202, 0xd502d302, 
0x9c03d902, 0xa1039e03, 0xaf03a803, 0x00000300, 0x16000400, 0x24001c00, 0x00002a00, 0x00000100, 
0x01000600, 0xf9030100, 0x02000100, 0xed03eb03, 0x01000100, 0x0100ed01, 0xb6030100, 0x00000300, 
0x16000400, 0x24001c00, 0x00002a00, 0x00000100, 0x01000500, 0xf9030100, 0x02000100, 0xed03eb03, 
0x01000100, 0x0100ed01, 0x4e014100, 0x52015001, 0x5d015a01, 0x62016101, 0x64016301, 0x68016501, 
0x70016e01, 0x91017201, 0x95019301, 0x98019701, 0xb301b101, 0xb701b401, 0x4002b801, 0x4c024802, 
0x51024d02, 0x55025302, 0xa302a102, 0xad02a502, 0xb402b002, 0xb602b502, 0xba02b702, 0xc002be02, 
0xc302c202, 0xc802c502, 0xd402ca02, 0xdb02d702, 0xdd02dc02, 0xe102de02, 0xe702e502, 0x9203e902, 
0xa3039303, 0xb003a403, 0xc403b203, 0x00000300, 0x14000300, 0x20001a00, 0x01000000, 0x08000000, 
0x01000100, 0x0100f903, 0x7f020100, 0x04000100, 0x6a016901, 0xe202bb02, 0x00000300, 0x14000300, 
0x20001a00, 0x01000000, 0x07000000, 0x01000100, 0x0100f903, 0x7f020100, 0x10000100, 0x59015801, 
0x45025f01, 0x4a024602, 0xac02ab02, 0xd202b202, 0xd902d302, 0x9e039c03, 0xaf03a103, 0x00000300, 
0x14000300, 0x20001a00, 0x01000000, 0x06000000, 0x01000100, 0x0100f903, 0x7f020100, 0x06000100, 
0x96015b01, 0xd502ae02, 0xb603a803, 0x00000300, 0x14000300, 0x20001a00, 0x01000000, 0x05000000, 
0x01000100, 0x0100f903, 0x7f020100, 0x37000100, 0x50014e01, 0x5a015201, 0x61015d01, 0x63016201, 
0x65016401, 0x6e016801, 0x91017201, 0x95019301, 0xb1019701, 0xb701b401, 0x4002b801, 0x4c024802, 
0x51024d02, 0xa1025502, 0xa502a302, 0xb002ad02, 0xb502b402, 0xb702b602, 0xc202be02, 0xc802c302, 
0xd402ca02, 0xdb02d702, 0xdd02dc02, 0xe502de02, 0x9203e902, 0xa3039303, 0xb203a403, 0x0300c403, 
0x04000000, 0x1c001600, 0x28002200, 0x01000000, 0x08000000, 0x01000100, 0x0100f903, 0x7f020100, 
0x01000100, 0x0100ed01, 0x69010400, 0xbb026a01, 0x0300e202, 0x04000000, 0x1c001600, 0x28002200, 
0x01000000, 0x07000000, 0x01000100, 0x0100f903, 0x7f020100, 0x01000100, 0x0100ed01, 0x58011000, 
0x5f015901, 0x46024502, 0xab024a02, 0xb202ac02, 0xd302d202, 0x9c03d902, 0xa1039e03, 0x0300af03, 
0x04000000, 0x1c001600, 0x28002200, 0x01000000, 0x06000000, 0x01000100, 0x0100f903, 0x7f020100, 
0x01000100, 0x0100ed01, 0x5b010600, 0xae029601, 0xa803d502, 0x0300b603, 0x04000000, 0x1c001600, 
0x28002200, 0x01000000, 0x05000000, 0x01000100, 0x0100f903, 0x7f020100, 0x01000100, 0x0100ed01, 
0x4e013700, 0x52015001, 0x5d015a01, 0x62016101, 0x64016301, 0x68016501, 0x72016e01, 0x93019101, 
0x97019501, 0xb401b101, 0xb801b701, 0x48024002, 0x4d024c02, 0x55025102, 0xa302a102, 0xad02a502, 
0xb402b002, 0xb602b502, 0xbe02b702, 0xc302c202, 0xca02c802, 0xd702d402, 0xdc02db02, 0xde02dd02, 
0xe902e502, 0x93039203, 0xa403a303, 0xc403b203, 0x00000300, 0x14000300, 0x22001a00, 0x01000000, 
0x08000000, 0x01000100, 0x0100f903, 0x06030200, 0x01002b03, 0x69010400, 0xbb026a01, 0x0300e202, 
0x03000000, 0x1a001400, 0x00002200, 0x00000100, 0x01000700, 0xf9030100, 0x02000100, 0x2b030603, 
0x0b000100, 0x59015801, 0x46024502, 0xac02ab02, 0xd302d202, 0x9e039c03, 0x0300a103, 0x03000000, 
0x1a001400, 0x00002200, 0x00000100, 0x01000600, 0xf9030100, 0x02000100, 0x2b030603, 0x0b000100, 
0x5f015b01, 0x4a029601, 0xb202ae02, 0xd902d502, 0xaf03a803, 0x0300b603, 0x03000000, 0x1a001400, 
0x00002200, 0x00000100, 0x01000500, 0xf9030100, 0x02000100, 0x2b030603, 0x1d000100, 0x50014e01, 
0x62016101, 0x6e016401, 0x91017201, 0x97019301, 0xb401b101, 0x55025102, 0xa302a102, 0xb402b002, 
0xbe02b602, 0xc302c202, 0xca02c802, 0xdb02d702, 0xe502dd02, 0x0300e902, 0x04000000, 0x1c001600, 
0x2a002400, 0x01000000, 0x08000000, 0x01000100, 0x0100f903, 0x06030200, 0x01002b03, 0xed010100, 
0x04000100, 0x6a016901, 0xe202bb02, 0x00000300, 0x16000400, 0x24001c00, 0x00002a00, 0x00000100, 
0x01000700, 0xf9030100, 0x02000100, 0x2b030603, 0x01000100, 0x0100ed01, 0x58010b00, 0x45025901, 
0xab024602, 0xd202ac02, 0x9c03d302, 0xa1039e03, 0x00000300, 0x16000400, 0x24001c00, 0x00002a00, 
0x00000100, 0x01000600, 0xf9030100, 0x02000100, 0x2b030603, 0x01000100, 0x0100ed01, 0x5b010b00, 
0x96015f01, 0xae024a02, 0xd502b202, 0xa803d902, 0xb603af03, 0x00000300, 0x16000400, 0x24001c00, 
0x00002a00, 0x00000100, 0x01000500, 0xf9030100, 0x02000100, 0x2b030603, 0x01000100, 0x0100ed01, 
0x4e011d00, 0x61015001, 0x64016201, 0x72016e01, 0x93019101, 0xb1019701, 0x5102b401, 0xa1025502, 
0xb002a302, 0xb602b402, 0xc202be02, 0xc802c302, 0xd702ca02, 0xdd02db02, 0xe902e502, 0x00000300, 
0x14000300, 0x22001a00, 0x01000000, 0x07000000, 0x01000100, 0x0100f903, 0x7b020200, 0x0100a002, 
0x5f010500, 0x6a016901, 0xe202bb02, 0x00000300, 0x14000300, 0x22001a00, 0x01000000, 0x06000000, 
0x01000100, 0x0100f903, 0x7b020200, 0x0100a002, 0x4e011800, 0x59015801, 0x61015b01, 0x96017201, 
0x46024502, 0xab024a02, 0xae02ac02, 0xd202b202, 0xd502d302, 0x9c03d902, 0xa1039e03, 0xaf03a803, 
0x0300b603, 0x03000000, 0x1a001400, 0x00002200, 0x00000100, 0x01000500, 0xf9030100, 0x02000100, 
0xa0027b02, 0x17000100, 0x62015d01, 0x65016401, 0x91016e01, 0xb1019701, 0x55025102, 0xb002a102, 
0xb602b402, 0xc202be02, 0xc802c302, 0xdb02d702, 0xe502dd02, 0x0300e902, 0x04000000, 0x1c001600, 
0x2a002400, 0x01000000, 0x07000000, 0x01000100, 0x0100f903, 0x7b020200, 0x0100a002, 0xed010100, 
0x05000100, 0x69015f01, 0xbb026a01, 0x0300e202, 0x04000000, 0x1c001600, 0x2a002400, 0x01000000, 
0x06000000, 0x01000100, 0x0100f903, 0x7b020200, 0x0100a002, 0xed010100, 0x18000100, 0x58014e01, 
0x5b015901, 0x72016101, 0x45029601, 0x4a024602, 0xac02ab02, 0xb202ae02, 0xd302d202, 0xd902d502, 
0x9e039c03, 0xa803a103, 0xb603af03, 0x00000300, 0x16000400, 0x24001c00, 0x00002a00, 0x00000100, 
0x01000500, 0xf9030100, 0x02000100, 0xa0027b02, 0x01000100, 0x0100ed01, 0x5d011700, 0x64016201, 
0x6e016501, 0x97019101, 0x5102b101, 0xa1025502, 0xb402b002, 0xbe02b602, 0xc302c202, 0xd702c802, 
0xdd02db02, 0xe902e502, 0x00000300, 0x14000300, 0x22001a00, 0x01000000, 0x07000000, 0x01000100, 
0x0100f903, 0x71020200, 0x01009702, 0x69010400, 0xbb026a01, 0x0300e202, 0x03000000, 0x1a001400, 
0x00002200, 0x00000100, 0x01000600, 0xf9030100, 0x02000100, 0x97027102, 0x16000100, 0x59015801, 
0x5f015b01, 0x45029601, 0x4a024602, 0xac02ab02, 0xb202ae02, 0xd302d202, 0xd902d502, 0x9e039c03, 
0xa803a103, 0xb603af03, 0x00000300, 0x14000300, 0x22001a00, 0x01000000, 0x05000000, 0x01000100, 
0x0100f903, 0x71020200, 0x01009702, 0x4e010d00, 0x6e016401, 0x91017201, 0x55029701, 0xb002a102, 
0xc802b602, 0xdd02d702, 0x00000300, 0x16000400, 0x24001c00, 0x00002a00, 0x00000100, 0x01000700, 
0xf9030100, 0x02000100, 0x97027102, 0x01000100, 0x0100ed01, 0x69010400, 0xbb026a01, 0x0300e202, 
0x04000000, 0x1c001600, 0x2a002400, 0x01000000, 0x06000000, 0x01000100, 0x0100f903, 0x71020200, 
0x01009702, 0xed010100, 0x16000100, 0x59015801, 0x5f015b01, 0x45029601, 0x4a024602, 0xac02ab02, 
0xb202ae02, 0xd302d202, 0xd902d502, 0x9e039c03, 0xa803a103, 0xb603af03, 0x00000300, 0x16000400, 
0x24001c00, 0x00002a00, 0x00000100, 0x01000500, 0xf9030100, 0x02000100, 0x97027102, 0x01000100, 
0x0100ed01, 0x4e010d00, 0x6e016401, 0x91017201, 0x55029701, 0xb002a102, 0xc802b602, 0xdd02d702, 
0x00000300, 0x14000300, 0x20001a00, 0x01000000, 0x07000000, 0x01000100, 0x0100f903, 0x7e020100, 
0x04000100, 0x6a016901, 0xe202bb02, 0x00000300, 0x14000300, 0x20001a00, 0x01000000, 0x06000000, 
0x01000100, 0x0100f903, 0x7e020100, 0x15000100, 0x59015801, 0x5f015b01, 0x45029601, 0x4a024602, 
0xac02ab02, 0xb202ae02, 0xd302d202, 0xd902d502, 0x9e039c03, 0xa803a103, 0x0300af03, 0x03000000, 
0x1a001400, 0x00002000, 0x00000100, 0x01000500, 0xf9030100, 0x01000100, 0x01007e02, 0x72010300, 
0xb6035502, 0x00000300, 0x16000400, 0x22001c00, 0x00002800, 0x00000100, 0x01000700, 0xf9030100, 
0x01000100, 0x01007e02, 0xed010100, 0x04000100, 0x6a016901, 0xe202bb02, 0x00000300, 0x16000400, 
0x22001c00, 0x00002800, 0x00000100, 0x01000600, 0xf9030100, 0x01000100, 0x01007e02, 0xed010100, 
0x15000100, 0x59015801, 0x5f015b01, 0x45029601, 0x4a024602, 0xac02ab02, 0xb202ae02, 0xd302d202, 
0xd902d502, 0x9e039c03, 0xa803a103, 0x0300af03, 0x04000000, 0x1c001600, 0x28002200, 0x01000000, 
0x05000000, 0x01000100, 0x0100f903, 0x7e020100, 0x01000100, 0x0100ed01, 0x72010300, 0xb6035502, 
0x00000300, 0x14000300, 0x22001a00, 0x01000000, 0x07000000, 0x01000100, 0x0100f903, 0x68020200, 
0x01008e02, 0x69010400, 0xbb026a01, 0x0300e202, 0x03000000, 0x1a001400, 0x00002200, 0x00000100, 
0x01000600, 0xf9030100, 0x02000100, 0x8e026802, 0x11000100, 0x59015801, 0x5f015b01, 0x46024502, 
0xab024a02, 0xb202ac02, 0xd302d202, 0x9c03d902, 0xa1039e03, 0x0300af03, 0x03000000, 0x1a001400, 
0x00002200, 0x00000100, 0x01000500, 0xf9030100, 0x02000100, 0x8e026802, 0x05000100, 0xae029601, 
0xa803d502, 0x0300b603, 0x04000000, 0x1c001600, 0x2a002400, 0x01000000, 0x07000000, 0x01000100, 
0x0100f903, 0x68020200, 0x01008e02, 0xed010100, 0x04000100, 0x6a016901, 0xe202bb02, 0x00000300, 
0x16000400, 0x24001c00, 0x00002a00, 0x00000100, 0x01000600, 0xf9030100, 0x02000100, 0x8e026802, 
0x01000100, 0x0100ed01, 0x58011100, 0x5b015901, 0x45025f01, 0x4a024602, 0xac02ab02, 0xd202b202, 
0xd902d302, 0x9e039c03, 0xaf03a103, 0x00000300, 0x16000400, 0x24001c00, 0x00002a00, 0x00000100, 
0x01000500, 0xf9030100, 0x02000100, 0x8e026802, 0x01000100, 0x0100ed01, 0x96010500, 0xd502ae02, 
0xb603a803, 0x00000300, 0x14000300, 0x20001a00, 0x01000000, 0x06000000, 0x01000100, 0x0100f903, 
0xab030100, 0x0f000100, 0x59015801, 0x6a016901, 0x46024502, 0xac02ab02, 0xd202bb02, 0xe202d302, 
0x9e039c03, 0x0300a103, 0x03000000, 0x1a001400, 0x00002000, 0x00000100, 0x01000500, 0xf9030100, 
0x01000100, 0x0100ab03, 0x5b010d00, 0x63015f01, 0x96016e01, 0xae024a02, 0xd502b202, 0xa803d902, 
0xb603af03, 0x00000300, 0x16000400, 0x22001c00, 0x00002800, 0x00000100, 0x01000600, 0xf9030100, 
0x01000100, 0x0100ab03, 0xed010100, 0x0f000100, 0x59015801, 0x6a016901, 0x46024502, 0xac02ab02, 
0xd202bb02, 0xe202d302, 0x9e039c03, 0x0300a103, 0x04000000, 0x1c001600, 0x28002200, 0x01000000, 
0x05000000, 0x01000100, 0x0100f903, 0xab030100, 0x01000100, 0x0100ed01, 0x5b010d00, 0x63015f01, 
0x96016e01, 0xae024a02, 0xd502b202, 0xa803d902, 0xb603af03, 0x00000300, 0x14000300, 0x20001a00, 
0x01000000, 0x06000000, 0x01000100, 0x0100f903, 0xba030100, 0x04000100, 0x6a016901, 0xe202bb02, 
0x00000300, 0x14000300, 0x20001a00, 0x01000000, 0x05000000, 0x01000100, 0x0100f903, 0xba030100, 
0x17000100, 0x59015801, 0x5f015b01, 0x96016801, 0x46024502, 0xab024a02, 0xae02ac02, 0xd202b202, 
0xd502d302, 0x9c03d902, 0xa1039e03, 0xaf03a803, 0x0300b603, 0x04000000, 0x1c001600, 0x28002200, 
0x01000000, 0x06000000, 0x01000100, 0x0100f903, 0xba030100, 0x01000100, 0x0100ed01, 0x69010400, 
0xbb026a01, 0x0300e202, 0x04000000, 0x1c001600, 0x28002200, 0x01000000, 0x05000000, 0x01000100, 
0x0100f903, 0xba030100, 0x01000100, 0x0100ed01, 0x58011700, 0x5b015901, 0x68015f01, 0x45029601, 
0x4a024602, 0xac02ab02, 0xb202ae02, 0xd302d202, 0xd902d502, 0x9e039c03, 0xa803a103, 0xb603af03, 
0x00000300, 0x14000300, 0x26001a00, 0x01000000, 0x06000000, 0x01000100, 0x0100f903, 0x62020400, 
0xfd028802, 0x01002203, 0x69010400, 0xbb026a01, 0x0300e202, 0x03000000, 0x1a001400, 0x00002600, 
0x00000100, 0x01000500, 0xf9030100, 0x04000100, 0x88026202, 0x2203fd02, 0x16000100, 0x59015801, 
0x5f015b01, 0x45029601, 0x4a024602, 0xac02ab02, 0xb202ae02, 0xd302d202, 0xd902d502, 0x9e039c03, 
0xa803a103, 0xb603af03, 0x00000300, 0x16000400, 0x28001c00, 0x00002e00, 0x00000100, 0x01000600, 
0xf9030100, 0x04000100, 0x88026202, 0x2203fd02, 0x01000100, 0x0100ed01, 0x69010400, 0xbb026a01, 
0x0300e202, 0x04000000, 0x1c001600, 0x2e002800, 0x01000000, 0x05000000, 0x01000100, 0x0100f903, 
0x62020400, 0xfd028802, 0x01002203, 0xed010100, 0x16000100, 0x59015801, 0x5f015b01, 0x45029601, 
0x4a024602, 0xac02ab02, 0xb202ae02, 0xd302d202, 0xd902d502, 0x9e039c03, 0xa803a103, 0xb603af03, 
0x00000300, 0x14000300, 0x26001a00, 0x01000000, 0x06000000, 0x01000100, 0x0100f903, 0x75020400, 
0x09039a02, 0x01002d03, 0x58010a00, 0x5b015901, 0x69015f01, 0xab026a01, 0xe202bb02, 0x0300b203, 
0x03000000, 0x1a001400, 0x00002600, 0x00000100, 0x01000500, 0xf9030100, 0x04000100, 0x9a027502, 
0x2d030903, 0x17000100, 0x64014e01, 0x96017201, 0x45029701, 0x4a024602, 0xac02a102, 0xb202ae02, 
0xd202b602, 0xd502d302, 0x9c03d902, 0xa1039e03, 0xaf03a803, 0x0300b603, 0x04000000, 0x1c001600, 
0x2e002800, 0x01000000, 0x06000000, 0x01000100, 0x0100f903, 0x75020400, 0x09039a02, 0x01002d03, 
0xed010100, 0x0a000100, 0x59015801, 0x5f015b01, 0x6a016901, 0xbb02ab02, 0xb203e202, 0x00000300, 
0x16000400, 0x28001c00, 0x00002e00, 0x00000100, 0x01000500, 0xf9030100, 0x04000100, 0x9a027502, 
0x2d030903, 0x01000100, 0x0100ed01, 0x4e011700, 0x72016401, 0x97019601, 0x46024502, 0xa1024a02, 
0xae02ac02, 0xb602b202, 0xd302d202, 0xd902d502, 0x9e039c03, 0xa803a103, 0xb603af03, 0x00000300, 
0x14000300, 0x28001a00, 0x01000000, 0x06000000, 0x01000100, 0x0100f903, 0x64020500, 0xf5028a02, 
0x1e03f602, 0x04000100, 0x6a016901, 0xe202bb02, 0x00000300, 0x14000300, 0x28001a00, 0x01000000, 
0x05000000, 0x01000100, 0x0100f903, 0x64020500, 0xf5028a02, 0x1e03f602, 0x16000100, 0x59015801, 
0x5f015b01, 0x45029601, 0x4a024602, 0xac02ab02, 0xb202ae02, 0xd302d202, 0xd902d502, 0x9e039c03, 
0xa803a103, 0xb603af03, 0x00000300, 0x16000400, 0x2a001c00, 0x00003000, 0x00000100, 0x01000600, 
0xf9030100, 0x05000100, 0x8a026402, 0xf602f502, 0x01001e03, 0xed010100, 0x04000100, 0x6a016901, 
0xe202bb02, 0x00000300, 0x16000400, 0x2a001c00, 0x00003000, 0x00000100, 0x01000500, 0xf9030100, 
0x05000100, 0x8a026402, 0xf602f502, 0x01001e03, 0xed010100, 0x16000100, 0x59015801, 0x5f015b01, 
0x45029601, 0x4a024602, 0xac02ab02, 0xb202ae02, 0xd302d202, 0xd902d502, 0x9e039c03, 0xa803a103, 
0xb603af03, 0x00000300, 0x14000300, 0x22001a00, 0x01000000, 0x06000000, 0x01000100, 0x0100f903, 
0x6b020200, 0x01009102, 0x69010400, 0xbb026a01, 0x0300e202, 0x03000000, 0x1a001400, 0x00002200, 
0x00000100, 0x01000500, 0xf9030100, 0x02000100, 0x91026b02, 0x10000100, 0x59015801, 0x45025f01, 
0x4a024602, 0xac02ab02, 0xd202b202, 0xd902d302, 0x9e039c03, 0xaf03a103, 0x00000300, 0x16000400, 
0x24001c00, 0x00002a00, 0x00000100, 0x01000600, 0xf9030100, 0x02000100, 0x91026b02, 0x01000100, 
0x0100ed01, 0x69010400, 0xbb026a01, 0x0300e202, 0x04000000, 0x1c001600, 0x2a002400, 0x01000000, 
0x05000000, 0x01000100, 0x0100f903, 0x6b020200, 0x01009102, 0xed010100, 0x10000100, 0x59015801, 
0x45025f01, 0x4a024602, 0xac02ab02, 0xd202b202, 0xd902d302, 0x9e039c03, 0xaf03a103, 0x00000300, 
0x14000100, 0x1a000200, 0x01004a00, 0x6e010000, 0x01000100, 0x0100f903, 0x63021600, 0x67026602, 
0x89027c02, 0x8d028c02, 0xfa02f902, 0xfc02fb02, 0x0c030503, 0x0f030e03, 0x20031303, 0x2a032103, 
0x32033003, 0x01003303, 0x69010400, 0xbb026a01, 0x0300e202, 0x01000000, 0x03001600, 0x4c001c00, 
0x01005200, 0x6e010000, 0x01000100, 0x0100f903, 0x63021600, 0x67026602, 0x89027c02, 0x8d028c02, 
0xfa02f902, 0xfc02fb02, 0x0c030503, 0x0f030e03, 0x20031303, 0x2a032103, 0x32033003, 0x01003303, 
0xed010100, 0x04000100, 0x6a016901, 0xe202bb02, 0x00000300, 0x14000100, 0x1a000200, 0x01002200, 
0x6e010000, 0x01000100, 0x0100f903, 0x61020200, 0x01008702, 0x58010600, 0x69015f01, 0xbb026a01, 
0x0300e202, 0x01000000, 0x03001600, 0x24001c00, 0x01002a00, 0x6e010000, 0x01000100, 0x0100f903, 
0x61020200, 0x01008702, 0xed010100, 0x06000100, 0x5f015801, 0x6a016901, 0xe202bb02, 0x06000100, 
0x01000100, 0xf9030100, 0x06000100, 0x01000200, 0xf9030100, 0x06000100, 0x01000300, 0xf9030100, 
0x06000100, 0x01000400, 0xf9030100, 0x06000100, 0x01000500, 0xf9030100, 0x06000100, 0x01000b00, 
0xf9030100, 0x1e000200, 0x0b002800, 0x00000000, 0xd6010000, 0x00000000, 0x00000000, 0x0000b402, 
0x02000000, 0xf9030100, 0x00000404, 0x47000200, 0x3a013a01, 0x3b010900, 0x0a003b01, 0x72014e01, 
0x8a010100, 0x04008a01, 0x98019101, 0xb1010100, 0x0100b501, 0xb801b701, 0xc3010100, 0x0400c301, 
0xe101e001, 0x3f020400, 0x01005702, 0x58025802, 0x5c020500, 0x02005d02, 0x5f025f02, 0x61020200, 
0x02006402, 0x6e026602, 0x70020200, 0x02007502, 0x7f027702, 0x82020200, 0x02008302, 0x85028502, 
0x87020200, 0x02008a02, 0x94028c02, 0x96020200, 0x02009a02, 0xa0029c02, 0xa1020200, 0x0100e902, 
0xed02ec02, 0xf0020200, 0x0200f002, 0xf602f502, 0xf9020200, 0x02000203, 0x09030403, 0x0b030200, 
0x02000f03, 0x11031103, 0x13030200, 0x02001303, 0x17031603, 0x19030200, 0x02001903, 0x1e031e03, 
0x20030200, 0x02002703, 0x2d032903, 0x2f030200, 0x02003303, 0x77037703, 0x8f030700, 0x01008f03, 
0x93039203, 0x95030100, 0x01009703, 0x9a039a03, 0x9c030100, 0x01009c03, 0x9e039e03, 0xa0030100, 
0x0100a103, 0xa403a303, 0xa8030100, 0x0100a803, 0xaa03aa03, 0xab030100, 0x0200ab03, 0xb203ac03, 
0xb4030100, 0x0100b403, 0xb903b603, 0xba030100, 0x0200ba03, 0xbf03bb03, 0xc1030100, 0x0100c703, 
0xcc03c903, 0xce030100, 0x0100d303, 0xd603d503, 0xd8030100, 0x0100d903, 0xdb03db03, 0xdd030100, 
0x0100ea03, 0xeb03eb03, 0xec030200, 0x0100ec03, 0xed03ed03, 0xee030200, 0x0100ef03, 0xf303f203, 
0xf9030100, 0x0800f903, 0x0404fa03, 0x79040300, 0x06007904, 0xcd04ca04, 0x0c000100, 0x2a001a00, 
0x4a003a00, 0x6a005a00, 0x88007600, 0xac009a00, 0xd000be00, 0x02000300, 0x0a000100, 0x11000000, 
0x0c000200, 0x02000300, 0x05000100, 0x10000000, 0x0c000200, 0x02000300, 0x07000100, 0x0f000000, 
0x0c000200, 0x02000300, 0x06000100, 0x0e000000, 0x0c000200, 0x02000300, 0x09000100, 0x0d000000, 
0x0c000200, 0x01000300, 0x04000100, 0x0b000000, 0x02000400, 0x01000200, 0x00000a00, 0x03001100, 
0x04000c00, 0x02000200, 0x05000100, 0x10000000, 0x0c000300, 0x02000400, 0x01000200, 0x00000700, 
0x03000f00, 0x04000c00, 0x02000200, 0x06000100, 0x0e000000, 0x0c000300, 0x02000400, 0x01000200, 
0x00000900, 0x03000d00, 0x04000c00, 0x02000100, 0x04000100, 0x0b000000, 0x0e000600, 0x2e001e00, 
0x4e003e00, 0x03005e00, 0x01000200, 0x00000a00, 0x02001100, 0x03000c00, 0x01000200, 0x00000500, 
0x02001000, 0x03000c00, 0x01000200, 0x00000700, 0x02000f00, 0x03000c00, 0x01000200, 0x00000600, 
0x02000e00, 0x03000c00, 0x01000200, 0x00000900, 0x02000d00, 0x03000c00, 0x01000100, 0x00000400, 
0x03000b00, 0x01000000, 0x02001400, 0x28001c00, 0x00000100, 0x01007101, 0xb1030200, 0x0100b603, 
0x7a010400, 0x7c017b01, 0x01008601, 0x8b010b00, 0xbf01be01, 0xc101c001, 0xc501c201, 0xc701c601, 
0xd601c801, 0x0a000200, 0x78040200, 0x01007704, 0xb1030200, 0x0200b603, 0x7e001e00, 0x6a018e00, 
0x00000900, 0xb2018001, 0xd6010000, 0x00000000, 0x08020000, 0x2e000100, 0xa5025902, 0xab02a702, 
0xad02ac02, 0xbd02ae02, 0xce02cc02, 0xd302d202, 0xd502d402, 0x9203e402, 0x97039303, 0x9e039c03, 
0xa303a103, 0xa803a403, 0xaf03ae03, 0xb103b003, 0xb403b203, 0xbc03b603, 0xcf03cc03, 0xd503d003, 
0xdf03d803, 0xe103e003, 0xe303e203, 0xe703e403, 0xcc04e803, 0x02000200, 0xb501b401, 0xb7010100, 
0x0100b801, 0x24000200, 0x7c017a01, 0x7d010500, 0x06007d01, 0x86018601, 0x8b010700, 0x03008b01, 
0x90018f01, 0x9b010500, 0x06009c01, 0xc201be01, 0xc5010300, 0x0300c801, 0xd601d601, 0x59020300, 
0x08005902, 0xa502a502, 0xa7020100, 0x0100a702, 0xae02ab02, 0xbd020100, 0x0100bd02, 0xcc02cc02, 
0xce020100, 0x0100ce02, 0xd502d202, 0xe4020100, 0x0100e402, 0x93039203, 0x97030200, 0x01009703, 
0x9c039c03, 0x9e030400, 0x04009e03, 0xa103a103, 0xa3030400, 0x0400a403, 0xa803a803, 0xae030400, 
0x0200b203, 0xb403b403, 0xb6030200, 0x0200b603, 0xbc03bc03, 0xcc030100, 0x0100cc03, 0xd003cf03, 
0xd5030200, 0x0100d503, 0xd803d803, 0xdf030100, 0x0200e403, 0xe803e703, 0xcc040100, 0x0200cc04, 
0x03000200, 0x7c017a01, 0x86010100, 0x02008601, 0x90018f01, 0x03000100, 0x16000800, 0x00002400, 
0x05000200, 0x01000000, 0x12000000, 0x02000000, 0x00000600, 0x00000100, 0x00001300, 0x07000200, 
0x01000000, 0x12000000, 0x06000200, 0x00001600, 0x05000300, 0x00000300, 0x00000100, 0x00001300, 
0x06000200, 0x01000000, 0x13000000, 0x08000300, 0x24001600, 0x02000000, 0x00000500, 0x00000100, 
0x00001300, 0x06000200, 0x01000000, 0x13000000, 0x02000000, 0x00000700, 0x00000100, 0x02001300, 
0x16000600, 0x01000100, 0x01000100, 0x01000100, 0x73010000, 0x01000100, 0x01000100, 0x01000200, 
0x73010000, 0x06000100, 0x0100d001, 0x59020100, 0x12000200, 0x5c002200, 0x03007200, 0x7a000000, 
0x01008c00, 0x7a010600, 0x7c017b01, 0x8f018601, 0x02009001, 0x72010900, 0x02007201, 0xc202c202, 
0x92030200, 0x01009303, 0xb203ae03, 0xb4030100, 0x0100b403, 0xb603b603, 0xcf030100, 0x0100d003, 
0xe403df03, 0xcc040100, 0x0100cc04, 0x03000200, 0x7c017a01, 0x86010100, 0x01008601, 0x90018f01, 
0x01000200, 0x01000000, 0x01000000, 0x01000400, 0x01000100, 0x01000000, 0x14000000, 0x06000200, 
0x01001400, 0x01000100, 0x01000000, 0x14000000, 0x02000100, 0x00000100, 0x00000100, 0x03001400, 
0x01000200, 0x5e000e00, 0x17000000, 0x26000100, 0x94016d01, 0x3f029801, 0x43024102, 0x47024402, 
0x49024802, 0x4c024b02, 0x4e024d02, 0x50024f02, 0x52025102, 0xcb025302, 0xcf02cd02, 0xd602d102, 
0xd802d702, 0xdc02da02, 0xdf02de02, 0xe102e002, 0xe502e302, 0xe702e602, 0xec03e603, 0x02000100, 
0x9c019b01, 0x02000300, 0x12000200, 0x00003a00, 0x01001700, 0x01001600, 0x62011200, 0x93019101, 
0x96019501, 0x40029701, 0x45024202, 0x4a024602, 0xca02c802, 0xdb02d902, 0xef03dd02, 0x0100f303, 
0x9b010200, 0x03009c01, 0x01000200, 0x36000e00, 0x15000100, 0x12000100, 0x52014e01, 0x58015401, 
0x5a015901, 0x64015b01, 0x6a016901, 0xb202a102, 0x8f03b602, 0xd603d303, 0xf203ee03, 0x02000100, 
0x9c019b01, 0x02000300, 0x0e000100, 0x01003600, 0x01001800, 0x91011200, 0x97019301, 0xb2019801, 
0x41023f02, 0x47024402, 0x4c024902, 0x51024d02, 0xa2025302, 0xe902c902, 0x0100ec03, 0x7a010300, 
0x90018f01, 0x02000300, 0x12000200, 0x00002200, 0x01001700, 0x01001600, 0x95010600, 0x40029601, 
0x45024202, 0x01004602, 0x7a010300, 0x90018f01, 0x02000300, 0x12000200, 0x00002200, 0x01001700, 
0x01001600, 0x95010600, 0x40029601, 0x45024202, 0x01004602, 0x7b010100, 0x02000300, 0x12000200, 
0x00002200, 0x01001700, 0x01001600, 0x95010600, 0x40029601, 0x45024202, 0x01004602, 0x7c010200, 
0x03007d01, 0x01000200, 0x20000e00, 0x17000000, 0x07000100, 0x94016d01, 0xcf025202, 0xd602d102, 
0x0100e602, 0x7a010300, 0x90018f01, 0x02000300, 0x0e000100, 0x00004000, 0x01001700, 0x48021700, 
0x50024b02, 0xca02c802, 0xcd02cb02, 0xd802d702, 0xda02d902, 0xdc02db02, 0xde02dd02, 0xe002df02, 
0xe302e102, 0xe702e502, 0xf303e603, 0x03000100, 0x8f017a01, 0x03009001, 0x01000200, 0x40000e00, 
0x17000000, 0x17000100, 0x4b024802, 0xc8025002, 0xcb02ca02, 0xd702cd02, 0xd902d802, 0xdb02da02, 
0xdd02dc02, 0xdf02de02, 0xe102e002, 0xe502e302, 0xe603e702, 0x0100f303, 0x7b010100, 0x02000300, 
0x0e000100, 0x00004000, 0x01001700, 0x48021700, 0x50024b02, 0xca02c802, 0xcd02cb02, 0xd802d702, 
0xda02d902, 0xdc02db02, 0xde02dd02, 0xe002df02, 0xe302e102, 0xe702e502, 0xf303e603, 0x02000100, 
0x7d017c01, 0x02000300, 0x0e000100, 0x00001400, 0x01001700, 0x4a020100, 0x02000100, 0x7d017c01, 
0x78020100, 0x26001000, 0x72004c00, 0xbc00aa00, 0xd800ce00, 0x8001fa00, 0xa4019201, 0xe001be01, 
0x34021a02, 0x04004602, 0x12000a00, 0x20001a00, 0x03005003, 0x7b017501, 0x03004f03, 0x7a017501, 
0x02004f03, 0x50033704, 0x3a040200, 0x0a000400, 0x1a001200, 0x52032000, 0x75010300, 0x51037b01, 
0x75010300, 0x51037a01, 0x37040200, 0x02005203, 0x06003a04, 0x16000e00, 0x26001e00, 0x32002c00, 
0x03004e03, 0x7c017501, 0x03004d03, 0x7b017501, 0x03004c03, 0x7a017501, 0x02004503, 0x44037b01, 
0x7a010200, 0x02004603, 0x02007c01, 0x0c000600, 0x02004203, 0x43037a01, 0x7b010200, 0x06000200, 
0x4a030c00, 0x7a010200, 0x02004b03, 0x01007b01, 0xc3040400, 0x7c010200, 0x0a000400, 0x16001000, 
0x38031c00, 0x7c010200, 0x02003603, 0x34037b01, 0x7a010200, 0x02003903, 0x0f007d01, 0x28002000, 
0x38003000, 0x48004000, 0x56005000, 0x62005c00, 0x6e006800, 0x7a007400, 0x6d048000, 0x29040300, 
0x6b049001, 0x29040300, 0x69048f01, 0x29040300, 0x63048601, 0x29040300, 0x60047c01, 0x29040300, 
0x5d047b01, 0x29040300, 0x48047a01, 0x90010200, 0x02004604, 0x45048f01, 0x86010200, 0x02004204, 
0x40049c01, 0x9b010200, 0x02003d04, 0x3b047d01, 0x7c010200, 0x02003904, 0x36047b01, 0x7a010200, 
0x06000200, 0x4f030c00, 0x7a010200, 0x02005003, 0x02007b01, 0x0c000600, 0x02005103, 0x52037a01, 
0x7b010200, 0x08000300, 0x14000e00, 0x02004d03, 0x4c037b01, 0x7a010200, 0x02004e03, 0x04007c01, 
0x10000a00, 0x1c001600, 0x02003c03, 0x3b037c01, 0x7b010200, 0x02003a03, 0x3d037a01, 0x7d010200, 
0x10000700, 0x1c001600, 0x28002200, 0x34002e00, 0x02006704, 0x66048601, 0x9c010200, 0x02006504, 
0x64049b01, 0x7d010200, 0x02006104, 0x5e047c01, 0x7b010200, 0x02005b04, 0x03007a01, 0x0e000800, 
0x49031400, 0x7c010200, 0x02004803, 0x47037b01, 0x7a010200, 0x06000200, 0x40030c00, 0x7b010200, 
0x02003e03, 0x06007a01, 0x14000e00, 0x20001a00, 0x2c002600, 0x02006c04, 0x6a049001, 0x8f010200, 
0x02006804, 0x62048601, 0x7c010200, 0x02005f04, 0x5c047b01, 0x7a010200, 0x10000100, 0x5b015a01, 
0x69015f01, 0x6f016a01, 0x75017201, 0x96019501, 0x55024a02, 0xb2025902, 0x2904c202, 0x03000300, 
0x18000300, 0x36002a00, 0x1a000000, 0x1b000000, 0x1a000100, 0x07000100, 0x54015201, 0x59015801, 
0x5b015a01, 0x01006c01, 0x5c040400, 0x62045f04, 0x01006804, 0x8b010b00, 0xbf01be01, 0xc101c001, 
0xc501c201, 0xc701c601, 0xd601c801, 0x03000300, 0x18000300, 0x2c002000, 0x19000000, 0x1a000100, 
0x1b000100, 0x02000100, 0xd603d303, 0x04000100, 0x5f045c04, 0x68046204, 0x0b000100, 0xbe018b01, 
0xc001bf01, 0xc201c101, 0xc601c501, 0xc801c701, 0x0300d601, 0x01000200, 0x2a000e00, 0x1a000000, 
0x0c000100, 0x9b017d01, 0x34039c01, 0x3e033603, 0x3f044003, 0x64044304, 0x66046504, 0x0b000100, 
0xbe018b01, 0xc001bf01, 0xc201c101, 0xc601c501, 0xc801c701, 0x0300d601, 0x01000200, 0x18000e00, 
0x19000000, 0x03000100, 0x9f039d03, 0x0100a503, 0x8b010b00, 0xbf01be01, 0xc101c001, 0xc501c201, 
0xc701c601, 0xd601c801, 0x0a000100, 0x12000200, 0x01003400, 0xbb020200, 0x0200e202, 0x14000600, 
0x02000200, 0x00007a01, 0x01001e00, 0x02001c00, 0x7b010200, 0x1d000000, 0x1c000100, 0x06000200, 
0x02001400, 0x7a010200, 0x1e000000, 0x1c000100, 0x02000200, 0x00007b01, 0x01001d00, 0x01001c00, 
0x1200de00, 0x34002a00, 0x48003e00, 0x5c005200, 0x70006600, 0x84007a00, 0x98008e00, 0xac00a200, 
0xc000b600, 0xd400ca00, 0x04000100, 0x02001803, 0x01006904, 0x1e030400, 0x69040200, 0x04000100, 
0x02001f03, 0x01006904, 0x20030400, 0x69040200, 0x04000100, 0x02002103, 0x01006904, 0x91020400, 
0x45040200, 0x04000100, 0x02008c02, 0x01008601, 0x8d020400, 0x86010200, 0x04000100, 0x02008402, 
0x01008601, 0x8a020400, 0x86010200, 0x04000100, 0x02008b02, 0x01008601, 0x0f030400, 0x86010200, 
0x04000100, 0x02003303, 0x01008601, 0xee020400, 0x67040200, 0x04000100, 0x0200f502, 0x01006704, 
0xf7020400, 0x67040200, 0x04000100, 0x0200f902, 0x01006704, 0xfb020400, 0x67040200, 0x12000100, 
0x58015201, 0x5a015901, 0x5f015b01, 0x96019501, 0x45024002, 0xc2024602, 0x4a04e902, 0x4d044c04, 
0x4f044e04, 0x2a000100, 0x08000100, 0x0a000400, 0x16001000, 0xc1041c00, 0xd1010200, 0x0200c004, 
0xbf04ce01, 0xcd010200, 0x0200be04, 0x0100cb01, 0x3c010100, 0x01000300, 0x01002200, 0x00001200, 
0x00000100, 0x01007d01, 0x79010600, 0x5a035903, 0x91045b03, 0x0100ac04, 0x52012f00, 0x58015401, 
0x5f015b01, 0x6d016c01, 0x40029601, 0x45024202, 0xa5024a02, 0xab02a702, 0xb202ae02, 0xcc02bd02, 
0xd202ce02, 0xd902d502, 0x9203e402, 0x96039303, 0x9c039703, 0xa8039e03, 0xaf03ae03, 0xb103b003, 
0xb403b203, 0xdf03b603, 0xe303e003, 0xe503e403, 0xe703e603, 0xe903e803, 0x01000300, 0x01002200, 
0x00001200, 0x00000100, 0x01007e01, 0x79010600, 0x5a035903, 0x91045b03, 0x0100ac04, 0x59010500, 
0xac024602, 0xa103d302, 0x01000300, 0x01002200, 0x00001200, 0x00000100, 0x01007f01, 0x79010600, 
0x5a035903, 0x91045b03, 0x0100ac04, 0x4e010f00, 0x91016401, 0xa1029701, 0xc802b602, 0x8f03dd02, 
0xde03c903, 0xef03ee03, 0xf303f203, 0x12000200, 0x2a040600, 0x30042d04, 0x92043304, 0x0100ad04, 
0x79010600, 0x5a035903, 0x91045b03, 0x0200ac04, 0x06001200, 0x2e042b04, 0x34043104, 0xae049304, 
0x06000100, 0x59037901, 0x5b035a03, 0xac049104, 0x12000200, 0x2c040600, 0x32042f04, 0x94043504, 
0x0100af04, 0x79010600, 0x5a035903, 0x91045b03, 0x0300ac04, 0x1a000200, 0x01003400, 0x00001400, 
0x00000100, 0x01008101, 0xca010100, 0x0b000100, 0x7b017a01, 0x7d017c01, 0x9b018601, 0x6e049c01, 
0x70046f04, 0x02007404, 0x4f012100, 0x00005101, 0x53015301, 0x55010300, 0x04006b01, 0x72016e01, 
0x56021b00, 0x20005702, 0xa402a202, 0xa6022200, 0x2500a602, 0xaa02a802, 0xaf022600, 0x2900ba02, 
0xbc02bc02, 0xbe023500, 0x3600c202, 0xc702c602, 0xdb023b00, 0x3d00db02, 0x91039003, 0x94033e00, 
0x40009503, 0x9b039803, 0xa0034200, 0x4600a003, 0xa203a203, 0xa6034700, 0x4800a703, 0xaa03a903, 
0xac034a00, 0x4c00b403, 0xb903b603, 0xbb035500, 0x5900bb03, 0xbf03bd03, 0xc1035a00, 0x5d00c703, 
0xcb03c903, 0xcd036400, 0x6700ce03, 0xd203d103, 0xd4036900, 0x6b00d403, 0xd703d703, 0xd9036c00, 
0x6d00d903, 0xdb03db03, 0xdd036e00, 0x6f00de03, 0x01000300, 0x01001800, 0x00001200, 0x00000100, 
0x01008101, 0xca010100, 0x12000100, 0x45014401, 0x9c039901, 0x9e039d03, 0xa1039f03, 0xa403a303, 
0xae03a803, 0xb003af03, 0xb203b103, 0xb603b403, 0x06000100, 0x0100f802, 0xca010100, 0x00000300, 
0x12000100, 0x18000100, 0x00000100, 0x01008301, 0xbb020100, 0x05000100, 0x7d017c01, 0x9b018601, 
0x03009c01, 0x02000000, 0x1c001600, 0x02000000, 0x1f000000, 0x20000100, 0x01000100, 0x02003c01, 
0x8a010500, 0x00008b01, 0xc901b901, 0xdd010200, 0x1300dd01, 0xe101e001, 0x0b021400, 0x16001a02, 
0x0e000100, 0x08000100, 0x74020200, 0x01006901, 0xbb020100, 0x0a000100, 0x08000100, 0x01000000, 
0x03000100, 0x00000300, 0x12000100, 0x1a000100, 0x00000100, 0x01008601, 0x4e000200, 0x02004f00, 
0x2a010100, 0x00003501, 0x0a000200, 0xdd000200, 0x01001f01, 0x4e000200, 0x01004f00, 0x08006600, 
0x20001600, 0x34002a00, 0x48003e00, 0x5c005200, 0x04000100, 0x0200bc00, 0x01003801, 0xcc000400, 
0x38010200, 0x04000100, 0x0200da00, 0x01003801, 0x0e010400, 0x38010200, 0x04000100, 0x0200bd00, 
0x01003801, 0xcd000400, 0x38010200, 0x04000100, 0x0200db00, 0x01003801, 0x0f010400, 0x38010200, 
0x08000100, 0x2a002600, 0x3a002e00, 0x4a004600, 0x5a004e00, 0x06000100, 0x01001b00, 0x00010200, 
0x01000101, 0x1b000600, 0x02000100, 0x01010001, 0x00000100, 0x7c000a00, 0x0400f000, 0x544c4644, 
0x65641a00, 0x2c003276, 0x61766564, 0x616c3e00, 0x4a006e74, 0x00000400, 0xffff0000, 0x00000400, 
0x05000100, 0x04000600, 0x00000000, 0x0400ffff, 0x02000000, 0x06000500, 0x00000400, 0xffff0000, 
0x03000100, 0x02001000, 0x204c4f4d, 0x4f522000, 0x2000204d, 0xffff0000, 0x00000500, 0x04000100, 
0x06000500, 0xffff0000, 0x04000100, 0x62610700, 0x2c006d76, 0x74736964, 0x69643600, 0x46007473, 
0x74736964, 0x656b5800, 0x5e006e72, 0x6b72616d, 0x6b6d6400, 0x6c006b6d, 0x03000000, 0x19001800, 
0x00001a00, 0x21000600, 0x23002200, 0x25002400, 0x00002600, 0x1f000700, 0x22002100, 0x24002300, 
0x26002500, 0x01000000, 0x00001f00, 0x20000100, 0x02000000, 0x1c001b00, 0x02000000, 0x1e001d00, 
0x54002900, 0x66005c00, 0x7c007200, 0x94008a00, 0xa4009c00, 0xb400ac00, 0xc400bc00, 0xd400cc00, 
0xe400dc00, 0xf400ec00, 0x0401fc00, 0x14010c01, 0x26011c01, 0x36012e01, 0x48014001, 0x5a015001, 
0x70016401, 0x84017c01, 0x94018c01, 0xa8019c01, 0xb801b001, 0x00000100, 0x6c010100, 0x00000100, 
0x78010200, 0x01009801, 0x03000000, 0xb8019c01, 0x0100c801, 0x02000000, 0xea01ca01, 0x00000100, 
0xee010400, 0x18020402, 0x01002802, 0x02000000, 0x48022a02, 0x00000100, 0x5e020100, 0x00000100, 
0x72020100, 0x00000100, 0x86020100, 0x00000100, 0x9a020100, 0x00000100, 0xae020100, 0x00000100, 
0xc2020100, 0x00000100, 0xd6020100, 0x00000100, 0xea020100, 0x00000100, 0xfe020100, 0x00000100, 
0x12030100, 0x00000100, 0x26030100, 0x00000100, 0x3a030100, 0x00000100, 0x4e030100, 0x00000100, 
0x62030100, 0x00000100, 0x76030100, 0x00000100, 0x8a030100, 0x00000100, 0x9e030100, 0x00000100, 
0xae030200, 0x0400de03, 0x01000000, 0x0400e403, 0x01000000, 0x06003c0a, 0x01001000, 0x0000a417, 
0x00000400, 0xc8170100, 0x00000400, 0xfe180100, 0x10000600, 0x3c320100, 0x06000100, 0x01001000, 
0x02008c32, 0x10000200, 0x7e330200, 0x0300263a, 0x10000200, 0x623a0200, 0x0300803c, 0x00000800, 
0x34460100, 0x00020800, 0x54460100, 0x00000800, 0xb4480100, 0x00000800, 0x544c0100, 0x00000800, 
0x744c0300, 0xca4caa4c, 0x00000800, 0x024d0100, 0x00000100, 0x504d0100, 0x00000100, 0x6c4d0100, 
0x0c000200, 0x02000200, 0xb9ffd4ff, 0x02000100, 0x90018f01, 0x08000100, 0x46ff0200, 0x0a000100, 
0xbe018b01, 0xc001bf01, 0xc201c101, 0xc701c501, 0xd601c801, 0x08000100, 0x69ff0200, 0x01000100, 
0x0100c601, 0x02000800, 0x010081ff, 0x8b010800, 0xbf01be01, 0xc101c001, 0xc501c201, 0x0100d601, 
0x02000800, 0x010081ff, 0xc7010200, 0x0100c801, 0x02000800, 0x01009eff, 0xc6010100, 0x08000100, 
0xc5ff0200, 0x0a000100, 0xbe018b01, 0xc101bf01, 0xc501c201, 0xc701c601, 0xd601c801, 0x08000100, 
0xc5ff0200, 0x01000100, 0x0100c001, 0x02000800, 0x010016ff, 0x8b010500, 0xbf01be01, 0xd601c101, 
0x0c000200, 0x02000200, 0x000016ff, 0x02000100, 0xc601c001, 0x08000100, 0x0cff0200, 0x02000100, 
0xc501c201, 0x08000100, 0x16ff0200, 0x02000100, 0xc801c701, 0x08000100, 0xeaff0100, 0x03000200, 
0x67036203, 0x7e040000, 0x06007f04, 0x9a049904, 0x02000800, 0x01001200, 0xa6ff0500, 0xcfffd9ff, 
0xa6ffcfff, 0x05000100, 0x3b013a01, 0x77035802, 0x02007904, 0x01001000, 0x56010400, 0x74018701, 
0x0100b901, 0x8a010400, 0xe001c301, 0x0200e101, 0x01001000, 0x3d010400, 0x5b016e01, 0x0100a001, 
0x8a010400, 0xe001c301, 0x0200e101, 0x01001000, 0x20010400, 0x3e015101, 0x01008301, 0x8a010400, 
0xe001c301, 0x0200e101, 0x01001000, 0xdc000400, 0xfa000d01, 0x01003f01, 0x8a010400, 0xe001c301, 
0x0200e101, 0x01001000, 0x0d010400, 0x2b013d01, 0x01006f01, 0x8a010400, 0xe001c301, 0x0200e101, 
0x01001000, 0xb0000400, 0xce00e100, 0x01001301, 0x8a010400, 0xe001c301, 0x0200e101, 0x01001000, 
0xea000400, 0x08011b01, 0x01004d01, 0x8a010400, 0xe001c301, 0x0200e101, 0x01001000, 0x62000400, 
0x80009200, 0x0100c400, 0x8a010400, 0xe001c301, 0x0200e101, 0x01001000, 0xa9000400, 0xc700da00, 
0x01000c01, 0x8a010400, 0xe001c301, 0x0200e101, 0x01001000, 0x62000400, 0x80009200, 0x0100c400, 
0x8a010400, 0xe001c301, 0x0200e101, 0x01001000, 0x9f000400, 0xbd00d000, 0x01000201, 0x8a010400, 
0xe001c301, 0x0200e101, 0x01001000, 0xd7000400, 0xf5000801, 0x01003a01, 0x8a010400, 0xe001c301, 
0x0200e101, 0x01001000, 0xf5000400, 0x13012601, 0x01005801, 0x8a010400, 0xe001c301, 0x0200e101, 
0x01001000, 0x3d010400, 0x5b016e01, 0x0100a001, 0x8a010400, 0xe001c301, 0x0200e101, 0x01001000, 
0x8e000400, 0xac00be00, 0x0100f000, 0x8a010400, 0xe001c301, 0x0200e101, 0x01001000, 0x25000400, 
0x43005500, 0x01008700, 0x8a010400, 0xe001c301, 0x0100e101, 0x01000800, 0x020038ff, 0x0b020200, 
0x00001c02, 0xc104b304, 0x01001200, 0x02000800, 0x0200a5fe, 0xb9010600, 0x0000bb01, 0xdd01dd01, 
0xfd010300, 0x0400fd01, 0x1a020b02, 0x1c020500, 0x15001c02, 0xbc04b304, 0x01001600, 0x02000800, 
0x01003dfe, 0x1b020200, 0x0100bd04, 0x66044605, 0x78050200, 0x6e000c00, 0x0000ba01, 0x0000c001, 
0x0000c601, 0x0000cc01, 0x0000d201, 0x0000d801, 0x0000de01, 0x0000e401, 0x0000ea01, 0x0000f001, 
0x0000f601, 0x0000fc01, 0x00000202, 0x00000802, 0x00000e02, 0x00001402, 0x00001a02, 0x20020000, 
0x00002602, 0x00002c02, 0x00003202, 0x38020000, 0x44023e02, 0x4a020000, 0x56025002, 0x5c020000, 
0x62020000, 0x68020000, 0x6e020000, 0x74020000, 0x7a020000, 0x00008002, 0x00008602, 0x00008c02, 
0x00009202, 0x00009802, 0x00009e02, 0x0000a402, 0x0000aa02, 0x0000b002, 0x0000b602, 0x0000bc02, 
0x0000c202, 0x0000c802, 0x0000ce02, 0x0000d402, 0x0000da02, 0x0000e002, 0x0000e602, 0x0000ec02, 
0x0000f202, 0x0000f802, 0x0000fe02, 0x00000403, 0x00000a03, 0x00001003, 0x00001603, 0x00001c03, 
0x00002203, 0x00002803, 0x00002e03, 0x00003403, 0x00003a03, 0x00004003, 0x00004603, 0x00004c03, 
0x00005203, 0x00005803, 0x00005e03, 0x00006403, 0x00006a03, 0x00007003, 0x00007603, 0x00007c03, 
0x00008203, 0x00008803, 0x00008e03, 0x00009403, 0x00009a03, 0x0000a003, 0x0000a603, 0x0000ac03, 
0x0000b203, 0x0000b803, 0x0000be03, 0x0000c403, 0x0000ca03, 0x0000d003, 0x0000d603, 0x0000dc03, 
0x0000e203, 0x0000e803, 0x0000ee03, 0x0000f403, 0x0000fa03, 0x00000004, 0x00000604, 0x00000c04, 
0x00001204, 0x00001804, 0x00001e04, 0x00002404, 0x00002a04, 0x00003004, 0x00003604, 0x00003c04, 
0x00004204, 0x00004804, 0x00004e04, 0x00005404, 0x2b010100, 0x01000000, 0x00002b01, 0xa6010100, 
0x01000000, 0x00005f01, 0x14010100, 0x01000000, 0x00001401, 0x9b010100, 0x01000000, 0x00003c01, 
0x5c010100, 0x01000000, 0x00001501, 0x24010100, 0x01000000, 0x00003c01, 0x1d010100, 0x01000000, 
0x00001701, 0xa3010100, 0x01000000, 0x0000cd00, 0x0a010100, 0x01000000, 0x6e02c100, 0x9b010100, 
0x01000000, 0x0000a301, 0xa6010100, 0x01000000, 0x6e02eb00, 0x13010100, 0x01000000, 0x6e02eb00, 
0xeb000100, 0x01006e02, 0x00001301, 0xeb000100, 0x01006e02, 0x6e02eb00, 0xeb000100, 0x01006e02, 
0x6e02eb00, 0xeb000100, 0x01006e02, 0x6e02eb00, 0xeb000100, 0x01006e02, 0x00008f01, 0x76010100, 
0x01000000, 0x00007701, 0x77010100, 0x01000000, 0x00000d01, 0xe6000100, 0x01000000, 0x00000f01, 
0x05010100, 0x01000000, 0x00000a01, 0x0a010100, 0x01000000, 0x00000a01, 0x0a010100, 0x01000000, 
0x00000a01, 0x9b010100, 0x01000000, 0x00002c01, 0x5c010100, 0x01000000, 0x0000fe00, 0x24010100, 
0x01000000, 0x00002c01, 0x1d010100, 0x01000000, 0x00001701, 0xa3010100, 0x01000000, 0x0000cd00, 
0xe6010100, 0x01000000, 0x00001b01, 0x0a010100, 0x01000000, 0x00000a01, 0x0a010100, 0x01000000, 
0x00000a01, 0x1b010100, 0x01000000, 0x00001b01, 0x17010100, 0x01000000, 0x00009201, 0x14010100, 
0x01000000, 0x00001002, 0x10020100, 0x01000000, 0x0000fb01, 0x3e010100, 0x01000000, 0x00003901, 
0xf2020100, 0x01000000, 0x0000f202, 0xfc020100, 0x01000000, 0x0000fc00, 0x1a010100, 0x01000000, 
0x00002401, 0x34010100, 0x01000000, 0x00003c01, 0x1d010100, 0x01000000, 0x0000e001, 0x17010100, 
0x01000000, 0x00008901, 0x42020100, 0x01000000, 0x00007101, 0x37020100, 0x01000000, 0x00001a01, 
0x1a020100, 0x01000000, 0x00001102, 0xfe020100, 0x01000000, 0x0000b302, 0xae020100, 0x01000000, 
0x00002101, 0x21010100, 0x01000000, 0x00003201, 0x32010100, 0x01000000, 0x00004703, 0xce010100, 
0x01000000, 0x00007f01, 0x03020100, 0x01000000, 0x0000fa01, 0xe4010100, 0x01000000, 0x0000c201, 
0x3c010100, 0x01000000, 0x00005c01, 0x15010100, 0x01000000, 0x00002401, 0x3c010100, 0x01000000, 
0x00001d01, 0x19010100, 0x01000000, 0x00003c02, 0x6e000100, 0x43014201, 0x45014401, 0x49014801, 
0x52014e01, 0x58015401, 0x5a015901, 0x5f015b01, 0x69016401, 0x76017201, 0x97019101, 0x9f019901, 
0xa101a001, 0xa301a201, 0xa501a401, 0xa701a601, 0xd201a801, 0xd401d301, 0xd701d501, 0xd901d801, 
0x1e021d02, 0x20021f02, 0x22022102, 0xa502a102, 0xab02a702, 0xad02ac02, 0xb202ae02, 0xbb02b602, 
0xc202bd02, 0x37033503, 0x39033803, 0x41033f03, 0x43034203, 0x7f037c03, 0x8f038003, 0x93039203, 
0x97039603, 0x9c039a03, 0xa1039e03, 0xa403a303, 0xae03a803, 0xb003af03, 0xb203b103, 0xb603b403, 
0xbc03bb03, 0xcb03c903, 0xd303cc03, 0xd603d503, 0xde03d803, 0xe003df03, 0xe203e103, 0xe403e303, 
0x4b044a04, 0x4d044c04, 0x4f044e04, 0x78047704, 0x17000100, 0x8a017501, 0x8f018b01, 0xb9019001, 
0xbe01bb01, 0xc001bf01, 0xc201c101, 0xc601c501, 0xc801c701, 0x46040c02, 0x48044704, 0x75044904, 
0x17007604, 0x5e000000, 0x64000100, 0x6a000000, 0x70000000, 0x76000000, 0x7c000100, 0x82000100, 
0x88000000, 0x8e000000, 0x94000000, 0x9a000000, 0xa0000000, 0xa6000000, 0xac000000, 0xb2000000, 
0xb8000000, 0xbe000100, 0xc4000000, 0xca000000, 0xd0000000, 0xd6000000, 0xdc000000, 0xe2000000, 
0xe5fe0100, 0x01000000, 0x6e0256ff, 0x07ff0100, 0x01000000, 0x0000cffe, 0xcffe0100, 0x01000000, 
0x6e0223ff, 0x24ff0100, 0x01006e02, 0x00000aff, 0xf9fe0100, 0x01000000, 0x000002ff, 0x73ff0100, 
0x01000000, 0x000078ff, 0x7fff0100, 0x01000000, 0x000082ff, 0x3bff0100, 0x01000000, 0x0000f4fe, 
0x56ff0100, 0x01006e02, 0x0000adfe, 0xadfe0100, 0x01000000, 0x0000adfe, 0xadfe0100, 0x01000000, 
0x0000cffe, 0xcffe0100, 0x01000000, 0xa007e208, 0x7c090200, 0x9f000c00, 0x00007e02, 0x00008402, 
0x00008a02, 0x00009002, 0x00009602, 0x00009c02, 0xa802a202, 0xb402ae02, 0xc002ba02, 0xcc02c602, 
0xd802d202, 0xe402de02, 0xf002ea02, 0xfc02f602, 0x08030203, 0x0e030000, 0x14030000, 0x20031a03, 
0x2c032603, 0x38033203, 0x00003e03, 0x00004403, 0x50034a03, 0x00005603, 0x00005c03, 0x62030000, 
0x6e036803, 0x00007403, 0x00007a03, 0x00008003, 0x00008603, 0x00008c03, 0x00009203, 0x00009803, 
0x00009e03, 0x0000a403, 0x0000aa03, 0x0000b003, 0x0000b603, 0x0000bc03, 0x0000c203, 0x0000c803, 
0x0000ce03, 0x0000d403, 0x0000da03, 0x0000e003, 0x0000e603, 0x0000ec03, 0x0000f203, 0x0000f803, 
0x0000fe03, 0x00000404, 0x10040a04, 0x1c041604, 0x00002204, 0x00002804, 0x00002e04, 0x00003404, 
0x00003a04, 0x00004004, 0x4c044604, 0x58045204, 0x00005e04, 0x64040000, 0x70046a04, 0x00007604, 
0x00007c04, 0x00008204, 0x00008804, 0x00008e04, 0x00009404, 0xa0049a04, 0xac04a604, 0x0000b204, 
0x0000b804, 0x0000be04, 0x0000c404, 0x0000ca04, 0x0000d004, 0x0000d604, 0x0000dc04, 0x0000e204, 
0x0000e804, 0x0000ee04, 0x0000f404, 0x0000fa04, 0x00000005, 0x00000605, 0x00000c05, 0x00001205, 
0x00001805, 0x00001e05, 0x00002405, 0x00002a05, 0x00003005, 0x3c053605, 0x48054205, 0x54054e05, 
0x60055a05, 0x00006605, 0x72056c05, 0x00007805, 0x00007e05, 0x00008405, 0x00008a05, 0x00009005, 
0x00009605, 0x00009c05, 0x0000a205, 0x0000a805, 0xb405ae05, 0xc005ba05, 0xcc05c605, 0xd805d205, 
0xe405de05, 0xf005ea05, 0xfc05f605, 0x08060206, 0x00000e06, 0x1a061406, 0x26062006, 0x00002c06, 
0x32060000, 0x3e063806, 0x00004406, 0x50064a06, 0x5c065606, 0x68066206, 0x74066e06, 0x80067a06, 
0x8c068606, 0x00009206, 0x00009806, 0x00009e06, 0xaa06a406, 0xb606b006, 0xc206bc06, 0xce06c806, 
0xda06d406, 0xe606e006, 0xf206ec06, 0xfe06f806, 0x0a070407, 0x16071007, 0x22071c07, 0x2e072807, 
0x3a073407, 0x00004007, 0x00004607, 0x00004c07, 0x00005207, 0x00005807, 0x00005e07, 0x00006407, 
0x00006a07, 0x76077007, 0x82077c07, 0x88070000, 0x8e070000, 0x3a010100, 0x01006e02, 0x6e024d01, 
0x4d010100, 0x01006e02, 0x6e027e01, 0xd6010100, 0x01006e02, 0x6e028b01, 0x73010100, 0x01006e02, 
0x00007301, 0x91010100, 0x01006e02, 0x00004a01, 0xc7010100, 0x01006e02, 0x00008c01, 0x22010100, 
0x01006e02, 0x00002201, 0x22010100, 0x01006e02, 0x00004201, 0x91010100, 0x01006e02, 0x00004a01, 
0x31010100, 0x01006e02, 0x00003101, 0x27010100, 0x01006e02, 0x00008c01, 0x7b010100, 0x01006e02, 
0x00007b01, 0xd8000100, 0x01000000, 0x0000d800, 0x02020100, 0x01006e02, 0x00000202, 0x02020100, 
0x01006e02, 0x00000202, 0x73010100, 0x01006e02, 0x00007301, 0x91010100, 0x01006e02, 0x6e023101, 
0x7b010100, 0x01006e02, 0x00007b01, 0x7e010100, 0x01006e02, 0x6e02d601, 0x1c010100, 0x01000000, 
0x6e029101, 0x4a010100, 0x01000000, 0x6e026901, 0x52010100, 0x01006e02, 0x6e025201, 0x52010100, 
0x01006e02, 0x6e02e600, 0xc8000100, 0x01006e02, 0x6e02f000, 0xe3000100, 0x01006e02, 0x6e02e800, 
0xe8000100, 0x01006e02, 0x6e02e300, 0xe3000100, 0x01006e02, 0x6e02e300, 0x3a010100, 0x01006e02, 
0x6e024d01, 0x4d010100, 0x01006e02, 0x6e027e01, 0xd6010100, 0x01006e02, 0x6e028b01, 0x7e010100, 
0x01006e02, 0x6e02d601, 0x91010100, 0x01006e02, 0x6e02c701, 0x22010100, 0x01006e02, 0x6e022201, 
0x27010100, 0x01006e02, 0x00008c01, 0x73010100, 0x01006e02, 0x00007301, 0x91010100, 0x01006e02, 
0x6e02c701, 0x22010100, 0x01006e02, 0x6e022201, 0x91010100, 0x01006e02, 0x6e023101, 0x27010100, 
0x01006e02, 0x00008c01, 0x7b010100, 0x01006e02, 0x00007b01, 0x02020100, 0x01006e02, 0x00001c01, 
0x73010100, 0x01006e02, 0x00007301, 0xa5010100, 0x01006e02, 0x6e02c701, 0x22010100, 0x01006e02, 
0x6e022201, 0x91010100, 0x01006e02, 0x6e023101, 0x27010100, 0x01006e02, 0x00008c01, 0x7b010100, 
0x01006e02, 0x00007b01, 0x02020100, 0x01006e02, 0x6e026901, 0x69010100, 0x01006e02, 0x6e026901, 
0x69010100, 0x01006e02, 0x6e02ef00, 0xef000100, 0x01006e02, 0x6e022701, 0x27010100, 0x01006e02, 
0x6e022701, 0x27010100, 0x01006e02, 0x6e022701, 0x27010100, 0x01006e02, 0x6e02ef00, 0xef000100, 
0x01006e02, 0x6e022701, 0x27010100, 0x01006e02, 0x6e022701, 0x91010100, 0x01006e02, 0x6e029101, 
0x31010100, 0x01006e02, 0x6e023101, 0xd3010100, 0x01006e02, 0x0000d301, 0x8e010100, 0x01006e02, 
0x00008e01, 0x8e010100, 0x01006e02, 0x00009b01, 0x5d030100, 0x01006e02, 0x00002203, 0x5d030100, 
0x01006e02, 0x6e025103, 0x0a030100, 0x01000000, 0x6e022201, 0x22010100, 0x01006e02, 0x6e022201, 
0x22010100, 0x01006e02, 0x6e022201, 0x91010100, 0x01006e02, 0x6e029101, 0x91010100, 0x01006e02, 
0x6e023101, 0xea010100, 0x01006e02, 0x00005a02, 0x27010100, 0x01006e02, 0x00009601, 0x95010100, 
0x01006e02, 0x00000402, 0x36020100, 0x01006e02, 0x0000a502, 0x8b010100, 0x01006e02, 0x0000fa01, 
0x36020100, 0x01006e02, 0x0000a602, 0x3b010100, 0x01006e02, 0x0000a001, 0x6f020100, 0x01006e02, 
0x00002802, 0x70020100, 0x01006e02, 0x6e02d602, 0xd6020100, 0x01000000, 0x6e020803, 0xc1020100, 
0x01000000, 0x6e020803, 0x4d010100, 0x01000000, 0x6e029e01, 0x3a010100, 0x01000000, 0x6e029e01, 
0x1f030100, 0x01006e02, 0x00001f03, 0x03020100, 0x01006e02, 0x00004702, 0xb3010100, 0x01006e02, 
0x0000f601, 0x04020100, 0x01006e02, 0x00004802, 0xdb010100, 0x01006e02, 0x00001f02, 0xd6010100, 
0x01006e02, 0x0000d601, 0xd6010100, 0x01006e02, 0x6e02d601, 0xd6010100, 0x01006e02, 0x6e025803, 
0x58030100, 0x01000000, 0x6e021502, 0x15020100, 0x01000000, 0x6e021502, 0x15020100, 0x01000000, 
0x6e021502, 0x15020100, 0x01000000, 0x6e021502, 0x15020100, 0x01000000, 0x6e029101, 0x4a010100, 
0x01000000, 0x6e02c701, 0x7b010100, 0x01000000, 0x6e022201, 0x20010100, 0x01000000, 0x6e022201, 
0x4a010100, 0x01000000, 0x6e029101, 0x4a010100, 0x01000000, 0x6e023101, 0x40010100, 0x01000000, 
0x6e020202, 0x09020100, 0x01000000, 0x6e02d601, 0xd6010100, 0x01000000, 0x6e029101, 0xc7010100, 
0x01006e02, 0x6e022201, 0x22010100, 0x01006e02, 0x6e029101, 0x31010100, 0x01006e02, 0x6e020202, 
0xd6010100, 0x01006e02, 0x6e023b01, 0x85010100, 0x01000000, 0x6e024d02, 0xb0020100, 0x01000000, 
0x00000002, 0xac010100, 0x01000000, 0x40019f00, 0x43014201, 0x45014401, 0x4e014801, 0x54015201, 
0x59015801, 0x5b015a01, 0x64015f01, 0x6a016901, 0x6d016c01, 0x95019101, 0x97019601, 0x9a019901, 
0xb701b101, 0xd301d201, 0xd501d401, 0xd801d701, 0x1d02d901, 0x1f021e02, 0x21022002, 0x2e022202, 
0x31023002, 0x33023202, 0x3c023602, 0x40023d02, 0x45024202, 0x4a024602, 0xa502a102, 0xab02a702, 
0xad02ac02, 0xb202ae02, 0xbd02b602, 0xc802c302, 0xce02cc02, 0xd302d202, 0xd502d402, 0xdd02d902, 
0x3803e402, 0x3c033903, 0x42033d03, 0x44034303, 0x46034503, 0x48034703, 0x4a034903, 0x4c034b03, 
0x4e034d03, 0x50034f03, 0x52035103, 0x92038f03, 0x96039303, 0x9a039703, 0x9d039c03, 0x9f039e03, 
0xa303a103, 0xa503a403, 0xae03a803, 0xb003af03, 0xb203b103, 0xb603b403, 0xbc03bb03, 0xcb03c903, 
0xd303cc03, 0xd803d603, 0xdf03de03, 0xe303e003, 0xe503e403, 0xe703e603, 0xe903e803, 0xef03ee03, 
0xf303f203, 0x4b044a04, 0x4d044c04, 0x4f044e04, 0x51045004, 0x53045204, 0x55045404, 0x57045604, 
0x59045804, 0x78047704, 0xcc04cb04, 0x19000200, 0x3b013901, 0x73010000, 0x03007301, 0x81017a01, 
0x86010400, 0x0c008601, 0x8a018a01, 0x8c010d00, 0x0e008e01, 0x9c019b01, 0xc3011100, 0x1300c401, 
0xd601d601, 0xe0011500, 0x1600e101, 0x2a022a02, 0x58021800, 0x19005802, 0x55035303, 0x5c031a00, 
0x1d006403, 0x67036603, 0x77032600, 0x28007703, 0x45043604, 0x5b042900, 0x39007004, 0x74047204, 
0x79044f00, 0x52007a04, 0x7f047c04, 0x95045400, 0x58009504, 0x9a049704, 0xb0045900, 0x5d00b204, 
0xc904c504, 0x65006000, 0x96010000, 0x9c010000, 0xa2010000, 0xa8010000, 0xae010100, 0xb4010100, 
0xba010100, 0xc0010100, 0xc6010000, 0xcc010000, 0xd2010000, 0xd8010000, 0xde010100, 0xe4010000, 
0xea010000, 0xf0010000, 0xf6010000, 0xfc010100, 0x02020100, 0x08020000, 0x0e020000, 0x14020100, 
0x1a020000, 0x20020000, 0x26020000, 0x2c020000, 0x32020000, 0x38020000, 0x3e020000, 0x44020000, 
0x4a020000, 0x50020000, 0x56020000, 0x5c020000, 0x62020000, 0x68020000, 0x6e020000, 0x74020000, 
0x7a020000, 0x80020000, 0x86020000, 0x8c020100, 0x92020100, 0x98020100, 0x9e020100, 0xa4020100, 
0xaa020100, 0xb0020100, 0xb6020100, 0xbc020100, 0xc2020100, 0xc8020100, 0xce020100, 0xd4020100, 
0xda020100, 0xe0020100, 0xe6020100, 0xec020100, 0xf2020100, 0xf8020100, 0xfe020100, 0x04030100, 
0x0a030100, 0x10030100, 0x16030100, 0x1c030100, 0x22030100, 0x28030100, 0x2e030100, 0x34030100, 
0x3a030100, 0x40030100, 0x46030100, 0x4c030100, 0x52030100, 0x58030100, 0x5e030100, 0x64030100, 
0x6a030100, 0x70030100, 0x76030100, 0x7c030100, 0x82030000, 0x88030000, 0x8e030000, 0x94030000, 
0x9a030000, 0xa0030000, 0xa6030000, 0xac030000, 0xb2030000, 0xb8030000, 0xbe030000, 0xc4030100, 
0xca030100, 0xd0030100, 0xd6030000, 0xdc030000, 0xe2030000, 0xe8030000, 0xee030000, 0x4cff0100, 
0x01006e02, 0x6e024cff, 0x56ff0100, 0x01006e02, 0x6e0256ff, 0x56ff0100, 0x01000000, 0x000056ff, 
0x56ff0100, 0x01000000, 0x000056ff, 0x4cff0100, 0x01006e02, 0x6e0256ff, 0x56ff0100, 0x01006e02, 
0x6e0256ff, 0x56ff0100, 0x01000000, 0x6e0256ff, 0x56ff0100, 0x01006e02, 0x6e0256ff, 0x4cff0100, 
0x01006e02, 0x000056ff, 0x56ff0100, 0x01000000, 0x6e0256ff, 0x56ff0100, 0x01006e02, 0x000056ff, 
0x56ff0100, 0x01006e02, 0x6e0256ff, 0x56ff0100, 0x01006e02, 0x6e0256ff, 0x56ff0100, 0x01006e02, 
0x6e0256ff, 0x56ff0100, 0x01006e02, 0x6e024cff, 0x56ff0100, 0x01006e02, 0x6e0256ff, 0x56ff0100, 
0x01006e02, 0x6e0256ff, 0x56ff0100, 0x01006e02, 0x6e0256ff, 0x56ff0100, 0x01006e02, 0x6e0256ff, 
0x56ff0100, 0x01006e02, 0x6e0256ff, 0x56ff0100, 0x01006e02, 0x000056ff, 0x17ff0100, 0x01000000, 
0x000056ff, 0x56ff0100, 0x01000000, 0x000017ff, 0x56ff0100, 0x01000000, 0x000017ff, 0x56ff0100, 
0x01000000, 0x000017ff, 0x17ff0100, 0x01000000, 0x000056ff, 0x17ff0100, 0x01000000, 0x000056ff, 
0x17ff0100, 0x01000000, 0x000017ff, 0x56ff0100, 0x01000000, 0x00002fff, 0x2fff0100, 0x01000000, 
0x00001bff, 0x2fff0100, 0x01000000, 0x00002fff, 0x1bff0100, 0x01000000, 0x00002fff, 0x2fff0100, 
0x01000000, 0x00001bff, 0x2fff0100, 0x01000000, 0x00002fff, 0x2fff0100, 0x01000000, 0x00002fff, 
0x2fff0100, 0x01000000, 0x00001bff, 0x2fff0100, 0x01000000, 0x00002fff, 0x2fff0100, 0x01000000, 
0x00002fff, 0x56ff0100, 0x01000000, 0x000056ff, 0x56ff0100, 0x01000000, 0x000017ff, 0x17ff0100, 
0x01000000, 0x000056ff, 0x56ff0100, 0x01006e02, 0x6e0256ff, 0x56ff0100, 0x01006e02, 0x6e0256ff, 
0x56ff0100, 0x01006e02, 0x6e0256ff, 0x56ff0100, 0x01006e02, 0x6e0256ff, 0x56ff0100, 0x01006e02, 
0x6e0256ff, 0x56ff0100, 0x01006e02, 0x00002fff, 0x2fff0100, 0x01000000, 0x00002fff, 0x56ff0100, 
0x01006e02, 0x6e0256ff, 0x56ff0100, 0x01006e02, 0x6e0256ff, 0x56ff0100, 0x01006e02, 0x16001c00, 
0x22000100, 0x01000c00, 0x01000400, 0x38ff0000, 0x01000100, 0x0100c801, 0xc8010100, 0x00000100, 
0x01000600, 0xd4ff0000, 0x24000100, 0x02001e00, 0x0c005600, 0x06000100, 0x01000c00, 0x0000ff00, 
0x22010100, 0x01006e02, 0x00020100, 0x17000100, 0x8a017501, 0x8f018b01, 0xb9019001, 0xbe01bb01, 
0xc001bf01, 0xc201c101, 0xc601c501, 0xc801c701, 0x46040c02, 0x48044704, 0x75044904, 0x17007604, 
0x5e000000, 0x64000100, 0x6a000000, 0x70000000, 0x76000000, 0x7c000100, 0x82000100, 0x88000000, 
0x8e000000, 0x94000000, 0x9a000000, 0xa0000000, 0xa6000000, 0xac000000, 0xb2000000, 0xb8000000, 
0xbe000100, 0xc4000000, 0xca000000, 0xd0000000, 0xd6000000, 0xdc000000, 0xe2000000, 0xe5fe0100, 
0x01000000, 0x6e0256ff, 0x07ff0100, 0x01000000, 0x0000cffe, 0xcffe0100, 0x01000000, 0x6e0223ff, 
0x24ff0100, 0x01006e02, 0x00000aff, 0xf9fe0100, 0x01000000, 0x000002ff, 0x73ff0100, 0x01000000, 
0x000078ff, 0x7fff0100, 0x01000000, 0x000082ff, 0x3bff0100, 0x01000000, 0x0000f4fe, 0x56ff0100, 
0x01006e02, 0x0000adfe, 0xadfe0100, 0x01000000, 0x0000adfe, 0xadfe0100, 0x01000000, 0x0000cffe, 
0xcffe0100, 0x01000000, 0xd8131214, 0xb2140500, 0xe6000c00, 0x00000000, 0xfe080000, 0x00000409, 
0x00000000, 0x10090a09, 0x00000000, 0x16090000, 0x00001c09, 0x00000000, 0x28092209, 0x00000000, 
0x2e090000, 0x00003409, 0x00000000, 0x40093a09, 0x00000000, 0x46090000, 0x00004c09, 0x00000000, 
0x58095209, 0x00000000, 0x5e090000, 0x00006409, 0x00000000, 0x70096a09, 0x00000000, 0x76090000, 
0x00007c09, 0x00000000, 0x88098209, 0x00000000, 0x8e090000, 0x00009409, 0x00000000, 0xa0099a09, 
0x00000000, 0xa6090000, 0x0000ac09, 0x00000000, 0xb809b209, 0x00000000, 0xbe090000, 0x0000c409, 
0x00000000, 0xd009ca09, 0x00000000, 0xd6090000, 0x0000dc09, 0x00000000, 0xe809e209, 0x00000000, 
0xee090000, 0x0000f409, 0x00000000, 0x000afa09, 0x00000000, 0x060a0000, 0x00000c0a, 0x00000000, 
0x180a120a, 0x00000000, 0x1e0a0000, 0x0000240a, 0x00000000, 0x300a2a0a, 0x00000000, 0x360a0000, 
0x00003c0a, 0x00000000, 0x480a420a, 0x00000000, 0x4e0a0000, 0x0000540a, 0x00000000, 0x600a5a0a, 
0x00000000, 0x660a0000, 0x00006c0a, 0x00000000, 0x780a720a, 0x00000000, 0x7e0a0000, 0x0000840a, 
0x00000000, 0x900a8a0a, 0x00000000, 0x960a0000, 0x00009c0a, 0x00000000, 0xa80aa20a, 0x00000000, 
0xae0a0000, 0x0000b40a, 0x00000000, 0xc00aba0a, 0x00000000, 0xc60a0000, 0x0000cc0a, 0x00000000, 
0xd80ad20a, 0x00000000, 0xde0a0000, 0x0000e40a, 0x00000000, 0xf00aea0a, 0x00000000, 0xf60a0000, 
0x0000fc0a, 0x00000000, 0x080b020b, 0x00000000, 0x0e0b0000, 0x0000140b, 0x00000000, 0x200b1a0b, 
0x00000000, 0x260b0000, 0x00002c0b, 0x00000000, 0x380b320b, 0x00000000, 0x3e0b0000, 0x0000440b, 
0x00000000, 0x500b4a0b, 0x00000000, 0x560b0000, 0x00005c0b, 0x00000000, 0x680b620b, 0x00000000, 
0x6e0b0000, 0x0000740b, 0x00000000, 0x800b7a0b, 0x00000000, 0x860b0000, 0x00008c0b, 0x00000000, 
0x980b920b, 0x00000000, 0x9e0b0000, 0x0000a40b, 0x00000000, 0xb00baa0b, 0x00000000, 0xb60b0000, 
0x0000bc0b, 0x00000000, 0xc80bc20b, 0x00000000, 0xce0b0000, 0x0000d40b, 0x00000000, 0xe00bda0b, 
0x00000000, 0xe60b0000, 0x0000ec0b, 0x00000000, 0xf80bf20b, 0x00000000, 0xfe0b0000, 0x0000040c, 
0x00000000, 0x100c0a0c, 0x00000000, 0x160c0000, 0x00001c0c, 0x00000000, 0x280c220c, 0x00000000, 
0x2e0c0000, 0x0000340c, 0x00000000, 0x400c3a0c, 0x00000000, 0x460c0000, 0x00004c0c, 0x00000000, 
0x580c520c, 0x00000000, 0x5e0c0000, 0x0000640c, 0x00000000, 0x700c6a0c, 0x00000000, 0x760c0000, 
0x00007c0c, 0x00000000, 0x880c820c, 0x00000000, 0x8e0c0000, 0x0000940c, 0x00000000, 0xa00c9a0c, 
0x00000000, 0xa60c0000, 0x0000ac0c, 0x00000000, 0xb80cb20c, 0x00000000, 0xbe0c0000, 0x0000c40c, 
0x00000000, 0xd00cca0c, 0x00000000, 0xd60c0000, 0x0000dc0c, 0x00000000, 0xe80ce20c, 0x00000000, 
0xee0c0000, 0x0000f40c, 0x00000000, 0x000dfa0c, 0x00000000, 0x060d0000, 0x00000c0d, 0x00000000, 
0x180d120d, 0x00000000, 0x1e0d0000, 0x0000240d, 0x00000000, 0x300d2a0d, 0x00000000, 0x360d0000, 
0x00003c0d, 0x00000000, 0x480d420d, 0x00000000, 0x4e0d0000, 0x0000540d, 0x00000000, 0x600d5a0d, 
0x00000000, 0x660d0000, 0x00006c0d, 0x00000000, 0x780d720d, 0x00000000, 0x7e0d0000, 0x0000840d, 
0x00000000, 0x900d8a0d, 0x00000000, 0x960d0000, 0x00009c0d, 0x00000000, 0xa80da20d, 0x00000000, 
0xae0d0000, 0x0000b40d, 0x00000000, 0xc00dba0d, 0x00000000, 0xc60d0000, 0x0000cc0d, 0x00000000, 
0xd80dd20d, 0x00000000, 0xde0d0000, 0x0000e40d, 0x00000000, 0xf00dea0d, 0x00000000, 0xf60d0000, 
0x0000fc0d, 0x00000000, 0x080e020e, 0x00000000, 0x0e0e0000, 0x0000140e, 0x00000000, 0x200e1a0e, 
0x00000000, 0x260e0000, 0x00002c0e, 0x00000000, 0x380e320e, 0x00000000, 0x3e0e0000, 0x0000440e, 
0x00000000, 0x500e4a0e, 0x00000000, 0x560e0000, 0x00005c0e, 0x00000000, 0x680e620e, 0x00000000, 
0x6e0e0000, 0x0000740e, 0x00000000, 0x800e7a0e, 0x00000000, 0x860e0000, 0x00008c0e, 0x00000000, 
0x980e920e, 0x00000000, 0x9e0e0000, 0x0000a40e, 0x00000000, 0xb00eaa0e, 0x00000000, 0xb60e0000, 
0x0000bc0e, 0x00000000, 0xc80ec20e, 0x00000000, 0xce0e0000, 0x0000d40e, 0x00000000, 0xe00eda0e, 
0x00000000, 0xe60e0000, 0x0000ec0e, 0x00000000, 0xf80ef20e, 0x00000000, 0xfe0e0000, 0x0000040f, 
0x00000000, 0x100f0a0f, 0x00000000, 0x160f0000, 0x00001c0f, 0x00000000, 0x280f220f, 0x00000000, 
0x2e0f0000, 0x0000340f, 0x00000000, 0x400f3a0f, 0x00000000, 0x460f0000, 0x00004c0f, 0x00000000, 
0x580f520f, 0x00000000, 0x5e0f0000, 0x0000640f, 0x00000000, 0x700f6a0f, 0x00000000, 0x760f0000, 
0x00007c0f, 0x00000000, 0x880f820f, 0x00000000, 0x8e0f0000, 0x0000940f, 0x00000000, 0xa00f9a0f, 
0x00000000, 0xa60f0000, 0x0000ac0f, 0x00000000, 0xb80fb20f, 0x00000000, 0xbe0f0000, 0x0000c40f, 
0x00000000, 0xd00fca0f, 0x00000000, 0xd60f0000, 0x0000dc0f, 0x00000000, 0xe80fe20f, 0x00000000, 
0xee0f0000, 0x0000f40f, 0x00000000, 0x0010fa0f, 0x00000000, 0x06100000, 0x00000c10, 0x00000000, 
0x18101210, 0x00000000, 0x1e100000, 0x00002410, 0x00000000, 0x30102a10, 0x00000000, 0x36100000, 
0x00003c10, 0x00000000, 0x48104210, 0x00000000, 0x4e100000, 0x00005410, 0x00000000, 0x60105a10, 
0x00000000, 0x66100000, 0x00006c10, 0x00000000, 0x78107210, 0x00000000, 0x7e100000, 0x00008410, 
0x00000000, 0x90108a10, 0x00000000, 0x96100000, 0x00009c10, 0x00000000, 0xa810a210, 0x00000000, 
0xae100000, 0x0000b410, 0x00000000, 0xc010ba10, 0x00000000, 0xc6100000, 0x0000cc10, 0x00000000, 
0xd810d210, 0x00000000, 0xde100000, 0x0000e410, 0x00000000, 0xf010ea10, 0x00000000, 0xf6100000, 
0x0000fc10, 0x00000000, 0x08110211, 0x00000000, 0x0e110000, 0x00001411, 0x00000000, 0x20111a11, 
0x00000000, 0x26110000, 0x00002c11, 0x00000000, 0x38113211, 0x00000000, 0x3e110000, 0x00004411, 
0x00000000, 0x50114a11, 0x00000000, 0x56110000, 0x00005c11, 0x00000000, 0x68116211, 0x00000000, 
0x6e110000, 0x00007411, 0x00000000, 0x80117a11, 0x00000000, 0x86110000, 0x00008c11, 0x00000000, 
0x98119211, 0x00000000, 0x9e110000, 0x0000a411, 0x00000000, 0xb011aa11, 0x00000000, 0xb6110000, 
0x0000bc11, 0x00000000, 0xc811c211, 0x00000000, 0xce110000, 0x0000d411, 0x00000000, 0xe011da11, 
0x00000000, 0xe6110000, 0x0000ec11, 0x00000000, 0xf811f211, 0x00000000, 0xfe110000, 0x00000412, 
0x00000000, 0x10120a12, 0x00000000, 0x16120000, 0x00001c12, 0x00000000, 0x28122212, 0x00000000, 
0x2e120000, 0x00003412, 0x00000000, 0x40123a12, 0x00000000, 0x46120000, 0x00004c12, 0x00000000, 
0x58125212, 0x00000000, 0x5e120000, 0x00006412, 0x00000000, 0x70126a12, 0x00000000, 0x76120000, 
0x00007c12, 0x00000000, 0x88128212, 0x00000000, 0x8e120000, 0x00009412, 0x00000000, 0xa0129a12, 
0x00000000, 0xa6120000, 0x0000ac12, 0x00000000, 0xb812b212, 0x00000000, 0xbe120000, 0x0000c412, 
0x00000000, 0xd012ca12, 0x00000000, 0xd6120000, 0x0000dc12, 0x00000000, 0xe812e212, 0x00000000, 
0xee120000, 0x0000f412, 0x00000000, 0x0013fa12, 0x00000000, 0x06130000, 0x00000c13, 0x00000000, 
0x18131213, 0x00000000, 0x1e130000, 0x00002413, 0x00000000, 0x30132a13, 0x00000000, 0x36130000, 
0x00003c13, 0x00000000, 0x48134213, 0x00000000, 0x4e130000, 0x00005413, 0x00000000, 0x60135a13, 
0x00000000, 0x66130000, 0x00006c13, 0x00000000, 0x78137213, 0x00000000, 0x7e130000, 0x00008413, 
0x00000000, 0x90138a13, 0x00000000, 0x96130000, 0x00009c13, 0x00000000, 0xa813a213, 0x00000000, 
0xae130000, 0xba13b413, 0xc613c013, 0x00000000, 0x3e010100, 0x0100ca02, 0x00004401, 0x42010100, 
0x0100ca02, 0x00003b01, 0x7c010100, 0x0100ca02, 0x00007401, 0x69010100, 0x0100ca02, 0x00005601, 
0x31010100, 0x0100ca02, 0x00002c01, 0x2a010100, 0x0100ca02, 0x00000401, 0x95010100, 0x0100ca02, 
0x00009201, 0x73010100, 0x0100ca02, 0x00007001, 0xaa000100, 0x0100ca02, 0x0000aa00, 0x89000100, 
0x0100ca02, 0x56fffcff, 0x54010100, 0x0100ca02, 0x00004a01, 0x8c000100, 0x0100ca02, 0x00002c01, 
0xc6010100, 0x0100ca02, 0x0000c001, 0x7c010100, 0x0100ca02, 0x00007c01, 0x87010100, 0x0100ca02, 
0x00008801, 0x3d010100, 0x0100ca02, 0x00002f01, 0x87010100, 0x0100ca02, 0x56ff8701, 0x37010100, 
0x0100ca02, 0x00004801, 0x1d010100, 0x0100ca02, 0x00000101, 0x16010100, 0x0100ca02, 0x00001601, 
0x6e010100, 0x0100ca02, 0x00006c01, 0x2f010100, 0x0100ca02, 0x00002b01, 0xd1010100, 0x0100ca02, 
0x0000ca01, 0x24010100, 0x0100ca02, 0x00002501, 0x1b010100, 0x0100ca02, 0x00001b01, 0x22010100, 
0x0100ca02, 0x00002901, 0x19010100, 0x01001802, 0x00001901, 0x52010100, 0x0100f802, 0x00004201, 
0x1c010100, 0x01001802, 0x00001901, 0x13010100, 0x0100f802, 0x00002401, 0x1d010100, 0x01001802, 
0x00002d01, 0xfc000100, 0x0100fd02, 0x00009900, 0x29010100, 0x01001802, 0x10ff2a01, 0x82000100, 
0x0100f802, 0x00003601, 0x81000100, 0x0100e102, 0x00008300, 0x81000100, 0x0100e102, 0x10ff1600, 
0x81000100, 0x0100f802, 0x00000b01, 0x81000100, 0x0100f802, 0x00008100, 0xdf010100, 0x01001802, 
0x0000d701, 0x35010100, 0x01001802, 0x00003501, 0x2f010100, 0x01001802, 0x00002d01, 0x4c010100, 
0x01001802, 0x10ff8100, 0x34010100, 0x01001802, 0x10ffe601, 0xf0000100, 0x01001802, 0x00007e00, 
0xf0000100, 0x01001802, 0x0000f000, 0x9a000100, 0x01009302, 0x0000d600, 0x35010100, 0x01001802, 
0x00002601, 0xfc000100, 0x01001802, 0x0000fc00, 0x89010100, 0x01001802, 0x00008701, 0x07010100, 
0x01001802, 0x00000901, 0xff000100, 0x01001802, 0x10ff5e00, 0xeb000100, 0x01001802, 0x0000f200, 
0xac000100, 0x0100d502, 0x8001ac00, 0xbe000100, 0x0100d502, 0x7c01b800, 0x3e010100, 0x0100b003, 
0x00004401, 0x3e010100, 0x0100b003, 0x00004401, 0x3e010100, 0x0100b003, 0x00004401, 0x3e010100, 
0x01009103, 0x00004401, 0x3e010100, 0x01008c03, 0x00004401, 0x3e010100, 0x01006e03, 0x00004401, 
0xed010100, 0x0100ca02, 0x0000b901, 0x7c010100, 0x0100ca02, 0x10ff7401, 0x31010100, 0x0100b003, 
0x00002c01, 0x31010100, 0x0100b003, 0x00002c01, 0x31010100, 0x0100b003, 0x00002c01, 0x31010100, 
0x01008c03, 0x00002c01, 0xaa000100, 0x0100b003, 0x0000aa00, 0xaa000100, 0x0100b003, 0x0000aa00, 
0xaa000100, 0x0100b003, 0x0000aa00, 0xaa000100, 0x01008c03, 0x0000aa00, 0x6d010100, 0x0100ca02, 
0x00006d01, 0x7c010100, 0x01009103, 0x00007c01, 0x87010100, 0x0100b003, 0x00008801, 0x87010100, 
0x0100b003, 0x00008801, 0x87010100, 0x0100b003, 0x00008801, 0x87010100, 0x01009103, 0x00008801, 
0x87010100, 0x01008c03, 0x00008801, 0x88010100, 0x0100ca02, 0x00008701, 0x6e010100, 0x0100b003, 
0x00006c01, 0x6e010100, 0x0100b003, 0x00006c01, 0x6e010100, 0x0100b003, 0x00006c01, 0x6e010100, 
0x01008c03, 0x00006c01, 0x1b010100, 0x0100b003, 0x00001b01, 0x2f010100, 0x0100ca02, 0x00002f01, 
0x3c010100, 0x0100fd02, 0x00003c01, 0x19010100, 0x0100fe02, 0x00001901, 0x19010100, 0x0100fe02, 
0x00001901, 0x19010100, 0x0100fe02, 0x00001901, 0x19010100, 0x0100df02, 0x00001901, 0x19010100, 
0x0100da02, 0x00001901, 0x19010100, 0x01003103, 0x00001901, 0xb7010100, 0x01001802, 0x0000b001, 
0x1c010100, 0x01001802, 0x10ff1901, 0x1d010100, 0x0100fe02, 0x00002d01, 0x1d010100, 0x0100fe02, 
0x00002d01, 0x1d010100, 0x0100fe02, 0x00002d01, 0x1d010100, 0x0100da02, 0x00002d01, 0x81000100, 
0x0100fe02, 0x00008500, 0x81000100, 0x0100fe02, 0x00008500, 0x81000100, 0x0100fe02, 0x00008500, 
0x81000100, 0x0100da02, 0x00008500, 0x2f010100, 0x0100fd02, 0x00002f01, 0x35010100, 0x0100df02, 
0x00003501, 0x2f010100, 0x0100fe02, 0x00002d01, 0x2f010100, 0x0100fe02, 0x00002d01, 0x2f010100, 
0x0100fe02, 0x00002d01, 0x2f010100, 0x0100df02, 0x00002d01, 0x2f010100, 0x0100da02, 0x00002d01, 
0x2f010100, 0x01001802, 0x00002f01, 0x35010100, 0x0100fe02, 0x00002601, 0x35010100, 0x0100fe02, 
0x00002601, 0x35010100, 0x0100fe02, 0x00002601, 0x35010100, 0x0100da02, 0x00002601, 0xff000100, 
0x0100fe02, 0x10ff5e00, 0x34010100, 0x0100f802, 0x10ff3401, 0xff000100, 0x0100da02, 0x10ff5e00, 
0x3e010100, 0x01005703, 0x00004401, 0x19010100, 0x0100a502, 0x00001901, 0x3e010100, 0x01009603, 
0x00004401, 0x19010100, 0x0100e402, 0x00001901, 0x3e010100, 0x0100cd02, 0x24ff4401, 0x19010100, 
0x01001802, 0x24ff1901, 0x7c010100, 0x0100b003, 0x00007401, 0x1c010100, 0x0100fe02, 0x00001901, 
0x7c010100, 0x01009303, 0x00007401, 0x1c010100, 0x0100e102, 0x00001901, 0x7c010100, 0x0100b003, 
0x00007401, 0x1c010100, 0x0100fe02, 0x00001901, 0x69010100, 0x0100b003, 0x00005601, 0x13010100, 
0x0100f802, 0x00002401, 0x6d010100, 0x0100ca02, 0x00006d01, 0x35010100, 0x0100f802, 0x00003501, 
0x31010100, 0x01005703, 0x00002c01, 0x1d010100, 0x0100a502, 0x00002d01, 0x31010100, 0x01009303, 
0x00002c01, 0x1d010100, 0x0100e102, 0x00002d01, 0x31010100, 0x0100ca02, 0x24ff2c01, 0x1d010100, 
0x01001802, 0x24ff2d01, 0x31010100, 0x0100b003, 0x00002c01, 0x1d010100, 0x0100fe02, 0x00002d01, 
0x95010100, 0x01009603, 0x00009201, 0x29010100, 0x0100e402, 0x10ff2a01, 0x95010100, 0x01009303, 
0x00009201, 0x29010100, 0x0100e102, 0x10ff2a01, 0x95010100, 0x0100ca02, 0x23ff9201, 0x29010100, 
0x0100fe02, 0x10ff2a01, 0x73010100, 0x0100ca02, 0x00007301, 0x82000100, 0x0100f802, 0x00003501, 
0xaa000100, 0x01005703, 0x0000aa00, 0x81000100, 0x0100a502, 0x00008500, 0xaa000100, 0x0100ca02, 
0x24ffaa00, 0x81000100, 0x0100e102, 0x24ff8300, 0xaa000100, 0x01009303, 0x0000aa00, 0x81000100, 
0x01001802, 0x00008500, 0x32010100, 0x0100ca02, 0x42ff3201, 0x83010100, 0x0100e102, 0x10ff1801, 
0x54010100, 0x0100ca02, 0x23ff4a01, 0x81000100, 0x0100f802, 0x23ff0b01, 0x8c000100, 0x0100b003, 
0x00002c01, 0x81000100, 0x0100de03, 0x00008100, 0x8c000100, 0x0100ca02, 0x23ff2c01, 0x81000100, 
0x0100f802, 0x23ff8100, 0x8c000100, 0x0100ca02, 0x00002c01, 0x81000100, 0x0100f802, 0x00008100, 
0x8c000100, 0x0100ca02, 0x00002c01, 0x81000100, 0x0100f802, 0x00008100, 0x7c010100, 0x0100b003, 
0x00007c01, 0x35010100, 0x0100fe02, 0x00003501, 0x7c010100, 0x0100ca02, 0x23ff7c01, 0x35010100, 
0x01001802, 0x23ff3501, 0x7c010100, 0x0100b003, 0x00007c01, 0x35010100, 0x0100fe02, 0x00003501, 
0x7c010100, 0x0100ca02, 0x42ff7c01, 0x35010100, 0x01001802, 0x10ff3501, 0x87010100, 0x01005703, 
0x00008801, 0x2f010100, 0x0100a502, 0x00002d01, 0x87010100, 0x0100b003, 0x00008801, 0x2f010100, 
0x0100fe02, 0x00002d01, 0xd0010100, 0x0100ca02, 0x0000d001, 0xd9010100, 0x01001802, 0x0000d901, 
0x37010100, 0x0100b003, 0x00004801, 0xf0000100, 0x0100fe02, 0x00007e00, 0x37010100, 0x0100ca02, 
0x23ff4801, 0xf0000100, 0x01001802, 0x23ff7e00, 0x37010100, 0x0100b003, 0x00004801, 0xf0000100, 
0x0100fe02, 0x00007e00, 0x1d010100, 0x0100b003, 0x00000101, 0xf0000100, 0x0100fe02, 0x0000f000, 
0x1d010100, 0x0100ca02, 0x10ff0101, 0xf0000100, 0x01001802, 0x10fff000, 0x1d010100, 0x0100b003, 
0x00000101, 0xf0000100, 0x0100fe02, 0x0000f000, 0x16010100, 0x0100b003, 0x00001601, 0x9a000100, 
0x0100f802, 0x0000d600, 0x6e010100, 0x01005703, 0x00006c01, 0x35010100, 0x0100a502, 0x00002601, 
0x6e010100, 0x01009603, 0x00006c01, 0x35010100, 0x0100e402, 0x00002601, 0x6e010100, 0x0100e303, 
0x00006c01, 0x35010100, 0x01003103, 0x00002601, 0x6e010100, 0x0100b003, 0x00006c01, 0x35010100, 
0x0100fe02, 0x00002601, 0x6e010100, 0x0100ca02, 0x24ff6c01, 0x35010100, 0x01001802, 0x24ff2601, 
0xd1010100, 0x0100b003, 0x0000ca01, 0x89010100, 0x0100fe02, 0x00008701, 0x1b010100, 0x0100b003, 
0x00001b01, 0xff000100, 0x0100fe02, 0x10ff5e00, 0x1b010100, 0x01008c03, 0x00001b01, 0x22010100, 
0x0100b003, 0x00002901, 0xeb000100, 0x0100fe02, 0x0000f200, 0x22010100, 0x01009303, 0x00002901, 
0xeb000100, 0x0100e102, 0x0000f200, 0x22010100, 0x0100b003, 0x00002901, 0xeb000100, 0x0100fe02, 
0x0000f200, 0x1d010100, 0x0100ca02, 0x23ff0101, 0xf0000100, 0x01001802, 0x23fff000, 0x16010100, 
0x0100ca02, 0x23ff1601, 0x9a000100, 0x01009302, 0x23ffd600, 0x81000100, 0x01001802, 0x10ff1600, 
0xd1010100, 0x0100b003, 0x0000ca01, 0x89010100, 0x0100fe02, 0x00008701, 0xd1010100, 0x0100b003, 
0x0000ca01, 0x89010100, 0x0100fe02, 0x00008701, 0xd1010100, 0x01008c03, 0x0000ca01, 0x89010100, 
0x0100da02, 0x00008701, 0x63010100, 0x0100ca02, 0x00006301, 0x1b010100, 0x0100b003, 0x00001b01, 
0xff000100, 0x0100fe02, 0x10ff5e00, 0x2a010100, 0x01006e02, 0x00004001, 0x00000100, 0x020038ff, 
0x26000900, 0x00003f00, 0x5f004600, 0x6c001a00, 0x34006c00, 0x75007500, 0x78003500, 0x36008e00, 
0xae009000, 0xb0004d00, 0x6c001f01, 0xea01e201, 0x0002dc00, 0xe5000002, 0x1a000200, 0x3b012a01, 
0x73010000, 0x12007301, 0x81017a01, 0x86011300, 0x1b008601, 0x8a018a01, 0x8c011c00, 0x1d008e01, 
0x9c019b01, 0xc3012000, 0x2200c401, 0xc801c801, 0xd6012400, 0x2500d601, 0xe101e001, 0x2a022600, 
0x28002a02, 0x58025802, 0x53032900, 0x2a005503, 0x64035c03, 0x66032d00, 0x36006703, 0x77037703, 
0x36043800, 0x39004504, 0x70045b04, 0x72044900, 0x5f007404, 0x7a047904, 0x7c046200, 0x64007f04, 
0x95049504, 0x97046800, 0x69009a04, 0xb204b004, 0xc5046d00, 0x7000c904, 0x03007500, 0x0300d601, 
0x0300dc01, 0x0300e201, 0x0300e801, 0x0300ee01, 0x0300f401, 0x0300fa01, 0x03000002, 0x03000602, 
0x03000c02, 0x03001202, 0x04001802, 0x04001e02, 0x04002402, 0x00002a02, 0x00003002, 0x00003602, 
0x00003c02, 0x01004202, 0x01004802, 0x01004e02, 0x01005402, 0x00005a02, 0x00006002, 0x00006602, 
0x00006c02, 0x01007202, 0x00007802, 0x00007e02, 0x00008402, 0x00008a02, 0x01009002, 0x01009602, 
0x00009c02, 0x0000a202, 0x0200a802, 0x0100ae02, 0x0000b402, 0x0000ba02, 0x0000c002, 0x0000c602, 
0x0000cc02, 0x0000d202, 0x0000d802, 0x0000de02, 0x0000e402, 0x0000ea02, 0x0000f002, 0x0000f602, 
0x0000fc02, 0x00000203, 0x00000803, 0x00000e03, 0x00001403, 0x00001a03, 0x00002003, 0x01002603, 
0x01002c03, 0x01003203, 0x01003803, 0x01003e03, 0x01004403, 0x01004a03, 0x01005003, 0x01005603, 
0x01005c03, 0x01006203, 0x01006803, 0x01006e03, 0x01007403, 0x01007a03, 0x01008003, 0x01008603, 
0x01008c03, 0x01009203, 0x01009803, 0x01009e03, 0x0100a403, 0x0100aa03, 0x0100b003, 0x0100b603, 
0x0100bc03, 0x0100c203, 0x0100c803, 0x0100ce03, 0x0100d403, 0x0100da03, 0x0100e003, 0x0100e603, 
0x0100ec03, 0x0100f203, 0x0100f803, 0x0100fe03, 0x01000404, 0x01000a04, 0x01001004, 0x01001604, 
0x00001c04, 0x00002204, 0x00002804, 0x00002e04, 0x00003404, 0x00003a04, 0x00004004, 0x00004604, 
0x00004c04, 0x00005204, 0x00005804, 0x01005e04, 0x01006404, 0x01006a04, 0x00007004, 0x00007604, 
0x00007c04, 0x00008204, 0x00008804, 0x01008e04, 0x180295fe, 0xf0fe0100, 0x01001802, 0x18020200, 
0xccfe0100, 0x01001802, 0x18020100, 0x01000100, 0x01001802, 0x18020000, 0xffff0100, 0x01001802, 
0x18020200, 0x36000100, 0x01001802, 0x18020000, 0xfcff0100, 0x01009001, 0x00000000, 0x01000100, 
0x01000000, 0x00000100, 0x4cff0100, 0x01006e02, 0x6e024cff, 0x56ff0100, 0x01006e02, 0x6e0256ff, 
0x56ff0100, 0x01000000, 0x000056ff, 0x56ff0100, 0x01000000, 0x000056ff, 0x4cff0100, 0x01006e02, 
0x6e0256ff, 0x56ff0100, 0x01006e02, 0x6e0256ff, 0x56ff0100, 0x01000000, 0x6e0256ff, 0x56ff0100, 
0x01006e02, 0x6e0256ff, 0x4cff0100, 0x01006e02, 0x000056ff, 0x56ff0100, 0x01000000, 0x6e0256ff, 
0x56ff0100, 0x01006e02, 0xd4ff0000, 0x56ff0100, 0x01000000, 0x6e0256ff, 0x56ff0100, 0x01006e02, 
0x6e0256ff, 0x56ff0100, 0x01006e02, 0x6e0256ff, 0x56ff0100, 0x01006e02, 0x6e0256ff, 0x4cff0100, 
0x01006e02, 0x6e0256ff, 0x56ff0100, 0x01006e02, 0x6e0256ff, 0x56ff0100, 0x01006e02, 0x6e0256ff, 
0x56ff0100, 0x01006e02, 0x6e0256ff, 0x56ff0100, 0x01006e02, 0x6e0256ff, 0x56ff0100, 0x01006e02, 
0x6e0256ff, 0x56ff0100, 0x01000000, 0x000017ff, 0x56ff0100, 0x01000000, 0x000056ff, 0x17ff0100, 
0x01000000, 0x000056ff, 0x17ff0100, 0x01000000, 0x000056ff, 0x17ff0100, 0x01000000, 0x000017ff, 
0x56ff0100, 0x01000000, 0x000017ff, 0x56ff0100, 0x01000000, 0x000017ff, 0x17ff0100, 0x01000000, 
0x000056ff, 0x2fff0100, 0x01000000, 0x00002fff, 0x1bff0100, 0x01000000, 0x00002fff, 0x2fff0100, 
0x01000000, 0x00001bff, 0x2fff0100, 0x01000000, 0x00002fff, 0x1bff0100, 0x01000000, 0x00002fff, 
0x2fff0100, 0x01000000, 0x00002fff, 0x2fff0100, 0x01000000, 0x00002fff, 0x1bff0100, 0x01000000, 
0x00002fff, 0x2fff0100, 0x01000000, 0x00002fff, 0x2fff0100, 0x01000000, 0x000056ff, 0x56ff0100, 
0x01000000, 0x000056ff, 0x17ff0100, 0x01000000, 0x000017ff, 0x56ff0100, 0x01000000, 0x6e0256ff, 
0x56ff0100, 0x01006e02, 0x6e0256ff, 0x56ff0100, 0x01006e02, 0x6e0256ff, 0x56ff0100, 0x01006e02, 
0x6e0256ff, 0x56ff0100, 0x01006e02, 0x6e0256ff, 0x56ff0100, 0x01006e02, 0x6e0256ff, 0x2fff0100, 
0x01000000, 0x00002fff, 0x2fff0100, 0x01000000, 0x6e0256ff, 0x56ff0100, 0x01006e02, 0x6e0256ff, 
0x56ff0100, 0x01006e02, 0x6e0256ff, 0x30000100, 0x01002600, 0x0c003a00, 0x08000300, 0x14000e00, 
0x02000100, 0x010023ff, 0x10ff0300, 0x00000100, 0x010024ff, 0x36010300, 0x38013701, 0x03000100, 
0x37013601, 0x03003801, 0x0e000000, 0x14000000, 0x1a000000, 0x00000100, 0x01000000, 0x00000100, 
0x01000100, 0x01000000, 0x6e007800, 0x82000100, 0x0c000c00, 0x20001a00, 0x2c002600, 0x38003200, 
0x44003e00, 0x50004a00, 0x5c005600, 0x95fe0100, 0x0100fd02, 0xfd02f0fe, 0x02000100, 0x0100fd02, 
0xdb02ccfe, 0x01000100, 0x0100a702, 0xe1020100, 0x00000100, 0x0100e102, 0xd502ffff, 0x04000100, 
0x01003103, 0xfe023600, 0x02000100, 0x0100fe02, 0xca02feff, 0x01000200, 0x35012a01, 0x02000000, 
0x2a010100, 0x00003501, 0x00000c00, 0x00003200, 0x00003800, 0x00003e00, 0x00004400, 0x00004a00, 
0x00005000, 0x00005600, 0x00005c00, 0x00006200, 0x00006800, 0x00006e00, 0x01007400, 0x180295fe, 
0xf0fe0100, 0x01001802, 0x18020200, 0xccfe0100, 0x01001802, 0x18020100, 0x01000100, 0x01001802, 
0x18020000, 0xffff0100, 0x01001802, 0x18020200, 0x36000100, 0x01001802, 0x18020000, 0xfcff0100, 
0x01009001, 0x04005406, 0x28000000, 0xcc005a00, 0xfc00ea00, 0x28010a01, 0x74016601, 0xe0018a01, 
0xfc01ea01, 0xd4029a02, 0x58030a03, 0xac036a03, 0xc403b603, 0x60045a04, 0x9c049604, 0x4805da04, 
0x8a052801, 0xae05a805, 0xe205d005, 0xee05e805, 0xfe05f405, 0x1a060c06, 0x26062006, 0x4e011c00, 
0x4f01c0ff, 0x5301baff, 0x5501ddff, 0x5601c0ff, 0x5801c5ff, 0x5a01c0ff, 0x5c01a6ff, 0x5d01c5ff, 
0x5f01b7ff, 0x6101c0ff, 0x6301c3ff, 0x6401c5ff, 0x6701c5ff, 0x6801dfff, 0x6b01b6ff, 0x6e01c0ff, 
0x7101c0ff, 0x9401baff, 0xb201c0ff, 0x6902c0ff, 0x7a02b7ff, 0xab02baff, 0xb502c0ff, 0xdb03c5ff, 
0xdc03baff, 0xdd030000, 0xe503baff, 0x0700c0ff, 0xbcff4f01, 0xa7ff5d01, 0xc8ff6101, 0xcaff6701, 
0xc1ff6801, 0xc5ff6e01, 0xbcff7101, 0x55010400, 0x5a01f5ff, 0x9401d4ff, 0xb201f5ff, 0x0300f5ff, 
0x00006101, 0x00006701, 0xedff6801, 0x4e010700, 0x5a01f9ff, 0x5b01cdff, 0x61010000, 0x67010000, 
0x68010000, 0x71010000, 0x0f00faff, 0xb6ff4e01, 0xb1ff5601, 0xaaff5801, 0xafff5d01, 0xc1ff5f01, 
0xb8ff6101, 0xb6ff6501, 0xb1ff6701, 0xb7ff6801, 0xb6ff6e01, 0xbaff7101, 0xa8ff7201, 0x9cff9401, 
0xb8ff5702, 0x9cff6102, 0x53010300, 0x5401cbff, 0x5701dcff, 0x0500d4ff, 0xf5ff5801, 0xf5ff5901, 
0xdbff5a01, 0xf5ff5b01, 0xdbffad02, 0x4e011500, 0x4f01c5ff, 0x5301c5ff, 0x5501ecff, 0x5f01c5ff, 
0x6101c6ff, 0x6301f6ff, 0x6401c5ff, 0x6501c5ff, 0x6701c4ff, 0x6801d0ff, 0x6b01d5ff, 0x6e01bcff, 
0x7101c5ff, 0x9401e3ff, 0xb201c5ff, 0x7202c5ff, 0x7a02d0ff, 0xa102e3ff, 0xb502c5ff, 0xe503c5ff, 
0x0200bcff, 0x00006801, 0x00006e01, 0x61010400, 0x67010000, 0x68010000, 0x6e010000, 0x27000000, 
0xd4ff4e01, 0x9eff5101, 0xd8ff5301, 0xb8ff5401, 0xc4ff5501, 0xd4ff5801, 0xcfff5d01, 0xcfff5f01, 
0xc1ff6301, 0xc1ff6401, 0xd4ff6501, 0x9cff6601, 0xd8ff6701, 0xc1ff6801, 0xd2ff6b01, 0xd4ff6e01, 
0xc1ff7001, 0xd4ff7101, 0xc5ff7201, 0xc4ff9401, 0xc1ff9701, 0xc4ffb201, 0xd4ff5a02, 0xcfff6902, 
0xc1ff6f02, 0xd4ff7a02, 0xc1ff9502, 0xd4ffa102, 0xd4ffab02, 0xdfffb002, 0xcfffb202, 0xc1ffb602, 
0xc5ff3403, 0xc5ff3503, 0xcfff4403, 0xcfff4503, 0x79ffb203, 0xe8ffb403, 0xd2ffe503, 0x53010e00, 
0x5a010000, 0x5d010000, 0x61010000, 0x63010000, 0x64010000, 0x67010000, 0x68010000, 0x6b01f9ff, 
0x6e010000, 0x70010000, 0x71010000, 0x7201ecff, 0xe5030000, 0x0d000000, 0xc0ff5501, 0xc0ff5801, 
0xb7ff5d01, 0xc5ff6301, 0xc5ff6401, 0xb6ff6801, 0xc0ff6b01, 0xc0ff6e01, 0xbaff7101, 0xc0ff9401, 
0xc5ff9701, 0xc0ffb201, 0xc0ffe503, 0x4e011300, 0x5501cfff, 0x5601d6ff, 0x5a01cfff, 0x5d019cff, 
0x5f01c5ff, 0x6101cfff, 0x6501d9ff, 0x6701cfff, 0x6801cfff, 0x6b01beff, 0x6e01caff, 0x7101cfff, 
0x9401ccff, 0xb201d6ff, 0x7502d6ff, 0x7a02caff, 0x4403ccff, 0xe503cfff, 0x0400caff, 0xe9ff6801, 
0xecff6b01, 0xeaff6e01, 0xecffe503, 0x55011000, 0x5a01ecff, 0x5d01b0ff, 0x5f01e7ff, 0x6101e7ff, 
0x6501f3ff, 0x6701e7ff, 0x6801cdff, 0x6b01e7ff, 0x6e01ecff, 0x7101e7ff, 0x7201e7ff, 0x9401daff, 
0xb201ecff, 0xb702ecff, 0xe503e7ff, 0x0200ecff, 0x00005a01, 0x00006801, 0x68010300, 0x7201e2ff, 
0xe503ceff, 0x2500d8ff, 0xcfff4e01, 0xdbff4f01, 0x00005001, 0xceff5501, 0xcaff5801, 0xd4ff5901, 
0xcbff5b01, 0xcaff5d01, 0xcfff5f01, 0xb9ff6301, 0xb9ff6401, 0xcfff6501, 0xe2ff6701, 0xd5ff6801, 
0xcfff6b01, 0xcfff6e01, 0xecff6f01, 0xdbff7101, 0xbbff7201, 0xceff9401, 0xb9ff9701, 0xceffb201, 
0xcfff5a02, 0xb9ff6e02, 0xb9ff6f02, 0xcfff7002, 0xe2ff7202, 0xcfffa102, 0xcaffab02, 0xb9ffb602, 
0xbbff3403, 0xbbff3503, 0xbbff3603, 0xbbff3703, 0xcfff4503, 0x71ffb203, 0xcfffe503, 0x68010100, 
0x0d00c3ff, 0xcfff4e01, 0xd6ff5501, 0x79ff5a01, 0xdaff6101, 0xcfff6701, 0xcaff6b01, 0xcfff6e01, 
0xc9ff7101, 0xc1ff7201, 0xd6ff9401, 0xd6ffb201, 0xc9ff7a02, 0xcaffe503, 0x6f010100, 0x0f00f2ff, 
0xe8ff4e01, 0xe6ff5801, 0xe6ff5901, 0xcaff5c01, 0xddff5d01, 0xcaff6301, 0xcaff6401, 0xf6ff6701, 
0xebff6801, 0xe8ff6e01, 0xcaff7001, 0xe8ffa102, 0xe6ffab02, 0xe6ffac02, 0xcaffb502, 0x4e011b00, 
0x4f010000, 0x53010000, 0x55010000, 0x58010000, 0x5a010000, 0x5d01f4ff, 0x5f010000, 0x61010000, 
0x6301f9ff, 0x64010000, 0x65010000, 0x67010000, 0x68010000, 0x6b010000, 0x6e010000, 0x71010000, 
0x94010000, 0x97010000, 0xb2010000, 0x5a020000, 0x69020000, 0xa1020000, 0xab020000, 0xb0020000, 
0xa0030000, 0xe5030000, 0x10000000, 0xd2ff4e01, 0xdbff5501, 0xf7ff5c01, 0xc9ff5d01, 0xccff5f01, 
0xcbff6101, 0xf1ff6501, 0xecff6701, 0xeeff6801, 0xc8ff6b01, 0xd2ff6e01, 0xe7ff7101, 0xdaff7201, 
0xdbff9401, 0xdbffb201, 0xc8ffe503, 0x5c010700, 0x5e01ecff, 0x60010000, 0x66010000, 0x67010000, 
0x6801ecff, 0x6e01ecff, 0x0100e8ff, 0xd8ff6801, 0x55010800, 0x5a019cff, 0x610188ff, 0x6501b8ff, 
0x6701b6ff, 0x6801b1ff, 0x9401b7ff, 0xb2019cff, 0x04009cff, 0xc0ff5801, 0xb7ff5d01, 0xc0ff6b01, 
0xc1ff9701, 0x68010100, 0x0100c4ff, 0xbaff6801, 0x6e010100, 0x0200c1ff, 0xa7ff6301, 0xbdff6e01, 
0x67010300, 0x6801c1ff, 0x6b01adff, 0x0300d4ff, 0xecff6801, 0x00006b01, 0xecff7101, 0x68010100, 
0x01000000, 0x00006b01, 0x55010b00, 0x5801c0ff, 0x5d01c0ff, 0x6301b7ff, 0x6401c5ff, 0x6801c5ff, 
0x6b01b6ff, 0x6e01c0ff, 0x7101c0ff, 0x9401baff, 0xb201c0ff, 0x0100c0ff, 0x5a022800, 0x5c025b02, 
0x5f025d02, 0x63026102, 0x69026802, 0x6c026a02, 0x6e026d02, 0x70026f02, 0x72027102, 0x74027302, 
0x76027502, 0x78027702, 0x7a027902, 0x7c027b02, 0x7f027e02, 0x95028702, 0x0403fe02, 0xab030c03, 
0xc803ba03, 0xdc03da03, 0x0200f003, 0x04004000, 0x16000000, 0x01001e00, 0x00000300, 0x9cff9cff, 
0x00000100, 0x00000100, 0x05000200, 0x55015501, 0x94010100, 0x01009401, 0xb201b201, 0x61020100, 
0x02006102, 0x7c027c02, 0x01000200, 0x61020200, 0x01007c02, 0x0400aa01, 0x38000000, 0xb4007a00, 
0xc400ba00, 0xd000ca00, 0x0201c400, 0x0c01c400, 0x1c011601, 0xc4002201, 0xb4006001, 0xb400b400, 
0xb400b400, 0xca00b400, 0xca00ca00, 0xca00ca00, 0xc400c400, 0xc400c400, 0xc400c400, 0x1c01c400, 
0xb4000201, 0x9e01b400, 0xa401c400, 0xca00c400, 0xca00ca00, 0xb400ca00, 0xc400a401, 0xca00c400, 
0x1c011601, 0x16011c01, 0xc4001c01, 0x39000e00, 0x3b00c4ff, 0x3c00ecff, 0x3e00ecff, 0x9500e2ff, 
0x0401e2ff, 0x1001c4ff, 0x1201ecff, 0x1401e2ff, 0x1d01e2ff, 0xe201c4ff, 0xe401ecff, 0xe601ecff, 
0xe901ecff, 0x0100e2ff, 0x32002f00, 0xf3010200, 0xf601f6ff, 0x0100f6ff, 0xecff3d00, 0x2f000100, 
0x0c003c00, 0xecff2600, 0xecff7800, 0xecff7900, 0xecff7a00, 0xecff7b00, 0xecff7c00, 0xecff7d00, 
0xecffb800, 0xecffba00, 0xecffbc00, 0xc4fff301, 0xc4fff601, 0x0b000200, 0x3d00f6ff, 0x0200ecff, 
0xf6ff6d00, 0xf6fff901, 0x0b000100, 0x0100ecff, 0xe2ff0b00, 0x2f000f00, 0x39003200, 0x3b00ecff, 
0x3c00f6ff, 0x3e00f6ff, 0x9500e2ff, 0x0401e2ff, 0x1001ecff, 0x1201f6ff, 0x1401e2ff, 0x1d01e2ff, 
0xe201ecff, 0xe401f6ff, 0xe601f6ff, 0xe901f6ff, 0x0f00e2ff, 0x64002f00, 0xd8ff3900, 0xe2ff3b00, 
0xe2ff3c00, 0xd8ff3e00, 0xd8ff9500, 0xd8ff0401, 0xe2ff1001, 0xd8ff1201, 0xd8ff1401, 0xd8ff1d01, 
0xe2ffe201, 0xe2ffe401, 0xe2ffe601, 0xd8ffe901, 0x2f000100, 0x01006e00, 0x4600d700, 0x38000100, 
0x26000b00, 0x29002700, 0x2b002a00, 0x35003400, 0x37003600, 0x3e003900, 0x76006500, 0x78007700, 
0x7a007900, 0x7c007b00, 0x7e007d00, 0x81008000, 0x83008200, 0x8a008800, 0x8c008b00, 0x8e008d00, 
0x95009000, 0xb8009600, 0xbc00ba00, 0xc500c400, 0xc800c600, 0xcc00ca00, 0xda00ce00, 0xf200e700, 
0xf600f400, 0x12010401, 0x1d011401, 0xfa01e901, 0xa8080200, 0x00000400, 0xda05a803, 0x14001700, 
0x00000000, 0x00000000, 0x0000ecff, 0x00000000, 0x00000000, 0x00000000, 0x00000000, 0xf6ff0000, 
0x00000000, 0x00000000, 0x00000000, 0x00000000, 0x00000000, 0x00000000, 0x00000000, 0x00000000, 
0x00000000, 0x00000000, 0x00000000, 0x00000000, 0x00000000, 0x00000000, 0xecff0000, 0x00000000, 
0xf6ff0000, 0xd8fff6ff, 0x0000f6ff, 0x00000000, 0x0000e2ff, 0x00000000, 0x00000000, 0x00000000, 
0x00000000, 0x00000000, 0x00000000, 0xd8ff0000, 0x00000000, 0x00000000, 0x00000000, 0x00000000, 
0x00000000, 0x0000ecff, 0x00000000, 0x00000000, 0xd8ff0000, 0x0000c4ff, 0x00000000, 0x00000000, 
0x0000baff, 0x00000000, 0x00000000, 0x00000000, 0xf6ff0000, 0x00000000, 0x00000000, 0xecff0000, 
0x00000000, 0x00000000, 0x00000000, 0x00000000, 0xecff0000, 0xf6fff6ff, 0xd8ff0000, 0xecff0000, 
0x00000000, 0xceff0000, 0xf6ff0000, 0x0000f6ff, 0xe2ff0000, 0x0000f6ff, 0x00000000, 0x0000ecff, 
0x00000000, 0x00000000, 0x00000000, 0x00000000, 0x00000000, 0x00000000, 0xecff0000, 0x00000000, 
0x00000000, 0x0000ecff, 0x00000000, 0x0000f6ff, 0xecff0000, 0x0000e2ff, 0x00000000, 0x00000000, 
0x0000ecff, 0x00000000, 0xceff0000, 0xe2ffecff, 0xc4ff0000, 0xceff0000, 0x00000000, 0xc4ff0000, 
0xceff0000, 0xecffd8ff, 0xb0ff0000, 0x0000e2ff, 0x00000000, 0x0000f6ff, 0x00000000, 0x00000000, 
0x00000000, 0x00000000, 0x00000000, 0x00000000, 0xecff0000, 0x00000000, 0x00000000, 0x0000ceff, 
0x00000000, 0x0000ecff, 0xc4ff0000, 0x0000c4ff, 0x00000000, 0x00000000, 0x0000baff, 0x00000000, 
0xecff0000, 0x00000000, 0x00000000, 0xecff0000, 0x00000000, 0x60ff0000, 0xf6ff0000, 0x00000000, 
0x00000000, 0x00000000, 0x00000000, 0x0000ecff, 0x00000000, 0x00000000, 0x00000000, 0x00000000, 
0x00000000, 0x00000000, 0xecff0000, 0x00000000, 0xbaff0000, 0xceffecff, 0xbaffecff, 0xb0ff0000, 
0x00000000, 0xc4ff0000, 0xbaff0000, 0xd8ffc4ff, 0xc4ff1400, 0x0000e2ff, 0x00000000, 0x00000000, 
0x00000000, 0x00000000, 0x00000000, 0x00000000, 0x00000000, 0x00000000, 0x00000000, 0x00000000, 
0x00000000, 0x00000000, 0x00000000, 0x00000000, 0x00000000, 0x00000000, 0x00000000, 0x00000000, 
0x00000000, 0x00000000, 0x00000000, 0x00000000, 0xceff0000, 0x00000000, 0x00000000, 0x7eff0000, 
0x0000f6ff, 0x00000000, 0xecff0000, 0xe2ff0000, 0x00000000, 0x00000000, 0x00000000, 0x00000000, 
0x00001e00, 0x00000000, 0x00000000, 0x00000000, 0x00000000, 0x00000000, 0x00000000, 0x00000000, 
0x00000000, 0x00000000, 0xf6ff0000, 0x0000e2ff, 0x00000000, 0x00000000, 0x0000e2ff, 0x00000000, 
0x00000000, 0x00000000, 0x00000000, 0x00000000, 0xe2ff0000, 0x0000b0ff, 0x00000000, 0x00000000, 
0x0000c4ff, 0x00000000, 0x00000000, 0x00000000, 0x00000000, 0x00000000, 0x00000000, 0xecff0000, 
0x00000000, 0x00000000, 0x00000000, 0x00000000, 0xecff0000, 0x00000000, 0x00000000, 0x00000000, 
0x00000000, 0x00000000, 0x00000000, 0x00000000, 0x00000000, 0x00000000, 0x5d000200, 0x26002600, 
0x28000400, 0x07002800, 0x29002900, 0x30000200, 0x0d003000, 0x31003100, 0x34000800, 0x02003400, 
0x35003500, 0x36001100, 0x02003600, 0x39003900, 0x3a000e00, 0x05003a00, 0x3c003b00, 0x3d000600, 
0x0d003d00, 0x3e003e00, 0x3f000900, 0x0a003f00, 0x46004600, 0x4b000100, 0x15004b00, 0x4d004d00, 
0x52000100, 0x01005300, 0x57005700, 0x59000c00, 0x10005900, 0x5c005b00, 0x5d000300, 0x16005d00, 
0x5e005e00, 0x6d000300, 0x13006d00, 0x76007600, 0x78001400, 0x04007d00, 0x7f007f00, 0x88000700, 
0x02008800, 0x8e008a00, 0x90000200, 0x02009000, 0x94009100, 0x95000500, 0x09009500, 0x96009600, 
0x98001100, 0x01009d00, 0xa700a600, 0xb5000f00, 0x0300b500, 0xb700b700, 0xb8000300, 0x0400b800, 
0xb900b900, 0xba000100, 0x0400ba00, 0xbb00bb00, 0xbc000100, 0x0400bc00, 0xbd00bd00, 0xbe000100, 
0x0700be00, 0xc000c000, 0xc2000700, 0x0700c200, 0xc400c400, 0xc5000200, 0x1200c500, 0xc600c600, 
0xd9000200, 0x0f00d900, 0xe000e000, 0xe2000d00, 0x0800e200, 0xe400e400, 0xe6000800, 0x0800e600, 
0xe700e700, 0xe8001200, 0x0800e800, 0xeb00eb00, 0xed000100, 0x0100ed00, 0xf100f100, 0xf2000100, 
0x0200f200, 0xf400f400, 0xf9000200, 0x0c00f900, 0xfb00fb00, 0xfd000c00, 0x0c00fd00, 0x04010401, 
0x05010e00, 0x10000501, 0x06010601, 0x08010500, 0x05000801, 0x0a010a01, 0x0c010500, 0x05000c01, 
0x0e010e01, 0x10010500, 0x06001001, 0x11011101, 0x12010300, 0x09001201, 0x13011301, 0x14010300, 
0x09001401, 0x15011501, 0x17010a00, 0x0a001701, 0x19011901, 0x1d010a00, 0x0e001d01, 0x1e011e01, 
0xe2011000, 0x0600e201, 0xe301e301, 0xe4010300, 0x0600e401, 0xe501e501, 0xe6010300, 0x0600e601, 
0xe701e701, 0xe9010300, 0x0900e901, 0xea01ea01, 0xf3010300, 0x0b00f301, 0xf601f601, 0xf9010b00, 
0x1300f901, 0xfa01fa01, 0x02001400, 0x26007700, 0x05002600, 0x28002800, 0x2c000200, 0x02002c00, 
0x34003400, 0x36000200, 0x02003600, 0x39003900, 0x3a001000, 0x06003a00, 0x3c003b00, 0x3e000900, 
0x0a003e00, 0x3f003f00, 0x46000c00, 0x07004600, 0x47004700, 0x48000800, 0x01004a00, 0x4c004c00, 
0x4d000d00, 0x08004d00, 0x51005000, 0x52000800, 0x03005300, 0x54005400, 0x55000100, 0x03005500, 
0x56005600, 0x57000100, 0x03005700, 0x58005800, 0x5a000e00, 0x03005a00, 0x5e005b00, 0x5f000400, 
0x0f005f00, 0x6d006d00, 0x76001100, 0x12007600, 0x7d007800, 0x7e000500, 0x13007e00, 0x7f007f00, 
0x8a000200, 0x02008e00, 0x90009000, 0x91000200, 0x06009400, 0x95009500, 0x98000a00, 0x01009800, 
0x9e009900, 0x9f000700, 0x0100a300, 0xae00aa00, 0xb0000100, 0x0100b000, 0xb400b100, 0xb5000300, 
0x0400b500, 0xb600b600, 0xb7000800, 0x0400b700, 0xb800b800, 0xb9000500, 0x0700b900, 0xba00ba00, 
0xbb000500, 0x0700bb00, 0xbc00bc00, 0xbd000500, 0x0700bd00, 0xbe00be00, 0xbf000200, 0x0100bf00, 
0xc000c000, 0xc1000200, 0x0100c100, 0xc200c200, 0xc3000200, 0x0100c300, 0xc500c500, 0xc7000100, 
0x0100c700, 0xc900c900, 0xcb000100, 0x0100cb00, 0xcd00cd00, 0xcf000100, 0x0100cf00, 0xd000d000, 
0xd1000200, 0x0d00d100, 0xd200d200, 0xd3000200, 0x0d00d300, 0xd400d400, 0xd5000200, 0x0d00d500, 
0xe100e100, 0xe3000800, 0x0800e300, 0xe500e500, 0xe7000800, 0x0800e700, 0xeb00eb00, 0xed000300, 
0x0300ed00, 0xf100f100, 0xf2000300, 0x0200f200, 0xf300f300, 0xf4000100, 0x0200f400, 0xf500f500, 
0xf6000100, 0x0200f600, 0xf700f700, 0xf9000100, 0x0300f900, 0xfb00fb00, 0xff000300, 0x0e00ff00, 
0x01010101, 0x04010e00, 0x10000401, 0x06010601, 0x07010600, 0x03000701, 0x08010801, 0x09010600, 
0x03000901, 0x0a010a01, 0x0b010600, 0x03000b01, 0x0c010c01, 0x0d010600, 0x03000d01, 0x0e010e01, 
0x0f010600, 0x03000f01, 0x10011001, 0x11010900, 0x04001101, 0x12011201, 0x13010a00, 0x04001301, 
0x14011401, 0x15010a00, 0x0c001501, 0x16011601, 0x17010f00, 0x0c001701, 0x18011801, 0x19010f00, 
0x0c001901, 0x1a011a01, 0x1c010f00, 0x0e001c01, 0x1d011d01, 0xe2011000, 0x0900e201, 0xe301e301, 
0xe4010400, 0x0900e401, 0xe501e501, 0xe6010400, 0x0900e601, 0xe701e701, 0xe9010400, 0x0a00e901, 
0xf301f301, 0xf6010b00, 0x0b00f601, 0xf901f901, 0xfa011100, 0x1200fa01, 0x8a000100, 0x28002600, 
0x30002900, 0x34003100, 0x36003500, 0x3a003900, 0x3c003b00, 0x3e003d00, 0x46003f00, 0x4a004700, 
0x4d004b00, 0x53005200, 0x55005400, 0x59005700, 0x5c005b00, 0x5e005d00, 0x76006d00, 0x79007800, 
0x7b007a00, 0x7d007c00, 0x88007f00, 0x8b008a00, 0x8d008c00, 0x90008e00, 0x92009100, 0x94009300, 
0x96009500, 0x99009800, 0x9b009a00, 0x9d009c00, 0xa0009e00, 0xa200a100, 0xa600a300, 0xa800a700, 
0xab00aa00, 0xad00ac00, 0xb000ae00, 0xb600b500, 0xb800b700, 0xba00b900, 0xbc00bb00, 0xbe00bd00, 
0xc200c000, 0xc500c400, 0xc900c600, 0xcd00cb00, 0xd900cf00, 0xe200e000, 0xe600e400, 0xe800e700, 
0xed00eb00, 0xf200f100, 0xf400f300, 0xf700f500, 0xfb00f900, 0x0401fd00, 0x06010501, 0x0a010801, 
0x0e010c01, 0x11011001, 0x13011201, 0x15011401, 0x19011701, 0x1e011d01, 0xe301e201, 0xe501e401, 
0xe701e601, 0xea01e901, 0xf601f301, 0xfa01f901, 0x01000300, 0x01001a00, 0x00001200, 0x00000100, 
0x01000000, 0x8f010200, 0x01009001, 0x56010500, 0xa2025f01, 0xb202a902, 0x10000200, 0xba012a00, 
0x0200d601, 0xde010000, 0x0b000100, 0xbe018b01, 0xc001bf01, 0xc201c101, 0xc601c501, 0xc801c701, 
0x0200d601, 0x40014200, 0x05004101, 0x45014501, 0x48010500, 0x03004901, 0x56015601, 0x72010500, 
0x03007201, 0x77017701, 0x7a010400, 0x01007d01, 0x85018401, 0x86010400, 0x03008601, 0x9c019b01, 
0xa0010100, 0x0500a001, 0xa201a201, 0x1f020500, 0x02001f02, 0x59025902, 0xa5020200, 0x0200a502, 
0xa702a702, 0xa9020200, 0x0500a902, 0xae02ab02, 0xb2020200, 0x0500b202, 0xbd02bd02, 0xc2020200, 
0x0300c202, 0xcc02cc02, 0xce020100, 0x0100ce02, 0xd502d202, 0xe4020100, 0x0100e402, 0xef02ef02, 
0xf6020100, 0x0100f602, 0xf802f802, 0xfa020100, 0x0100fa02, 0xfc02fc02, 0x0f030100, 0x02000f03, 
0x41033403, 0x44030100, 0x01004903, 0x4e034c03, 0x6e030100, 0x04007303, 0x79037903, 0x7c030500, 
0x03007c03, 0x93039203, 0x97030200, 0x02009703, 0x9c039c03, 0x9e030100, 0x01009e03, 0xa103a103, 
0xa3030100, 0x0100a403, 0xa803a803, 0xae030100, 0x0300b203, 0xb603b403, 0xbc030300, 0x0200bc03, 
0xcc03cc03, 0xcf030200, 0x0300d003, 0xd503d503, 0xd8030200, 0x0200d803, 0xe403df03, 0xe7030200, 
0x0200e703, 0xe803e803, 0x36040100, 0x01003c04, 0x3f043f04, 0x43040100, 0x01004304, 0x5b045b04, 
0x5e040100, 0x01005e04, 0x61046104, 0x64040100, 0x01006704, 0x74046e04, 0x82040100, 0x04008304, 
0x9e049d04, 0xb0040400, 0x0100b204, 0xc304c304, 0x02000100, 0x8b010400, 0x01008b01, 0xc201be01, 
0xc5010100, 0x0100c801, 0xd601d601, 0x01000100, 0x01000000, 0x08000000, 0x20001200, 0x3c002e00, 
0x5a004a00, 0x7a006a00, 0x01000100, 0x00000100, 0x00000100, 0x01000400, 0x01000500, 0x01000000, 
0x03000000, 0x03000100, 0x00000100, 0x00000100, 0x01000200, 0x01000200, 0x01000000, 0x01000000, 
0x04000200, 0x01000100, 0x01000000, 0x04000000, 0x04000200, 0x01000500, 0x01000000, 0x03000000, 
0x04000200, 0x01000300, 0x01000000, 0x02000000, 0x04000200, 0x01000200, 0x01000000, 0x01000000, 
0x12000200, 0xc6013c00, 0x03000602, 0x1c020000, 0x01002e02, 0x3a011300, 0x8a013b01, 0xe001c301, 
0x5802e101, 0x63036203, 0x65036403, 0x67036603, 0x79047703, 0x7f047e04, 0x9a049904, 0x41000200, 
0x00000000, 0x03000100, 0x01000800, 0x0a000a00, 0x0c000100, 0x01002400, 0x44004000, 0x60000100, 
0x01006400, 0x8f008f00, 0xaf000100, 0x0100af00, 0x20012001, 0x39010100, 0x01003901, 0x3a013a01, 
0x3b011100, 0x12003b01, 0x48013c01, 0x49010100, 0x02004901, 0x4b014a01, 0x4c010100, 0x02004d01, 
0x77014e01, 0x78010100, 0x03007801, 0x79017901, 0x7a010200, 0x01007f01, 0x81018001, 0x82010200, 
0x01008301, 0x85018401, 0x86010200, 0x0100e101, 0xf201eb01, 0xf4010100, 0x0100f501, 0xf801f801, 
0xfc010100, 0x0100fd01, 0x3602ff01, 0x37020100, 0x02003702, 0x39023802, 0x3a020100, 0x02003b02, 
0x57023c02, 0x58020100, 0x0c005802, 0x58035902, 0x59030100, 0x08005903, 0x5b035a03, 0x5c030700, 
0x01006103, 0x62036203, 0x63030800, 0x0b006403, 0x65036503, 0x66030800, 0x0b006703, 0x76036803, 
0x77030100, 0x0c007703, 0xf8037803, 0xf9030100, 0x03000404, 0x10040504, 0x11040600, 0x01002804, 
0x29042904, 0x2a041000, 0x02002c04, 0x2f042d04, 0x30040800, 0x07003504, 0x78043604, 0x79040100, 
0x0f007904, 0x7d047a04, 0x7e040100, 0x0e007f04, 0x84048004, 0x85040100, 0x05009004, 0x94049104, 
0x95040a00, 0x01009804, 0x9a049904, 0x9b040d00, 0x01009f04, 0xab04a004, 0xac040400, 0x0900af04, 
0xcd04b004, 0x02000100, 0x3a010a00, 0x01003b01, 0x8a018a01, 0xc3010200, 0x0200c301, 0xe101e001, 
0x58020200, 0x01005802, 0x67036203, 0x77030100, 0x01007703, 0x79047904, 0x7e040100, 0x01007f04, 
0x9a049904, 0x02000100, 0x8a010300, 0x01008a01, 0xc301c301, 0xe0010100, 0x0100e101, 0x04000100, 
0x01000000, 0x01000100, 0x00000100, 0x15000500, 0x3e002c00, 0x66005200, 0x8c007800, 0xb2009e00, 
0xd200c400, 0xee00e000, 0x0a01fc00, 0x26011801, 0x42013401, 0x5e015001, 0x03006c01, 0x10000100, 
0x01000300, 0x01000000, 0x15000000, 0x01000400, 0x10000100, 0x01000300, 0x01000000, 0x15000000, 
0x10000400, 0x01000100, 0x01000600, 0x01000000, 0x14000000, 0x10000300, 0x06000100, 0x00000100, 
0x00000100, 0x04001400, 0x01001000, 0x04000100, 0x00000100, 0x00000100, 0x03001300, 0x01001000, 
0x01000400, 0x01000000, 0x13000000, 0x10000400, 0x01000100, 0x01000500, 0x01000000, 0x12000000, 
0x10000300, 0x05000100, 0x00000100, 0x00000100, 0x01001200, 0x01001000, 0x01000000, 0x11000000, 
0x0b000100, 0x00000100, 0x00000100, 0x01001100, 0x01000c00, 0x01000000, 0x10000000, 0x12000100, 
0x00000100, 0x00000100, 0x01000f00, 0x01001100, 0x01000000, 0x0e000000, 0x02000100, 0x00000100, 
0x00000100, 0x01000d00, 0x01000700, 0x01000000, 0x0c000000, 0x08000100, 0x00000100, 0x00000100, 
0x01000b00, 0x01000a00, 0x01000000, 0x0a000000, 0x0f000100, 0x00000100, 0x00000100, 0x01000900, 
0x01000e00, 0x01000000, 0x08000000, 0x0d000100, 0x00000100, 0x00000100, 0x01000700, 0x01000900, 
0x01000000, 0x06000000, 0x00000300, 0x12000100, 0x22000100, 0x00000100, 0x02001600, 0x0b020200, 
0x00001c02, 0xc104b304, 0x01001200, 0xfd010100, 0x01000300, 0x01002e00, 0x00001200, 0x00000100, 
0x02001700, 0xb9010400, 0x0000bb01, 0xdd01dd01, 0x0b020300, 0x04001c02, 0xbd04b304, 0x01001600, 
0x05000200, 0x03000002, 0x18000100, 0x12000100, 0x01000000, 0x17000000, 0x01000100, 0x0100fd01, 
0x05000200, 0x03000002, 0x1a000200, 0x01003c00, 0x00001400, 0x00000100, 0x01001700, 0xfd010100, 
0x05000200, 0xbb01b901, 0xdd010000, 0x0300dd01, 0xfd01fd01, 0x0b020400, 0x05001c02, 0xbd04b304, 
0x01001700, 0x05000200, 0x03000002, 0x03000000, 0x34001800, 0x00003a00, 0x00000200, 0x02002700, 
0x02002800, 0xb9010400, 0x0000bb01, 0xdd01dd01, 0x0b020300, 0x04001c02, 0xbd04b304, 0x01001600, 
0x69010100, 0x04000200, 0xbb01b901, 0xdd010000, 0x0300dd01, 0x1c020b02, 0xb3040400, 0x1600bd04, 
0x08000100, 0x88ff0100, 0x04000200, 0xbb01b901, 0xdd010000, 0x0300dd01, 0x1c020b02, 0xb3040400, 
0x1600bd04, 0x08000100, 0x3c000100, 0x04000200, 0xbb01b901, 0xdd010000, 0x0300dd01, 0x1c020b02, 
0xb3040400, 0x1600bd04, 0x01000000, 0x00000000, 0x59cad6df, 0x00000000, 0xa33f83d1, 0x00000000, 
0x18ce49e0, 
};
