#pragma once

static const unsigned int noto_bengali_size = 141064;
static const unsigned int noto_bengali_data[35267] = {
0x00000100, 0x00011100, 0x10000400, 0x46454447, 0x8e6611ed, 0x800b0000, 0x00060000, 0x534f5047, 
0x88e45f66, 0x1ca10000, 0x345e0000, 0x42555347, 0xc04b77ce, 0x40450000, 0xda5b0000, 0x322f534f, 
0xed9cff00, 0x40020000, 0x60000000, 0x54415453, 0x15dec5f5, 0xa8010000, 0x44000000, 0x70616d63, 
0x6036668e, 0xa0020000, 0x2c030000, 0x70736167, 0x10000000, 0x24010000, 0x08000000, 0x66796c67, 
0xd9977db1, 0x50ff0000, 0xb6270100, 0x64616568, 0xe8c5ab1c, 0x70010000, 0x36000000, 0x61656868, 
0xe8052006, 0x4c010000, 0x24000000, 0x78746d68, 0x8d01f923, 0xb01a0000, 0x640b0000, 0x61636f6c, 
0x94afc767, 0xcc050000, 0xb4050000, 0x7078616d, 0x2e01f002, 0x2c010000, 0x20000000, 0x6174656d, 
0x5d958eeb, 0xec010000, 0x51000000, 0x656d616e, 0x6c57d23e, 0x80110000, 0x2e090000, 0x74736f70, 
0x472b2eee, 0x14260000, 0x2a1f0000, 0x70657270, 0x858c0668, 0x1c010000, 0x07000000, 0x85ff01b8, 
0x008d04b0, 0x01000100, 0x0f00ffff, 0x00000100, 0xaa00d902, 0x82000c00, 0x01000600, 0x00000000, 
0x00000000, 0x00000000, 0x01000400, 0x00000100, 0x68fe9503, 0x91040000, 0x2efcacfd, 0xe803dc04, 
0x00000000, 0x00000000, 0x00000000, 0xd9020000, 0x00000100, 0xd1020300, 0xebb0ce21, 0xf53c0f5f, 
0xe8030300, 0x00000000, 0xa5aa83d5, 0x00000000, 0x44d586e5, 0x68feacfd, 0xe303dc04, 0x06000000, 
0x00000200, 0x00000000, 0x01000100, 0x02000800, 0x14000000, 0x00000200, 0x02002400, 0x74686777, 
0x00000101, 0x68746477, 0x01000201, 0x04001000, 0x01000100, 0x18010200, 0x00006400, 0x00000300, 
0x02000200, 0x00009001, 0x0000bc02, 0x01000000, 0x00000000, 0x28000000, 0x02000000, 0x676e6c64, 
0x28000000, 0x10000000, 0x676e6c73, 0x38000000, 0x19000000, 0x422d7361, 0x2c676e65, 0x2d6e6220, 
0x676e6542, 0x422d7361, 0x2c676e65, 0x2d6e6220, 0x676e6542, 0x6970202c, 0x6e65422d, 0x00000067, 
0x38020400, 0x05009001, 0x8a020000, 0x00005802, 0x8a024b00, 0x00005802, 0x32005e01, 0x00004201, 
0x00000000, 0x00000000, 0x01a00000, 0x00006f80, 0x00004a20, 0x00000000, 0x4f470000, 0xc000474f, 
0xf1a80000, 0x68fe9503, 0xe3030000, 0x00009801, 0x00001300, 0x18020000, 0x00006e02, 0x06002000, 
0x02000000, 0x03000000, 0x14000000, 0x01000300, 0x14000000, 0x18030400, 0xac000000, 0x06008000, 
0x00002c00, 0x21000d00, 0x3f003e00, 0x5d005a00, 0x7e007a00, 0xa500a300, 0xb000ab00, 0xb800b400, 
0x0701bb00, 0x1b011301, 0x27012301, 0x31012b01, 0x3e013701, 0x55014801, 0x61015b01, 0x6b016501, 
0x1b027e01, 0xbc023702, 0xc902c702, 0x0403dd02, 0x0c030803, 0x5b032803, 0x65095209, 0x8c098309, 
0xa8099009, 0xb209b009, 0xc409b909, 0xce09c809, 0xdd09d709, 0xfe09e309, 0xd21cd01c, 0xd81cd61c, 
0xea1ce11c, 0xf21ced1c, 0x851ef71c, 0xf31e9e1e, 0x10200d20, 0x1a201420, 0x22201e20, 0x3a202620, 
0xb920ac20, 0x12222221, 0xf1a8cc25, 0x0000ffff, 0x0d000000, 0x22002000, 0x40003f00, 0x5e005b00, 
0xa0007b00, 0xa700a500, 0xb400ae00, 0xba00b600, 0x0a01bf00, 0x1e011601, 0x2a012601, 0x36012e01, 
0x41013901, 0x58015001, 0x64015e01, 0x6e016a01, 0x37021802, 0xc602bc02, 0xd802c902, 0x06030003, 
0x26030a03, 0x51095a03, 0x80096409, 0x8f098509, 0xaa099309, 0xb609b209, 0xc709bc09, 0xd709cb09, 
0xdf09dc09, 0xd01ce609, 0xd51cd21c, 0xe11cd81c, 0xed1cea1c, 0xf51cf21c, 0x9e1e801e, 0x0b20f21e, 
0x13201020, 0x1c201820, 0x26202220, 0xac203920, 0x2221b920, 0xcc251222, 0xfffff1a8, 0xf5ff0100, 
0x7f010000, 0x7e014400, 0x7c010000, 0x00000000, 0x56015701, 0x51015401, 0x4f015001, 0x4a014c01, 
0x46014801, 0x42014401, 0x3b010000, 0x38013a01, 0x2f013101, 0x2d012d01, 0x27012901, 0x91000000, 
0xe2ffe1fe, 0xd3ffe1ff, 0x00000000, 0x00000000, 0x1af77cff, 0x89f605f7, 0x86f688f6, 0x83f684f6, 
0x7ff682f6, 0x7bf67df6, 0x71f679f6, 0x6cf66df6, 0x9de36af6, 0x9ae39ce3, 0x91e399e3, 0x87e389e3, 
0x81e383e3, 0x28e431e4, 0x0000c5e3, 0xa6e28ee1, 0x00000000, 0x98e29be2, 0x15e286e2, 0xa0e1e3e0, 
0x3adac6e0, 0x01008857, 0x00000000, 0x0000a800, 0x00000000, 0x0000a400, 0xac00a600, 0x00000000, 
0x00000000, 0x00000000, 0x00000000, 0x00000000, 0x00000000, 0x00009a00, 0x00000000, 0x00000000, 
0x00000000, 0x00000000, 0x00008e00, 0x00000000, 0x00000000, 0x92008a00, 0x9a009600, 0x00000000, 
0x00000000, 0x00000000, 0x00000000, 0x00000000, 0x00000000, 0x00000000, 0x00000000, 0x00000000, 
0x00000000, 0x00000000, 0x00000000, 0x00000000, 0x00000000, 0x64000000, 0x00000000, 0x68006400, 
0x00000000, 0x00000000, 0x00000000, 0x00000000, 0x00000000, 0x82000700, 0xd9017c00, 0x7a007d00, 
0x7b00f701, 0x0800f801, 0xfa01f901, 0x6e02fb01, 0x70026f02, 0xa602c702, 0x8f02a702, 0xcb029002, 
0xce02cc02, 0xd302d202, 0xca02d002, 0xd102c902, 0xcf02cd02, 0xd402c402, 0x0500d502, 0x04000300, 
0x81008000, 0x7e00bb02, 0xbc027f00, 0x14000000, 0x14001400, 0x14001400, 0x69001400, 0x69006900, 
0xdf00b200, 0x6b011a01, 0xe401d801, 0xfc026102, 0xcd035e03, 0xb5044b04, 0xa7051705, 0x90060506, 
0x4907ea06, 0xdb079007, 0x7b083d08, 0x5c09e608, 0x550aac09, 0x6b0a600a, 0xe80aac0a, 0x780b2e0b, 
0x050ccf0b, 0x960c5a0c, 0x510dec0c, 0xd80d860d, 0x600e1d0e, 0xca0e6c0e, 0x850f3d0f, 0x3410d70f, 
0x9a104910, 0xeb10bd10, 0x5d112b11, 0xc0119b11, 0x44120212, 0x5513a712, 0x26141314, 0xa4147114, 
0xbc14b014, 0xd414c814, 0xe7158b15, 0xb5168316, 0x3f17fc16, 0xd5178217, 0x79182d18, 0x1519bc18, 
0xbf197d19, 0x171a011a, 0x781a631a, 0x071bb91a, 0x631b231b, 0xbe1b8e1b, 0x191cde1b, 0x861c441c, 
0xa51c921c, 0xbf1cb21c, 0xde1cd11c, 0x201d111d, 0x7a1d3c1d, 0x001ef21d, 0x4c1e331e, 0xac1e821e, 
0x161fdf1e, 0x5d1f4c1f, 0x951f6e1f, 0xd21fbc1f, 0x0620e91f, 0x54204620, 0x0a218620, 0x7222aa21, 
0xae230223, 0x2d254d24, 0xd826f225, 0x16287c27, 0x8529bd28, 0x2b2b5f2a, 0x112c9d2b, 0xfa2c792c, 
0xc62d622d, 0x882e132e, 0xa42f132f, 0x7a300430, 0x8e310931, 0x4732ea31, 0x1c33a132, 0x27349733, 
0x37359d34, 0x7136e135, 0xac370737, 0xc8384b38, 0xeb395f39, 0x0b3b823a, 0xfd3b893b, 0xea3c703c, 
0xdf3d663d, 0x4b3fac3e, 0x4240b03f, 0x3a419b40, 0x0f42c841, 0xa0429442, 0x9e433e43, 0x1f44d643, 
0xcf446c44, 0xca453245, 0x44460746, 0xee468346, 0x6a475e47, 0x17480c48, 0xa0485f48, 0x1a49e048, 
0x8a495449, 0x064ad049, 0xb64a4d4a, 0x3d4b0e4b, 0x954b6c4b, 0x114cca4b, 0xa64c654c, 0x584de74c, 
0xfa4da94d, 0xb04e4a4e, 0x0f4fe34e, 0x9b4f504f, 0x3950ea4f, 0xd0508e50, 0xa3512f51, 0x3652e951, 
0xc3528452, 0x45530553, 0xef539153, 0x8a544d54, 0x1655d354, 0xab558855, 0x3156f355, 0xa3566b56, 
0x0257d656, 0x99576457, 0x0a58cb57, 0x7b584958, 0xa1588e58, 0xed58b558, 0x47591a59, 0xa5597859, 
0x035ad559, 0x615a305a, 0xbc5a8f5a, 0x1c5bed5a, 0x775b4a5b, 0xd65ba85b, 0x325c055c, 0x8b5c5f5c, 
0xe95cbb5c, 0x585d155d, 0xd95d995d, 0x7a5e195e, 0x1f5fd65e, 0xbe5f8e5f, 0x2860f35f, 0xac605d60, 
0x4861f760, 0xf2619e61, 0x78624662, 0xdf62ab62, 0x26630b63, 0x7b634d63, 0xa1638e63, 0xc363b263, 
0x1164ea63, 0x67643a64, 0xc2649464, 0x1165e964, 0x56653a65, 0x8d657165, 0xc465a965, 0xeb65df65, 
0x0366f765, 0x1c661066, 0x56662966, 0x97668266, 0xf366c566, 0x4f672167, 0xab677d67, 0x0968d967, 
0x67683968, 0xc4689568, 0x2169f268, 0x8d695669, 0xf369c469, 0x4f6a216a, 0xc16a8f6a, 0x346bf06a, 
0xa06b6e6b, 0x076cd86b, 0x706c396c, 0xd46ca26c, 0x3f6d066d, 0xb76d7d6d, 0x336ef56d, 0x936e716e, 
0x2f6fd46e, 0x0d70cc6f, 0x85704f70, 0xef70b970, 0xb3715171, 0x62720b72, 0xc672b972, 0xe372d572, 
0x30731673, 0x9d736773, 0xc073b473, 0xd373d373, 0x1974e973, 0xb8746a74, 0x1e751075, 0x5c753c75, 
0x90757b75, 0xb275a675, 0xd875c875, 0x27760c76, 0x99765576, 0xf676c176, 0x50773e77, 0xf177a977, 
0x3d781678, 0x63785078, 0xe6787678, 0x44790b79, 0x99797579, 0xc479b079, 0x0f7af879, 0x467a277a, 
0x727a637a, 0xbc7a9a7a, 0x157bef7a, 0x7b7b4f7b, 0xd17bc07b, 0x117cf27b, 0x707c557c, 0x9d7c867c, 
0xbf7cac7c, 0xe47ccc7c, 0x597d227d, 0xbe7d887d, 0x177ef17d, 0x8b7e617e, 0xd57ea87e, 0x037ff77e, 
0x627f3e7f, 0xd27f957f, 0x2f800a80, 0x95806e80, 0xda80bc80, 0x35811c81, 0x7d816681, 0xb4818a81, 
0x0882d181, 0x5f823c82, 0xea82c482, 0x83834783, 0xf983a183, 0x33840784, 0x6b844b84, 0x99847484, 
0xdf84c184, 0x2b851f85, 0x43853785, 0x5b854f85, 0x8a856785, 0xa2859685, 0xba85ae85, 0xd285c685, 
0xea85de85, 0x2286f685, 0x3a862e86, 0x52864686, 0x6a865e86, 0xd2868486, 0xea86de86, 0x0287f686, 
0x36870e87, 0x96878b87, 0xad87a287, 0xc387b887, 0x3588cf87, 0x4c884188, 0x63885888, 0x79886e88, 
0x8f888488, 0xeb889b88, 0x0289f688, 0x19890e89, 0x2f892489, 0xa6895b89, 0xbe89b289, 0xd489c989, 
0x1f8ae089, 0x368a2a8a, 0x4d8a418a, 0x648a588a, 0x7c8a708a, 0x948a888a, 0xac8aa08a, 0xc38ab78a, 
0xd78acf8a, 0x218b158b, 0x388b2c8b, 0x508b448b, 0xad8ba18b, 0xc48bb88b, 0xdb8bcf8b, 0xf38be78b, 
0x238cfe8b, 0x618c558c, 0x778c6c8c, 0x8e8c828c, 0xa68c9a8c, 0xbe8cb28c, 0xd68cca8c, 0xed8ce28c, 
0x1f8d078d, 0x378d2b8d, 0x4f8d438d, 0x668d5b8d, 0x7d8d728d, 0x158ebc8d, 0x2d8e218e, 0x448e398e, 
0x5c8e508e, 0x738e688e, 0x8a8e7f8e, 0xa28e968e, 0xba8eae8e, 0xd18ec68e, 0xe98edd8e, 0x008ff58e, 
0x4b8f3f8f, 0x638f578f, 0x7a8f6f8f, 0x928f868f, 0xaa8f9e8f, 0xc28fb68f, 0xd98fcd8f, 0x0690e58f, 
0x34902790, 0x66905090, 0xaf908c90, 0x0191d790, 0x19910d91, 0x31912591, 0x48913d91, 0x5f915491, 
0x77916b91, 0x89918091, 0xb591a591, 0xd991c791, 0x54922492, 0x84926d92, 0xdc929c92, 0x0593e892, 
0x16930e93, 0x28931f93, 0x3a933193, 0x4c934393, 0x5e935593, 0x6f936793, 0xbc937793, 0xdb93ce93, 
0x02000100, 0x00000e00, 0x00000000, 0x02003801, 0x06003100, 0x01000600, 0x09000900, 0x0a000100, 
0x03000a00, 0x38000b00, 0x39000100, 0x03003900, 0x3d003a00, 0x3e000100, 0x03004100, 0x46004600, 
0x47000300, 0x01004b00, 0x4d004d00, 0x4e000100, 0x03004f00, 0x5b005000, 0x66000100, 0x01006600, 
0x68006800, 0x6b000300, 0x03007100, 0x73007300, 0x74000100, 0x03007400, 0x79007900, 0x84000300, 
0x03008400, 0xcc008500, 0xce000100, 0x0100d600, 0xdb00d800, 0xdd000100, 0x0100e700, 0xe800e800, 
0xe9000200, 0x0100fc00, 0x0301fe00, 0x05010100, 0x01001601, 0x57011701, 0x59010300, 0x03005c01, 
0x5d015d01, 0x5e010100, 0x03006001, 0x7b016101, 0x7c010100, 0x03008b01, 0x98019601, 0x99010300, 
0x01009901, 0x9b019a01, 0xa0010300, 0x0300a001, 0xbd01bb01, 0xbf010100, 0x0100d801, 0xf601dd01, 
0x00020100, 0x01000002, 0x09020902, 0x0c020100, 0x01002202, 0x42022402, 0x44020100, 0x0100a702, 
0xb802b102, 0xc4020100, 0x0300c402, 0xc802c602, 0xc9020100, 0x0300d702, 0x2e000100, 0xb2040000, 
0x90040000, 0x86040000, 0x7e040000, 0x74040000, 0x58040000, 0x4c040000, 0x36040000, 0x2a040000, 
0x0e040000, 0xf8030000, 0xbe030000, 0xb4030000, 0xae030000, 0x98030000, 0x86030000, 0x70030000, 
0x4e030000, 0x32030000, 0x84020000, 0x76020000, 0x6e020000, 0x5e020000, 0x48020000, 0x3e020000, 
0x30020000, 0x20020000, 0x16020000, 0x04020000, 0xda010000, 0xd0010000, 0xc4010000, 0xb6010000, 
0x8e010000, 0x78010000, 0x62010000, 0x54010000, 0x48010000, 0x26010000, 0x16010000, 0x04010000, 
0xe8000000, 0xe0000000, 0xd0000000, 0xc4000000, 0xbc000000, 0x02000100, 0x6c006b00, 0x04000100, 
0xd402c402, 0xd602d502, 0x02000200, 0xd302c902, 0xd7020000, 0x0b00d702, 0x02000100, 0x5f014701, 
0x04000200, 0x39003900, 0x17010000, 0x01002601, 0x3d012801, 0x45011100, 0x27004501, 0x07000100, 
0x28012701, 0x2a012901, 0x33012b01, 0x01004501, 0x30010600, 0x32013101, 0x44014001, 0x02004601, 
0x3e000500, 0x00004100, 0x46004600, 0x4e000400, 0x05004f00, 0x3d011701, 0x7c010700, 0x2e008701, 
0x04000100, 0x2b012a01, 0x48014201, 0x05000100, 0x2a012901, 0x41012b01, 0x02004301, 0x18010300, 
0x00002501, 0x3d012701, 0x46010e00, 0x25004701, 0x03000200, 0x71006b00, 0x74000000, 0x07007400, 
0x9b019a01, 0x01000800, 0x6b001200, 0x6d006c00, 0x6f006e00, 0x71007000, 0x3e017400, 0x46013f01, 
0x59014801, 0x5b015a01, 0x9a015c01, 0x01009b01, 0x49010500, 0x4b014a01, 0x97019601, 0x04000100, 
0x47014601, 0x59014801, 0x03000100, 0x5e018400, 0x01009601, 0x0a001300, 0x3e018400, 0x46013f01, 
0x49014701, 0x4b014a01, 0x4d014c01, 0x4f014e01, 0x51015001, 0x96015f01, 0x98019701, 0x07000100, 
0x3f013e01, 0x48014601, 0x5a015901, 0x01005b01, 0x59010300, 0x5b015a01, 0x06000100, 0x3f003e00, 
0x3d013a01, 0x87017f01, 0x05000100, 0x3f013e01, 0x9a015a01, 0x01009b01, 0x2f010300, 0x41014001, 
0x03000200, 0x47014701, 0x49010000, 0x01005101, 0x59015901, 0x02000a00, 0x49010200, 0x00005301, 
0x57015601, 0x01000b00, 0x49010200, 0x01005601, 0x3e000500, 0x45013f00, 0x86018101, 0x55000100, 
0x1e001d00, 0x20001f00, 0x24002300, 0x26002500, 0x2a002800, 0x32003000, 0x3a003800, 0x3f003e00, 
0x4a004900, 0x8d008b00, 0x93008f00, 0x95009400, 0x97009600, 0x9c009b00, 0xa2009e00, 0xa400a300, 
0xa700a500, 0xad00a900, 0xbd00af00, 0xbf00be00, 0xc100c000, 0x0201c300, 0x05010301, 0x07010601, 
0x17010901, 0x19011801, 0x1b011a01, 0x1d011c01, 0x1f011e01, 0x21012001, 0x23012201, 0x25012401, 
0x27012601, 0x29012801, 0x2b012a01, 0x2e012c01, 0x30012f01, 0x39013201, 0x3b013a01, 0x3d013c01, 
0x7d017c01, 0x82018001, 0x02008501, 0x39000400, 0x00003900, 0x41003e00, 0x4e000100, 0x05004f00, 
0x8b017c01, 0x02000700, 0x3e000500, 0x00003f00, 0x15011401, 0x17010200, 0x04002601, 0x3c013c01, 
0x40011400, 0x15004001, 0x03000200, 0x84008400, 0x49010000, 0x01004e01, 0x98019601, 0x01000700, 
0x0a000700, 0x47018400, 0x4a014901, 0x5f014b01, 0x03000200, 0x3d011701, 0x41010000, 0x27004301, 
0x45014501, 0x01002a00, 0x42010100, 0x01000200, 0x55014901, 0x02000000, 0x0a000900, 0x00000a00, 
0x41003e00, 0x46000100, 0x05004600, 0x4f004e00, 0x68000600, 0x08006800, 0x71006b00, 0x74000900, 
0x10007400, 0x79007900, 0x17011100, 0x12005d01, 0x03000200, 0x3e011701, 0x40010000, 0x28004401, 
0x5a015901, 0x02002d00, 0x46000400, 0x00004600, 0x3d011701, 0x41010100, 0x28004301, 0x53015201, 
0x01002b00, 0x17010400, 0x41013a01, 0x02004301, 0x46000300, 0x00004600, 0x3d011701, 0x41010100, 
0x28004401, 0x04000100, 0x27011701, 0x33013101, 0x04000200, 0x46004600, 0x17010000, 0x01003d01, 
0x3f013f01, 0x41012800, 0x29004301, 0x01000200, 0x51014901, 0x01000000, 0x84000200, 0x01004701, 
0x0a000300, 0x5e014701, 0x05000200, 0x41003e00, 0x46000000, 0x04004600, 0x4f004e00, 0x17010500, 
0x07001701, 0x8b017c01, 0x02000800, 0x46000300, 0x00004600, 0x3d011701, 0x41010100, 0x28004301, 
0x29000000, 0x0300f201, 0x09040100, 0x9c000000, 0x0300a006, 0x09040100, 0x22000100, 0x03007e06, 
0x09040100, 0x0e000200, 0x03007006, 0x09040100, 0x44000300, 0x03002c06, 0x09040100, 0x32000400, 
0x0300fa05, 0x09040100, 0x1a000500, 0x0300e005, 0x09040100, 0x2e000600, 0x0300b205, 0x09040100, 
0x44000700, 0x03006e05, 0x09040100, 0x2a000800, 0x03004405, 0x09040100, 0x86000900, 0x0300be04, 
0x09040100, 0x38000a00, 0x03008604, 0x09040100, 0x3e000b00, 0x03004804, 0x09040100, 0x38000c00, 
0x03001004, 0x09040100, 0x22010d00, 0x0300ee02, 0x09040100, 0x36000e00, 0x0300b802, 0x09040100, 
0x1e001900, 0x03009a02, 0x09040100, 0x64000001, 0x03003602, 0x09040100, 0x0c000101, 0x03002a02, 
0x09040100, 0x0a000201, 0x03002002, 0x09040100, 0x08000301, 0x03001802, 0x09040100, 0x28000401, 
0x0300f001, 0x09040100, 0x14000501, 0x0300dc01, 0x09040100, 0x34000601, 0x0300a801, 0x09040100, 
0x0a000701, 0x03009e01, 0x09040100, 0x2a000801, 0x03007401, 0x09040100, 0x0e000901, 0x03007006, 
0x09040100, 0x2e000a01, 0x0300b205, 0x09040100, 0x0c000b01, 0x03006801, 0x09040100, 0x2c000c01, 
0x03003c01, 0x09040100, 0x10000d01, 0x03002c01, 0x09040100, 0x30000e01, 0x0300fc00, 0x09040100, 
0x08000f01, 0x0300f400, 0x09040100, 0x28001001, 0x0300cc00, 0x09040100, 0x12001101, 0x0300ba00, 
0x09040100, 0x32001201, 0x03008800, 0x09040100, 0x0a001301, 0x03007e00, 0x09040100, 0x2a001401, 
0x03005400, 0x09040100, 0x1c001501, 0x03003800, 0x09040100, 0x12001601, 0x03002600, 0x09040100, 
0x1a001701, 0x03000c00, 0x09040100, 0x0c001801, 0x4e000000, 0x72006f00, 0x61006d00, 0x53006c00, 
0x6d006500, 0x43006900, 0x6e006f00, 0x65006400, 0x73006e00, 0x64006500, 0x6f004300, 0x64006e00, 
0x6e006500, 0x65007300, 0x45006400, 0x74007800, 0x61007200, 0x6f004300, 0x64006e00, 0x6e006500, 
0x65007300, 0x4e006400, 0x74006f00, 0x53006f00, 0x6e006100, 0x42007300, 0x6e006500, 0x61006700, 
0x69006c00, 0x42002d00, 0x61006c00, 0x6b006300, 0x6c004200, 0x63006100, 0x4e006b00, 0x74006f00, 
0x53006f00, 0x6e006100, 0x42007300, 0x6e006500, 0x61006700, 0x69006c00, 0x45002d00, 0x74007800, 
0x61007200, 0x6f004200, 0x64006c00, 0x78004500, 0x72007400, 0x42006100, 0x6c006f00, 0x4e006400, 
0x74006f00, 0x53006f00, 0x6e006100, 0x42007300, 0x6e006500, 0x61006700, 0x69006c00, 0x42002d00, 
0x6c006f00, 0x42006400, 0x6c006f00, 0x4e006400, 0x74006f00, 0x53006f00, 0x6e006100, 0x42007300, 
0x6e006500, 0x61006700, 0x69006c00, 0x53002d00, 0x6d006500, 0x42006900, 0x6c006f00, 0x53006400, 
0x6d006500, 0x42006900, 0x6c006f00, 0x4e006400, 0x74006f00, 0x53006f00, 0x6e006100, 0x42007300, 
0x6e006500, 0x61006700, 0x69006c00, 0x4d002d00, 0x64006500, 0x75006900, 0x4d006d00, 0x64006500, 
0x75006900, 0x4e006d00, 0x74006f00, 0x53006f00, 0x6e006100, 0x42007300, 0x6e006500, 0x61006700, 
0x69006c00, 0x4c002d00, 0x67006900, 0x74006800, 0x69004c00, 0x68006700, 0x4e007400, 0x74006f00, 
0x53006f00, 0x6e006100, 0x42007300, 0x6e006500, 0x61006700, 0x69006c00, 0x45002d00, 0x74007800, 
0x61007200, 0x69004c00, 0x68006700, 0x45007400, 0x74007800, 0x61007200, 0x69004c00, 0x68006700, 
0x4e007400, 0x74006f00, 0x53006f00, 0x6e006100, 0x42007300, 0x6e006500, 0x61006700, 0x69006c00, 
0x54002d00, 0x69006800, 0x54006e00, 0x69006800, 0x57006e00, 0x64006900, 0x68007400, 0x65005700, 
0x67006900, 0x74006800, 0x6c004100, 0x65007400, 0x6e007200, 0x74006100, 0x20006500, 0x6f006600, 
0x6d007200, 0x6f002000, 0x20006600, 0x6e006e00, 0x20006100, 0x65006200, 0x6f006c00, 0x66007700, 
0x72006f00, 0x20006d00, 0x6f006600, 0x20007200, 0x5f006b00, 0x73007300, 0x20006100, 0x6f006300, 
0x6a006e00, 0x6e007500, 0x74006300, 0x6f004e00, 0x6f007400, 0x61005300, 0x73006e00, 0x65004200, 
0x67006e00, 0x6c006100, 0x68006900, 0x74007400, 0x73007000, 0x2f003a00, 0x6f002f00, 0x65007000, 
0x66006e00, 0x6e006f00, 0x6c007400, 0x63006900, 0x6e006500, 0x65007300, 0x6f002e00, 0x67007200, 
0x68005400, 0x73006900, 0x46002000, 0x6e006f00, 0x20007400, 0x6f005300, 0x74006600, 0x61007700, 
0x65007200, 0x69002000, 0x20007300, 0x69006c00, 0x65006300, 0x73006e00, 0x64006500, 0x75002000, 
0x64006e00, 0x72006500, 0x74002000, 0x65006800, 0x53002000, 0x4c004900, 0x4f002000, 0x65007000, 
0x20006e00, 0x6f004600, 0x74006e00, 0x4c002000, 0x63006900, 0x6e006500, 0x65007300, 0x20002c00, 
0x65005600, 0x73007200, 0x6f006900, 0x20006e00, 0x2e003100, 0x2e003100, 0x54002000, 0x69006800, 
0x20007300, 0x69006c00, 0x65006300, 0x73006e00, 0x20006500, 0x73006900, 0x61002000, 0x61007600, 
0x6c006900, 0x62006100, 0x65006c00, 0x77002000, 0x74006900, 0x20006800, 0x20006100, 0x41004600, 
0x20005100, 0x74006100, 0x20003a00, 0x74006800, 0x70007400, 0x3a007300, 0x2f002f00, 0x70006f00, 
0x6e006500, 0x6f006600, 0x74006e00, 0x69006c00, 0x65006300, 0x73006e00, 0x2e006500, 0x72006f00, 
0x68006700, 0x74007400, 0x73007000, 0x2f003a00, 0x75002f00, 0x69006e00, 0x65007600, 0x73007200, 
0x6c006100, 0x68007400, 0x72006900, 0x74007300, 0x63002e00, 0x6d006f00, 0x68002f00, 0x74007400, 
0x3a007000, 0x2f002f00, 0x77007700, 0x2e007700, 0x6f006700, 0x67006f00, 0x65006c00, 0x63002e00, 
0x6d006f00, 0x67002f00, 0x74006500, 0x6e002f00, 0x74006f00, 0x2f006f00, 0x65004400, 0x69007300, 
0x6e006700, 0x64006500, 0x62002000, 0x20007900, 0x6e005500, 0x76006900, 0x72006500, 0x61007300, 
0x20006c00, 0x68005400, 0x72006900, 0x74007300, 0x6f004a00, 0x6e006100, 0x20006100, 0x61005200, 
0x69006e00, 0x6f007400, 0x2d002000, 0x55002000, 0x69006e00, 0x65007600, 0x73007200, 0x6c006100, 
0x54002000, 0x69006800, 0x73007200, 0x3b007400, 0x4a002000, 0x6c006500, 0x65006c00, 0x42002000, 
0x73006f00, 0x61006d00, 0x2d002000, 0x4d002000, 0x6e006f00, 0x74006f00, 0x70007900, 0x20006500, 
0x65004400, 0x69007300, 0x6e006700, 0x54002000, 0x61006500, 0x55006d00, 0x69006e00, 0x65007600, 
0x73007200, 0x6c006100, 0x54002000, 0x69006800, 0x73007200, 0x20007400, 0x68006500, 0x2e006600, 
0x6f004e00, 0x6f007400, 0x69002000, 0x20007300, 0x20006100, 0x72007400, 0x64006100, 0x6d006500, 
0x72006100, 0x20006b00, 0x66006f00, 0x47002000, 0x6f006f00, 0x6c006700, 0x20006500, 0x6e004900, 
0x2e006300, 0x6f004e00, 0x6f007400, 0x61005300, 0x73006e00, 0x65004200, 0x67006e00, 0x6c006100, 
0x2d006900, 0x65005200, 0x75006700, 0x61006c00, 0x56007200, 0x72006500, 0x69007300, 0x6e006f00, 
0x33002000, 0x30002e00, 0x31003100, 0x6f004e00, 0x6f007400, 0x53002000, 0x6e006100, 0x20007300, 
0x65004200, 0x67006e00, 0x6c006100, 0x20006900, 0x65005200, 0x75006700, 0x61006c00, 0x33007200, 
0x30002e00, 0x31003100, 0x47003b00, 0x4f004f00, 0x3b004700, 0x6f004e00, 0x6f007400, 0x61005300, 
0x73006e00, 0x65004200, 0x67006e00, 0x6c006100, 0x2d006900, 0x65005200, 0x75006700, 0x61006c00, 
0x52007200, 0x67006500, 0x6c007500, 0x72006100, 0x6f004e00, 0x6f007400, 0x53002000, 0x6e006100, 
0x20007300, 0x65004200, 0x67006e00, 0x6c006100, 0x43006900, 0x70006f00, 0x72007900, 0x67006900, 
0x74006800, 0x32002000, 0x32003000, 0x20003500, 0x68005400, 0x20006500, 0x6f004e00, 0x6f007400, 
0x50002000, 0x6f007200, 0x65006a00, 0x74006300, 0x41002000, 0x74007500, 0x6f006800, 0x73007200, 
0x28002000, 0x74006800, 0x70007400, 0x3a007300, 0x2f002f00, 0x69006700, 0x68007400, 0x62007500, 
0x63002e00, 0x6d006f00, 0x6e002f00, 0x74006f00, 0x66006f00, 0x6e006f00, 0x73007400, 0x62002f00, 
0x6e006500, 0x61006700, 0x69006c00, 0x00002900, 0x5e005802, 0x00000000, 0x00000401, 0x00000000, 
0x00000000, 0x00000000, 0x3400fe01, 0x00000401, 0x00000401, 0x34001c02, 0x51ff0000, 0x4900b601, 
0x4e00b601, 0xf6ff7d03, 0xf6ff8704, 0xf6ff1602, 0xf6ffb102, 0xf6ffc802, 0xf6ff2003, 0x36004e03, 
0x3b006102, 0x2e00db02, 0x2e005503, 0x2100e202, 0x21006a03, 0xf6ff2703, 0x32009502, 0x16008602, 
0xf6ff6d02, 0x1e00cb02, 0xf6ff1a02, 0xf6ff6102, 0xf6ff5e03, 0xf6ff1d03, 0x2e00e103, 0xf6ff2302, 
0xf6ff1d02, 0xf6ffc802, 0xf6ff2302, 0x28006c02, 0xf6ffc302, 0x2c008502, 0xf6ff2902, 0x25005402, 
0xf6ff5a02, 0x1200cc02, 0xf6ff4103, 0xf6ff5402, 0xf6ffbd02, 0xf6ff6402, 0xf6ff7202, 0xf6ff5402, 
0xf6ffdb02, 0xfbffa902, 0xf6ff7202, 0xf6ff6f02, 0xf6ff1602, 0xc4ff0000, 0xf6ff1202, 0xf6ff0a01, 
0xf6ff0a01, 0xfcfd0a01, 0x31ff0000, 0x50ff0000, 0x57ff0000, 0x50ff0000, 0xf6ff6901, 0xe0ff6901, 
0xf6ff7104, 0xf6ff7104, 0xc0ff0000, 0x37001e02, 0x8afe0a01, 0xf6ffc802, 0xf6ff2302, 0xf6ff7202, 
0x36004e03, 0x3b00b402, 0x57ff0000, 0x24ff0000, 0x46005002, 0x62005002, 0x59005002, 0x0e005002, 
0x52005002, 0x36005002, 0x0e005002, 0x4c005002, 0x18005002, 0x29005002, 0xf6ff5402, 0xf6ff5402, 
0x47004d02, 0x40005002, 0x5b004d02, 0x24005a02, 0x2800a702, 0x27000b01, 0x2c005a02, 0x3b00e301, 
0x4c00a402, 0x3a003701, 0x37001902, 0x4000aa01, 0x72ff0000, 0xc2007b01, 0xc2005702, 0xddff0000, 
0x44ff0000, 0x51ff0000, 0x5dff0000, 0x27ff0000, 0x55ff0000, 0x39ff0000, 0xabffc801, 0x2800cc02, 
0xc6ff0000, 0x24000202, 0x28000402, 0x2f007402, 0x7e00c801, 0x13ff0000, 0x1c009a01, 0x3e009a01, 
0x50006701, 0x37006701, 0x2a00a301, 0x2a00a301, 0x2a00eb00, 0x2a00eb00, 0x52002101, 0x3400f801, 
0xd1ff0000, 0xf6ff0e01, 0xf6ff7c03, 0xf6ff5b03, 0xf6ff0d04, 0xf6ff7c03, 0xf6ffb102, 0xf6ffb102, 
0xf6ff0f04, 0xf6ff9104, 0xf6ff9104, 0xf6ffab03, 0xf6ff4f03, 0x25005503, 0x2f005503, 0x3100a402, 
0x1c00fb02, 0xf6ff6204, 0x2300f602, 0xf6ffc602, 0xf6ff8802, 0x2200df02, 0xf6ff9602, 0xf6ff2703, 
0xf6ffe202, 0xf6ff4a02, 0xf6ffbe03, 0xf6ff8402, 0xf6ffe202, 0xf6ff7103, 0xf6ffdf03, 0xf6ff3303, 
0xd8ff1203, 0xf6ff2f03, 0xf6ff2f03, 0xf6ffdb02, 0xf6ff3302, 0xf6ff2703, 0xf6ff2703, 0xf6ff6802, 
0xecff8803, 0xf6ffbc02, 0xf6ff3404, 0xf6ff9e02, 0xf6ffee02, 0xf6ff5c03, 0xf6ff7303, 0xf6ff4903, 
0xf6ff6003, 0xf6ffb402, 0xf6ff2d02, 0xf6ff2802, 0xf6ff7202, 0xf6ff7202, 0x2300f602, 0xecffb502, 
0x2300f602, 0xf6ff2f02, 0xf6ffd702, 0xf6ff3202, 0xf6ff3d03, 0xf6ff1302, 0xf6ff1d02, 0xf6ff6f02, 
0xf6ff2103, 0xf6ff6003, 0x32008602, 0x1e007b02, 0x5a00b702, 0xf6ff6d02, 0x1e00bb02, 0xf6ff7b02, 
0xf6ffd902, 0xf6ff6b01, 0xf6ff1a02, 0xf6ff2902, 0xf6ff4802, 0xf6ff3103, 0xf6ff1303, 0x2e008903, 
0xf6ff0f02, 0xf6ff1d02, 0xf6ffb402, 0xf6ff7302, 0xf6ff0f02, 0xf6ff2802, 0x28005002, 0x7d00a502, 
0x28003902, 0xf6ffb002, 0xf6ffb202, 0x2c007b02, 0xf6ff3302, 0xf6ff6f02, 0xf6ff1302, 0xf6ffb101, 
0xf6ff2703, 0x25005402, 0xf6ff6502, 0xf6fff402, 0xf6ffe202, 0x2000bd02, 0x5a00fc02, 0x1600cc02, 
0xf6ff4b03, 0xf6ff5402, 0xf6ff3e02, 0xf6ff4b02, 0xf6ff4a02, 0xf6ff6802, 0xf6ffe502, 0xf6ff9c02, 
0xf6ff7202, 0xfbffa902, 0xfbffd602, 0xf6ff7202, 0xf6ff5402, 0xf6ff0502, 0xf6ff8002, 0xf6ff9b02, 
0xf6ff0e03, 0xf6ff6f02, 0xf6ff2f02, 0xf6ff6602, 0xfafeec00, 0x16008602, 0x54ff0f01, 0x54ff6401, 
0x70ff0000, 0x7cfe8a00, 0xb1fe0501, 0x54ff1801, 0x54ff0401, 0x54ff3501, 0x54ff3501, 0xd8feae01, 
0x8aff9201, 0xe8fee800, 0xd9fec500, 0xf7fee300, 0xe8fee800, 0xf6ff0801, 0xf6ff0801, 0xf6ff0801, 
0x6fffc200, 0x7effa400, 0x97ffa900, 0x14000000, 0x14000000, 0x14000000, 0x14000000, 0x14000000, 
0x14000000, 0x14000000, 0x14000000, 0x14000000, 0x14000000, 0x14000000, 0x14000000, 0x14000000, 
0x14000000, 0x14000000, 0x14000000, 0x14000000, 0x14000000, 0x14000000, 0x14000000, 0x14000000, 
0x14000000, 0x14000000, 0x14000000, 0x14000000, 0x14000000, 0x14000000, 0x14000000, 0x14000000, 
0x14000000, 0x14000000, 0x14000000, 0x14000000, 0x14000000, 0x14000000, 0x14000000, 0x14000000, 
0x14000000, 0x14000000, 0x14000000, 0x14000000, 0x14000000, 0x14000000, 0x14000000, 0x14000000, 
0x14000000, 0x14000000, 0x14000000, 0x14000000, 0x14000000, 0x14000000, 0x14000000, 0x14000000, 
0x14000000, 0x14000000, 0x14000000, 0x14000000, 0x14000000, 0x14000000, 0x14000000, 0x14000000, 
0x14000000, 0x14000000, 0x14000000, 0x14000000, 0x88ff0000, 0xf6ff0000, 0xf6ff0000, 0xa6ff0000, 
0x97ff0000, 0xf6ff2102, 0x7aff0000, 0x68ff0000, 0xc4ff0000, 0xf6ff0a01, 0xf6ff0a01, 0xf6ff0a01, 
0xf6ff0a01, 0xf6ff0a01, 0xf6ff0a01, 0xf6ff0a01, 0xf6ff0a01, 0xf6ff0a01, 0xf6ff0a01, 0xf6ff0a01, 
0xf6ff0a01, 0xf6ff0a01, 0xf6ff0a01, 0xf6ff0a01, 0xf6ff0a01, 0xf6ff0a01, 0xf6ff0a01, 0xf6ff0a01, 
0xf6ff0a01, 0xfcfd0a01, 0x7efe0a01, 0x42fe0a01, 0xacfd0a01, 0xfcfd0a01, 0xbcfe0a01, 0xb3fd0a01, 
0x11ff0000, 0x31ff0000, 0x17ff0000, 0x31ff0000, 0x30ff0000, 0x30ff0000, 0x38ff0000, 0x50ff0000, 
0x40ff0000, 0x50ff0000, 0x50ff0000, 0x41ff0000, 0xb1ff0000, 0xa9ff0000, 0x54ff0000, 0x5aff0000, 
0xf6ff6901, 0xf6ff4101, 0x3b006901, 0x3b006901, 0x3b004101, 0xdbff4101, 0xe0ff6901, 0xe0ff6901, 
0xe0ff6901, 0xdbff4101, 0x6fff0000, 0x2dff0000, 0xd0fe0000, 0xf6ff0e01, 0x52ff0000, 0x09ff0000, 
0x5c005002, 0x51003801, 0x31005401, 0xf6ff4403, 0x00000000, 0x41009801, 0x19008602, 0x3e003c02, 
0x31003f03, 0x3500dc02, 0x4100e100, 0x28002c01, 0x1e002c01, 0x29002702, 0x32003c02, 0x29000c01, 
0x28004201, 0x48000c01, 0x0a007401, 0x31003c02, 0x59003c02, 0x30003c02, 0x2d003c02, 0x15003c02, 
0x3f003c02, 0x37003c02, 0x2c003c02, 0x31003c02, 0x32003c02, 0x48000c01, 0x1f000c01, 0x32003c02, 
0x38003c02, 0x32003c02, 0x3a008303, 0x00007f02, 0x61008a02, 0x3d007802, 0x6100da02, 0x61002c02, 
0x61000702, 0x3d00d802, 0x6100e502, 0x28005301, 0xb2ff1101, 0x61006b02, 0x61000c02, 0x61008b03, 
0x6100f802, 0x3d000d03, 0x61005d02, 0x3d000d03, 0x61006e02, 0x33002502, 0x0a002c02, 0x5a00db02, 
0x00005802, 0x0c00a203, 0x04004a02, 0x00003602, 0x26003c02, 0x0a007401, 0x26003c02, 0xfeffbc01, 
0x28001901, 0x2e003102, 0x55006702, 0x3700e001, 0x37006702, 0x37003402, 0x0f005801, 0x37006702, 
0x55006a02, 0x4e000201, 0xc9ff0201, 0x55001602, 0x55000201, 0x5500a703, 0x55006a02, 0x37005d02, 
0x55006702, 0x37006702, 0x55009d01, 0x3300df01, 0x10006901, 0x4f006a02, 0x0000fc01, 0x0b001203, 
0x12001102, 0x0100fe01, 0x2700d601, 0xef002702, 0x32003c02, 0x48000d01, 0x5b003c02, 0x20003c02, 
0x0e003c02, 0x3b000102, 0x95004402, 0x31004003, 0x20006501, 0x2800fd01, 0x31004003, 0xfdfff401, 
0x3700ac01, 0x28001901, 0x37008f02, 0x48000c01, 0x0e00e100, 0x20007801, 0x2700fd01, 0xf0ffb201, 
0x00007f02, 0x00007f02, 0x00007f02, 0x00007f02, 0x00007f02, 0x00007f02, 0xffff7103, 0x3d007802, 
0x61002c02, 0x61002c02, 0x61002c02, 0x61002c02, 0x28005301, 0x28005301, 0x01005301, 0x1e005301, 
0x1e00da02, 0x6100f802, 0x3d000d03, 0x3d000d03, 0x3d000d03, 0x3d000d03, 0x3d000d03, 0x40003c02, 
0x3d000d03, 0x5a00db02, 0x5a00db02, 0x5a00db02, 0x5a00db02, 0x00003602, 0x61005d02, 0x55007702, 
0x2e003102, 0x2e003102, 0x2e003102, 0x2e003102, 0x2e003102, 0x2e003102, 0x2e006003, 0x3700e001, 
0x37003402, 0x37003402, 0x37003402, 0x37003402, 0xffff0201, 0x4c000201, 0xd8ff0201, 0xf5ff0201, 
0x37005d02, 0x55006a02, 0x37005d02, 0x37005d02, 0x37005d02, 0x37005d02, 0x37005d02, 0x32003c02, 
0x37005d02, 0x4f006a02, 0x4f006a02, 0x4f006a02, 0x4f006a02, 0x0100fe01, 0x55006702, 0x0100fe01, 
0x00007f02, 0x2e003102, 0x00007f02, 0x2e003102, 0x00007f02, 0x2e003102, 0x3d007802, 0x3700e001, 
0x3d007802, 0x3700e001, 0x3d007802, 0x3700e001, 0x6100da02, 0x37006702, 0x1e00da02, 0x37006902, 
0x61002c02, 0x37003402, 0x61002c02, 0x37003402, 0x61002c02, 0x37003402, 0x61002c02, 0x37003402, 
0x3d00d802, 0x37006702, 0x3d00d802, 0x37006702, 0x3d00d802, 0x37006702, 0x0000e502, 0x09006a02, 
0x15005301, 0xecff0201, 0x28005301, 0x1b000201, 0x28005301, 0x61006b02, 0x55001602, 0x57000c02, 
0x4c000201, 0x61000c02, 0x41000201, 0x61000c02, 0x55000201, 0x0d000c02, 0xf7ff0201, 0x6100f802, 
0x55006a02, 0x6100f802, 0x55006a02, 0x6100f802, 0x55006a02, 0x3d000d03, 0x37005d02, 0x3d00a003, 
0x3600b203, 0x61006e02, 0x55009d01, 0x61006e02, 0x47009d01, 0x33002502, 0x3300df01, 0x33002502, 
0x3300df01, 0x33002502, 0x3300df01, 0x0a002c02, 0x10006901, 0x0a002c02, 0x10006901, 0x5a00db02, 
0x4f006a02, 0x5a00db02, 0x4f006a02, 0x5a00db02, 0x4f006a02, 0x5a00db02, 0x4f006a02, 0x0c00a203, 
0x0b001203, 0x00003602, 0x0100fe01, 0x00003602, 0x26003c02, 0x2700d601, 0x26003c02, 0x2700d601, 
0x26003c02, 0x2700d601, 0x33002502, 0x3300df01, 0x2800a201, 0x2800a201, 0x28007901, 0x28008701, 
0x2800b700, 0x28002c01, 0x2800f500, 0x2800bf01, 0x2800b701, 0x0c00a203, 0x0b001203, 0x0c00a203, 
0x0b001203, 0x0c00a203, 0x0b001203, 0x00003602, 0x0100fe01, 0x2800f401, 0x2800e803, 0x3d00fa00, 
0x3d00a001, 0x4d007801, 0x48001703, 0x28003601, 0x27003601, 0x17003c02, 0x11000503, 0xbe00f401, 
0xc0ff0000, 0xb900f401, 0x5a00c502, 0x55000201, 0xc9ff0201, 0x73ff0000, 0xcdff0000, 0x13fe0000, 
0xbbfe0000, 0x82ff0000, 0x59ff0000, 0x57ff0000, 0x65ff0000, 0x94ff0000, 0x15fe0000, 0x6cff0000, 
0x9eff0000, 0xaeff0000, 0x40ff0000, 0xa1ff0000, 0x32003c02, 0x00000200, 0x00000000, 0x32009cff, 
0x00000000, 0x00000000, 0x00000000, 0x00000000, 0x00000000, 0x0000d902, 0x03010201, 0x05010401, 
0x07010601, 0x08010300, 0x0a010901, 0x0c010b01, 0x0e010d01, 0x10010f01, 0x12011101, 0x14011301, 
0x16011501, 0x18011701, 0x1a011901, 0x1c011b01, 0x1e011d01, 0x20011f01, 0x22012101, 0x24012301, 
0x26012501, 0x28012701, 0x2a012901, 0x2c012b01, 0x2e012d01, 0x30012f01, 0x32013101, 0x34013301, 
0x36013501, 0x38013701, 0x3a013901, 0x3c013b01, 0x3e013d01, 0x40013f01, 0x42014101, 0x44014301, 
0x46014501, 0x48014701, 0x4a014901, 0x4c014b01, 0x4e014d01, 0x50014f01, 0x52015101, 0x54015301, 
0x56015501, 0x58015701, 0x5a015901, 0x5c015b01, 0x5e015d01, 0x60015f01, 0x62016101, 0x64016301, 
0x66016501, 0x68016701, 0x6a016901, 0x6c016b01, 0x6e016d01, 0x70016f01, 0x72017101, 0x74017301, 
0x76017501, 0x78017701, 0x5e007901, 0x3e006000, 0xb4004000, 0xb600b500, 0x0400b700, 0x7a012200, 
0x7c017b01, 0x7e017d01, 0x80017f01, 0x82018101, 0x84018301, 0x86018501, 0x88018701, 0x8a018901, 
0x8c018b01, 0x8e018d01, 0x90018f01, 0x92019101, 0x94019301, 0x96019501, 0x98019701, 0x9a019901, 
0x9c019b01, 0x9e019d01, 0xa0019f01, 0xa201a101, 0xa401a301, 0xa601a501, 0xa801a701, 0xaa01a901, 
0xac01ab01, 0xae01ad01, 0xb001af01, 0xb201b101, 0xb401b301, 0xb601b501, 0xb801b701, 0xba01b901, 
0xbc01bb01, 0xbe01bd01, 0xc001bf01, 0xc201c101, 0xc401c301, 0xc601c501, 0xc801c701, 0xca01c901, 
0xcc01cb01, 0xce01cd01, 0xd001cf01, 0xd201d101, 0xd401d301, 0xd601d501, 0xd801d701, 0xda01d901, 
0xdc01db01, 0xde01dd01, 0xe001df01, 0xe201e101, 0xe401e301, 0xe601e501, 0xe801e701, 0xea01e901, 
0xec01eb01, 0xee01ed01, 0xf001ef01, 0xf201f101, 0xf401f301, 0xf601f501, 0xf801f701, 0xfa01f901, 
0xfc01fb01, 0xfe01fd01, 0x0002ff01, 0x02020102, 0x04020302, 0x06020502, 0x08020702, 0x0a020902, 
0x0c020b02, 0x0e020d02, 0x10020f02, 0x12021102, 0x14021302, 0x16021502, 0x18021702, 0x1a021902, 
0x1c021b02, 0x1e021d02, 0x20021f02, 0x22022102, 0x24022302, 0x26022502, 0x28022702, 0x2a022902, 
0x2c022b02, 0x2e022d02, 0x30022f02, 0x32023102, 0x34023302, 0x36023502, 0x38023702, 0x3a023902, 
0x3c023b02, 0x3e023d02, 0x40023f02, 0x42024102, 0x44024302, 0x46024502, 0x48024702, 0x4a024902, 
0x4c024b02, 0x4e024d02, 0x50024f02, 0x52025102, 0x54025302, 0x56025502, 0x58025702, 0x5a025902, 
0x5c025b02, 0x5e025d02, 0x60025f02, 0x62026102, 0x64026302, 0x66026502, 0x68026702, 0x6a026902, 
0x6c026b02, 0x6e026d02, 0x70026f02, 0x72027102, 0x74027302, 0x76027502, 0x78027702, 0x7a027902, 
0x7c027b02, 0x7e027d02, 0x80027f02, 0x82028102, 0x84028302, 0x86028502, 0x88028702, 0x8a028902, 
0x8c028b02, 0x8e028d02, 0x90028f02, 0x92029102, 0x94029302, 0x96029502, 0x06000500, 0x08000700, 
0x0a000900, 0x0c000b00, 0x0e000d00, 0x10000f00, 0x12001100, 0x14001300, 0x16001500, 0x18001700, 
0x1a001900, 0x1c001b00, 0x1e001d00, 0x20001f00, 0x23002100, 0x25002400, 0x27002600, 0x29002800, 
0x2b002a00, 0x2d002c00, 0x2f002e00, 0x31003000, 0x33003200, 0x35003400, 0x37003600, 0x39003800, 
0x3b003a00, 0x3d003c00, 0x41003f00, 0x43004200, 0x45004400, 0x47004600, 0x49004800, 0x4b004a00, 
0x4d004c00, 0x4f004e00, 0x51005000, 0x53005200, 0x55005400, 0x57005600, 0x59005800, 0x5b005a00, 
0x5d005c00, 0x61005f00, 0x8400a300, 0x96008500, 0x8e008600, 0x9d008b00, 0x8a00a900, 0x83009702, 
0x88008d00, 0xde00c300, 0xaa009e00, 0xad00a200, 0xc700c900, 0x6200ae00, 0x90006300, 0xcb006400, 
0xc8006500, 0xcf00ca00, 0xcd00cc00, 0xe900ce00, 0xd3006600, 0xd100d000, 0x6700af00, 0x9100f000, 
0xd400d600, 0x6800d500, 0xed00eb00, 0x6a008900, 0x6b006900, 0x6c006d00, 0xa0006e00, 0x71006f00, 
0x72007000, 0x75007300, 0x76007400, 0xea007700, 0x7a007800, 0x7b007900, 0x7c007d00, 0xa100b800, 
0x7e007f00, 0x81008000, 0xee00ec00, 0x9802ba00, 0x9a029902, 0x9c029b02, 0xfd009d02, 0x9e02fe00, 
0xff009f02, 0xa0020001, 0xa202a102, 0xa3020101, 0xa502a402, 0xa702a602, 0xa902a802, 0xf800aa02, 
0xab02f900, 0xad02ac02, 0xaf02ae02, 0xb102b002, 0xb302b202, 0xfa00b402, 0xb602b502, 0xb802b702, 
0xba02b902, 0xbc02bb02, 0xe300e200, 0xbe02bd02, 0xc002bf02, 0xc202c102, 0xc402c302, 0xb100b000, 
0xc602c502, 0xc802c702, 0xca02c902, 0xfc00fb00, 0xe500e400, 0xcc02cb02, 0xce02cd02, 0xd002cf02, 
0xd202d102, 0xd402d302, 0xd602d502, 0xd802d702, 0xda02d902, 0xdb02bb00, 0xdd02dc02, 0xe600de02, 
0xdf02e700, 0xd800e002, 0xe102e100, 0xdc00db00, 0xe000dd00, 0xdf00d900, 0xe302e202, 0xe502e402, 
0xe702e602, 0xe902e802, 0xb300b200, 0xc500c400, 0xab008700, 0xbf00be00, 0x8c00ea02, 0xec02eb02, 
0xee02ed02, 0xef02d700, 0xf102f002, 0xf302f202, 0xf502f402, 0xf702f602, 0xf902f802, 0xfb02fa02, 
0xfd02fc02, 0xef00fe02, 0x4c554e04, 0x5243024c, 0x696e7507, 0x43303032, 0x696e7507, 0x44303032, 
0x696e7507, 0x42303032, 0x696e7507, 0x43433532, 0x696e7507, 0x30413030, 0x696e7507, 0x30383930, 
0x696e7507, 0x31383930, 0x696e7507, 0x32383930, 0x696e7507, 0x33383930, 0x696e7507, 0x35383930, 
0x696e7507, 0x36383930, 0x696e7507, 0x37383930, 0x696e7507, 0x38383930, 0x696e7507, 0x39383930, 
0x696e7507, 0x41383930, 0x696e7507, 0x42383930, 0x696e7507, 0x43383930, 0x696e7507, 0x46383930, 
0x696e7507, 0x30393930, 0x696e7507, 0x33393930, 0x696e7507, 0x34393930, 0x696e7507, 0x35393930, 
0x696e7507, 0x36393930, 0x696e7507, 0x37393930, 0x696e7507, 0x38393930, 0x696e7507, 0x39393930, 
0x696e7507, 0x41393930, 0x696e7507, 0x42393930, 0x696e7507, 0x43393930, 0x696e7507, 0x44393930, 
0x696e7507, 0x45393930, 0x696e7507, 0x46393930, 0x696e7507, 0x30413930, 0x696e7507, 0x31413930, 
0x696e7507, 0x32413930, 0x696e7507, 0x33413930, 0x696e7507, 0x34413930, 0x696e7507, 0x35413930, 
0x696e7507, 0x36413930, 0x696e7507, 0x37413930, 0x696e7507, 0x38413930, 0x696e7507, 0x41413930, 
0x696e7507, 0x42413930, 0x696e7507, 0x43413930, 0x696e7507, 0x44413930, 0x696e7507, 0x45413930, 
0x696e7507, 0x46413930, 0x696e7507, 0x30423930, 0x696e7507, 0x32423930, 0x696e7507, 0x36423930, 
0x696e7507, 0x37423930, 0x696e7507, 0x38423930, 0x696e7507, 0x39423930, 0x696e7507, 0x43423930, 
0x696e7507, 0x44423930, 0x696e7507, 0x45423930, 0x696e7507, 0x46423930, 0x696e7507, 0x30433930, 
0x696e7507, 0x31433930, 0x696e7507, 0x32433930, 0x696e7507, 0x33433930, 0x696e7507, 0x34433930, 
0x696e7507, 0x37433930, 0x696e7507, 0x38433930, 0x696e7507, 0x42433930, 0x696e7507, 0x43433930, 
0x696e7507, 0x44433930, 0x696e7507, 0x45433930, 0x696e7507, 0x37443930, 0x696e7507, 0x43443930, 
0x696e7507, 0x44443930, 0x696e7507, 0x46443930, 0x696e7507, 0x30453930, 0x696e7507, 0x31453930, 
0x696e7507, 0x32453930, 0x696e7507, 0x33453930, 0x696e7507, 0x36453930, 0x696e7507, 0x37453930, 
0x696e7507, 0x38453930, 0x696e7507, 0x39453930, 0x696e7507, 0x41453930, 0x696e7507, 0x42453930, 
0x696e7507, 0x43453930, 0x696e7507, 0x44453930, 0x696e7507, 0x45453930, 0x696e7507, 0x46453930, 
0x696e7507, 0x30463930, 0x696e7507, 0x31463930, 0x696e7507, 0x32463930, 0x696e7507, 0x33463930, 
0x696e7507, 0x34463930, 0x696e7507, 0x35463930, 0x696e7507, 0x36463930, 0x696e7507, 0x37463930, 
0x696e7507, 0x38463930, 0x696e7507, 0x39463930, 0x696e7507, 0x41463930, 0x696e7507, 0x42463930, 
0x696e7507, 0x43463930, 0x696e7507, 0x44463930, 0x696e7507, 0x45463930, 0x696e7507, 0x34363930, 
0x696e7507, 0x35363930, 0x696e7507, 0x31353930, 0x696e7507, 0x32353930, 0x696e7507, 0x30444331, 
0x696e7507, 0x32444331, 0x696e7507, 0x35444331, 0x696e7507, 0x36444331, 0x696e7507, 0x38444331, 
0x696e7507, 0x31454331, 0x696e7507, 0x41454331, 0x696e7507, 0x44454331, 0x696e7507, 0x32464331, 
0x696e7507, 0x35464331, 0x696e7507, 0x36464331, 0x696e7507, 0x37464331, 0x696e7507, 0x31463841, 
0x696e750b, 0x30423930, 0x44433930, 0x696e750c, 0x46413930, 0x7473702e, 0x6e750f66, 0x39393069, 
0x43393035, 0x41393044, 0x6e750f45, 0x39393069, 0x43393035, 0x42393044, 0x6e751737, 0x39393069, 
0x43393035, 0x42393044, 0x43393037, 0x41393044, 0x6e750f45, 0x39393069, 0x43393035, 0x42393044, 
0x6e750f38, 0x39393069, 0x43393039, 0x39393044, 0x6e750f35, 0x39393069, 0x43393039, 0x39393044, 
0x6e750f37, 0x39393069, 0x43393041, 0x39393044, 0x6e750f45, 0x39393069, 0x43393043, 0x39393044, 
0x6e751743, 0x39393069, 0x43393043, 0x39393044, 0x43393043, 0x41393044, 0x6e750f43, 0x39393069, 
0x43393043, 0x39393044, 0x6e750f45, 0x39393069, 0x43393043, 0x42393044, 0x6e750f30, 0x39393069, 
0x43393045, 0x39393044, 0x6e751741, 0x39393069, 0x43393045, 0x39393044, 0x43393041, 0x41393044, 
0x6e750f43, 0x39393069, 0x43393045, 0x39393044, 0x6e750f42, 0x39393069, 0x43393045, 0x39393044, 
0x6e750f43, 0x41393069, 0x43393031, 0x41393044, 0x6e750f31, 0x41393069, 0x43393033, 0x41393044, 
0x6e750f31, 0x41393069, 0x43393034, 0x41393044, 0x6e751734, 0x41393069, 0x43393034, 0x41393044, 
0x43393034, 0x42393044, 0x6e750f30, 0x41393069, 0x43393034, 0x41393044, 0x6e750f35, 0x41393069, 
0x43393034, 0x42393044, 0x6e750f30, 0x41393069, 0x43393036, 0x41393044, 0x6e750f36, 0x41393069, 
0x43393036, 0x41393044, 0x6e751744, 0x41393069, 0x43393036, 0x41393044, 0x43393044, 0x42393044, 
0x6e750f30, 0x41393069, 0x43393038, 0x39393044, 0x6e750f43, 0x41393069, 0x43393038, 0x42393044, 
0x6e750f30, 0x41393069, 0x43393038, 0x42393044, 0x6e750f38, 0x41393069, 0x43393041, 0x42393044, 
0x6e750f38, 0x41393069, 0x43393043, 0x39393044, 0x6e750f43, 0x41393069, 0x43393043, 0x41393044, 
0x6e750f31, 0x41393069, 0x43393043, 0x41393044, 0x6e750f32, 0x41393069, 0x43393043, 0x41393044, 
0x6e751736, 0x41393069, 0x43393043, 0x41393044, 0x43393036, 0x42393044, 0x6e750f30, 0x41393069, 
0x43393043, 0x41393044, 0x6e751744, 0x41393069, 0x43393043, 0x41393044, 0x43393044, 0x42393044, 
0x6e750f30, 0x41393069, 0x43393045, 0x41393044, 0x6e751736, 0x41393069, 0x43393045, 0x41393044, 
0x43393036, 0x42393044, 0x6e751730, 0x41393069, 0x43393045, 0x41393044, 0x43393044, 0x42393044, 
0x6e750f30, 0x42393069, 0x43393032, 0x39393044, 0x6e750f38, 0x42393069, 0x43393032, 0x41393044, 
0x6e750f34, 0x42393069, 0x43393032, 0x41393044, 0x6e750f42, 0x42393069, 0x43393032, 0x41393044, 
0x6e750f44, 0x42393069, 0x43393032, 0x42393044, 0x6e750f30, 0x42393069, 0x43393032, 0x42393044, 
0x6e750f38, 0x42393069, 0x43393037, 0x41393044, 0x6e750f33, 0x42393069, 0x43393038, 0x39393044, 
0x6e750f36, 0x42393069, 0x43393039, 0x41393044, 0x6e750f45, 0x44393069, 0x43393043, 0x42393044, 
0x6e750f30, 0x44393069, 0x43393044, 0x41393044, 0x6e750f43, 0x44393069, 0x43393044, 0x42393044, 
0x6e750f30, 0x44393069, 0x43393046, 0x41393044, 0x6e750f43, 0x44393069, 0x43393046, 0x42393044, 
0x6e750b30, 0x39393069, 0x43393037, 0x6e751331, 0x42393069, 0x43393032, 0x39393044, 0x43393037, 
0x6e750b31, 0x42393069, 0x43393036, 0x6e750b31, 0x42393069, 0x43393039, 0x6e751631, 0x39393069, 
0x43393035, 0x39393044, 0x6f6e2e46, 0x67616c66, 0x696e7516, 0x46393930, 0x44433930, 0x46393930, 
0x666f6e2e, 0x1667616c, 0x30696e75, 0x30424139, 0x30444339, 0x2e463939, 0x6c666f6e, 0x75166761, 
0x3930696e, 0x39303742, 0x39304443, 0x6e2e4639, 0x616c666f, 0x6e750d67, 0x41393069, 0x6f6e2e30, 
0x15706f74, 0x30696e75, 0x30374239, 0x30444339, 0x2e304139, 0x6f746f6e, 0x6e751070, 0x39393069, 
0x43393035, 0x61682e44, 0x7518666c, 0x3930696e, 0x39303539, 0x39304443, 0x39303742, 0x682e4443, 
0x10666c61, 0x30696e75, 0x30363939, 0x2e444339, 0x666c6168, 0x696e7510, 0x37393930, 0x44433930, 
0x6c61682e, 0x6e751166, 0x39393069, 0x43393037, 0x61682e44, 0x1032666c, 0x30696e75, 0x30383939, 
0x2e444339, 0x666c6168, 0x696e7510, 0x39393930, 0x44433930, 0x6c61682e, 0x6e751166, 0x39393069, 
0x43393039, 0x61682e44, 0x1832666c, 0x30696e75, 0x30393939, 0x30444339, 0x30373939, 0x2e444339, 
0x666c6168, 0x696e7510, 0x41393930, 0x44433930, 0x6c61682e, 0x6e751166, 0x39393069, 0x43393041, 
0x61682e44, 0x1131666c, 0x30696e75, 0x30413939, 0x2e444339, 0x666c6168, 0x6e751032, 0x39393069, 
0x43393042, 0x61682e44, 0x7510666c, 0x3930696e, 0x39304339, 0x682e4443, 0x10666c61, 0x30696e75, 
0x30443939, 0x2e444339, 0x666c6168, 0x696e7510, 0x45393930, 0x44433930, 0x6c61682e, 0x6e751066, 
0x39393069, 0x43393046, 0x61682e44, 0x7510666c, 0x3930696e, 0x39303041, 0x682e4443, 0x10666c61, 
0x30696e75, 0x30314139, 0x2e444339, 0x666c6168, 0x696e7511, 0x31413930, 0x44433930, 0x6c61682e, 
0x75103166, 0x3930696e, 0x39303241, 0x682e4443, 0x11666c61, 0x30696e75, 0x30324139, 0x2e444339, 
0x666c6168, 0x6e751032, 0x41393069, 0x43393033, 0x61682e44, 0x7511666c, 0x3930696e, 0x39303341, 
0x682e4443, 0x32666c61, 0x696e7511, 0x33413930, 0x44433930, 0x6c61682e, 0x75103366, 0x3930696e, 
0x39303441, 0x682e4443, 0x18666c61, 0x30696e75, 0x30344139, 0x30444339, 0x30344139, 0x2e444339, 
0x666c6168, 0x696e7510, 0x35413930, 0x44433930, 0x6c61682e, 0x6e751066, 0x41393069, 0x43393036, 
0x61682e44, 0x7511666c, 0x3930696e, 0x39303641, 0x682e4443, 0x32666c61, 0x696e7511, 0x36413930, 
0x44433930, 0x6c61682e, 0x75113366, 0x3930696e, 0x39303641, 0x682e4443, 0x34666c61, 0x696e7518, 
0x36413930, 0x44433930, 0x36413930, 0x44433930, 0x6c61682e, 0x6e751066, 0x41393069, 0x43393037, 
0x61682e44, 0x7511666c, 0x3930696e, 0x39303841, 0x682e4443, 0x32666c61, 0x696e7511, 0x38413930, 
0x44433930, 0x6c61682e, 0x75183366, 0x3930696e, 0x39303841, 0x39304443, 0x39303842, 0x682e4443, 
0x10666c61, 0x30696e75, 0x30414139, 0x2e444339, 0x666c6168, 0x696e7511, 0x41413930, 0x44433930, 
0x6c61682e, 0x75113266, 0x3930696e, 0x39304141, 0x682e4443, 0x33666c61, 0x696e7510, 0x42413930, 
0x44433930, 0x6c61682e, 0x6e751066, 0x41393069, 0x43393043, 0x61682e44, 0x7511666c, 0x3930696e, 
0x39304341, 0x682e4443, 0x32666c61, 0x696e7510, 0x44413930, 0x44433930, 0x6c61682e, 0x6e751066, 
0x41393069, 0x43393045, 0x61682e44, 0x7511666c, 0x3930696e, 0x39304541, 0x682e4443, 0x32666c61, 
0x696e7511, 0x45413930, 0x44433930, 0x6c61682e, 0x75113366, 0x3930696e, 0x39303242, 0x682e4443, 
0x33666c61, 0x696e7510, 0x46413930, 0x44433930, 0x6c61682e, 0x6e751066, 0x42393069, 0x43393036, 
0x61682e44, 0x7511666c, 0x3930696e, 0x39303642, 0x682e4443, 0x32666c61, 0x696e7510, 0x37423930, 
0x44433930, 0x6c61682e, 0x6e751166, 0x42393069, 0x43393037, 0x61682e44, 0x1133666c, 0x30696e75, 
0x30374239, 0x2e444339, 0x666c6168, 0x6e751034, 0x42393069, 0x43393038, 0x61682e44, 0x7511666c, 
0x3930696e, 0x39303842, 0x682e4443, 0x32666c61, 0x696e7511, 0x38423930, 0x44433930, 0x6c61682e, 
0x75113366, 0x3930696e, 0x39303842, 0x682e4443, 0x34666c61, 0x696e7510, 0x39423930, 0x44433930, 
0x6c61682e, 0x6e751166, 0x42393069, 0x43393039, 0x61682e44, 0x0c32666c, 0x30696e75, 0x2e363939, 
0x65646973, 0x696e750c, 0x37393930, 0x6469732e, 0x6e750c65, 0x39393069, 0x69732e41, 0x750c6564, 
0x3930696e, 0x732e4239, 0x10656469, 0x30696e75, 0x30443939, 0x2e444339, 0x65646973, 0x696e750c, 
0x30413930, 0x6469732e, 0x6e750c65, 0x41393069, 0x69732e31, 0x750c6564, 0x3930696e, 0x732e3241, 
0x10656469, 0x30696e75, 0x30324139, 0x2e444339, 0x65646973, 0x696e750c, 0x36413930, 0x6469732e, 
0x6e751065, 0x41393069, 0x43393036, 0x69732e44, 0x750c6564, 0x3930696e, 0x732e4241, 0x0c656469, 
0x30696e75, 0x2e434139, 0x65646973, 0x696e750c, 0x45413930, 0x6469732e, 0x6e750d65, 0x41393069, 
0x69732e45, 0x0d316564, 0x30696e75, 0x2e454139, 0x65646973, 0x6e750d32, 0x41393069, 0x69732e45, 
0x0c336564, 0x30696e75, 0x2e454239, 0x74726170, 0x696e750d, 0x45423930, 0x7261702e, 0x75123274, 
0x3930696e, 0x702e4542, 0x2e747261, 0x726f6873, 0x6e750c74, 0x43393069, 0x69732e31, 0x750c6564, 
0x3930696e, 0x732e3243, 0x0d656469, 0x30696e75, 0x2e324339, 0x65646973, 0x61720b32, 0x6c616870, 
0x6e656261, 0x61721167, 0x6c616870, 0x6e656261, 0x6c612e67, 0x11313074, 0x68706172, 0x62616c61, 
0x2e676e65, 0x30746c61, 0x61721132, 0x6c616870, 0x6e656261, 0x6c612e67, 0x11333074, 0x68706172, 
0x62616c61, 0x2e676e65, 0x30746c61, 0x61721134, 0x6c616870, 0x6e656261, 0x6c612e67, 0x11353074, 
0x68706172, 0x62616c61, 0x2e676e65, 0x30746c61, 0x61721136, 0x6c616870, 0x6e656261, 0x6c612e67, 
0x11373074, 0x68706172, 0x62616c61, 0x2e676e65, 0x30746c61, 0x61721138, 0x6c616870, 0x6e656261, 
0x6c612e67, 0x11393074, 0x68706172, 0x62616c61, 0x2e676e65, 0x31746c61, 0x61721130, 0x6c616870, 
0x6e656261, 0x6c612e67, 0x11313174, 0x68706172, 0x62616c61, 0x2e676e65, 0x31746c61, 0x61721132, 
0x6c616870, 0x6e656261, 0x6c612e67, 0x11333174, 0x68706172, 0x62616c61, 0x2e676e65, 0x31746c61, 
0x61721134, 0x6c616870, 0x6e656261, 0x6c612e67, 0x0b353174, 0x68706162, 0x62616c61, 0x10676e65, 
0x68706162, 0x62616c61, 0x2e676e65, 0x31746c61, 0x70616210, 0x616c6168, 0x676e6562, 0x746c612e, 
0x61621032, 0x6c616870, 0x6e656261, 0x6c612e67, 0x62103374, 0x61687061, 0x6562616c, 0x612e676e, 
0x0c34746c, 0x30696e75, 0x2e373939, 0x73776c62, 0x696e750c, 0x33413930, 0x776c622e, 0x6e750d73, 
0x41393069, 0x6c622e33, 0x0c317377, 0x30696e75, 0x2e344139, 0x73776c62, 0x696e7510, 0x34413930, 
0x31433930, 0x776c622e, 0x6e751473, 0x41393069, 0x43393034, 0x42393044, 0x6c622e30, 0x750c7377, 
0x3930696e, 0x622e3541, 0x1473776c, 0x30696e75, 0x30374139, 0x30444339, 0x2e434139, 0x73776c62, 
0x696e750c, 0x38413930, 0x776c622e, 0x6e750d73, 0x41393069, 0x6c622e38, 0x0d317377, 0x30696e75, 
0x2e384139, 0x73776c62, 0x6e750d32, 0x41393069, 0x6c622e38, 0x0c337377, 0x30696e75, 0x2e414139, 
0x73776c62, 0x696e750c, 0x44413930, 0x776c622e, 0x6e750c73, 0x42393069, 0x6c622e32, 0x750d7377, 
0x3930696e, 0x622e3242, 0x3173776c, 0x696e750d, 0x32423930, 0x776c622e, 0x750d3273, 0x3930696e, 
0x622e3242, 0x3373776c, 0x696e750b, 0x35393930, 0x6d72612e, 0x696e750c, 0x35393930, 0x6d72612e, 
0x6e750c31, 0x39393069, 0x72612e35, 0x750c326d, 0x3930696e, 0x702e3539, 0x0c747261, 0x30696e75, 
0x2e443939, 0x74726170, 0x696e750c, 0x37413930, 0x7261702e, 0x6e751174, 0x41393069, 0x43393038, 
0x6c662e44, 0x0b74616f, 0x65626177, 0x702e676e, 0x0d747261, 0x30696e75, 0x2e454239, 0x616f6c66, 
0x6e750c74, 0x42393069, 0x69732e45, 0x750d6564, 0x3930696e, 0x732e4542, 0x32656469, 0x696e750c, 
0x46393930, 0x616c662e, 0x6e750d67, 0x39393069, 0x6c662e46, 0x0d326761, 0x30696e75, 0x2e463939, 
0x67616c66, 0x6e751333, 0x39393069, 0x6c662e46, 0x4d496761, 0x61727461, 0x6e751331, 0x39393069, 
0x6c662e46, 0x4d496761, 0x61727461, 0x6e751332, 0x39393069, 0x6c662e46, 0x4d496761, 0x61727461, 
0x6e751333, 0x39393069, 0x6c662e46, 0x69496761, 0x7274614d, 0x6e751461, 0x39393069, 0x6c662e46, 
0x69496761, 0x7274614d, 0x75143261, 0x3930696e, 0x662e4639, 0x4967616c, 0x74614d69, 0x0b336172, 
0x30696e75, 0x2e304139, 0x0c706f74, 0x30696e75, 0x2e304139, 0x32706f74, 0x696e7511, 0x30413930, 
0x706f742e, 0x74614d49, 0x75126172, 0x3930696e, 0x742e3041, 0x4d49706f, 0x61727461, 0x6e751232, 
0x41393069, 0x6f742e30, 0x4d694970, 0x61727461, 0x696e7513, 0x30413930, 0x706f742e, 0x614d6949, 
0x32617274, 0x61656810, 0x6e696c64, 0x6e656265, 0x30312e67, 0x65681030, 0x696c6461, 0x6562656e, 
0x312e676e, 0x68103033, 0x6c646165, 0x62656e69, 0x2e676e65, 0x10303032, 0x64616568, 0x656e696c, 
0x676e6562, 0x3035322e, 0x6165680f, 0x6e696c64, 0x6e656265, 0x61622e67, 0x696e7514, 0x38413930, 
0x44433930, 0x6165682e, 0x6e696c64, 0x6e751165, 0x38393069, 0x6c612e31, 0x614d4974, 0x0d617274, 
0x30696e75, 0x2e313839, 0x6c616d73, 0x6e750b6c, 0x42393069, 0x6c612e43, 0x6e750e74, 0x42393069, 
0x6f6c2e46, 0x3130676e, 0x696e750e, 0x46423930, 0x6e6f6c2e, 0x0e323067, 0x30696e75, 0x2e464239, 
0x676e6f6c, 0x750e3330, 0x3930696e, 0x6c2e4642, 0x30676e6f, 0x6e750e34, 0x42393069, 0x6f6c2e46, 
0x3530676e, 0x696e750e, 0x46423930, 0x6e6f6c2e, 0x0e363067, 0x30696e75, 0x2e464239, 0x676e6f6c, 
0x750e3730, 0x3930696e, 0x6c2e4642, 0x30676e6f, 0x6e750e38, 0x42393069, 0x6f6c2e46, 0x3930676e, 
0x696e750f, 0x46423930, 0x6f68732e, 0x31307472, 0x696e750f, 0x46423930, 0x6f68732e, 0x32307472, 
0x696e750f, 0x46423930, 0x6f68732e, 0x33307472, 0x696e750f, 0x46423930, 0x6174742e, 0x31746c41, 
0x696e750f, 0x46423930, 0x6174742e, 0x32746c41, 0x696e750f, 0x46423930, 0x6174742e, 0x33746c41, 
0x696e750f, 0x46423930, 0x6174742e, 0x34746c41, 0x696e750f, 0x46423930, 0x6174742e, 0x35746c41, 
0x696e7510, 0x46423930, 0x6874742e, 0x746c4161, 0x6e751031, 0x42393069, 0x74742e46, 0x6c416168, 
0x75103274, 0x3930696e, 0x742e4642, 0x41616874, 0x0f33746c, 0x30696e75, 0x2e304339, 0x4162756e, 
0x0f31746c, 0x30696e75, 0x2e304339, 0x41617474, 0x0f31746c, 0x30696e75, 0x2e304339, 0x41617474, 
0x1032746c, 0x30696e75, 0x2e304339, 0x61687474, 0x31746c41, 0x696e750b, 0x30433930, 0x746c612e, 
0x696e750d, 0x37443930, 0x6f68732e, 0x750c7472, 0x3930696e, 0x6c2e3744, 0x0b676e6f, 0x30696e75, 
0x2e314339, 0x0c746c61, 0x30696e75, 0x2e314339, 0x31746c61, 0x696e750c, 0x31433930, 0x746c612e, 
0x6e750c32, 0x43393069, 0x65642e31, 0x750d7065, 0x3930696e, 0x722e3143, 0x646e756f, 0x696e750b, 
0x31433930, 0x776f6c2e, 0x696e750b, 0x32433930, 0x746c612e, 0x696e750c, 0x32433930, 0x746c612e, 
0x6e750c31, 0x43393069, 0x6c612e32, 0x750d3274, 0x3930696e, 0x722e3243, 0x646e756f, 0x696e750b, 
0x32433930, 0x776f6c2e, 0x696e750c, 0x32433930, 0x6565642e, 0x6e750b70, 0x43393069, 0x6c612e33, 
0x6e750b74, 0x43393069, 0x6c612e34, 0x6e750b74, 0x45393069, 0x6c612e32, 0x6e750b74, 0x45393069, 
0x6c612e33, 0x6e750d74, 0x43393069, 0x68732e37, 0x0c74726f, 0x30696e75, 0x2e374339, 0x676e6f6c, 
0x696e750c, 0x37433930, 0x696e692e, 0x6e751274, 0x43393069, 0x68732e37, 0x2e74726f, 0x74696e69, 
0x696e7511, 0x37433930, 0x6e6f6c2e, 0x6e692e67, 0x750c7469, 0x3930696e, 0x6c2e3843, 0x0d676e6f, 
0x30696e75, 0x2e384339, 0x726f6873, 0x6e750c74, 0x43393069, 0x6e692e38, 0x75127469, 0x3930696e, 
0x732e3843, 0x74726f68, 0x696e692e, 0x6e751174, 0x43393069, 0x6f6c2e38, 0x692e676e, 0x1774696e, 
0x30696e75, 0x30304239, 0x2e444339, 0x41746c61, 0x6e654c75, 0x16687467, 0x30696e75, 0x30304239, 
0x2e444339, 0x49746c61, 0x74614d69, 0x75136172, 0x3930696e, 0x39303042, 0x612e4443, 0x7454746c, 
0x75126168, 0x3930696e, 0x702e4641, 0x2e667473, 0x726f6873, 0x6e750d74, 0x46433169, 0x74732e35, 
0x0d6b6361, 0x31696e75, 0x2e364643, 0x63617473, 0x6e75076b, 0x42303269, 0x6e750739, 0x42323069, 
0x6e750743, 0x31303269, 0x6e751330, 0x39393069, 0x43393035, 0x42393044, 0x6c612e32, 0x75640d74, 
0x6d796d6d, 0x626b7261, 0x09676e65, 0x7265766f, 0x726f6373, 0x6d410765, 0x6f726361, 0x6d61076e, 
0x6f726361, 0x6241066e, 0x65766572, 0x72626106, 0x07657665, 0x6f676f41, 0x076b656e, 0x6f676f61, 
0x0a6b656e, 0x746f6443, 0x65636361, 0x630a746e, 0x61746f64, 0x6e656363, 0x63440674, 0x6e6f7261, 
0x61636406, 0x066e6f72, 0x6f726344, 0x45077461, 0x7263616d, 0x65076e6f, 0x7263616d, 0x450a6e6f, 
0x61746f64, 0x6e656363, 0x64650a74, 0x6361746f, 0x746e6563, 0x676f4507, 0x6b656e6f, 0x676f6507, 
0x6b656e6f, 0x61634506, 0x066e6f72, 0x72616365, 0x470a6e6f, 0x61746f64, 0x6e656363, 0x64670a74, 
0x6361746f, 0x746e6563, 0x696e7507, 0x32323130, 0x696e7507, 0x33323130, 0x61624804, 0x62680472, 
0x49077261, 0x7263616d, 0x69076e6f, 0x7263616d, 0x49076e6f, 0x6e6f676f, 0x69076b65, 0x6e6f676f, 
0x75076b65, 0x3130696e, 0x75073633, 0x3130696e, 0x4c063733, 0x74756361, 0x616c0665, 0x65747563, 
0x696e7507, 0x42333130, 0x696e7507, 0x43333130, 0x61634c06, 0x066e6f72, 0x7261636c, 0x4e066e6f, 
0x74756361, 0x616e0665, 0x65747563, 0x696e7507, 0x35343130, 0x696e7507, 0x36343130, 0x61634e06, 
0x066e6f72, 0x7261636e, 0x4f0d6e6f, 0x676e7568, 0x6d757261, 0x7475616c, 0x75686f0d, 0x7261676e, 
0x616c6d75, 0x52067475, 0x74756361, 0x61720665, 0x65747563, 0x61635206, 0x066e6f72, 0x72616372, 
0x53066e6f, 0x74756361, 0x61730665, 0x65747563, 0x696e7507, 0x41313230, 0x696e7507, 0x42313230, 
0x61635406, 0x066e6f72, 0x72616374, 0x55076e6f, 0x7263616d, 0x75076e6f, 0x7263616d, 0x55056e6f, 
0x676e6972, 0x69727505, 0x550d676e, 0x676e7568, 0x6d757261, 0x7475616c, 0x7568750d, 0x7261676e, 
0x616c6d75, 0x55077475, 0x6e6f676f, 0x75076b65, 0x6e6f676f, 0x570b6b65, 0x63726963, 0x6c666d75, 
0x770b7865, 0x63726963, 0x6c666d75, 0x590b7865, 0x63726963, 0x6c666d75, 0x790b7865, 0x63726963, 
0x6c666d75, 0x5a067865, 0x74756361, 0x617a0665, 0x65747563, 0x6f645a0a, 0x63636174, 0x0a746e65, 
0x746f647a, 0x65636361, 0x7507746e, 0x3230696e, 0x75073831, 0x3230696e, 0x75073931, 0x3230696e, 
0x57063943, 0x76617267, 0x67770665, 0x65766172, 0x63615706, 0x06657475, 0x75636177, 0x57096574, 
0x72656964, 0x73697365, 0x69647709, 0x73657265, 0x59067369, 0x76617267, 0x67790665, 0x65766172, 
0x72754504, 0x6163106f, 0x636e6f72, 0x616d6d6f, 0x65636361, 0x7507746e, 0x3330696e, 0x63113632, 
0x616d6d6f, 0x65636361, 0x6f72746e, 0x65746174, 0x696e7507, 0x45394531, 0x696e7507, 0x37333230, 
0x696e7507, 0x38303330, 0x696e7507, 0x37303330, 0x61726709, 0x6f636576, 0x6109626d, 0x65747563, 
0x626d6f63, 0x696e7507, 0x42303330, 0x696e7507, 0x32303330, 0x696e7507, 0x43303330, 0x696e7507, 
0x36303330, 0x696e7507, 0x41303330, 0x6c697409, 0x6f636564, 0x7507626d, 0x3330696e, 0x75073430, 
0x3330696e, 0x75073732, 0x3330696e, 0x75073832, 0x3330696e, 0x75074135, 0x3330696e, 0x00004235, 
0x00000100, 0xc8000a00, 0x05009402, 0x544c4644, 0x6e62ae00, 0x4c003267, 0x6c727963, 0x7267ae00, 
0xae006b65, 0x6e74616c, 0x92002000, 0x4f4d0200, 0x1e00204c, 0x204d4f52, 0x00001000, 0x0400ffff, 
0x06000000, 0x0e000c00, 0xffff0000, 0x00000400, 0x0a000600, 0x36000e00, 0x41500100, 0x0a00204c, 
0xffff0000, 0x00001300, 0x02000100, 0x04000300, 0x07000600, 0x09000800, 0x0d000b00, 0x0f000e00, 
0x12001100, 0x15001300, 0x17001600, 0xffff0000, 0x00001300, 0x02000100, 0x05000300, 0x07000600, 
0x09000800, 0x0e000d00, 0x11001000, 0x13001200, 0x15001400, 0x17001600, 0x00000400, 0xffff0000, 
0x00000300, 0x0e000600, 0x61611800, 0xc601746c, 0x73766261, 0x6b61b801, 0xb2016e68, 0x66776c62, 
0x6c62ac01, 0x9a017377, 0x73776c62, 0x63638a01, 0x8201706d, 0x74636a63, 0x61687c01, 0x6e01666c, 
0x74696e69, 0x6f6c6801, 0x62016c63, 0x6c636f6c, 0x6f6c5c01, 0x56016c63, 0x746b756e, 0x726f4e01, 
0x48016e64, 0x73657270, 0x72700e01, 0xd8007365, 0x66747370, 0x7370d200, 0xc0007374, 0x746c6372, 
0x6c72b600, 0xae006769, 0x66687072, 0x7373a800, 0x9e003130, 0x75746176, 0x00009200, 0x29000400, 
0x2d002b00, 0x06002f00, 0xcd000100, 0x00010000, 0x01000000, 0x00001800, 0x01000200, 0x00000300, 
0xc9000300, 0xcb00ca00, 0x07000000, 0xb900b700, 0xc100bb00, 0xc600c400, 0x0000c700, 0x27000100, 
0x19000000, 0x35003300, 0x39003700, 0x3c003b00, 0x42003f00, 0x4b004400, 0x4e004c00, 0x53005100, 
0x5c005600, 0x70006c00, 0x77007500, 0x7c007900, 0x86008200, 0x00009300, 0x33001b00, 0x37003500, 
0x3b003900, 0x3f003c00, 0x44004200, 0x4c004b00, 0x51004e00, 0x56005300, 0x6c005c00, 0x75007000, 
0x79007700, 0x82007c00, 0x93008600, 0x97009600, 0x01000000, 0x0000d400, 0x14000200, 0x00001500, 
0xd3000100, 0x01000000, 0x00001200, 0xd2000100, 0x01000000, 0x00003200, 0x1b000500, 0x1f001d00, 
0x25002300, 0x01000000, 0x00003000, 0xcf000200, 0x0000d100, 0xa5000600, 0xa900a600, 0xae00ac00, 
0x0000b100, 0xa5000700, 0xa900a600, 0xae00ac00, 0xb500b100, 0x01000000, 0x00001900, 0x17000100, 
0x05000000, 0x9a009900, 0x9d009b00, 0x0000a100, 0x00000100, 0x1459d600, 0xd258e858, 0x9658b058, 
0x5a587458, 0x26584058, 0xee570858, 0xba57d457, 0x7a57a057, 0xea566857, 0xdc551c56, 0x9655c655, 
0x5a557455, 0x0c552855, 0xac54de54, 0x68548254, 0xc453f253, 0xe64a544c, 0xc2491a4a, 0x8a499c49, 
0x40488e48, 0xf6471048, 0xbc462647, 0xe4453046, 0x7e45b645, 0xaa412845, 0x863fa03f, 0xa83dc03d, 
0x223d323d, 0x2a3c423c, 0xaa3bba3b, 0xa43a503b, 0x443a5c3a, 0x04393839, 0x8a38f438, 0x44345638, 
0x8233da33, 0x24335a33, 0xf8320e33, 0x4832d632, 0x34312432, 0x7a30ac30, 0x4e305e30, 0xee2f0a30, 
0xfa2ed62f, 0xda2eea2e, 0xba2eca2e, 0xf42baa2e, 0xd42be42b, 0xb42bc42b, 0x942ba42b, 0x742b842b, 
0x542b642b, 0x342b442b, 0x142b242b, 0x5a2a042b, 0xca29ec29, 0x3e25b829, 0xee235224, 0xaa23c223, 
0x78238623, 0x32235223, 0x16223e22, 0x58210622, 0x38214821, 0x18212821, 0xc4200821, 0xa820b620, 
0xa41a9a20, 0x841a941a, 0x641a741a, 0x441a541a, 0x241a341a, 0x041a141a, 0xe419f419, 0x3e165416, 
0xb2152816, 0x80159015, 0x10154215, 0xf2131214, 0x06131613, 0xe612f612, 0xf8103011, 0xd210dc10, 
0xb20f8410, 0x8e0f9e0f, 0xf80e180f, 0xbe0ee80e, 0x500ea40e, 0x200e340e, 0x4c0d600d, 0x240d380d, 
0xfe0c080d, 0xbe0cd80c, 0x620c7c0c, 0xa80bb80b, 0x880b980b, 0x680b780b, 0xfa0a0a0b, 0x700aea0a, 
0xfe09600a, 0x7004cc05, 0x9e03f803, 0x24033803, 0xf6020403, 0xb202c202, 0x18022e02, 0xd0011802, 
0x0100ae01, 0x01000000, 0x02000800, 0x04000e00, 0x09020002, 0x09020002, 0x04000100, 0xcd01bf01, 
0xeb01dd01, 0x00000600, 0x24000200, 0x03000a00, 0x34000100, 0x12000100, 0x01000000, 0xd5000000, 
0x02000100, 0xeb01cd01, 0x01000300, 0x01001a00, 0x00001200, 0x00000100, 0x0100d500, 0xbf010200, 
0x0200dd01, 0xaf010100, 0x0000b801, 0x00000100, 0x08000100, 0x06000100, 0x01001b00, 0x8b020200, 
0x04008c02, 0x01001000, 0x2b000a00, 0x66000100, 0x5c000800, 0x48005200, 0x34003e00, 0x20002a00, 
0x01001600, 0x9a020400, 0xd5020200, 0x04000100, 0x02006f02, 0x0100d502, 0x61020400, 0xd5020200, 
0x04000100, 0x02005102, 0x0100d502, 0x99020400, 0xd5020200, 0x04000100, 0x02006e02, 0x0100d502, 
0x60020400, 0xd5020200, 0x04000100, 0x02005002, 0x0100d502, 0xbf010800, 0xc701c301, 0xdd01d301, 
0xe501e101, 0x0100f101, 0x01001000, 0x2b000a00, 0x32000100, 0x0600e200, 0x01001000, 0x2b000a00, 
0x00000300, 0x22000100, 0x12000100, 0x00000100, 0x0200d000, 0xc9020200, 0x0000d302, 0xd702d702, 
0x01000b00, 0xe5010200, 0x0100e601, 0x01000000, 0x01000800, 0xf9ff2000, 0x00000600, 0x08000100, 
0x01000300, 0x01007034, 0x00001200, 0x00000100, 0x0100ce00, 0x34010100, 0x10000100, 0x0a000100, 
0x02001a00, 0x02004424, 0x87017f01, 0x10000600, 0x0a000100, 0x03001a00, 0x2e000100, 0x30240100, 
0x1e000200, 0x01001600, 0xcc000000, 0x02000100, 0x3d013a01, 0x06000100, 0xc900c400, 0xec00dd00, 
0xfe00ed00, 0x15000100, 0x1c001a00, 0x29002700, 0x2c002b00, 0x2f002d00, 0x32003100, 0x36003400, 
0x98003700, 0xa0009900, 0xea00a100, 0x0c010101, 0x05000d01, 0x02000000, 0x0a003000, 0x02000300, 
0x84000200, 0x00001200, 0x01000e00, 0x01001000, 0x2d000800, 0xa1002e00, 0xe900c000, 0xeb00ea00, 
0x0300ec00, 0x02000200, 0x12009c00, 0x0e000000, 0x10000100, 0x0a000100, 0x1a001900, 0x87008600, 
0x89008800, 0xc400be00, 0xc600c500, 0x10000500, 0x5e000300, 0x0e003a00, 0x03001900, 0x02000300, 
0x1e002600, 0x00001400, 0x02000e00, 0x01001000, 0x07010300, 0x0d010801, 0x02000100, 0xeb00e900, 
0x01000100, 0x03007700, 0x02000300, 0x1a003800, 0x00001400, 0x02000e00, 0x01001000, 0x5a010100, 
0x03000100, 0x9a009700, 0x0300de00, 0x02000300, 0xc6361400, 0x00000206, 0x02000e00, 0x01001000, 
0x76000100, 0x00000200, 0x08000100, 0x60000100, 0x4e012d00, 0x42014801, 0x36013c01, 0x30013601, 
0x2a013001, 0x1e012401, 0x18011e01, 0x12011201, 0x06010c01, 0x06010601, 0xfa000001, 0xf400fa00, 
0xee00ee00, 0xe800ee00, 0xe200e200, 0xd600dc00, 0xd600d600, 0xca00d000, 0xc400ca00, 0xc400c400, 
0xc400c400, 0xbe00c400, 0xfa00be00, 0x2d000100, 0xc500c400, 0xc900c700, 0xcb00ca00, 0xcf00cd00, 
0xd300d100, 0xd700d600, 0xda00d800, 0xdd00dc00, 0xe200e000, 0xe500e300, 0xe700e600, 0xe900e800, 
0xeb00ea00, 0xed00ec00, 0xef00ee00, 0xf100f000, 0xf300f200, 0xf600f500, 0xf900f800, 0xfb00fa00, 
0xfd00fc00, 0xff00fe00, 0x02005d01, 0x46003800, 0x36000200, 0x02004600, 0x46003500, 0x34000200, 
0x02004600, 0x46003100, 0x30000200, 0x02004600, 0x46002f00, 0x2e000200, 0x02004600, 0x46002d00, 
0xa0000200, 0x02004600, 0x46002c00, 0x2b000200, 0x02004600, 0x46002a00, 0x28000200, 0x02004600, 
0x46002700, 0x26000200, 0x02004600, 0x46002500, 0x22000200, 0x02004600, 0x46002000, 0x1e000200, 
0x02004600, 0x46001d00, 0x1c000200, 0x02004600, 0x46001b00, 0x87000200, 0x02004600, 0x46001900, 
0x00000600, 0x20043100, 0xfc030e04, 0xd203e403, 0xa803c003, 0x7e039603, 0x54036c03, 0x2a034203, 
0x00031203, 0xdc02ee02, 0xb202ca02, 0x8e02a002, 0x64027602, 0x3a025202, 0x16022802, 0xf2010402, 
0xce01e001, 0xaa01bc01, 0x7e019001, 0x54016601, 0x30014201, 0x10011e01, 0xec00fe00, 0xc200da00, 
0x9800aa00, 0x68008000, 0x00000300, 0x12000100, 0xea030100, 0x00000100, 0x0100c800, 0xff000100, 
0x00000300, 0x12000100, 0xd2030100, 0x00000100, 0x0100c800, 0xfe000100, 0x00000300, 0xc6160100, 
0xba030100, 0x00000100, 0x0300c800, 0x01000000, 0x01001200, 0x0100a803, 0xc8000000, 0x01000100, 
0x0300fc00, 0x01000000, 0x01001200, 0x01009003, 0xc8000000, 0x01000100, 0x0300fb00, 0x01000000, 
0x0100a02e, 0x01007803, 0xc8000000, 0x00000300, 0x44190100, 0x66030100, 0x00000100, 0x0300c800, 
0x01000000, 0x01008215, 0x01005403, 0xc8000000, 0x00000300, 0x14210100, 0x84190100, 0x03000000, 
0x01000000, 0x0100d203, 0x01003403, 0xc8000000, 0x00000300, 0xea300100, 0x22030100, 0x00000100, 
0x0300c800, 0x01000000, 0x0100ba2e, 0x01001003, 0xc8000000, 0x00000300, 0x102f0100, 0xfe020100, 
0x00000100, 0x0300c800, 0x01000000, 0x01001200, 0x0100ec02, 0xc8000000, 0x01000100, 0x0300f100, 
0x01000000, 0x0100d42a, 0x0100d402, 0xc8000000, 0x00000300, 0xc22a0100, 0x0e000100, 0x01000000, 
0x2d000400, 0xe9003700, 0x0300ea00, 0x01000000, 0x01000008, 0x0100a802, 0xc8000000, 0x00000300, 
0x94330100, 0x96020100, 0x00000100, 0x0300c800, 0x01000000, 0x0100fe1f, 0x01008402, 0xc8000000, 
0x00000300, 0xba310100, 0x72020100, 0x00000100, 0x0300c800, 0x01000000, 0x01000017, 0x01006002, 
0xc8000000, 0x00000300, 0xba260100, 0x4e020100, 0x00000100, 0x0300c800, 0x01000000, 0x01004037, 
0x01003c02, 0xc8000000, 0x00000300, 0x0c1a0100, 0x2a020100, 0x00000100, 0x0300c800, 0x01000000, 
0x01001200, 0x01001802, 0xc8000000, 0x01000100, 0x0300e700, 0x01000000, 0x01009c31, 0x01000002, 
0xc8000000, 0x00000300, 0x50310100, 0xee010100, 0x00000100, 0x0300c800, 0x01000000, 0x01003e31, 
0x00000e00, 0x03000100, 0xe0002a00, 0x0300e200, 0x01000000, 0x0100a014, 0x0100c401, 0xc8000000, 
0x00000300, 0xcc200100, 0xb2010100, 0x00000100, 0x0300c800, 0x01000000, 0x01001200, 0x0100a001, 
0xc8000000, 0x01000100, 0x0300e200, 0x01000000, 0x01000e26, 0x01008801, 0xc8000000, 0x00000300, 
0x2a310100, 0x76010100, 0x00000100, 0x0300c800, 0x01000000, 0x01009a0e, 0x01006401, 0xc8000000, 
0x00000300, 0x3a160100, 0x52010100, 0x00000100, 0x0300c800, 0x01000000, 0x01001200, 0x01004001, 
0xc8000000, 0x01000100, 0x0300d800, 0x01000000, 0x01001200, 0x01002801, 0xc8000000, 0x01000100, 
0x0300d700, 0x01000000, 0x0100fc30, 0x01001001, 0xc8000000, 0x00000300, 0x12000100, 0xfe000100, 
0x00000100, 0x0100c800, 0xd3000100, 0x00000300, 0xee1c0100, 0xe6000100, 0x00000100, 0x0300c800, 
0x01000000, 0x01001200, 0x0100d400, 0xc8000000, 0x01000100, 0x0300cf00, 0x01000000, 0x01006614, 
0x0100bc00, 0xc8000000, 0x00000300, 0x54140100, 0x0e000100, 0x01000000, 0x1e000300, 0xd0001f00, 
0x00000300, 0x5a350100, 0x92000100, 0x00000100, 0x0300c800, 0x01000000, 0x01006c35, 0x01008000, 
0xc8000000, 0x00000300, 0x12000100, 0x6e000100, 0x00000100, 0x0100c800, 0xc9000100, 0x00000300, 
0xe41f0100, 0x56000100, 0x00000100, 0x0300c800, 0x01000000, 0x0100420e, 0x01004400, 0xc8000000, 
0x00000300, 0xe04e0100, 0x32000100, 0x00000100, 0x0600c800, 0x01000000, 0x03000800, 0x02000000, 
0x52001631, 0x18000100, 0x00000200, 0x01000900, 0x02000900, 0x19000900, 0x00003800, 0x4b004900, 
0x5a002000, 0x23005b00, 0x86008600, 0x88002500, 0x2600bd00, 0xcb00c400, 0xcd005c00, 0x6400e700, 
0xff00e900, 0x5d017f00, 0x96005d01, 0x02000100, 0x3f013e01, 0x10000100, 0x0a000100, 0x01001800, 
0x14016a00, 0x10000600, 0x52000400, 0x24003800, 0x18001000, 0x02000300, 0xb630b81d, 0x54000100, 
0x01000000, 0xc5000000, 0x02000300, 0x5c1d2428, 0x40000100, 0x01000000, 0xc5000000, 0x02000300, 
0x14003204, 0x2c000100, 0x01000000, 0xc5000000, 0x01000100, 0x0300f600, 0x18000100, 0x12000100, 
0x01000000, 0xc5000000, 0x01000100, 0x01008500, 0x1f000600, 0xd0003800, 0xff00fe00, 0x01000301, 
0x01001000, 0x04000a00, 0x6e000100, 0x01003201, 0x01001000, 0x04000a00, 0x5e000100, 0x06003301, 
0x03001000, 0x34004600, 0x04000e00, 0x02000300, 0x1400de16, 0x4a000100, 0x01000000, 0xc3000000, 
0x07000100, 0xbf002600, 0xd800c100, 0x0701d900, 0x03000801, 0x72460100, 0x24000100, 0x01000000, 
0xc3000000, 0x01000300, 0x01004008, 0x00001200, 0x00000100, 0x0100c200, 0x48000100, 0x10000100, 
0x0a000100, 0x01001700, 0x3c017a08, 0x10000100, 0x0a000100, 0x01001700, 0x3b016a08, 0x10000100, 
0x0a000100, 0x01001700, 0x3a015a08, 0x10000100, 0x0a000100, 0x01001700, 0x39014a08, 0x10000100, 
0x0a000100, 0x01001700, 0x38013a08, 0x10000600, 0x8e000500, 0x4c006600, 0x12003a00, 0x03001700, 
0x12000100, 0x22080100, 0x01000000, 0xc0000000, 0x09000100, 0x22001d00, 0x93009100, 0x96009400, 
0xca00b200, 0x0300d300, 0x9e070100, 0xfa070100, 0x01000000, 0xbf000000, 0x02000300, 0x1400f215, 
0xe8070100, 0x01000000, 0xbe000000, 0x01000100, 0x0300c000, 0xd8150200, 0x01001400, 0x0000ce07, 
0x00000100, 0x0100bd00, 0x26000800, 0xbf00be00, 0xd800c100, 0x0701d900, 0x03000801, 0x16000300, 
0x661d4e08, 0xa6070100, 0x01000000, 0xbc000000, 0x01000100, 0x01005901, 0x01001000, 0x16000a00, 
0xc4150200, 0x4f010500, 0x51015001, 0x57015601, 0x10000600, 0x0a000100, 0x01001600, 0x0500aa15, 
0x10001400, 0x10001000, 0x01001000, 0x02001a00, 0x06001600, 0x01000000, 0x0e010200, 0x01003d00, 
0xba000000, 0x01000000, 0x3d000100, 0x00000100, 0x0200ba00, 0x01001000, 0x15000a00, 0x3a230100, 
0x84160200, 0x02000a00, 0x5601c200, 0x10000600, 0x0a000100, 0x01001500, 0x02002023, 0x0a000a00, 
0x04000100, 0x01000000, 0x3d000100, 0x00000100, 0x0100b800, 0x01001000, 0x14002c01, 0x10000600, 
0x0a000100, 0x03001400, 0x9a080100, 0x601a0100, 0x01000000, 0xb6000000, 0x10000100, 0x0a000100, 
0x02001300, 0x0200441a, 0x84017e01, 0x10000100, 0x0a000100, 0x02001300, 0x0200301a, 0x83017d01, 
0x10000100, 0x0a000100, 0x02001300, 0x02001c1a, 0x85018001, 0x10000600, 0x60000300, 0x0e003e00, 
0x03001300, 0x12000100, 0x041a0100, 0x01000000, 0xb4000000, 0x0d000100, 0x2a002000, 0x4a004900, 
0x8d008b00, 0x9b009400, 0xa2009e00, 0xa900a500, 0x03000901, 0x12000100, 0xd4190100, 0x01000000, 
0xb3000000, 0x06000100, 0x2e012c01, 0x3b013a01, 0x3d013c01, 0x01000300, 0x01001200, 0x0000b219, 
0x00000100, 0x0100b200, 0x1d002500, 0x1f001e00, 0x24002300, 0x26002500, 0x30002800, 0x3a003800, 
0x93008f00, 0x96009500, 0x9c009700, 0xa400a300, 0xad00a700, 0xbd00af00, 0xbf00be00, 0xc100c000, 
0x0201c300, 0x05010301, 0x07010601, 0x30012f01, 0x39013201, 0x10000100, 0x0a000100, 0x02001200, 
0x02004819, 0x86018101, 0x10000100, 0x0a000100, 0x02001200, 0x06004c00, 0x82017c01, 0x89018801, 
0x8b018a01, 0x10000600, 0x26000200, 0x12000c00, 0x02000300, 0x14002e47, 0x16190100, 0x01000000, 
0xb0000000, 0x01000100, 0x03003200, 0x14470200, 0x01002400, 0x00001400, 0x00000100, 0x0100af00, 
0x3e000600, 0x40003f00, 0x4e004100, 0x01004f00, 0x25000300, 0x38002600, 0x00000400, 0x08000100, 
0x2e000100, 0x08000100, 0x04000100, 0x02003001, 0x06003e00, 0x01000000, 0x03000800, 0x1a000100, 
0x14000200, 0x0000b201, 0x00000100, 0x0100ad00, 0x2f010100, 0x02000100, 0xfc00e700, 0x00000200, 
0x08000100, 0x4a010100, 0x22000100, 0x00000200, 0x08000100, 0x0a000100, 0x22150200, 0x01001200, 
0x3f000200, 0x02004000, 0x5a014301, 0x00000600, 0x64000400, 0x26004a00, 0x03000e00, 0x2a3e0100, 
0x12000100, 0x01000000, 0xaa000000, 0x01000100, 0x03004000, 0x1c000200, 0x01001400, 0x0000fc00, 
0x00000100, 0x0100aa00, 0xe1000200, 0x0100fb00, 0x20010200, 0x03002101, 0x3e090200, 0x01001400, 
0x0000d800, 0x00000100, 0x0100ab00, 0xef000100, 0x01000300, 0x01000201, 0x0000be00, 0x00000100, 
0x0100aa00, 0x01001000, 0x11000a00, 0xa2000100, 0x0100d600, 0x01001000, 0x11000a00, 0xca170200, 
0x14010200, 0x06001601, 0x05001000, 0x9800b600, 0x3e007600, 0x11001200, 0x02000300, 0x14002200, 
0x76000100, 0x01000000, 0xa8000000, 0x05000100, 0xdf00c800, 0xed00e500, 0x0200f600, 0x17010100, 
0x00002601, 0x02000300, 0x14002800, 0x88000100, 0x01000000, 0xa7000000, 0x08000100, 0xdf00c800, 
0xe500e100, 0xef00ed00, 0xfb00f600, 0x02000200, 0x26011701, 0x3c010000, 0x10003c01, 0x01000300, 
0x01001800, 0x00001200, 0x00000100, 0x0100a700, 0x3f000100, 0x03000100, 0x5a003300, 0x03005b00, 
0x12000100, 0x2e000100, 0x01000000, 0xa7000000, 0x04000100, 0x5a003300, 0x9a005b00, 0x02000300, 
0x1600d017, 0x10000100, 0x00000000, 0x01000100, 0x01003e00, 0x9a000100, 0x00000400, 0x08000100, 
0x3a000100, 0x30000400, 0x1c002600, 0x01000e00, 0xbb000400, 0x12010400, 0x3e002c01, 0x04000100, 
0x0200bd00, 0x01003e00, 0xbc000400, 0x3e000200, 0x04000100, 0x0200ba00, 0x01003e00, 0x1b000400, 
0x38003500, 0x0100f300, 0x01001000, 0x03001c09, 0x10000100, 0x0a000100, 0x02000300, 0x02000a00, 
0x6b016b01, 0x02000100, 0x61013c00, 0x10000100, 0x0a000100, 0x02000300, 0x09001800, 0x3c006a01, 
0x63016101, 0x65016301, 0x68016601, 0x01006c01, 0x3c000900, 0x62016101, 0x66016401, 0x68016701, 
0x6b016901, 0x10000600, 0x9a010e00, 0x62017e01, 0x26014601, 0xdc000201, 0xac00c000, 0x6e008e00, 
0x3a005a00, 0x03002400, 0x00000300, 0x30000100, 0xb20d0300, 0xc82b4003, 0x00000100, 0x0300a200, 
0x01000000, 0x02001a00, 0xb22b1400, 0x00000100, 0x0100a200, 0x91000100, 0x01000100, 0x03006b01, 
0x01000000, 0x0200f62d, 0x922b8a41, 0x00000100, 0x0300a400, 0x01000000, 0x0200e22d, 0x7e2b1400, 
0x00000100, 0x0100a300, 0x1b000400, 0xc6002900, 0x0300df00, 0x01000000, 0x0300c22d, 0xd6021600, 
0x01005e2b, 0xa3000000, 0x02000100, 0xf500c700, 0x00000300, 0xa42d0100, 0x583c0200, 0x0100402b, 
0xa2000000, 0x00000300, 0x3c000100, 0x14000200, 0x01002c2b, 0xa3000000, 0x02000100, 0xdb003500, 
0x00000300, 0x20000100, 0x14000200, 0x0100102b, 0xa2000000, 0x04000100, 0x2d001a00, 0xe900c800, 
0x01000100, 0x03006101, 0x01000000, 0x02001e00, 0xea2a1400, 0x00000100, 0x0100a200, 0x99000300, 
0xf600ea00, 0x01000100, 0x03006201, 0x01000000, 0x02001a00, 0xc62a1400, 0x00000100, 0x0100a200, 
0xb3000100, 0x01000100, 0x03006401, 0x01000000, 0x03001600, 0xd00dc216, 0x0100a62a, 0xa2000000, 
0x01000100, 0x03006601, 0x01000000, 0x03001600, 0x620d6a0d, 0x01008a2a, 0xa2000000, 0x01000100, 
0x03006701, 0x01000000, 0x03001600, 0xb20d701f, 0x01006e2a, 0xa2000000, 0x01000100, 0x03006801, 
0x01000000, 0x03001600, 0x960d7c22, 0x0100522a, 0xa2000000, 0x01000100, 0x01006901, 0x01001000, 
0x10000a00, 0x2c2a0100, 0x01001401, 0x01001000, 0x10000a00, 0x1c2a0100, 0x01001201, 0x01001000, 
0x10000a00, 0x0c2a0100, 0x06001301, 0x06001000, 0xa400c400, 0x68008800, 0x14003a00, 0x03001000, 
0x01000000, 0x0300f229, 0xb80f1600, 0x01003a00, 0x9f000000, 0x06000100, 0xe800da00, 0xf300eb00, 
0x5d01fd00, 0x00000300, 0xcc290100, 0x1e000200, 0x01001400, 0x9f000000, 0x03000100, 0x4d014c01, 
0x01004e01, 0x26000600, 0xbf00be00, 0xc100c000, 0x0300d800, 0x12000100, 0x9e290100, 0x01000000, 
0xa0000000, 0x05000100, 0xc2002400, 0xd500c300, 0x03000501, 0x12000100, 0x7e290100, 0x01000000, 
0x9f000000, 0x01000200, 0x70016d01, 0x03000000, 0x12000100, 0x62290100, 0x01000000, 0x9f000000, 
0x05000100, 0x48002300, 0x4a014901, 0x03004b01, 0x12000100, 0x42290100, 0x01000000, 0x9e000000, 
0x01000100, 0x01003d00, 0x01001000, 0x0f000a00, 0x0c000200, 0x5f010300, 0x5f015f01, 0x03000100, 
0x1c000a00, 0x0600c900, 0x07001000, 0x8800d200, 0x56006c00, 0x2a004000, 0x0f001600, 0x02000300, 
0x8600e22a, 0x28150100, 0x01000000, 0x9c000000, 0x03000300, 0x1a2b240c, 0x01007200, 0x0000362b, 
0x00000100, 0x03009c00, 0xf40b0300, 0x5c00262b, 0x202b0100, 0x01000000, 0x9c000000, 0x03000300, 
0x7e2a4208, 0x01004600, 0x00000a2b, 0x00000100, 0x03009c00, 0x16000300, 0x30007412, 0xf42a0100, 
0x01000000, 0x9c000000, 0x01000100, 0x03004701, 0x24000200, 0x01001400, 0x0000d82a, 0x00000100, 
0x02009c00, 0x3c000200, 0x00003c00, 0x74016101, 0x01000100, 0x1a001100, 0x27001b00, 0x2d002900, 
0x91003500, 0x99009200, 0xc600b300, 0xdb00c800, 0xe900df00, 0xf600ea00, 0x01000300, 0x01001200, 
0x00008e2a, 0x00000100, 0x01009c00, 0x23000b00, 0x3d002400, 0x84004800, 0xd500c300, 0x49010501, 
0x4b014a01, 0x00000500, 0x08000100, 0x04280100, 0x08000100, 0x14000200, 0x02000600, 0x48000200, 
0x0d000000, 0x0d000100, 0x02000200, 0x00003d00, 0x01000c00, 0x05000c00, 0x01000000, 0x01000800, 
0x02000a00, 0x12002400, 0x02000100, 0x85003b00, 0x04000100, 0x02000200, 0x00000a00, 0x01000b00, 
0x01000b00, 0x02000400, 0x0a000200, 0x0a000000, 0x0a000100, 0x10000100, 0x0a000100, 0x01000e00, 
0x0d00de3d, 0x10000600, 0x0a000100, 0x03000e00, 0x12000100, 0xce3d0100, 0x01000000, 0x98000000, 
0x01000100, 0x05004501, 0x01000000, 0x01000800, 0x04000e00, 0x3e005000, 0x1a002c00, 0x04000100, 
0x47014301, 0x5a015901, 0x04000100, 0x02000200, 0x00004501, 0x01000600, 0x01000600, 0x02000400, 
0x45010200, 0x07000000, 0x07000100, 0x04000100, 0x02000200, 0x00004501, 0x01000400, 0x01000400, 
0x04000400, 0x47010400, 0x45015901, 0x05000000, 0x05000100, 0x05000200, 0x05000300, 0x00000100, 
0x08000100, 0xa8030200, 0x8d010400, 0x90019101, 0x01009501, 0x01000000, 0x02000800, 0x04009203, 
0x92018c01, 0x94018f01, 0x00000600, 0x60031c00, 0x20034003, 0xe002fe02, 0xa602c602, 0x72028e02, 
0x38025802, 0x06021c02, 0xac01ce01, 0x68018a01, 0x32014a01, 0xec000601, 0xc400d800, 0x8a00a800, 
0x52007600, 0x03003e00, 0x01000000, 0x02004603, 0x2013b41e, 0x00000100, 0x03009500, 0x01000000, 
0x02003203, 0x1400b028, 0x00000100, 0x01009500, 0x2d000600, 0xe9003700, 0x0b01ea00, 0x03000f01, 
0x01000000, 0x02000e03, 0xe8121c21, 0x00000100, 0x03009500, 0x01000000, 0x0200fa02, 0x14004428, 
0x00000100, 0x01009500, 0x0d010300, 0x35012b01, 0x00000300, 0xdc020100, 0x84220200, 0x01001400, 
0x95000000, 0x02000100, 0xe2002a00, 0x00000300, 0xc0020100, 0xba220200, 0x01007807, 0x95000000, 
0x00000300, 0xac020100, 0x28000200, 0x01003e0b, 0x95000000, 0x00000300, 0x98020100, 0x14000400, 
0x440b2a0b, 0x00002e11, 0x01000100, 0x0300dc00, 0x01000000, 0x02007e02, 0x14002000, 0x00000100, 
0x01009500, 0x02010400, 0x07010301, 0x01000801, 0xda000400, 0xf500eb00, 0x03005d01, 0x01000000, 
0x04005202, 0xc216fa21, 0xca0e8011, 0x00000100, 0x03009500, 0x01000000, 0x03003a02, 0x1600540f, 
0x0100b20e, 0x95000000, 0x02000100, 0x47011101, 0x00000300, 0x1c020100, 0xf0110200, 0x01001400, 
0x95000000, 0x05000100, 0x0a010901, 0x33012b01, 0x03003501, 0x01000000, 0x0200fa01, 0x14001a00, 
0x00000100, 0x01009500, 0x28010100, 0x02000100, 0xdf00c600, 0x00000300, 0xd8010100, 0x1c000200, 
0x01001400, 0x95000000, 0x02000100, 0x34012901, 0x01000100, 0x0300c500, 0x01000000, 0x0100b601, 
0x01001200, 0x95000000, 0x11000100, 0x1b001a00, 0x29002700, 0x35002d00, 0x87008600, 0x8d008800, 
0x95008e00, 0xa500a100, 0xb300a900, 0x0300d700, 0x01000000, 0x03007e01, 0x2a0a300a, 0x01001410, 
0x94000000, 0x00000300, 0x68010100, 0x14000200, 0x01004e1a, 0x94000000, 0x02000100, 0xf800e600, 
0x00000300, 0x4c010100, 0x1a000200, 0x01001400, 0x94000000, 0x01000100, 0x01002001, 0xe1000100, 
0x00000300, 0x2c010100, 0x5e210200, 0x01001400, 0x94000000, 0x01000100, 0x03006001, 0x01000000, 
0x03001201, 0xd2196621, 0x01001600, 0x94000000, 0x01000100, 0x03001d01, 0x01000000, 0x0100f600, 
0x01001200, 0x94000000, 0x01000100, 0x0300bf00, 0x01000000, 0x0200de00, 0x14001a00, 0x00000100, 
0x01009400, 0x19010100, 0x01000100, 0x0300cc00, 0x01000000, 0x0200be00, 0x8c101400, 0x00000100, 
0x01009400, 0x8a000100, 0x00000300, 0xa4000100, 0x14000200, 0x01003a0f, 0x94000000, 0x03000100, 
0xca008f00, 0x0300cf00, 0x01000000, 0x02008600, 0x14001a00, 0x00000100, 0x01009400, 0x1b010100, 
0x02000100, 0xc800c500, 0x00000300, 0x64000100, 0x1a000200, 0x01001400, 0x94000000, 0x01000100, 
0x01001801, 0xc6000100, 0x00000300, 0x44000100, 0x14000200, 0x0100c80d, 0x94000000, 0x04000100, 
0xe500c900, 0xf400ed00, 0x00000300, 0x24000100, 0x12000100, 0x00000100, 0x01009400, 0x90000700, 
0x9a009800, 0xb500b000, 0xb900b600, 0x04000100, 0x43004200, 0x93018e01, 0x10000100, 0x0a000100, 
0x01000d00, 0x30019225, 0x10000100, 0x0a000100, 0x01000d00, 0x2f018225, 0x10000100, 0x0a000100, 
0x01000d00, 0x2e017225, 0x10000100, 0x0a000100, 0x01000d00, 0x25016225, 0x10000100, 0x0a000100, 
0x01000d00, 0x26015225, 0x10000100, 0x0a000100, 0x01000d00, 0x27014225, 0x10000100, 0x0a000100, 
0x01000d00, 0x28013225, 0x10000100, 0x0a000100, 0x01000d00, 0x29012225, 0x10000100, 0x0a000100, 
0x01000d00, 0x2a011225, 0x10000100, 0x0a000100, 0x01000d00, 0x2b010225, 0x10000100, 0x0a000100, 
0x01000d00, 0x2c01f224, 0x10000100, 0x0a000100, 0x01000d00, 0x2d01e224, 0x10000600, 0xe2053200, 
0xa805c605, 0x7a058e05, 0x3c055e05, 0x14052805, 0xea04fe04, 0xb204ce04, 0x7e049e04, 0x48046804, 
0x20043404, 0xf2030604, 0xbc03d803, 0x80039a03, 0x46036203, 0x10032a03, 0xd802fc02, 0xaa02be02, 
0x72028c02, 0x3c025c02, 0x0c022802, 0xca01f201, 0x9401ae01, 0x3e017a01, 0xe0002401, 0x8a00a600, 
0x0d006c00, 0x00000300, 0x70240100, 0x12000100, 0x00000100, 0x01009200, 0x1e000400, 0xcf00ce00, 
0x0300f900, 0x01000000, 0x01005224, 0x01001200, 0x91000000, 0x03000100, 0x92009100, 0x0300da00, 
0x01000000, 0x01003624, 0x01001200, 0x90000000, 0x12000100, 0x25001f00, 0x38002600, 0x93004a00, 
0xb700b600, 0xd000bd00, 0xd900d800, 0xe600e200, 0xfe00f000, 0x5d01ff00, 0x00000300, 0xfc230100, 
0x12000100, 0x00000100, 0x01008f00, 0x1a001700, 0x1d001c00, 0x2e002d00, 0x31003000, 0x37003500, 
0x9a009400, 0xb5009f00, 0xca00c800, 0xd600d300, 0xdb00d800, 0xec00e900, 0xfb00f700, 0x00000300, 
0xb8230100, 0xb81d0200, 0x01001400, 0x8e000000, 0x01000100, 0x03001301, 0x01000000, 0x01009e23, 
0x01001200, 0x8e000000, 0x13000100, 0x25002200, 0x87004900, 0x97008b00, 0x99009800, 0xad00a700, 
0xc500b400, 0xe100de00, 0xea00e700, 0xf300f200, 0x0300f600, 0x01000000, 0x02006223, 0x1400de03, 
0x00000100, 0x01008d00, 0x0f010100, 0x00000300, 0x48230100, 0x14000200, 0x01008616, 0x8d000000, 
0x01000100, 0x0300f800, 0x01000000, 0x02002e23, 0x14005a0d, 0x00000100, 0x01008d00, 0x09010200, 
0x03000a01, 0x01000000, 0x01001223, 0x01001200, 0x8d000000, 0x09000100, 0x8c003400, 0x9b009600, 
0xa0009c00, 0xb000af00, 0x0300fc00, 0x01000000, 0x0200ea22, 0x14005022, 0x00000100, 0x01008c00, 
0x00010100, 0x00000300, 0xd0220100, 0x18010200, 0x01001400, 0x8c000000, 0x02000100, 0xd0001e00, 
0x00000300, 0xb4220100, 0xd8110200, 0x01002800, 0x8c000000, 0x00000300, 0xa0220100, 0x1a000200, 
0x01001400, 0x8c000000, 0x01000100, 0x01001001, 0xe5000100, 0x00000300, 0x80220100, 0x801c0300, 
0x50094811, 0x00000100, 0x03008c00, 0x01000000, 0x02006a22, 0xcc051400, 0x00000100, 0x01008c00, 
0xfd000100, 0x00000300, 0x50220100, 0x501c0200, 0x01001400, 0x8c000000, 0x03000100, 0x0701e200, 
0x03000801, 0x01000000, 0x02003222, 0x1c02d014, 0x00000100, 0x03008c00, 0x01000000, 0x02001e22, 
0x14009a02, 0x00000100, 0x01008c00, 0x0b010100, 0x00000300, 0x04220100, 0x12000100, 0x00000100, 
0x01008c00, 0x90000700, 0xa600a500, 0xb300a900, 0xe400d100, 0x00000300, 0xe0210100, 0x0c0c0200, 
0x0100b008, 0x8b000000, 0x00000300, 0xcc210100, 0x14000200, 0x0100aa26, 0x8b000000, 0x01000100, 
0x0300cd00, 0x01000000, 0x0200b221, 0x14003801, 0x00000100, 0x01008b00, 0x08010200, 0x03000d01, 
0x01000000, 0x02009621, 0x1400961b, 0x00000100, 0x01008b00, 0x2a000200, 0x03000a01, 0x01000000, 
0x02007a21, 0x1400c217, 0x00000100, 0x01008b00, 0x2a000300, 0x0a010701, 0x00000300, 0x5c210100, 
0xc2190200, 0x01001400, 0x8b000000, 0x01000100, 0x03000201, 0x01000000, 0x01004221, 0x01001200, 
0x8b000000, 0x06000100, 0x89008600, 0x9e009500, 0xb100ae00, 0x00000300, 0x20210100, 0x14000200, 
0x01003000, 0x8a000000, 0x02000100, 0xd700cb00, 0x00000300, 0x04210100, 0x561b0200, 0x01001400, 
0x8a000000, 0x01000100, 0x03000e01, 0x01000000, 0x0200ea20, 0xb001a20a, 0x00000100, 0x03008a00, 
0x01000000, 0x0200d620, 0x38041400, 0x00000100, 0x01008a00, 0xeb000100, 0x00000300, 0xbc200100, 
0x5e200200, 0x01008c07, 0x8a000000, 0x00000300, 0xa8200100, 0x28030200, 0x01000a04, 0x8a000000, 
0x00000300, 0x94200100, 0x1a000200, 0x01001400, 0x8a000000, 0x01000100, 0x01000701, 0xda000100, 
0x00000300, 0x74200100, 0xbc160300, 0x44073c0f, 0x00000100, 0x03008a00, 0x01000000, 0x02005e20, 
0x1400c418, 0x00000100, 0x01008a00, 0x03010400, 0x08010701, 0x03000d01, 0x01000000, 0x02003e20, 
0xe01fba00, 0x00000100, 0x03008a00, 0x01000000, 0x02002a20, 0x1400f015, 0x00000100, 0x01008a00, 
0x0b010200, 0x03000f01, 0x01000000, 0x01000e20, 0x01001200, 0x8a000000, 0x03000100, 0xa200a100, 
0x0300ac00, 0x01000000, 0x0200f21f, 0x9e0e9806, 0x00000100, 0x03008900, 0x01000000, 0x0300de1f, 
0xde009609, 0x01002c33, 0x89000000, 0x00000300, 0xc81f0100, 0x66120200, 0x0100aa34, 0x89000000, 
0x00000300, 0xb41f0100, 0x520f0200, 0x0100920c, 0x89000000, 0x00000300, 0xa01f0100, 0x1c000200, 
0x01001400, 0x89000000, 0x02000100, 0xea002d00, 0x01000100, 0x0300f900, 0x01000000, 0x01007e1f, 
0x01001200, 0x89000000, 0x03000100, 0x8d008800, 0x03008e00, 0x01000000, 0x0200621f, 0x42000012, 
0x00000100, 0x03008800, 0x01000000, 0x02004e1f, 0x1400d819, 0x00000100, 0x01008700, 0x01010100, 
0x00000300, 0x341f0100, 0xfa140200, 0x01001400, 0x87000000, 0x03000100, 0xe9002d00, 0x0300ea00, 
0x01000000, 0x0300161f, 0x1600a01e, 0x0100e608, 0x87000000, 0x01000100, 0x03005801, 0x01000000, 
0x0200fa1e, 0x9808841e, 0x00000100, 0x01008700, 0x01000800, 0x01000800, 0x3801de1e, 0x08000100, 
0x08000100, 0xd01e0100, 0x01003701, 0x01000800, 0x01000800, 0x3601c21e, 0x08000600, 0x32000300, 
0x0c002000, 0x00000300, 0xb01e0100, 0xfa190200, 0x01009a01, 0x85000000, 0x00000300, 0x9c1e0100, 
0xa6010100, 0x00000100, 0x03008400, 0x01000000, 0x01008a1e, 0x0100ae01, 0x83000000, 0x10000100, 
0x0a000100, 0x01000400, 0x31016e1e, 0x10000100, 0x0a000100, 0x01000400, 0x32015e1e, 0x10000100, 
0x0a000100, 0x01000400, 0x33014e1e, 0x10000100, 0x0a000100, 0x01000400, 0x34013e1e, 0x10000100, 
0x0a000100, 0x01000400, 0x35012e1e, 0x10000600, 0x88000500, 0x48006800, 0x12003400, 0x03000400, 
0x01000000, 0x0200161e, 0x8c001400, 0x00000100, 0x01008100, 0x26000500, 0xc100bf00, 0xd900d800, 
0x00000300, 0xf41d0100, 0x78010200, 0x01006a00, 0x80000000, 0x00000300, 0xe01d0100, 0x16000300, 
0x56004201, 0x00000100, 0x01007f00, 0xda000300, 0x5d01fd00, 0x00000300, 0xc01d0100, 0x16000300, 
0x36002201, 0x00000100, 0x01007e00, 0xeb000300, 0xf500f300, 0x00000300, 0xa01d0100, 0x20000300, 
0x16000201, 0x00000100, 0x02007d00, 0x49010100, 0x00005101, 0x01000100, 0x0100e800, 0x01001000, 
0x0c000a00, 0x10010100, 0x01000400, 0x01001000, 0x0c000a00, 0x10000200, 0x4c010500, 0x4e014c01, 
0x55015401, 0x05000100, 0x4a014901, 0x52014b01, 0x06005301, 0x07001000, 0xac00ce00, 0x6e008e00, 
0x32005200, 0x0c001600, 0x03000300, 0x76181600, 0x01002c1d, 0x00003000, 0x00000100, 0x01007a00, 
0x05010100, 0x02000300, 0x101d1a00, 0x14000100, 0x01000000, 0x7a000000, 0x01000100, 0x01005301, 
0xc3000100, 0x02000300, 0xf01c1400, 0x08100100, 0x01000000, 0x7a000000, 0x02000100, 0xd500c200, 
0x02000300, 0xd41c1a00, 0x14000100, 0x01000000, 0x7a000000, 0x01000100, 0x01004b01, 0xc1000100, 
0x03000300, 0x2c181600, 0x0100b41c, 0x00005400, 0x00000100, 0x01007b00, 0x07010200, 0x03000801, 
0x1a000200, 0x0100961c, 0x00001400, 0x00000100, 0x01007a00, 0x4a010100, 0x02000100, 0xc000be00, 
0x02000300, 0x741c1a00, 0x14000100, 0x01000000, 0x7a000000, 0x01000100, 0x01004901, 0x26000400, 
0xd800bf00, 0x0200d900, 0x01001000, 0x0c000a00, 0xc60c0100, 0x10000200, 0x02000a00, 0x5201c200, 
0x26000200, 0x06004901, 0x01001000, 0x0c000a00, 0xa60c0100, 0x0a000200, 0x01000a00, 0x01000400, 
0x01003c00, 0x01000000, 0x78000000, 0x00000100, 0x08000100, 0x0a320100, 0x06002701, 0x01000000, 
0x01000800, 0x0100fc31, 0x01000800, 0x01000400, 0x0100d600, 0x29010100, 0x00000100, 0x02007600, 
0x01001000, 0x0b000a00, 0x36130100, 0x08000100, 0x47010200, 0x02003301, 0x01001000, 0x0b000a00, 
0x0c000100, 0x820f0300, 0x16001c00, 0x03000100, 0x33012b01, 0x02004301, 0x5b014301, 0x33010200, 
0x02004701, 0x01001000, 0x0b000a00, 0x16000100, 0x54000800, 0x48004e00, 0x3c004200, 0x30003600, 
0x01002a00, 0xca000800, 0x2c012b01, 0x38013301, 0x41014001, 0x02004301, 0x59014301, 0x41010200, 
0x02005b01, 0x5b014001, 0x12010200, 0x02003801, 0x59013301, 0x12010200, 0x02002c01, 0x47012b01, 
0xca000200, 0x02005901, 0x01001000, 0x0b000a00, 0x30000100, 0xdc001500, 0xd000d600, 0xc200ca00, 
0xb600bc00, 0xaa00b000, 0x9e00a400, 0x90009600, 0x84008a00, 0x78007e00, 0x6c007200, 0x5e006600, 
0x15000100, 0xe300ca00, 0x1c010d01, 0x25012201, 0x2b012901, 0x2e012c01, 0x33013101, 0x38013501, 
0x3b013a01, 0x40013c01, 0x42014101, 0x03004301, 0x47014301, 0x02005901, 0x46014201, 0x41010200, 
0x02005901, 0x5a014001, 0x11010200, 0x02003c01, 0x47013b01, 0x3a010200, 0x02005c01, 0x47013801, 
0x35010200, 0x03004701, 0x47013301, 0x02005901, 0x31011301, 0x2e010200, 0x02004701, 0x47012c01, 
0x2b010200, 0x02005a01, 0x5a012901, 0x25010200, 0x03005c01, 0x47012201, 0x02005901, 0x5a011c01, 
0x0d010200, 0x02004701, 0x5801e300, 0xca000200, 0x06005801, 0x2c001000, 0x40045204, 0x1a042c04, 
0xe8030004, 0xb003ce03, 0x72039403, 0x4e036203, 0x1e033603, 0xe8020a03, 0xba02ce02, 0x9002a202, 
0x60027c02, 0x24023c02, 0xf4010c02, 0xbe01e001, 0x84019c01, 0x5a017201, 0x30014801, 0x00011801, 
0xd400ee00, 0xa800bc00, 0x84009600, 0x60007200, 0x03000b00, 0x2a100100, 0x200d0100, 0x01000000, 
0x71000000, 0x01000300, 0x01001810, 0x0000d000, 0x00000100, 0x03007200, 0x06100100, 0x2a010100, 
0x01000000, 0x72000000, 0x01000300, 0x0100f40f, 0x0000de03, 0x00000100, 0x03007300, 0xe20f0100, 
0xcc030100, 0xb8060100, 0x00000100, 0x03007300, 0xce0f0100, 0x12000100, 0x01000000, 0x71000000, 
0x01000100, 0x03003c01, 0x14080200, 0x01001400, 0x00001a08, 0x00000100, 0x01007100, 0xd1000100, 
0x01000300, 0x01008003, 0x0000be10, 0x00000100, 0x03007400, 0xb4000100, 0x12000100, 0x01000000, 
0x71000000, 0x01000100, 0x03000d01, 0x9c000100, 0x12000100, 0x01000000, 0x71000000, 0x01000100, 
0x03003b01, 0x84000100, 0x12000100, 0x01000000, 0x71000000, 0x01000100, 0x03003801, 0x6c000100, 
0x2c030100, 0x01000000, 0x72000000, 0x01000300, 0x01005a00, 0x00001200, 0x00000100, 0x01007100, 
0x35010100, 0x01000300, 0x01004200, 0x00003a10, 0x00000100, 0x03007300, 0x30000100, 0x12000100, 
0x01000000, 0x71000000, 0x01000100, 0x03002e01, 0x18000100, 0x12000100, 0x01000000, 0x71000000, 
0x01000100, 0x01002c01, 0xc7000300, 0xf500da00, 0x01000300, 0x0100b002, 0x01001000, 0x0000f60b, 
0x07000100, 0x2c012b01, 0x33012e01, 0x38013501, 0x03003b01, 0x94020200, 0x0100fe13, 0x0000d40b, 
0x00000100, 0x03007300, 0x66000100, 0x12000100, 0x01000000, 0x71000000, 0x01000100, 0x03003a01, 
0x4e000100, 0x12000100, 0x01000000, 0x71000000, 0x01000100, 0x03002501, 0x36000100, 0x062c0100, 
0x10000100, 0x01000000, 0x3e000200, 0x03003f00, 0x1e000100, 0x16000100, 0x10000100, 0x01000000, 
0x3e010100, 0x02000100, 0x3a012501, 0x01000100, 0x0300ed00, 0x12000100, 0x9a000100, 0x01000000, 
0x72000000, 0x03000100, 0xfe003800, 0x0300ff00, 0xf8010200, 0x01003600, 0x0000fe0a, 0x00000100, 
0x03007200, 0x88170100, 0xe4010100, 0x01000000, 0x71000000, 0x01000300, 0x01001000, 0x0100d201, 
0x0000d80a, 0x02000100, 0xfa00f900, 0x02000300, 0x28004000, 0x76000100, 0x01000000, 0x71000000, 
0x02000300, 0x14002c00, 0x7a000100, 0x01000000, 0x71000000, 0x01000100, 0x0300de00, 0x18000100, 
0x12000100, 0x01000000, 0x71000000, 0x01000100, 0x01004001, 0x97000300, 0x31013001, 0x02000300, 
0xc211422d, 0x3e000100, 0x01000000, 0x71000000, 0x01000300, 0x0100ae11, 0x00001200, 0x00000100, 
0x01007100, 0x1c010100, 0x01000300, 0x01009611, 0x00001200, 0x00000100, 0x01007100, 0x29010100, 
0x02000300, 0xbc052601, 0x2c0a0100, 0x01000000, 0x71000000, 0x00000300, 0x4a0e0100, 0x01000000, 
0x72000000, 0x03000300, 0x0201f600, 0x01001600, 0x0000420a, 0x00000100, 0x01007200, 0xe2000400, 
0x1101ee00, 0x03005d01, 0xe0000200, 0x01001400, 0x0000200a, 0x00000100, 0x01007200, 0xe2000200, 
0x03001101, 0xc4000400, 0x5a051800, 0x01009210, 0x0000040a, 0x00000100, 0x01007200, 0x44010100, 
0x00000300, 0xfe150100, 0x12000100, 0x00000100, 0x01007200, 0x87000200, 0x0300c500, 0x01000000, 
0x01001200, 0x0100a829, 0x71000000, 0x01000100, 0x0300e300, 0x01000000, 0x0100cc15, 0x01001200, 
0x71000000, 0x02000100, 0xc9001c00, 0x01000300, 0x01005400, 0x0000920d, 0x00000100, 0x03007100, 
0x48000200, 0x01004200, 0x00008809, 0x00000100, 0x03007100, 0x34000200, 0x01002e00, 0x01007409, 
0x00002800, 0x03000300, 0x22006209, 0x01001c00, 0x00001600, 0x00000100, 0x01007100, 0x22010100, 
0x01000100, 0x0100c700, 0x2b010100, 0x10000200, 0x0a000100, 0x01000a00, 0x01000a2f, 0x02007c0a, 
0x01001000, 0x0a000a00, 0x0a000100, 0x12000200, 0x01004a0a, 0xc4000200, 0x02002b01, 0x5a019a00, 
0x10000200, 0x0a000100, 0x01000a00, 0x0b008a00, 0x58005e00, 0x4c005200, 0x40004600, 0x34003a00, 
0x24002e00, 0x03001c00, 0x44011301, 0x04003001, 0x44011101, 0x2b015901, 0x08010200, 0x02004401, 
0x44010701, 0x06010200, 0x02004401, 0x44010501, 0xe2000200, 0x02004401, 0x4401e100, 0xe0000200, 
0x02004401, 0x3e01ee00, 0x2a000200, 0x06004401, 0x01001000, 0x0a000a00, 0x1c000100, 0x8e000b00, 
0x8e005a00, 0x8e008e00, 0x8e008e00, 0x8e008e00, 0x8e003600, 0x0b000100, 0xc4002a00, 0xe100e000, 
0x0501e200, 0x07010601, 0x2b010801, 0x02003001, 0x06001400, 0x5d010100, 0x00000100, 0x00000100, 
0x01006e00, 0x01005d01, 0x41010100, 0x00000100, 0x03006d00, 0x18002600, 0x01000800, 0x0100fa00, 
0x3a010100, 0x00000100, 0x00006f00, 0x01000100, 0x01004001, 0x6e000000, 0x01000000, 0x2b010100, 
0x00000100, 0x01006d00, 0x01000400, 0x01005d01, 0x01000000, 0x6d000000, 0x10000100, 0x0a000100, 
0x01000000, 0x0e005a28, 0x10000100, 0x0a000100, 0x01000000, 0x0b004a28, 0x10000100, 0x0a000100, 
0x01000000, 0x0a003a28, 0x10000100, 0x0a000100, 0x01000000, 0x08002a28, 0x10000100, 0x0a000100, 
0x01000000, 0x07001a28, 0x10000100, 0x0a000100, 0x01000000, 0x06000a28, 0x10000100, 0x0a000100, 
0x01000000, 0x0500fa27, 0x10000100, 0x0a000100, 0x01000000, 0x0400ea27, 0x10000100, 0x0a000100, 
0x01000000, 0x0300da27, 0x10000100, 0x0a000100, 0x01000000, 0x0200ca27, 0x10000100, 0x0a000100, 
0x01000000, 0x0100ba27, 0x10000100, 0x0a000100, 0x01000000, 0x2900aa27, 0x10000100, 0x0a000100, 
0x01000000, 0x0f009a27, 0x10000100, 0x0a000100, 0x01000000, 0x0c008a27, 0x10000100, 0x0a000100, 
0x01000000, 0x09007a27, 0x10000600, 0x9c021500, 0x5a028202, 0x1e023e02, 0xe8010c02, 0xb001cc01, 
0x66019201, 0x28014601, 0xee000c01, 0xb200dc00, 0x70008c00, 0x32005600, 0x03000000, 0x12000100, 
0x42270100, 0x01000000, 0x6b000000, 0x07000100, 0xd200c900, 0xec00e500, 0xf400ed00, 0x0300f700, 
0x14000200, 0x0100d402, 0x00001e27, 0x00000100, 0x01005e00, 0x0c010100, 0x01000300, 0x01001200, 
0x00000427, 0x00000100, 0x01005e00, 0x86000300, 0x89008800, 0x02000300, 0x14001e00, 0xe8260100, 
0x01000000, 0x6a000000, 0x01000200, 0x2b012701, 0x01000000, 0x41010200, 0x03004301, 0x12000100, 
0xc2260100, 0x01000000, 0x6a000000, 0x0a000100, 0x8e008a00, 0xb6009200, 0x2701b800, 0x29012801, 
0x2b012a01, 0x01000300, 0x01007809, 0x00009826, 0x00000100, 0x03006900, 0x12000100, 0x86260100, 
0x01000000, 0x5d000000, 0x04000100, 0xe400e100, 0x0a01ef00, 0x01000300, 0x01001200, 0x00006826, 
0x00000100, 0x01006800, 0x22000300, 0xa3008c00, 0x01000300, 0x01001200, 0x00004c26, 0x00000100, 
0x01006700, 0x93000400, 0xff00d000, 0x03003201, 0x12000100, 0x2e260100, 0x01000000, 0x66000000, 
0x05000100, 0xc100a400, 0xd500cf00, 0x0300d900, 0x12000100, 0x0e260100, 0x01000000, 0x65000000, 
0x0b000100, 0x95008f00, 0xaf009600, 0xca00c300, 0xde00d600, 0x05010201, 0x03000601, 0x12000100, 
0xe2250100, 0x01000000, 0x64000000, 0x04000100, 0xc500b400, 0xdb00c800, 0x01000300, 0x01001200, 
0x0000c425, 0x00000100, 0x01006300, 0xbe000300, 0x0801bf00, 0x01000300, 0x01001200, 0x0000a825, 
0x00000100, 0x01006200, 0xcc000300, 0xf600ea00, 0x01000300, 0x01001200, 0x00008c25, 0x00000100, 
0x01006100, 0x99000700, 0xae00ac00, 0xc600b300, 0x0b01df00, 0x01000300, 0x0100cc2a, 0x00006825, 
0x00000100, 0x03006000, 0x1a000200, 0x01001400, 0x00005625, 0x00000100, 0x01005f00, 0x2a010100, 
0x01000100, 0x03004201, 0x3c000300, 0x4e0b1600, 0x36250100, 0x01000000, 0x5f000000, 0x01000100, 
0x03001101, 0x20000200, 0x01001400, 0x00001a25, 0x00000100, 0x01005f00, 0xc7000400, 0xe200da00, 
0x0100f500, 0x2b010200, 0x03003301, 0x14000200, 0x0100e010, 0x0000f224, 0x00000100, 0x01005e00, 
0xea000100, 0x02000300, 0xf00a1400, 0xd8240100, 0x01000000, 0x5d000000, 0x01000100, 0x0100e000, 
0x01001000, 0x00000a00, 0xf8090100, 0x0100e5ff, 0x01001000, 0x00000a00, 0xe8090100, 0x01000400, 
0x01001000, 0x00000a00, 0xd8090100, 0x01000300, 0x01001000, 0x00000a00, 0xc8090100, 0x01000200, 
0x01001000, 0x00000a00, 0xb8090100, 0x06000100, 0x05001000, 0x8000b200, 0x2c005c00, 0x00001200, 
0x01000300, 0x01001200, 0x0000a009, 0x00000100, 0x01005b00, 0x2b000200, 0x03002f00, 0x12000100, 
0x86090100, 0x01000000, 0x5a000000, 0x0d000100, 0xc700c400, 0xda00d200, 0xe900e200, 0xf100f000, 
0xf500f300, 0xfa00f900, 0x03005d01, 0x12000100, 0x56090100, 0x01000000, 0x59000000, 0x07000100, 
0xc1009300, 0xd100d000, 0xe400d300, 0x0300fe00, 0x12000100, 0x32090100, 0x01000000, 0x58000000, 
0x0e000100, 0x8f003000, 0xa4009500, 0xca00c500, 0xd500ce00, 0xd800d600, 0xde00dd00, 0x2f010801, 
0x01000300, 0x01001200, 0x00000009, 0x00000100, 0x01005700, 0x91000a00, 0xb200ac00, 0xc900c600, 
0xdf00d200, 0xed00ec00, 0x0200f400, 0x01001000, 0x00000a00, 0xd0210100, 0x08000100, 0xd9000200, 
0x02004901, 0x01001000, 0x00000a00, 0x0a000100, 0x8e0b0200, 0x0100880b, 0x23000200, 0x06002400, 
0x03001000, 0x20003200, 0x00000e00, 0x00000300, 0x60210100, 0x3a190100, 0x00000100, 0x03005400, 
0x01000000, 0x01008621, 0x01003e23, 0x55000000, 0x00000300, 0x74210100, 0x70080100, 0x00000100, 
0x01005400, 0x01001000, 0x00000a00, 0xa6210100, 0x0600b100, 0x01001000, 0x00000a00, 0x00000300, 
0x96210100, 0xea180100, 0x00000100, 0x01005200, 0x01001000, 0x00000a00, 0x3c010200, 0xc7001100, 
0xd100ce00, 0xd800d300, 0xdd00da00, 0x5d01e200, 0xf000e900, 0xf500f300, 0xfa00f900, 0x2f00fe00, 
0x10000100, 0x0a000100, 0x02000000, 0x1d004000, 0xc600c400, 0xc900c800, 0xcf00ca00, 0xd200d000, 
0xdb00d900, 0xe100df00, 0xea00e500, 0xed00ec00, 0xf100ef00, 0xf600f400, 0xfb00f700, 0xed00ff00, 
0xcc00c500, 0xe400de00, 0x01000801, 0x19001d00, 0x1b001a00, 0x1d001c00, 0x1f001e00, 0x26002100, 
0x29002700, 0x2b002a00, 0x2e002d00, 0x30002f00, 0x32003100, 0x36003500, 0x38003700, 0x87005b00, 
0x97008b00, 0x07019b00, 0x10000600, 0xda000600, 0xb200c600, 0x46007a00, 0x00001400, 0x00000300, 
0x12000100, 0x0a180100, 0x00000100, 0x01004f00, 0x19000e00, 0x1c001a00, 0x1f001d00, 0x29002100, 
0x32002e00, 0x8b008700, 0x9b009700, 0x03000701, 0x01000000, 0x01001200, 0x0100ee21, 0x4f000000, 
0x0f000100, 0x1e001b00, 0x27002600, 0x2b002a00, 0x2f002d00, 0x31003000, 0x36003500, 0x38003700, 
0x03005b00, 0x01000000, 0x01001200, 0x0100fe06, 0x50000000, 0x11000100, 0x1e001b00, 0x22002000, 
0x27002600, 0x2a002800, 0x2d002c00, 0x34003100, 0x36003500, 0x38003700, 0x03005b00, 0x01000000, 
0x0200fe1f, 0x8221c606, 0x00000100, 0x03004f00, 0x1c240300, 0xb806e21e, 0x0a230100, 0x6e210100, 
0x03000000, 0x10000100, 0x54220100, 0x9e060100, 0x01000000, 0xf0000100, 0x10000100, 0x0a000100, 
0x02000900, 0x04000e00, 0x40014001, 0x53014001, 0x04000100, 0x2c002800, 0x52014101, 0x10000600, 
0x7c000500, 0x3e005e00, 0x12002400, 0x03000900, 0x42140100, 0x38220100, 0x01000000, 0x4d000000, 
0x02000300, 0x14071400, 0x26220100, 0x01000000, 0x4d000000, 0x01000100, 0x03003001, 0x18000100, 
0x12000100, 0x01000000, 0x4d000000, 0x01000100, 0x01005201, 0xc3000200, 0x03000501, 0x18000100, 
0x12000100, 0x01000000, 0x4d000000, 0x01000100, 0x01004101, 0x31010100, 0x01000300, 0x01008c1a, 
0x00007a21, 0x00000100, 0x05004d00, 0x01001000, 0x08000a00, 0x02000300, 0x88200200, 0x00001200, 
0x01000800, 0x01000800, 0x43010100, 0x10000100, 0x0a000100, 0x02000700, 0x0300581e, 0x10013701, 
0x01003d01, 0x01001000, 0x07000a00, 0x421e0200, 0x36010300, 0x3c010f01, 0x10000200, 0x0a000100, 
0x01000700, 0x04000e00, 0x20002600, 0x20001a00, 0x04000100, 0x2f002b00, 0x5b003100, 0x11010200, 
0x02000d01, 0x2b011101, 0x2b010200, 0x01004301, 0x01001000, 0x07000a00, 0x10000200, 0x01010500, 
0x35012e01, 0x3b010e01, 0x05000100, 0x27001b00, 0x31002c00, 0x01003400, 0x01001000, 0x07000a00, 
0x28000200, 0x00011100, 0x02012c01, 0x06010301, 0x34010701, 0x32012f01, 0x34010901, 0x0b013801, 
0x0d013901, 0x30013a01, 0x11000100, 0x1b001a00, 0x1f001e00, 0x26002500, 0x28002700, 0x2a002900, 
0x2d002c00, 0x30002e00, 0x34003100, 0x02009700, 0x01001000, 0x07000a00, 0x16000100, 0x5a000800, 
0x4a005400, 0x3a004200, 0x3a003200, 0x01002a00, 0x19000800, 0x2b002100, 0x2f002c00, 0x5b003100, 
0x03003301, 0x44011101, 0x03003301, 0x44011101, 0x03000d01, 0x44011101, 0x03002b01, 0x44011101, 
0x04003501, 0x44011101, 0x43012b01, 0x2a010200, 0x02004201, 0x41012b01, 0x10000600, 0xf2032900, 
0xcc03de03, 0xa803ba03, 0x7e039003, 0x52036403, 0x26034003, 0xfa020c03, 0xbe02da02, 0x9402ac02, 
0x56027602, 0x26024402, 0xf2010c02, 0xc001da01, 0x9c01ae01, 0x72018a01, 0x42015401, 0x08012801, 
0xd000ee00, 0xa200b400, 0x7e009000, 0x5a006c00, 0x03000700, 0x2a010100, 0x6a210100, 0x01000000, 
0x48000000, 0x01000300, 0x01001801, 0x0000e020, 0x00000100, 0x03004800, 0xbe040100, 0x46210100, 
0x01000000, 0x45000000, 0x01000300, 0x0100ac04, 0x0000bc20, 0x00000100, 0x03004500, 0xec040100, 
0x12240100, 0x01000000, 0x4a000000, 0x01000300, 0x01001200, 0x00000024, 0x00000100, 0x01004900, 
0xf1000300, 0xfb00f300, 0x01000300, 0x01001200, 0x0000e423, 0x00000100, 0x01004700, 0xc7000400, 
0xef00e900, 0x0300f500, 0x9a230200, 0x01001400, 0x0000c623, 0x00000100, 0x01004600, 0xfa000100, 
0x01000300, 0x01001200, 0x0000ac23, 0x00000100, 0x01004600, 0xc4000500, 0xec00c900, 0xff00ed00, 
0x01000300, 0x01001200, 0x0000781c, 0x00000100, 0x01004a00, 0xe0000200, 0x0300e500, 0xd0090100, 
0x5e1c0100, 0x01000000, 0x49000000, 0x01000300, 0x01001200, 0x00004c1c, 0x00000100, 0x01004700, 
0xcb000400, 0xd800d700, 0x0300dd00, 0x12000100, 0x2e1c0100, 0x01000000, 0x48000000, 0x01000100, 
0x0300f300, 0xb2030100, 0x161c0100, 0x01000000, 0x45000000, 0x01000300, 0x01009c00, 0x0000041c, 
0x00000100, 0x03004600, 0x64090100, 0xee190100, 0x01000000, 0x46000000, 0x01000300, 0x01001200, 
0x0000121e, 0x00000100, 0x01004600, 0xe9000200, 0x0300f300, 0x12000100, 0x501d0100, 0x01000000, 
0x46000000, 0x01000100, 0x0300f200, 0x12000100, 0x081e0100, 0x01000000, 0x4a000000, 0x02000100, 
0xfb00f100, 0x01000300, 0x01001200, 0x0000ee1d, 0x00000100, 0x01004900, 0xcf000200, 0x0300dd00, 
0x12000100, 0xd41d0100, 0x01000000, 0x47000000, 0x04000100, 0xda00c700, 0xf500e900, 0x01000300, 
0x0100f802, 0x0000b61d, 0x00000100, 0x03004500, 0x12000100, 0xa41d0100, 0x01000000, 0x46000000, 
0x05000100, 0xc900c400, 0xe500e200, 0x0300ed00, 0x12000100, 0x221a0100, 0x01000000, 0x48000000, 
0x04000100, 0xe200c700, 0xf300ee00, 0x01000300, 0x0100a802, 0x00001200, 0x00000100, 0x01004500, 
0x33010100, 0x01000300, 0x01009002, 0x0000ec19, 0x00000100, 0x03004500, 0x12000100, 0x90190100, 
0x01000000, 0x46000000, 0x03000100, 0xf100e600, 0x0300fb00, 0x12000100, 0x741d0100, 0x01000000, 
0x46000000, 0x05000100, 0xea00e700, 0xf600f200, 0x0300fc00, 0x5c020100, 0x021a0100, 0x01000000, 
0x46000000, 0x01000300, 0x01001200, 0x0000c41b, 0x00000100, 0x01004700, 0xc7000200, 0x0300da00, 
0x12000100, 0xaa1b0100, 0x01000000, 0x46000000, 0x02000100, 0xfe00c500, 0x01000300, 0x01008c02, 
0x00007a1a, 0x00000100, 0x03004600, 0x62030100, 0x341a0100, 0x01000000, 0x46000000, 0x01000300, 
0x01001200, 0x00008a1a, 0x00000100, 0x01004500, 0xd1000200, 0x0300d300, 0x24000100, 0x9c0c0100, 
0x01000000, 0x46000000, 0x01000300, 0x01001200, 0x00009a1a, 0x00000100, 0x01004600, 0xf5000100, 
0x01000300, 0x01008c07, 0x00000e1b, 0x00000100, 0x03004700, 0x9c010100, 0xfc1a0100, 0x01000000, 
0x46000000, 0x01000300, 0x0100d606, 0x0000680a, 0x00000100, 0x03004600, 0x5e010100, 0x7a0e0100, 
0x701c0100, 0x00000100, 0x03004600, 0x12000100, 0x261c0100, 0x01000000, 0x45000000, 0x05000100, 
0xf300ee00, 0xfa00f900, 0x04005d01, 0x01001000, 0x06000a00, 0x20000100, 0x16000300, 0x0c001600, 
0x04000100, 0x02003301, 0x01002701, 0x31010400, 0x17010200, 0x03000100, 0x28001900, 0x06002b00, 
0x03001000, 0x32005600, 0x06000e00, 0x01000300, 0x02001a00, 0x14004418, 0x01000000, 0x43000000, 
0x01000100, 0x01002701, 0xc7000300, 0x5d01e200, 0x01000300, 0x02001400, 0xac1ad61b, 0x01000000, 
0x43000000, 0x06000100, 0xe900e600, 0xf300f100, 0xfb00f600, 0x01000300, 0x02005602, 0x881a7c1b, 
0x01000000, 0x43000000, 0x10000100, 0x0a000100, 0x01000000, 0xb6004218, 0x10000100, 0x0a000100, 
0x02000000, 0x08001600, 0x0a010801, 0x05019700, 0x2f010601, 0x0b013201, 0x08000100, 0x2a002600, 
0xd500c400, 0xdd00d600, 0xec00df00, 0x10000600, 0xfa000900, 0xbe00e000, 0x8800aa00, 0x4e006a00, 
0x1a003400, 0x03000000, 0x04060100, 0x14000100, 0x161a0100, 0x00000100, 0x01004000, 0xec000100, 
0x01000300, 0x01001400, 0x0100d417, 0x0100fc19, 0x41000000, 0x01000100, 0x03005d01, 0x14000100, 
0xba170100, 0xe2190100, 0x00000100, 0x01004000, 0xc7000200, 0x0300f300, 0x18000100, 0x12000100, 
0x01000000, 0x40000000, 0x01000100, 0x0100df00, 0xe6000100, 0x01000300, 0x01001800, 0x00001200, 
0x00000100, 0x01004000, 0xdd000100, 0x03000100, 0xf200e700, 0x0300fc00, 0x16010100, 0xe8170100, 
0x86190100, 0x00000100, 0x03004000, 0x1a000100, 0x14000100, 0x72190100, 0x00000100, 0x01004000, 
0xd6000100, 0x02000100, 0x5d01f300, 0x01000300, 0x0100b200, 0x01001400, 0x01005019, 0x40000000, 
0x01000100, 0x0300d500, 0x01000000, 0x01009a1e, 0x0100601a, 0x40000000, 0x10000200, 0x0a000100, 
0x01000500, 0x01006217, 0x02000800, 0x49010801, 0x10000200, 0x0a000100, 0x01000500, 0x05001000, 
0x30003800, 0x24002a00, 0x01001e00, 0x19000500, 0x23002100, 0xc4002400, 0xee000200, 0x02003f01, 
0x53010501, 0x07010200, 0x03004901, 0x42012b01, 0x02004801, 0x40011900, 0x10000600, 0x9a000600, 
0x66007e00, 0x2e004200, 0x05001400, 0x01000300, 0x01001200, 0x0000c016, 0x00000100, 0x01003d00, 
0xdc000200, 0x03005d01, 0x26000100, 0xde160100, 0x96180100, 0x00000100, 0x03003e00, 0x12000100, 
0xca160100, 0x01000000, 0x3d000000, 0x07000100, 0xe800da00, 0xf300eb00, 0xfd00f500, 0x03005d01, 
0x12000100, 0x28170100, 0x01000000, 0x3d000000, 0x01000100, 0x0300ee00, 0x14000100, 0x3a190100, 
0x46180100, 0x00000100, 0x01003d00, 0xf8000200, 0x0300fb00, 0x01000000, 0x01008e1d, 0x01001e19, 
0x3d000000, 0x10000200, 0x0a000100, 0x01000400, 0x07001400, 0x44004a00, 0x38003e00, 0x2c003200, 
0x01002600, 0xbe000700, 0xc000bf00, 0xc300c100, 0xd500d400, 0xd5000200, 0x02005201, 0x4901d800, 
0xc3000200, 0x02005201, 0x4b01c100, 0xc0000200, 0x02004a01, 0x4901bf00, 0xbe000200, 0x01004a01, 
0x01001000, 0x03000a00, 0x68010100, 0x060081ff, 0x04001000, 0x3e005800, 0x10002600, 0x03000300, 
0x54020300, 0xb6035201, 0x52010100, 0x01000000, 0x3a000000, 0x04000300, 0x3e028213, 0xa0033c01, 
0x3c010100, 0x01000000, 0x3a000000, 0x05000300, 0x6a136a13, 0x24012602, 0x01008803, 0x00002401, 
0x00000100, 0x03003a00, 0xa4020400, 0x0a01b402, 0x01006e03, 0x00000a01, 0x00000100, 0x02003a00, 
0x01001000, 0x03000a00, 0x4c030100, 0x08000100, 0x3c000200, 0x06008400, 0x09001000, 0xb600c800, 
0x9000a200, 0x5c007e00, 0x2e004400, 0x03001a00, 0x00000300, 0x24030100, 0xc2010200, 0x0100c000, 
0x38000000, 0x00000300, 0x10030100, 0xae010300, 0xac00f212, 0x00000100, 0x03003800, 0x01000000, 
0x0400fa02, 0xdc129801, 0x9600dc12, 0x00000100, 0x03003800, 0x01000000, 0x0300e202, 0x18021600, 
0x01007e00, 0x38000000, 0x04000100, 0xda00c700, 0xf500e800, 0x00000300, 0xc0020100, 0x26020300, 
0x5c00b805, 0x03000000, 0x01000000, 0x0300ae02, 0x2c023802, 0x00004a00, 0x00000300, 0x9c020100, 
0x72020400, 0x141c6a02, 0x00003800, 0x00000300, 0x88020100, 0x5e020300, 0x24005602, 0x03000000, 
0x01000000, 0x03007602, 0xf0156e02, 0x00001200, 0x01000100, 0x01008400, 0x01001000, 0x02000a00, 
0x46020100, 0x0600fbff, 0x04001000, 0x3e005800, 0x10002600, 0x03000200, 0xdc000300, 0x3e026000, 
0x30020100, 0x01000000, 0x36000000, 0x04000300, 0xc6000a12, 0x28024a00, 0x1a020100, 0x01000000, 
0x36000000, 0x05000300, 0xf211f211, 0x3200ae00, 0x01001002, 0x00000202, 0x00000100, 0x03003600, 
0x2c010400, 0x18003c01, 0x0100f601, 0x0000e801, 0x00000100, 0x01003600, 0x5e010100, 0x10000200, 
0x0a000100, 0x01000200, 0x0100ce01, 0x02000800, 0x5e013c00, 0x10000600, 0xa0010a00, 0x68017c01, 
0x2c015001, 0xe0001401, 0x30004800, 0x02001c00, 0x00000300, 0xa4010100, 0x42000200, 0x01009601, 
0x34000000, 0x00000300, 0x90010100, 0x2e000400, 0x72117211, 0x01008201, 0x34000000, 0x00000300, 
0x78010100, 0x16000300, 0x6a015a11, 0x00000100, 0x02003400, 0x19001500, 0x00001900, 0x26001c00, 
0x28000100, 0x0c002800, 0x2c002a00, 0x2e000d00, 0x10003400, 0x38003600, 0x49001700, 0x1a004b00, 
0x5b005a00, 0x86001d00, 0x1f009000, 0x98009300, 0x9a002a00, 0x3000a900, 0xb200ab00, 0xb4004000, 
0x4800c500, 0xcb00c900, 0xcd005a00, 0x5d00d100, 0xd300d300, 0xd5006200, 0x6300d900, 0xe700dc00, 
0xeb006800, 0x7400f400, 0xff00f700, 0x5d017e00, 0x87005d01, 0x00000300, 0xe0000100, 0x26000300, 
0xd2001600, 0x00000100, 0x01003400, 0x1e000600, 0x23001f00, 0x2a002600, 0x01003100, 0xc7000500, 
0xe800da00, 0xf500e900, 0x00000300, 0xac000100, 0x12000300, 0x9e00a403, 0x01000000, 0xcb000100, 
0x00000300, 0x94000100, 0x1e000300, 0x86001200, 0x01000000, 0x1c000400, 0xc5008700, 0x0100c900, 
0xca000100, 0x00000300, 0x70000100, 0x12000300, 0x6200d412, 0x01000000, 0xe9000100, 0x00000300, 
0x58000100, 0x2e000400, 0xd0192600, 0x00004a00, 0x00000300, 0x44000100, 0x1a000300, 0x36001200, 
0x01000000, 0x2d000200, 0x0100e900, 0xf0000300, 0xfa00f900, 0x00000300, 0x20000100, 0x18000300, 
0x12009a13, 0x01000000, 0x0a000100, 0x02000100, 0xe300d600, 0x01000100, 0x01003c00, 0x01000000, 
0x02000800, 0x02000a00, 0x93018e01, 0x02000100, 0x43004200, 0x00000400, 0x08000100, 0xd4010100, 
0xb4011500, 0x92019e01, 0x66018601, 0x4e015a01, 0x2c014201, 0x00011601, 0xe800f400, 0xa800b400, 
0x54007400, 0x3c004800, 0x3000b400, 0x04000100, 0x03008800, 0x31004600, 0x04000100, 0x0300b400, 
0x31004600, 0x04000100, 0x0300b300, 0x1a004600, 0x18000300, 0x08001000, 0x0300c100, 0x23004600, 
0x0300b200, 0x27004600, 0x0300c300, 0x24004600, 0x2c000500, 0x1c002400, 0x0c001400, 0x0300b100, 
0x37004600, 0x0300af00, 0x30004600, 0x0300ae00, 0x2e004600, 0x0300ad00, 0x28004600, 0x0300ac00, 
0x1c004600, 0x04000100, 0x0300a900, 0x2a004600, 0x2c000500, 0x1c002400, 0x0c001400, 0x0300a700, 
0x30004600, 0x0300a500, 0x2a004600, 0x0300a400, 0x26004600, 0x0300a300, 0x25004600, 0x0300a200, 
0x20004600, 0x04000100, 0x0300c000, 0x23004600, 0x04000100, 0x0300a100, 0x37004600, 0x0e000200, 
0xa0000600, 0x46000300, 0x9e003700, 0x46000300, 0x02002000, 0x06000e00, 0x03009c00, 0x30004600, 
0x03009b00, 0x2a004600, 0x0e000200, 0x99000600, 0x46000300, 0x97002900, 0x46000300, 0x01002800, 
0x96000400, 0x46000300, 0x01002500, 0x95000400, 0x46000300, 0x01002500, 0xbf000400, 0x46000300, 
0x03002300, 0x10001800, 0x94000800, 0x46000300, 0x93002000, 0x46000300, 0x91001f00, 0x46000300, 
0x01001e00, 0x8d000400, 0x46000300, 0x01002000, 0x8c000400, 0x46000300, 0x02002200, 0x06000e00, 
0x03008b00, 0x1b004600, 0x03008a00, 0x19004600, 0x18000300, 0x08001000, 0x0300be00, 0x23004600, 
0x03008900, 0x37004600, 0x03008600, 0x31004600, 0x15000100, 0x1d001900, 0x20001e00, 0x23002200, 
0x27002500, 0x2a002800, 0x2d002c00, 0x2f002e00, 0x34003100, 0x37003600, 0x5b003800, 0x06008700, 
0x28000000, 0x5a036c03, 0x32034603, 0x0a031e03, 0xe202f602, 0xba02ce02, 0x8c02a002, 0x64027802, 
0x3c025002, 0x14022802, 0xec010002, 0xc401d801, 0x9c01b001, 0x74018801, 0x4c016001, 0x24013801, 
0xfc001001, 0xd400e800, 0xa600ba00, 0x7e009200, 0x56006a00, 0x00000300, 0xf80b0300, 0xb00f1614, 
0x01000000, 0x31000000, 0x00000300, 0xcc0d0300, 0x9c0f0214, 0x01000000, 0x31000000, 0x00000300, 
0x880f0300, 0x880fee13, 0x01000000, 0x31000000, 0x00000300, 0x20120300, 0x740fda13, 0x01000000, 
0x31000000, 0x00000300, 0x000b0300, 0x940fc613, 0x01000000, 0x31000000, 0x00000300, 0xfe110300, 
0x1400b213, 0x01000000, 0x31000000, 0x01000100, 0x03001a00, 0x03000000, 0x98137a0b, 0x00009610, 
0x00000100, 0x03003100, 0x03000000, 0x8413660b, 0x0000e60e, 0x00000100, 0x03003100, 0x03000000, 
0x70135216, 0x0000bc11, 0x00000100, 0x03003100, 0x03000000, 0x5c133e16, 0x0000b410, 0x00000100, 
0x03003100, 0x03000000, 0x48132a16, 0x0000120d, 0x00000100, 0x03003100, 0x03000000, 0x34131616, 
0x0000b011, 0x00000100, 0x03003100, 0x03000000, 0x20130216, 0x0000d80f, 0x00000100, 0x03003100, 
0x03000000, 0x0c13da0e, 0x0000360e, 0x00000100, 0x03003100, 0x03000000, 0xf812e611, 0x00005010, 
0x00000100, 0x03003100, 0x03000000, 0xe412d211, 0x00000e0e, 0x00000100, 0x03003100, 0x03000000, 
0xd012be11, 0x0000840e, 0x00000100, 0x03003100, 0x03000000, 0xbc12aa11, 0x0000a40e, 0x00000100, 
0x03003100, 0x03000000, 0xa8129611, 0x0000ca0e, 0x00000100, 0x03003100, 0x03000000, 0x94129410, 
0x0000e010, 0x00000100, 0x03003100, 0x03000000, 0x8012a810, 0x0000cc10, 0x00000100, 0x03003100, 
0x03000000, 0x6c129410, 0x00008e0e, 0x00000100, 0x03003100, 0x03000000, 0x5812820d, 0x0000b00f, 
0x00000100, 0x03003100, 0x03000000, 0x44126e0d, 0x00006e0d, 0x00000100, 0x03003100, 0x03000000, 
0x3012ac10, 0x0000ac0c, 0x00000100, 0x03003100, 0x03000000, 0x1c129810, 0x00009810, 0x00000100, 
0x03003100, 0x03000000, 0x0812060f, 0x0000f00d, 0x00000100, 0x03003100, 0x03000000, 0xf411dc0d, 
0x0000dc0d, 0x00000100, 0x03003100, 0x03000000, 0xe011e20d, 0x0000020e, 0x00000100, 0x03003100, 
0x03000000, 0xcc11ce0d, 0x00001400, 0x00000100, 0x01003100, 0x1f000100, 0x00000300, 0xb40d0300, 
0x0a0eb211, 0x01000000, 0x31000000, 0x00000300, 0xc00d0300, 0xc00d9e11, 0x01000000, 0x31000000, 
0x00000300, 0xe20d0300, 0x8c0d8a11, 0x01000000, 0x31000000, 0x00000300, 0x0c0e0300, 0x5a0e7611, 
0x01000000, 0x31000000, 0x00000300, 0xf80d0300, 0xa80f6211, 0x01000000, 0x31000000, 0x00000300, 
0x940f0300, 0x9a0f4e11, 0x01000000, 0x31000000, 0x00000300, 0x800f0300, 0x080d3a11, 0x01000000, 
0x31000000, 0x00000300, 0x2a0e0300, 0xf40c2611, 0x01000000, 0x31000000, 0x00000300, 0x5e0a0300, 
0x5e0a1211, 0x86100100, 0x03000000, 0x920e0100, 0x4c0a0300, 0x4c0a0011, 0x00000000, 0x00000400, 
0x08000100, 0x42000100, 0x34000400, 0x1a002600, 0x01000e00, 0xb8000400, 0x39000300, 0x01002701, 
0xb6000400, 0x39000300, 0x01002701, 0x92000400, 0x46000400, 0x27011e00, 0x04000100, 0x04008e00, 
0x20004600, 0x01002701, 0x20000400, 0x26002200, 0x04003200, 0x01000000, 0x01000800, 0x03004400, 
0x18002400, 0x01000c00, 0xb9000400, 0x39000300, 0x01001701, 0xb7000400, 0x39000300, 0x01001701, 
0xb5000400, 0x39000300, 0x05001701, 0x01000000, 0x01000800, 0x03000c00, 0x16001600, 0x01001600, 
0x25000300, 0x32002600, 0x04000100, 0x01000300, 0x17013900, 0x2e000000, 0x10000400, 0x0a000100, 
0x01000100, 0x04003600, 0x22002c00, 0x0e001800, 0x04000100, 0x0200b000, 0x01001701, 0x9f000400, 
0x17010200, 0x04000100, 0x02009a00, 0x01001701, 0x90000400, 0x17010200, 0x04000100, 0x28002000, 
0x34002c00, 0x10000600, 0x72000600, 0x4a005c00, 0x26003800, 0x01001400, 0x00000300, 0xb4120200, 
0x0000240d, 0x00000100, 0x03002c00, 0x02000000, 0x120de80d, 0x01000000, 0x2c000000, 0x00000300, 
0x2a0e0200, 0x0000000d, 0x00000100, 0x03002c00, 0x02000000, 0xee0cbe0b, 0x01000000, 0x2c000000, 
0x01000300, 0x02001000, 0xdc0c060e, 0x00000000, 0x01000100, 0x03009700, 0x060d0100, 0x10000200, 
0x0000c60c, 0x01000000, 0x28000300, 0x34002c00, 0x10000400, 0x0a000100, 0x01000100, 0x05002201, 
0x44005200, 0x10002a00, 0x02002a00, 0x06001000, 0x0400aa00, 0x2a004600, 0xab001701, 0x46000400, 
0x17013000, 0x10000200, 0xa8000600, 0x46000400, 0x17013000, 0x0400a600, 0x2a004600, 0x01001701, 
0x9d000400, 0x46000400, 0x17013000, 0x04000100, 0x04009800, 0x28004600, 0x06001701, 0x01001000, 
0x01000a00, 0xb8000200, 0x7c00b000, 0x08007800, 0x4e000000, 0x4a000000, 0x44000000, 0x1c000000, 
0x18000200, 0x00000600, 0x04000400, 0x06000700, 0x01000000, 0x2a000000, 0x01000100, 0x04000400, 
0x06000700, 0x00000000, 0x10000200, 0x01002200, 0x02000a00, 0x06001800, 0x04000000, 0x02000400, 
0x00000600, 0x00000100, 0x00002a00, 0x04000400, 0x06000300, 0x01000000, 0x2a000000, 0x00000200, 
0x08000200, 0x28002800, 0x2a000700, 0x03002a00, 0x2f002f00, 0x30000100, 0x02003000, 0x31003100, 
0x46000500, 0x04004600, 0x5b005b00, 0x17010100, 0x06001701, 0xc4000100, 0x01000100, 0x05000100, 
0x2a002800, 0x31002f00, 0x04005b00, 0x01000000, 0x01000800, 0x0100180e, 0x01000800, 0x85000400, 
0x32000200, 0x00000600, 0x08000100, 0xfe0d0100, 0x08000100, 0x14000200, 0x00000600, 0x32000200, 
0x01000000, 0x28000000, 0x02000000, 0x01003200, 0x00003900, 0x00000400, 0x08000100, 0x36000100, 
0x6e030600, 0x1c002600, 0x0a031403, 0x01001200, 0xfd000400, 0x46000200, 0x04000100, 0x0200eb00, 
0x02004600, 0x24030600, 0x0400e800, 0x37004600, 0x01004600, 0x27000600, 0x2d002c00, 0x35003400, 
0x06003700, 0x09000000, 0xb000d600, 0x7c009000, 0x54006800, 0x2c004000, 0x03001800, 0x02000000, 
0x700d980b, 0xb4000100, 0x00000100, 0x03002600, 0x02000000, 0x5c0d3e10, 0xa0000100, 0x00000100, 
0x03002600, 0x02000000, 0x480d940b, 0x68000100, 0x00000100, 0x03002600, 0x02000000, 0x340d5205, 
0x54000100, 0x00000100, 0x03002600, 0x02000000, 0x200d200b, 0x40000100, 0x00000100, 0x03002600, 
0x02000000, 0x0c0d0a0a, 0x2c000100, 0x00000100, 0x03002600, 0x04000000, 0xf80c200b, 0xf80c440b, 
0x18000100, 0x00000100, 0x01002600, 0x23000200, 0x03002600, 0x02000000, 0xd80c2406, 0x1c000300, 
0x14004c0c, 0x01000000, 0x17010200, 0x01002701, 0x23000300, 0x26002500, 0x01000300, 0x0200440a, 
0xb20c1000, 0x00000000, 0x03000200, 0x38001900, 0x49000000, 0x20004b00, 0x5b005a00, 0x04002300, 
0x01001000, 0x00000a00, 0x6a080100, 0x36020100, 0x10000600, 0x0a000100, 0x01000000, 0x01005808, 
0x01000800, 0x00000400, 0x46000200, 0x1b000100, 0x00000100, 0x04002400, 0x01000000, 0x01000800, 
0x05004200, 0x2e003800, 0x1a002400, 0x01001000, 0x38000400, 0x46000200, 0x04000100, 0x0200fc00, 
0x01004600, 0xf2000400, 0x46000200, 0x04000100, 0x0200e700, 0x01004600, 0xe3000400, 0x46000200, 
0x05000100, 0x2c002a00, 0x37003100, 0x04003800, 0x01000000, 0x01000800, 0x0e00a400, 0x90009a00, 
0x7c008600, 0x68007200, 0x54005e00, 0x40004a00, 0x2c003600, 0x54002200, 0x04000100, 0x0200ff00, 
0x01004600, 0xfa000400, 0x46000200, 0x04000100, 0x0200f900, 0x01004600, 0xf6000400, 0x46000200, 
0x04000100, 0x0200f100, 0x01004600, 0xee000400, 0x46000200, 0x04000100, 0x0200ea00, 0x01004600, 
0xe6000400, 0x46000200, 0x04000100, 0x0200e200, 0x01004600, 0xdc000400, 0x46000200, 0x04000100, 
0x0200d700, 0x01004600, 0xcf000400, 0x46000200, 0x04000100, 0x0200cb00, 0x01004600, 0x1d000e00, 
0x25001e00, 0x2a002700, 0x2d002c00, 0x31002f00, 0x36003500, 0x38003700, 0x04005b00, 0x01000000, 
0x01000800, 0x1b002c01, 0x2201f208, 0x0e011801, 0xfa000401, 0xe600f000, 0xd200dc00, 0xbe00c800, 
0xaa00b400, 0xe808a000, 0x8c009600, 0x78008200, 0x64006e00, 0x50005a00, 0x8c004600, 0x01003c00, 
0xc5000400, 0x46000200, 0x04000100, 0x0200fe00, 0x01004600, 0xfb000400, 0x46000200, 0x04000100, 
0x0200f800, 0x01004600, 0xf5000400, 0x46000200, 0x04000100, 0x0200f300, 0x01004600, 0xf0000400, 
0x46000200, 0x04000100, 0x0200ef00, 0x01004600, 0xed000400, 0x46000200, 0x04000100, 0x0200ec00, 
0x01004600, 0x5d010400, 0x46000200, 0x04000100, 0x0200e500, 0x01004600, 0xe0000400, 0x46000200, 
0x04000100, 0x0200dd00, 0x01004600, 0xda000400, 0x46000200, 0x04000100, 0x0200d800, 0x01004600, 
0xd6000400, 0x46000200, 0x04000100, 0x0200d400, 0x01004600, 0xd3000400, 0x46000200, 0x04000100, 
0x0200d100, 0x01004600, 0xcd000400, 0x46000200, 0x04000100, 0x0200ca00, 0x01004600, 0xc9000400, 
0x46000200, 0x04000100, 0x0200c700, 0x01004600, 0x19001b00, 0x1c001b00, 0x1e001d00, 0x22002000, 
0x25002300, 0x27002600, 0x2a002800, 0x2c002b00, 0x2e002d00, 0x30002f00, 0x34003100, 0x36003500, 
0x38003700, 0x87005b00, 0x00000600, 0x28073c00, 0xe006fe06, 0xac06cc06, 0x5e068006, 0x20063c06, 
0xea05fe05, 0xb005ca05, 0x96059605, 0x62057c05, 0x2a054805, 0xf2041005, 0xbc04d804, 0x8e04aa04, 
0x44046c04, 0x14042a04, 0xdc03f003, 0xa603bc03, 0x78039203, 0xe802fc02, 0xb802cc02, 0x8402a602, 
0x50026e02, 0x22023e02, 0xe601fc01, 0xaa01be01, 0x6c018e01, 0x2a014e01, 0x02011601, 0xd400e800, 
0x9200a400, 0x03007e00, 0x02000000, 0x44097e00, 0x6c070100, 0x00000100, 0x03002200, 0x02000000, 
0x30096a00, 0x58070200, 0x00008206, 0x00000300, 0x58000200, 0x03001e09, 0x1e094607, 0x00001400, 
0x0c000100, 0x23001900, 0x25002400, 0x28002600, 0x2a002900, 0x2c002b00, 0x37003100, 0x00000300, 
0x28000200, 0x0100ee08, 0x0100d00b, 0x21000000, 0x00000300, 0x14000200, 0x0100da08, 0x0100d805, 
0x20000000, 0x01000100, 0x03003800, 0x02000000, 0xc0080c07, 0x3c070100, 0x00000100, 0x03002200, 
0x02000000, 0xac08f806, 0x4e010100, 0x00000100, 0x03002000, 0x02000000, 0x9808e406, 0x14000100, 
0x00000100, 0x01002100, 0x19000600, 0x2e002d00, 0xc4003100, 0x0300e900, 0x02000000, 0x7408c006, 
0x16000200, 0x0100c605, 0x20000000, 0x02000100, 0x28001900, 0x00000300, 0x38000200, 0x01005608, 
0x01001400, 0x21000000, 0x05000100, 0x2d001900, 0x31002e00, 0x0300e900, 0x02000000, 0x34081600, 
0x7a060200, 0x01008605, 0x20000000, 0x01000100, 0x03003600, 0x02000000, 0x18083600, 0x94060100, 
0x00000100, 0x03002100, 0x02000000, 0x04082200, 0x14000100, 0x00000100, 0x01002000, 0x1e000500, 
0x2c001f00, 0x34003100, 0x01000100, 0x03003500, 0x02000000, 0xdc07be0a, 0x58060200, 0x01002e05, 
0x20000000, 0x00000300, 0xa80a0200, 0x0100c607, 0x01001400, 0x20000000, 0x07000100, 0x1b001900, 
0x2b002a00, 0x31002d00, 0x03003400, 0x02000000, 0xa0076e03, 0x14000100, 0x00000100, 0x01002200, 
0x28000200, 0x03003000, 0x02000000, 0x84075203, 0xdc040200, 0x0000d604, 0x00000300, 0x40030200, 
0x01007207, 0x01001400, 0x21000000, 0x03000100, 0x2c002900, 0x03003400, 0x02000000, 0x54072203, 
0xd0050200, 0x0100a604, 0x21000000, 0x00000300, 0x0c030200, 0x01003e07, 0x01001400, 0x20000000, 
0x05000100, 0x2e002d00, 0x37003100, 0x0300e900, 0x02000000, 0x1c07ea02, 0x68050200, 0x00006e04, 
0x00000300, 0x62040200, 0x01000a07, 0x0100ec09, 0x20000000, 0x00000300, 0xe4050200, 0x0100f606, 
0x01001400, 0x21000000, 0x02000100, 0x2b002100, 0x00000300, 0xc8050200, 0x0100da06, 0x0100bc09, 
0x20000000, 0x01000300, 0x02001200, 0xc606b405, 0x12000100, 0x02000000, 0x19001100, 0x00003800, 
0x4b004900, 0x5a002000, 0x23005b00, 0x91008600, 0x93002500, 0x3100a200, 0xa700a500, 0xa9004100, 
0x4400a900, 0xab00ab00, 0xad004500, 0x4600ae00, 0xcb00b000, 0xcd004800, 0x6400d300, 0xe700d500, 
0xe9006b00, 0x7e000301, 0x12010501, 0x14019900, 0xa7001601, 0x58015801, 0x5d01aa00, 0xab005d01, 
0x00000300, 0x14000200, 0x01004a06, 0x01002c09, 0x20000000, 0x01000100, 0x03002e00, 0x02000000, 
0x30063004, 0xac040100, 0x00000100, 0x03002100, 0x02000000, 0x1c061c04, 0x98040200, 0x01006e03, 
0x20000000, 0x00000300, 0x06040200, 0x01000606, 0x01001400, 0x20000000, 0x04000100, 0x2d002c00, 
0x34003100, 0x00000300, 0x0e040200, 0x0100e605, 0x01006204, 0x22000000, 0x00000300, 0x16000200, 
0x0400d205, 0xd2054e04, 0x24034e04, 0x01000000, 0x2c000500, 0x31002d00, 0x37003500, 0x00000300, 
0xd6030200, 0x0200ae05, 0x00032a04, 0x00000100, 0x03002100, 0x02000000, 0x9805c003, 0x14000100, 
0x00000100, 0x01002100, 0x29000100, 0x00000300, 0xa6030200, 0x01007e05, 0x01001400, 0x20000000, 
0x08000100, 0x24001900, 0x2b002a00, 0x31002c00, 0x3001c400, 0x00000300, 0x1c000200, 0x01005605, 
0x01001400, 0x20000000, 0x02000100, 0x31002c00, 0x01000100, 0x03002b00, 0x02000000, 0x34055e00, 
0x14000100, 0x00000100, 0x01002200, 0x1b000200, 0x03001c00, 0x02000000, 0x18054200, 0xfc010200, 
0x00006a02, 0x00000300, 0x30000200, 0x01000605, 0x01001400, 0x21000000, 0x02000100, 0x2c002b00, 
0x00000300, 0x14000200, 0x0100ea04, 0x0100b800, 0x20000000, 0x01000100, 0x03002a00, 0x02000000, 
0xd0044c03, 0x14000100, 0x00000100, 0x01002000, 0x2c000300, 0x34003100, 0x00000300, 0xb0010200, 
0x0100b204, 0x01001400, 0x21000000, 0x01000100, 0x03002400, 0x02000000, 0x98049601, 0x14000100, 
0x00000100, 0x01002000, 0x27000300, 0x31002c00, 0x00000300, 0x14000200, 0x01007a04, 0x01004800, 
0x20000000, 0x01000100, 0x03002300, 0x02000000, 0x60041400, 0x2e000100, 0x00000100, 0x01002000, 
0x26000100, 0x00000300, 0x2e000200, 0x01004604, 0x01001400, 0x21000000, 0x01000100, 0x03003100, 
0x02000000, 0x2c041400, 0x10010100, 0x00000100, 0x01002000, 0x25000100, 0x00000300, 0x14000200, 
0x01001204, 0x01002e00, 0x20000000, 0x01000100, 0x03002200, 0x02000000, 0xf8031a00, 0x14000100, 
0x00000100, 0x01002000, 0x21000100, 0x01000100, 0x03002000, 0x02000000, 0xd8033000, 0x00020100, 
0x00000100, 0x03002100, 0x02000000, 0xc4031c00, 0x14000100, 0x00000100, 0x01002000, 0x1e000200, 
0x01001f00, 0x1e000100, 0x00000300, 0x38000200, 0x0100a203, 0x01001400, 0x21000000, 0x02000100, 
0x31001a00, 0x00000300, 0x1c000200, 0x01008603, 0x01001400, 0x20000000, 0x02000100, 0x87001c00, 
0x01000100, 0x03001d00, 0x02000000, 0x64031c00, 0x14000100, 0x00000100, 0x01002000, 0x2c000200, 
0x01003400, 0x1c000100, 0x00000300, 0x26000200, 0x01004203, 0x01001400, 0x20000000, 0x07000100, 
0x27001b00, 0x2b002a00, 0x31002c00, 0x01003400, 0x1b000100, 0x00000300, 0x1a000200, 0x01001603, 
0x01001400, 0x20000000, 0x01000100, 0x01002700, 0x87000100, 0x00000300, 0x3c010200, 0x0100f602, 
0x01007201, 0x20000000, 0x00000300, 0x28010200, 0x0100e202, 0x01001400, 0x20000000, 0x03000100, 
0x2c001900, 0x03003400, 0x02000000, 0xc4023a00, 0x22000400, 0x1c00c402, 0x00001600, 0x01000100, 
0x01001701, 0x30000100, 0x02000100, 0x31002a00, 0x01000300, 0x02002c00, 0x9a021000, 0x00000000, 
0x04000200, 0x2e001900, 0x30000000, 0x16003200, 0x38003400, 0x49001900, 0x1e004b00, 0x04000200, 
0xcb00c400, 0xcd000000, 0x0800e700, 0xff00e900, 0x5d012300, 0x3a005d01, 0x00000400, 0x08000100, 
0x1e000100, 0x14000200, 0x01000a00, 0xe9000400, 0x46000200, 0x04000100, 0x0200c400, 0x01004600, 
0x19000200, 0x06002d00, 0x03000000, 0x34005200, 0x03000c00, 0x18020200, 0x02001e00, 0x18021800, 
0xfa040100, 0x00000100, 0x01001e00, 0x2d000100, 0x03000100, 0x36003100, 0x03003700, 0xf0010200, 
0x02001800, 0xf0013600, 0x6c000100, 0x00000100, 0x01001e00, 0x2c000100, 0x02000300, 0x1e00d201, 
0x18000200, 0x0100d201, 0x0100b404, 0x1e000000, 0x01000100, 0x01001900, 0x37000100, 0x00000400, 
0x08000100, 0x22000100, 0x08000100, 0x04000100, 0x02004700, 0x06004600, 0x01000000, 0x01000800, 
0x01000800, 0x01000e00, 0x28000100, 0x04000100, 0x02000000, 0x01004600, 0x01000400, 0x1c000000, 
0x00000400, 0x08000100, 0x62010100, 0x08000100, 0x1c000400, 0x10001600, 0x17010a00, 0x5a000200, 
0x02001701, 0x27013300, 0x5b000200, 0x02002701, 0x05002f00, 0x02000000, 0x0a001800, 0x02000300, 
0x2e010100, 0x00002601, 0x03001a00, 0x01000200, 0x0e002001, 0x1a000000, 0x02000100, 0x5b002f00, 
0x00000400, 0x08000100, 0xfa000100, 0x0a000200, 0x01000a00, 0x84000400, 0x46000200, 0x00000400, 
0x08000100, 0x22000100, 0x16000200, 0x01000a00, 0x8f000400, 0x46000300, 0x01002200, 0x87000400, 
0x46000300, 0x01003600, 0x19000200, 0x04002000, 0x01000000, 0x01000800, 0x01002e00, 0x01000800, 
0x33000400, 0x39000200, 0x00000500, 0x08000100, 0x02000300, 0x14000100, 0x00000e00, 0x01001600, 
0x39000100, 0x01000100, 0x02002f00, 0x01000000, 0x01000800, 0x03000c00, 0x1c002200, 0x01001600, 
0x49000300, 0x4b004a00, 0x32000200, 0x02003900, 0x39002600, 0x25000200, 0x02003900, 0x01000000, 
0x01000800, 0x01003a00, 0x02000800, 0x45015b00, 0x00000600, 0x1c000200, 0x03000a00, 0x30000100, 
0x22000100, 0x01000000, 0x13000000, 0x02000300, 0x16001e00, 0x10000100, 0x00000000, 0x01000100, 
0x01005b00, 0x33000200, 0x01005a00, 0x46000100, 0x00000200, 0x08000100, 0x04010100, 0xc0001800, 
0xb400ba00, 0xa800ae00, 0x9c00a200, 0x90009600, 0x84008a00, 0x78007e00, 0x6c007200, 0x60006600, 
0x54005a00, 0x48004e00, 0x3c004200, 0x02003600, 0x9a015a01, 0x3f010200, 0x02009a01, 0x9a013e01, 
0x0d010200, 0x02009b01, 0x9b010801, 0x07010200, 0x02009b01, 0x9b01ec00, 0xeb000200, 0x02009b01, 
0x9b01ea00, 0xe9000200, 0x02009b01, 0x9a01c600, 0xc5000200, 0x02009a01, 0x9a01c400, 0xc0000200, 
0x02009b01, 0x9a01be00, 0xa1000200, 0x02009b01, 0x9a018900, 0x88000200, 0x02009a01, 0x9a018700, 
0x86000200, 0x02009a01, 0x9b012e00, 0x2d000200, 0x02009b01, 0x9a011a00, 0x19000200, 0x05009a01, 
0x01000000, 0x01000800, 0x18003600, 0x6a006a00, 0x6a006a00, 0x6a006a00, 0x6a006a00, 0x6a006a00, 
0x6a006a00, 0x6a006a00, 0x6a006a00, 0x6a006a00, 0x6a006a00, 0x6a006a00, 0x6a006a00, 0x18000100, 
0x1a001900, 0x2e002d00, 0x87008600, 0x89008800, 0xbe00a100, 0xc400c000, 0xc600c500, 0xea00e900, 
0xec00eb00, 0x08010701, 0x3e010d01, 0x5a013f01, 0x04000100, 0x01000100, 0x11000000, 0x00000100, 
0x08000100, 0x1c000200, 0x05000200, 0x05000500, 0x01000000, 0x01000800, 0x02000a00, 0x12001200, 
0x02000100, 0x77007600, 0x04000100, 0x01000100, 0x0f000000, 0x00000100, 0x08000100, 0x0a000200, 
0x84000200, 0x01004800, 0x48000200, 0x01008400, 0x01000000, 0x02000800, 0x02000a00, 0x3d008400, 
0x02000100, 0x84003d00, 0x00000100, 0x08000100, 0x0a000200, 0x85000200, 0x01000a00, 0x0a000200, 
0x01008500, 0x01000000, 0x02000800, 0x02000a00, 0x0a003b00, 0x02000100, 0x3b000a00, 0x00000100, 
0x08000100, 0x0c000200, 0x19000300, 0x46004600, 0x03000100, 0x3e01ee00, 0x01003f01, 0x01000000, 
0x02000800, 0x02000a00, 0x17014301, 0x02000100, 0x43011701, 0x00000100, 0x08000100, 0x0a000200, 
0x59010200, 0x01004501, 0x45010200, 0x01005901, 0x01000000, 0x02000800, 0x02000a00, 0x45015a01, 
0x02000100, 0x5a014501, 0x00000100, 0x08000100, 0x0e000200, 0x45010400, 0x43015901, 0x01004701, 
0x43010400, 0x47014501, 0x01005901, 0x01000000, 0x02000800, 0x02000a00, 0x45014701, 0x02000100, 
0x47014501, 0x00000400, 0x08000100, 0x14000100, 0x08000100, 0x04000100, 0x03009f01, 0xa0013400, 
0x01000100, 0x0200c400, 0x01000000, 0x01000800, 0x01001e00, 0x02000800, 0xa0013400, 0x00000600, 
0x08000100, 0x08000100, 0x0e000100, 0x01000100, 0x01003400, 0x03000400, 0x3e00c400, 0x01002c00, 
0x01000000, 0x02000000, 0x00000100, 0x08000100, 0x16000200, 0x00020800, 0x00020902, 0xc802c702, 
0xa6020902, 0x0100a702, 0xbf010800, 0xdd01cd01, 0xe601e501, 0x8b02eb01, 0x00008c02, 0x00000100, 
0x7a000a00, 0x0600fa01, 0x544c4644, 0x65625a00, 0x4e00676e, 0x32676e62, 0x79633a00, 0x26006c72, 
0x6b657267, 0x616c2600, 0x5a006e74, 0x00000400, 0xffff0000, 0x00000500, 0x02000100, 0x07000600, 
0x00000400, 0xffff0000, 0x00000500, 0x03000100, 0x07000600, 0x00000400, 0xffff0000, 0x04000100, 
0x00000400, 0xffff0000, 0x00000600, 0x02000100, 0x06000500, 0x08000700, 0x6d766261, 0x6c62a600, 
0x80006d77, 0x74736964, 0x69647200, 0x60007473, 0x74736964, 0x656b5800, 0x52006e72, 0x6b72616d, 
0x6b6d3a00, 0x32006b6d, 0x02000000, 0xf600f500, 0x0a000000, 0xec00eb00, 0xee00ed00, 0xf000ef00, 
0xf200f100, 0xf400f300, 0x01000000, 0x00000200, 0x00000200, 0x00000100, 0x00000700, 0x03000100, 
0x09000700, 0x10000d00, 0x05000000, 0x07000300, 0x0d000900, 0x00001000, 0xd6001100, 0xd800d700, 
0xda00d900, 0xdc00db00, 0xde00dd00, 0xe000df00, 0xe200e100, 0xe400e300, 0xe800e600, 0x6b000000, 
0x13001200, 0x15001400, 0x17001600, 0x19001800, 0x1b001a00, 0x1d001c00, 0x1f001e00, 0x21002000, 
0x23002200, 0x26002400, 0x2a002800, 0x2e002c00, 0x32003000, 0x36003400, 0x3a003800, 0x3e003c00, 
0x42004000, 0x46004400, 0x4a004800, 0x4e004c00, 0x52005000, 0x56005400, 0x5a005800, 0x5e005c00, 
0x62006000, 0x66006400, 0x6a006800, 0x6e006c00, 0x72007000, 0x76007400, 0x7a007800, 0x7e007c00, 
0x82008000, 0x86008400, 0x8a008800, 0x8e008c00, 0x92009000, 0x96009400, 0x9a009800, 0x9e009c00, 
0xa200a000, 0xa600a400, 0xaa00a800, 0xae00ac00, 0xb200b000, 0xb600b400, 0xba00b800, 0xbe00bc00, 
0xc200c000, 0xc600c400, 0xca00c800, 0xce00cc00, 0xd200d000, 0xf700d400, 0xe255dc56, 0x2c47f847, 
0xe8460847, 0xb846d846, 0x3845a846, 0x44448644, 0xd4433244, 0xa443b643, 0x62437243, 0xa63d0843, 
0x983c043d, 0xa43b063c, 0x203b663b, 0xf039f43a, 0xe0385639, 0x76332c34, 0x00333433, 0x6032cc32, 
0x1c322e32, 0xe431f631, 0xa631b831, 0x70318231, 0x3a314c31, 0x04311631, 0xd430e630, 0xa430b630, 
0x74308630, 0x3e305030, 0x08301a30, 0xd82fea2f, 0xa82fba2f, 0x782f8a2f, 0x422f542f, 0x122f242f, 
0xe22ef42e, 0xb22ec42e, 0x822e942e, 0x4c2e5e2e, 0x1c2e2e2e, 0xec2dfe2d, 0xbc2dce2d, 0x1c32982d, 
0x5c2d6e2d, 0x202d322d, 0xe42cf62c, 0xe42cc62c, 0x962ca82c, 0x602c722c, 0x2a2c3c2c, 0x2a2c0c2c, 
0xdc2bee2b, 0xac2bbe2b, 0x7c2b8e2b, 0x462b582b, 0x182b222b, 0x182bfa2a, 0xc42ad62a, 0x8e2aa02a, 
0x182b642a, 0x182b462a, 0x0a2a1c2a, 0x0a2ae629, 0x0a2ac229, 0x8c299e29, 0x56296829, 0x202d3829, 
0xfc280e29, 0x202dde28, 0xa828ba28, 0x78288a28, 0x3c284e28, 0x06281828, 0xd627e827, 0xa627b827, 
0x76278827, 0x40275227, 0x10272227, 0xe026f226, 0xe026c226, 0x9226a426, 0x6a267426, 0x34264626, 
0x34261626, 0xe625f825, 0xb625c825, 0x86259825, 0x50256225, 0x20253225, 0xea24fc24, 0xc224cc24, 
0xc224a424, 0x74248624, 0x3e245024, 0xc2242024, 0x74240224, 0xea24e423, 0x2a2cc023, 0x2a2ca223, 
0x72238423, 0x42235423, 0x12232423, 0x1223f422, 0xbe22d022, 0xbe22a022, 0x70228222, 0x40225222, 
0x10222222, 0x381cac1c, 0x08171418, 0x3213aa16, 0x88120213, 0xf6114e12, 0x8810cc10, 0xd60e3610, 
0xd60dea0d, 0xa40db40d, 0x400d500d, 0x4209300d, 0xc4081e09, 0x4203a608, 0x06032403, 0xca02e802, 
0x6802ac02, 0x0600f001, 0x01001000, 0x2b000a00, 0x9c060100, 0x01009c06, 0x0c003a06, 0x5c000c00, 
0x50005600, 0x44004a00, 0x38003e00, 0x2c003200, 0x20002600, 0x01001a00, 0x0f030200, 0x01000100, 
0x0100a702, 0xdb02ccfe, 0x04000100, 0x01003103, 0xe1020100, 0x02000100, 0x0100fe02, 0xfd020200, 
0x36000100, 0x0100fe02, 0xfd02f0fe, 0x95fe0100, 0x0100fd02, 0xe1020000, 0xffff0100, 0x0600d502, 
0x01001000, 0x2c000a00, 0x821f0100, 0x01002e00, 0x0c00fc1d, 0x1c000400, 0x10001600, 0x01000a00, 
0x10ff0200, 0x00000100, 0x010024ff, 0x10ff0300, 0x02000100, 0x010023ff, 0xc4020400, 0xd502d402, 
0x0400d602, 0x01000000, 0x01000800, 0x88061636, 0xbc350100, 0x01000c00, 0x01000400, 0x7802ff00, 
0x00000400, 0x08000100, 0x16370100, 0x01006a06, 0x0c000037, 0x04000100, 0xff000100, 0x04007502, 
0x01000000, 0x01000800, 0x4c06f837, 0xce370100, 0x01000c00, 0x01000400, 0x8602ff00, 0x00000400, 
0x08000100, 0x62300100, 0x01002e06, 0x0c005630, 0x04000100, 0xff000100, 0x04008302, 0x01000000, 
0x01000800, 0x1006d03f, 0xb23f0100, 0x01000c00, 0x01000400, 0x7b02ff00, 0x00000400, 0x08000100, 
0x4c050100, 0x0100a609, 0x0c00ea04, 0xd804dc00, 0xcc04d204, 0xc004c604, 0xb404ba04, 0xa804ae04, 
0x9c04a204, 0x90049604, 0xc6048a04, 0x7e048404, 0x78048404, 0x6c047204, 0x60046604, 0x54045a04, 
0x48044e04, 0x3c044204, 0x30043604, 0x24042a04, 0x18041e04, 0x12041204, 0x0c040c04, 0x00040604, 
0xf403fa03, 0xe803ee03, 0xe203e803, 0xdc030004, 0xd003d603, 0xc403ca03, 0xb803be03, 0xb203b203, 
0xac03b203, 0xa003a603, 0xc6049a03, 0x94039403, 0x8e039403, 0x88038803, 0x82038803, 0x76037c03, 
0x70037003, 0x6a037003, 0x5e036403, 0x58035803, 0x52035803, 0x60044c03, 0x40034603, 0x40034003, 
0x34033a03, 0x28032e03, 0x22033604, 0x22032203, 0x16031c03, 0x16031603, 0x0a031003, 0xfe020403, 
0xfe02fe02, 0xf202f802, 0xec02fa03, 0xec02ec02, 0xe002e602, 0xd402da02, 0xc802ce02, 0xbc02c202, 
0x4204b602, 0xaa02b002, 0x9e02a402, 0xaa02b002, 0x30049802, 0x92027c03, 0x86028c02, 0x7a028002, 
0x2a04ba04, 0x22039403, 0x6e027402, 0x62026802, 0x5c02ae04, 0x1804a804, 0x50025602, 0x1204a204, 
0x96044a02, 0x44020c04, 0x90043e02, 0x90040c04, 0x90040c04, 0xb0020c04, 0xc604ec02, 0xb0020004, 
0x7003ec02, 0x3802fe02, 0x2c023202, 0x2c022602, 0x20022602, 0x72042602, 0x2002e803, 0x6c042602, 
0x1a02e203, 0x0e021402, 0x02020802, 0x5803fc01, 0x6604ec02, 0xf6010004, 0x4c03f001, 0xea01e002, 
0xde01e401, 0xd201d801, 0xde01e401, 0xe8037204, 0xf001f601, 0xf001f601, 0xc601cc01, 0xe0024c03, 
0xba01c001, 0x0100ba01, 0x18028100, 0x63010100, 0x0100ca02, 0xda028901, 0xd1010100, 0x01008c03, 
0xe102eb00, 0x22010100, 0x01009303, 0xfe02eb00, 0x22010100, 0x0100b003, 0x8c031b01, 0x89010100, 
0x0100fe02, 0xb003d101, 0x35010100, 0x01003103, 0xe3036e01, 0x35010100, 0x0100a502, 0x57036e01, 
0x9a000100, 0x0100f802, 0xb0031601, 0x1d010100, 0x0100b003, 0xfe02f000, 0x37010100, 0x0100b003, 
0x1802d901, 0xd0010100, 0x0100ca02, 0xde038100, 0x8c000100, 0x0100b003, 0x9303aa00, 0x81000100, 
0x0100a502, 0x5703aa00, 0x29010100, 0x0100fe02, 0xe1022901, 0x95010100, 0x01009303, 0xe4022901, 
0x95010100, 0x01009603, 0xe1021d01, 0x31010100, 0x01009303, 0xa5021d01, 0x31010100, 0x01005703, 
0xf8023501, 0x69010100, 0x0100b003, 0xe1021c01, 0x7c010100, 0x01009303, 0xfe021c01, 0x7c010100, 
0x0100b003, 0xcd023e01, 0x19010100, 0x0100e402, 0x96033e01, 0x19010100, 0x0100a502, 0x57033e01, 
0xff000100, 0x0100da02, 0xf8023401, 0xff000100, 0x0100fe02, 0xda023501, 0x35010100, 0x0100fe02, 
0xda022f01, 0x2f010100, 0x0100df02, 0xfe022f01, 0x35010100, 0x0100df02, 0xfd022f01, 0x81000100, 
0x0100da02, 0xfe028100, 0x1d010100, 0x0100da02, 0xfe021d01, 0xb7010100, 0x01001802, 0x31031901, 
0x19010100, 0x0100da02, 0xdf021901, 0x19010100, 0x0100fe02, 0xfd023c01, 0x1b010100, 0x0100b003, 
0x8c036e01, 0x6e010100, 0x0100b003, 0xca028801, 0x87010100, 0x01008c03, 0x91038701, 0x87010100, 
0x0100b003, 0x91037c01, 0x6d010100, 0x0100ca02, 0x8c03aa00, 0xaa000100, 0x0100b003, 0x8c033101, 
0x31010100, 0x0100b003, 0xca02ed01, 0x3e010100, 0x01006e03, 0x8c033e01, 0x3e010100, 0x01009103, 
0xb0033e01, 0xbe000100, 0x0100d502, 0xd502ac00, 0xeb000100, 0x01001802, 0x1802ff00, 0x07010100, 
0x01001802, 0x18028901, 0xfc000100, 0x01001802, 0x93029a00, 0xf0000100, 0x01001802, 0x18023401, 
0x4c010100, 0x01001802, 0x18022f01, 0x35010100, 0x01001802, 0x1802df01, 0x81000100, 0x0100f802, 
0xe1028100, 0x82000100, 0x0100f802, 0x18022901, 0xfc000100, 0x0100fd02, 0x18021d01, 0x13010100, 
0x0100f802, 0x18021c01, 0x52010100, 0x0100f802, 0x18021901, 0x22010100, 0x0100ca02, 0xca021b01, 
0x24010100, 0x0100ca02, 0xca02d101, 0x2f010100, 0x0100ca02, 0xca026e01, 0x16010100, 0x0100ca02, 
0xca021d01, 0x37010100, 0x0100ca02, 0xca023d01, 0x87010100, 0x0100ca02, 0xca02c601, 0x8c000100, 
0x0100ca02, 0xca025401, 0x89000100, 0x0100ca02, 0xca02aa00, 0x73010100, 0x0100ca02, 0xca029501, 
0x2a010100, 0x0100ca02, 0xca023101, 0x69010100, 0x0100ca02, 0xca027c01, 0x42010100, 0x0100ca02, 
0xca023e01, 0xff000100, 0x0c006e02, 0x5c000000, 0x56000000, 0x50000000, 0x4a000000, 0x44000000, 
0x3e000000, 0x56000000, 0x38000000, 0x3e000000, 0x32000000, 0x38000000, 0x56000000, 0xccfe0100, 
0x01001802, 0x18020100, 0x02000100, 0x01001802, 0x18023600, 0xf0fe0100, 0x01001802, 0x180295fe, 
0x00000100, 0x01001802, 0x1802ffff, 0x02000200, 0xd302c902, 0xd7020000, 0x0b00d702, 0x00000400, 
0x08000100, 0xf60d0100, 0x01008e00, 0x0c00ea0d, 0x04000100, 0xff000100, 0x04002b00, 0x01000000, 
0x01000800, 0x70004000, 0x16000100, 0x01000c00, 0x01000400, 0xf6ffff00, 0x00000700, 0x00002400, 
0x00002400, 0x00001e00, 0x00003a18, 0x00003a18, 0x00003a18, 0x01003a18, 0xfbffe2ff, 0xd8ff0100, 
0x0100fbff, 0x7c010700, 0x82017e01, 0x89018801, 0x8b018a01, 0x00000400, 0x08000100, 0xea120100, 
0x01001600, 0x0c007e12, 0x04000100, 0xff000100, 0x01000000, 0x06000100, 0x00000400, 0x08000100, 
0xaa180100, 0x0100a603, 0x0c002417, 0x9403dc00, 0x88038e03, 0x7c038203, 0x70037603, 0x7e086a03, 
0x5e036403, 0x76035803, 0x5203ae11, 0x46034c03, 0x3a034003, 0x2e033403, 0x22032803, 0x16031c03, 
0x0a031003, 0xfe020403, 0xf8020403, 0xec02f202, 0xe002e602, 0xd402da02, 0xc802ce02, 0xc2028a08, 
0xbc02f202, 0xb002b602, 0xa402aa02, 0x98029e02, 0x92026008, 0x86028c02, 0x7a028002, 0x8e038e03, 
0x8e038e03, 0x8e038e03, 0x6e027402, 0x76037603, 0x76037603, 0x64036403, 0x64036403, 0x52036802, 
0x4c034c03, 0x4c034c03, 0x60084c03, 0x28032803, 0x28032803, 0x46031003, 0x04036202, 0x04030403, 
0x04030403, 0x5c020403, 0xf2025602, 0xf202f202, 0x5002f202, 0x50025002, 0x46035002, 0xf202c202, 
0xf202f202, 0xf202f202, 0x9e024603, 0x9e029e02, 0x8c029e02, 0x8c024a02, 0x04038e03, 0x04038e03, 
0x3e024402, 0x04038203, 0x04038203, 0x04038203, 0xf8027c03, 0xc2026802, 0xf2027603, 0xf2027603, 
0x32023802, 0xf2027603, 0xe6026a03, 0xe6026a03, 0xe6022c02, 0xc2022602, 0x50026403, 0x1a022002, 
0x14026403, 0x76030e02, 0x0802c802, 0x76030202, 0x7603c802, 0x5203c802, 0xfc01c202, 0x5203f601, 
0x4c03c202, 0xf001f202, 0x3a03a211, 0x3a03b002, 0x3403b002, 0xea01aa02, 0x3403e401, 0xde01aa02, 
0x2e03d801, 0x2803a402, 0x28039e02, 0x28039e02, 0xd2019e02, 0x1c03cc01, 0x10036008, 0x10038c02, 
0x86020a03, 0x86020a03, 0x86020a03, 0xc001c601, 0x60081c03, 0x60081c03, 0x60081c03, 0x8c021003, 
0x5002ba01, 0x0100d402, 0x00006301, 0xf0000100, 0x010023ff, 0x23ff0101, 0x26010100, 0x010024ff, 
0x24ff6c01, 0xd6000100, 0x010023ff, 0x23ff1601, 0xf0000100, 0x010010ff, 0x10ff0101, 0xd0010100, 
0x01000000, 0x23ff3501, 0x7c010100, 0x010023ff, 0x23ff8100, 0x2c010100, 0x010023ff, 0x23ff0b01, 
0x4a010100, 0x010023ff, 0x24ff8300, 0xaa000100, 0x010024ff, 0x00007301, 0x92010100, 0x010023ff, 
0x24ff2d01, 0x2c010100, 0x010024ff, 0x24ff1901, 0x44010100, 0x010024ff, 0x10ff3401, 0x85000100, 
0x01000000, 0x10ff1901, 0xb0010100, 0x01000000, 0x00003c01, 0x6d010100, 0x01000000, 0x10ff7401, 
0xb9010100, 0x01000000, 0x7c01b800, 0xac000100, 0x01008001, 0x0000f200, 0x5e000100, 0x010010ff, 
0x00000901, 0xfc000100, 0x01000000, 0x00002601, 0xd6000100, 0x01000000, 0x0000f000, 0x7e000100, 
0x01000000, 0x10ffe601, 0x81000100, 0x010010ff, 0x00003501, 0x81000100, 0x01000000, 0x00000b01, 
0x16000100, 0x010010ff, 0x00008300, 0x36010100, 0x01000000, 0x10ff2a01, 0x99000100, 0x01000000, 
0x00002d01, 0x24010100, 0x01000000, 0x00004201, 0x19010100, 0x01000000, 0x00002901, 0x1b010100, 
0x01000000, 0x00002501, 0xca010100, 0x01000000, 0x00002b01, 0x6c010100, 0x01000000, 0x00001601, 
0x01010100, 0x01000000, 0x00004801, 0x87010100, 0x010056ff, 0x00002f01, 0x88010100, 0x01000000, 
0x00007c01, 0x4a010100, 0x01000000, 0x56fffcff, 0xaa000100, 0x01000000, 0x00009201, 0x04010100, 
0x01000000, 0x00002c01, 0x56010100, 0x01000000, 0x00007401, 0x3b010100, 0x01000000, 0x00004401, 
0xff000100, 0x02003f00, 0x06000a00, 0x00000600, 0xd801bf01, 0xdd010100, 0x1b00f601, 0x00020002, 
0x09023500, 0x36000902, 0x22020c02, 0x24023700, 0x4e004202, 0xa7024402, 0xb1026d00, 0xd100b802, 
0xc802c602, 0x0100d900, 0x01000000, 0x01000800, 0x02005200, 0x010042ff, 0x01000000, 0x01000800, 
0x02004200, 0x080038ff, 0x02000000, 0x0a002600, 0x02000300, 0x14004a09, 0x30000100, 0x01000000, 
0xea000000, 0x02000100, 0x38001f00, 0x02000300, 0x1a002e09, 0x14000100, 0x01000000, 0xe9000000, 
0x01000100, 0x01004600, 0x1d000800, 0x23001e00, 0x25002400, 0x28002600, 0x01003000, 0x01000200, 
0x01000800, 0x02002200, 0x0800a000, 0x01000200, 0x03000800, 0x01000000, 0x01001200, 0x0100e02f, 
0xe7000000, 0x02000100, 0x9b019a01, 0x10000100, 0x0a000100, 0x01002a00, 0x0300ca00, 0x14000a00, 
0x10000800, 0xac000600, 0x68008600, 0x2a004800, 0x2a001400, 0x03000300, 0x841c8a1c, 0x0100b02c, 
0x0000ac00, 0x00000100, 0x0300e500, 0x16000300, 0x9a2c3a24, 0x96000100, 0x01000000, 0xe5000000, 
0x02000100, 0xc9001c00, 0x03000300, 0xcc381600, 0x01007c2c, 0x00007800, 0x00000100, 0x0100e500, 
0x2d000300, 0xea00e900, 0x03000300, 0x1600341b, 0x01005c2c, 0x00005800, 0x00000100, 0x0100e500, 
0xd6000200, 0x0300e300, 0x20000300, 0x3e2c1600, 0x3a000100, 0x01000000, 0xe5000000, 0x03000100, 
0xda00c700, 0x0100f500, 0x47010100, 0x02000300, 0x182c1a00, 0x14000100, 0x01000000, 0xe5000000, 
0x01000100, 0x01005f01, 0x1a001100, 0x27001b00, 0x2d002900, 0x91003500, 0x99009200, 0xc600b300, 
0xdb00c800, 0xe900df00, 0xf600ea00, 0x10000600, 0x0a000100, 0x01002900, 0x4001c407, 0xb8070100, 
0x27000c00, 0x28012e01, 0x1c012201, 0x10011601, 0x04010a01, 0xf800fe00, 0xec00f200, 0xe000e600, 
0xd400da00, 0xc800ce00, 0xbc00c200, 0xb000b600, 0xa400aa00, 0x98009e00, 0x8c009200, 0x80008600, 
0x74007a00, 0xa4006e00, 0x62006800, 0x56005c00, 0x01005000, 0x61ff4600, 0x9c000100, 0x0100cffe, 
0x80ff9c00, 0xa6000100, 0x01005eff, 0x72ff9c00, 0xa5000100, 0x01005bff, 0xc9ff7f00, 0x76000100, 
0x010033ff, 0x7dff7a00, 0x75000100, 0x01007dff, 0xe2febd00, 0xeeff0100, 0x01001600, 0xd0fff200, 
0x67000100, 0x010091ff, 0xa5ff6700, 0x71000100, 0x01007dff, 0x82ff5300, 0xb7000100, 0x01001eff, 
0x64ff9700, 0x68000100, 0x0100b2ff, 0x87ff8600, 0x8f000100, 0x0100a0ff, 0xc3ffd500, 0xf1000100, 
0x0100b8ff, 0x8affd400, 0x26010100, 0x0100beff, 0xbdffd500, 0xe5000100, 0x0100c8ff, 0xbafff200, 
0x26010100, 0x0100c3ff, 0xbfffd500, 0xca000100, 0x0100bfff, 0xbafffe00, 0x0d010100, 0x0100c8ff, 
0xbfffe300, 0x25010100, 0x0100c2ff, 0xbaff0001, 0xff000100, 0x020089ff, 0x17010300, 0x00002601, 
0x3d012801, 0x45011000, 0x26004501, 0x10000600, 0x0a000100, 0x01002800, 0x3800c206, 0xb6060100, 
0x06000c00, 0x20002600, 0x26001a00, 0x0e001400, 0xc8000100, 0x010002ff, 0x9fff8c00, 0x90000100, 
0x0100b1ff, 0xc9ffa000, 0x7f000100, 0x0100dfff, 0x27010600, 0x29012801, 0x2b012a01, 0x06003301, 
0x01001000, 0x27000a00, 0x7a070100, 0x01002e00, 0x0c006407, 0x1c000400, 0x10001600, 0x01000a00, 
0x23017d00, 0xa1010100, 0x0100f700, 0xed000e02, 0x81020100, 0x01006100, 0x30010400, 0x32013101, 
0x06004601, 0x01001000, 0x26000a00, 0x3a0b0100, 0x01001601, 0x0c00ce0a, 0x04012700, 0x040afe00, 
0x5009f800, 0xf2006a0a, 0xe600ec00, 0xda00e000, 0xce00d400, 0xda00d400, 0xc800d400, 0xbc00c200, 
0xb600c800, 0xaa00b000, 0x9e00a400, 0xe0099800, 0x8c009200, 0x80008600, 0x74007a00, 0x68006e00, 
0x5c006200, 0x50005600, 0x8c010100, 0x010053ff, 0xf6ff8e01, 0x9f010100, 0x0100d4ff, 0xf6ff8a01, 
0xf9010100, 0x010099ff, 0xc6ffbd01, 0x55010100, 0x01000000, 0x85ff3301, 0x55010100, 0x0100adff, 
0xd5ff3c01, 0x3b010100, 0x0100fefe, 0x5700c600, 0x07020100, 0x010097ff, 0xb3ff0e02, 0x75010100, 
0x01000000, 0x00002001, 0x91010100, 0x0100d5ff, 0x7eff1d01, 0x16010100, 0x01009fff, 0xb0ff2c01, 
0xed000100, 0x0100deff, 0x00009602, 0x87010100, 0x01000000, 0x0000a901, 0xba010100, 0x0100f1ff, 
0x00004b02, 0x81010100, 0x01000000, 0x00007001, 0x9a010100, 0x01000000, 0x0000d701, 0xc2010100, 
0x0200e2ff, 0x17010100, 0x00003d01, 0x10000600, 0x0a000100, 0x01002500, 0x26004600, 0x30000100, 
0x03000c00, 0x0e001400, 0x01000800, 0xb300ab00, 0x6a010100, 0x01002000, 0x90003a01, 0x03000100, 
0x2b012a01, 0x02004201, 0x10000000, 0x0a000000, 0x14000100, 0x01000901, 0x16004c00, 0x02000100, 
0x48014201, 0x10000600, 0x0a000100, 0x01002400, 0x26004c0a, 0x360a0100, 0x03000c00, 0x0e001400, 
0x01000800, 0xb8006a01, 0x3a010100, 0x0100b800, 0xb8006301, 0x03000100, 0x2a012901, 0x06002b01, 
0x01001000, 0x23000a00, 0x620f0100, 0x01005800, 0x0c00dc0d, 0x46000a00, 0x3a004000, 0x34004600, 
0x28002e00, 0x1c002200, 0x01001600, 0xc3001400, 0x7d000100, 0x0100b900, 0xa0ff2d02, 0x1b010100, 
0x01003100, 0xacff2d02, 0x1d010100, 0x010075ff, 0x95ff1601, 0x2c010100, 0x0100a6ff, 0xd1ffed00, 
0x0a000100, 0x28012701, 0x2a012901, 0x2f012b01, 0x39013201, 0x47014601, 0x00000400, 0x08000100, 
0x22000100, 0x01003433, 0x0c001600, 0x04000100, 0x64000100, 0x01002700, 0x06000000, 0x00000100, 
0x010083ff, 0x60010100, 0x00000400, 0x08000100, 0x6a030100, 0x01000603, 0x0c005e03, 0xf4026b00, 
0xe802ee02, 0xdc02e202, 0xd002d602, 0xf402ca02, 0xbe02c402, 0xca02b802, 0xb202be02, 0xa602ac02, 
0xf402a002, 0x94029a02, 0xf4028e02, 0x82028802, 0x76027c02, 0x6a027002, 0x5e026402, 0xf4025e02, 
0x52025802, 0x46024c02, 0x3a024002, 0x2e023402, 0x22022802, 0x16021c02, 0x1002f402, 0x04020a02, 
0xf801fe01, 0xec01f201, 0xe001e601, 0xd401da01, 0xc801ce01, 0xbc01c201, 0xb001b601, 0xa401aa01, 
0x98019e01, 0x8c019201, 0x80018601, 0x74017a01, 0xda016e01, 0x62016801, 0x5c016a02, 0x56014c02, 
0x56015001, 0x4a015e02, 0x3e014401, 0xb8023801, 0x2c013201, 0x2601a002, 0xe8022001, 0x14011a01, 
0x08010e01, 0xfc000201, 0xf000f600, 0xe400ea00, 0xd800de00, 0x8bff0100, 0x010064ff, 0xcbff92ff, 
0x7fff0100, 0x010027ff, 0xd3ff8bff, 0x1f000100, 0x01002c00, 0xa0ff6aff, 0xe5ff0100, 0x01003200, 
0xb0fffcff, 0xe1ff0100, 0x0100b0ff, 0x98ff73ff, 0x21000100, 0x0100c4ff, 0xb0ff1000, 0x7dff0100, 
0x010025ff, 0x6d00cc00, 0x90010100, 0x0100c2ff, 0x99ff5a01, 0x4a000100, 0x010094ff, 0x26ff4401, 
0x5e000100, 0x01006eff, 0x55ffcc00, 0x36000100, 0x0100c3fe, 0xaeffd001, 0xd0010100, 0x010033ff, 
0x00001002, 0x1d010100, 0x0100aeff, 0xf2ffdc01, 0x90000100, 0x010041ff, 0x1a000a02, 0xfe000100, 
0x01005cff, 0x2aff8001, 0xe0010100, 0x0100caff, 0xc6feea00, 0x72000100, 0x010048ff, 0x70ff5801, 
0xe4010100, 0x01001300, 0xb0fff601, 0xee010100, 0x01008bff, 0x84ffea01, 0x25020100, 0x0100fbff, 
0x0f009601, 0xfb000100, 0x0100b3ff, 0x92ffd001, 0xde000100, 0x0100f3fe, 0x4cff7300, 0xe5010100, 
0x01000000, 0xc5ff1d01, 0x42010100, 0x01003600, 0xadff2d01, 0x85000100, 0x0100ecff, 0xb1ffcd01, 
0x2f030100, 0x0100b0ff, 0x70ff4601, 0x44000100, 0x010070ff, 0x23ff9701, 0x91000100, 0x0100e2ff, 
0xabff7d02, 0xdb020100, 0x010096ff, 0x52ff8401, 0x09010100, 0x0100dfff, 0xb2ffab00, 0xc6010100, 
0x0100adff, 0x65ff6502, 0x31010100, 0x01000800, 0x66fff901, 0x98000100, 0x0100e6ff, 0xecffd900, 
0x23010100, 0x01000f00, 0x2c00d700, 0xea000100, 0x01003200, 0x32008601, 0xe6000100, 0x01001c00, 
0x1000fc00, 0x97010100, 0x0100b8ff, 0x2e00d100, 0x22010100, 0x01003200, 0x3200f100, 0xe3000100, 
0x01003200, 0x3600eb00, 0x9e010100, 0x0100bbff, 0x3200fd00, 0x19010100, 0x010099ff, 0xb0ff0701, 
0x77010100, 0x0100d9ff, 0xb0ff9501, 0x28010100, 0x0100c4ff, 0xb0ff1b01, 0x9a010100, 0x0100a6ff, 
0x1a00e500, 0xf3000100, 0x01002200, 0x3600f500, 0xc3000100, 0x02003600, 0x19000e00, 0x00003200, 
0x38003400, 0x3a001a00, 0x1f003a00, 0x5b005a00, 0x86002000, 0x22009100, 0xb4009300, 0xba002e00, 
0x5000c300, 0xd600d600, 0xe3005a00, 0x5b00e300, 0xf400f400, 0x00015c00, 0x5d000301, 0x07010501, 
0x09016100, 0x64000901, 0x10010b01, 0x01006500, 0x06000000, 0x00000100, 0x0100b0ff, 0x39000100, 
0x00000400, 0x08000100, 0x50000100, 0x01003600, 0x0c004400, 0x24000500, 0x18001e00, 0x0c001200, 
0x2d000100, 0x01005d00, 0x1cff3801, 0xe4000100, 0x010063ff, 0x61ff1c01, 0x5d030100, 0x01001fff, 
0x8e000500, 0xb6009200, 0x0c01b800, 0x00000100, 0x01000600, 0xd3ff7900, 0x01000100, 0x04004501, 
0x01000000, 0x01000800, 0xb400fc00, 0xe6000100, 0x17000c00, 0x9c00a200, 0x90009600, 0x84008a00, 
0x78007e00, 0xa2007200, 0x66006c00, 0x5a006000, 0x4e005400, 0x42004800, 0x3c003c00, 0x36003600, 
0x01003000, 0x41015f00, 0x5f000100, 0x01002301, 0x2702a1ff, 0x54ff0100, 0x01001201, 0x040154ff, 
0x54ff0100, 0x01002401, 0x150154ff, 0x71ff0100, 0x01004801, 0x350150ff, 0x10020100, 0x01000c01, 
0x0c01d601, 0x4d000100, 0x01002601, 0x1c018e00, 0x52000100, 0x01001c01, 0x14015702, 0x92010100, 
0x01005701, 0xe9003302, 0x68020100, 0x01000001, 0xf700c501, 0x52000100, 0x01000401, 0x2a001700, 
0x97003800, 0x9e009a00, 0xe000de00, 0xe200e100, 0xfe00e300, 0x0501ff00, 0x07010601, 0x09010801, 
0x0d010a01, 0x11011001, 0x13011201, 0x00000200, 0x00001000, 0x01000a00, 0x1c016401, 0x47000100, 
0x0100e900, 0x40010200, 0x04004401, 0x01000000, 0x01000800, 0x3c03f403, 0x88030100, 0x71000c00, 
0x24032a03, 0x18031e03, 0x0c031203, 0x00030603, 0xf402fa02, 0xe802ee02, 0xee02e202, 0xd602dc02, 
0xca02d002, 0xc402fa02, 0xb802be02, 0xb202fa02, 0xac02b802, 0xa602fa02, 0xac02a002, 0x94029a02, 
0x8e029402, 0x82028802, 0xfa02fa02, 0x76027c02, 0x6a027002, 0x5e026402, 0x52025802, 0x46024c02, 
0xfa024002, 0x34023a02, 0x28022e02, 0x1c022202, 0x10021602, 0x04020a02, 0xf801fe01, 0xec01f201, 
0xe001e601, 0xd401da01, 0xc801ce01, 0xbc01c201, 0xb001b601, 0xa401aa01, 0x98019e01, 0x98019201, 
0x86018c01, 0x8001ac02, 0x7a017602, 0x6e017401, 0x62016801, 0x56015c01, 0x4a015001, 0xe8024401, 
0x38013e01, 0x2c013201, 0x26011e03, 0x1a012001, 0x0e011401, 0x02010801, 0xf600fc00, 0xea00f000, 
0x0100e400, 0x67ff3c00, 0x37000100, 0x0100cbff, 0x3aff1900, 0x3c000100, 0x0100dfff, 0x0000e600, 
0x25000100, 0x0100b2ff, 0xf6ff9c00, 0x18000100, 0x01002500, 0x1a00f7ff, 0x99ff0100, 0x01000900, 
0x35003100, 0x1c000100, 0x01002c00, 0x24ff4000, 0x98010100, 0x0100ffff, 0xfcff0602, 0x83010100, 
0x01000500, 0xf3ff3701, 0x01020100, 0x010066ff, 0xa9ff4001, 0xc5010100, 0x010098ff, 0x5700f600, 
0xc8010100, 0x0100a5ff, 0xfcfec601, 0x76010100, 0x010038ff, 0x4cff6a01, 0xfc010100, 0x01002cff, 
0x2eff9d02, 0xb0020100, 0x01000000, 0xe2ff4402, 0xab020100, 0x0100e2ff, 0x5fffc601, 0xe6020100, 
0x01000000, 0x8affca01, 0x72020100, 0x010057ff, 0x97ff9802, 0xa9010100, 0x0100f6fe, 0x34ffef01, 
0x70020100, 0x0100acff, 0xf6ff9602, 0x12020100, 0x01002500, 0x00001302, 0x48030100, 0x0100e5ff, 
0x0000c502, 0x36020100, 0x01000000, 0xe7ffda01, 0x27030100, 0x0100e6ff, 0x2bffb701, 0xf6010100, 
0x010055ff, 0xe2ff9702, 0xef010100, 0x01000000, 0x00003002, 0xee010100, 0x0100f6ff, 0x0100d101, 
0xe2010100, 0x01002200, 0x1d004c03, 0x54020100, 0x0100c2ff, 0xc6ff2a01, 0xa8010100, 0x010048ff, 
0x61ffae02, 0xa7010100, 0x01002d00, 0x1affd503, 0xfa030100, 0x0100e5ff, 0x82ff6302, 0x07020100, 
0x0100c4ff, 0x9cff6b01, 0xcd020100, 0x0100c2ff, 0x59ff6103, 0xf6010100, 0x01000000, 0x68ffcd02, 
0xc6010100, 0x01000a00, 0xf2fe4c01, 0x92010100, 0x0100fefe, 0x5d00ed00, 0xc3010100, 0x01000000, 
0x0000fd01, 0x2f020100, 0x01000000, 0x0000c601, 0xc4010100, 0x01003400, 0x0000b801, 0x20020100, 
0x01000000, 0x0000ae01, 0x90010100, 0x0100f6ff, 0x0000d901, 0xa7010100, 0x01003800, 0x0000c001, 
0xb2010100, 0x01001d00, 0x0a003801, 0x2e010100, 0x01002b00, 0x00003402, 0xa8010100, 0x01000000, 
0xf9ffc702, 0x4b010100, 0x01002f00, 0x20001201, 0xbf010100, 0x01000e00, 0x0000c101, 0xda010100, 
0x01000000, 0x0000e901, 0x9e010100, 0x02000000, 0x19000c00, 0x00003800, 0x3a003a00, 0x49002000, 
0x21004b00, 0x5b005a00, 0x86002400, 0x2600b900, 0xc300bd00, 0xcc005a00, 0x6100cc00, 0xe300e300, 
0x00016200, 0x63000301, 0x07010501, 0x09016700, 0x6a000901, 0x10010b01, 0x16006b00, 0x78050000, 
0x78050000, 0x78050000, 0x78050000, 0x78050000, 0x78050000, 0x78050000, 0x66000000, 0x02060000, 
0x60000000, 0x5a000000, 0x78050000, 0x5a000000, 0x78050000, 0x78050000, 0x78050000, 0x78050000, 
0x78050000, 0x78050000, 0x78050000, 0x78050000, 0x78050000, 0xf6ff0100, 0x0100f6ff, 0xb500ed00, 
0xc2010100, 0x02009e00, 0x3e000600, 0x00004100, 0x46004600, 0x4e000400, 0x05004f00, 0x17011701, 
0x26010700, 0x08002701, 0x87017c01, 0x04000a00, 0x01000000, 0x01000800, 0x3e006400, 0x4e000100, 
0x06000c00, 0x26002c00, 0x1a002000, 0x0e001400, 0x40020100, 0x01005701, 0x4b010202, 0xfc010100, 
0x01002201, 0x49013802, 0x22040100, 0x0100f8ff, 0x7801b901, 0x06000100, 0x8e003800, 0xe1009a00, 
0xfb00ef00, 0x00000200, 0x00001000, 0x01000a00, 0xd3002a00, 0x2d000100, 0x0100d300, 0x41010200, 
0x04004301, 0x01000000, 0x01000800, 0xfc024005, 0xba030100, 0x60000c00, 0xe402ea02, 0xd802de02, 
0xcc02d202, 0xc002c602, 0xb402ba02, 0xa802ae02, 0x9c02a202, 0x90029602, 0x84028a02, 0x78027e02, 
0x6c027202, 0x60026602, 0x54025a02, 0x48024e02, 0x3c024202, 0x30023602, 0x24022a02, 0x18021e02, 
0x0c021202, 0x00020602, 0xf401fa01, 0xe801ee01, 0xdc01e201, 0xd6012402, 0xca01d001, 0xbe01c401, 
0xb201b801, 0xa601ac01, 0x9a01a001, 0x8e019401, 0x82018801, 0x76017c01, 0x6a017001, 0x5e016401, 
0x58017c01, 0x4c015201, 0x46017202, 0x3a014001, 0x2e013401, 0x22012801, 0x16011c01, 0x0a011001, 
0xfe000401, 0xf200f800, 0xe600ec00, 0xda00e000, 0xce00d400, 0xc200c800, 0x7d000100, 0x0100c300, 
0x6e005f00, 0x5f000100, 0x0100b900, 0xf9ffe600, 0x25000100, 0x0100b8ff, 0x87007400, 0x41000100, 
0x01005200, 0x15002e00, 0xd3ff0100, 0x01000b00, 0x29004a00, 0x92010100, 0x01004100, 0x3e006501, 
0x3c020100, 0x0100f100, 0x0901dd01, 0xc2010100, 0x01000901, 0x09014301, 0xbb010100, 0x01000901, 
0x2a00c601, 0x2a020100, 0x01008c00, 0xbf00fd01, 0xc6010100, 0x01002800, 0xf400f201, 0x28020100, 
0x0100f100, 0x0a019301, 0xb8010100, 0x0100b400, 0xd8009201, 0xc2010100, 0x01002a00, 0x8c005002, 
0x11020100, 0x0100cc00, 0xf1002e02, 0x99010100, 0x01000b01, 0x2a00a801, 0x79020100, 0x01004600, 
0xa0007e01, 0xae010100, 0x01008200, 0x91007201, 0xcf010100, 0x01002a00, 0x28000102, 0xdb010100, 
0x01005e00, 0x8c00f901, 0xa4010100, 0x0100c300, 0x52006501, 0x4c010100, 0x01005200, 0x2e00f001, 
0x64010100, 0x01002900, 0x5a00ec00, 0xef010100, 0x01003f00, 0x24008e02, 0x88010100, 0x01002100, 
0x64006401, 0x55010100, 0x01005d00, 0x14000602, 0xd5010100, 0x01002e00, 0x2e00fd01, 0xc1010100, 
0x01002a00, 0x8c000b02, 0xcf010100, 0x01008c00, 0x2a00da01, 0xfb010100, 0x01005c00, 0x3400a801, 
0xcd010100, 0x01000b00, 0xebff5701, 0x78010100, 0x0100bbff, 0x99ffdf01, 0xc6010100, 0x0100f4fe, 
0x43ff6a01, 0xf6010100, 0x01004f00, 0x41ff9d02, 0xc6010100, 0x01001700, 0x5fff0e02, 0xab020100, 
0x0100edff, 0xf0ffe602, 0xb1010100, 0x01000a01, 0x1f003102, 0x82020100, 0x0100efff, 0x15004f02, 
0x33020100, 0x01001600, 0x24002002, 0x9e030100, 0x01001800, 0x99ff4f01, 0xa8010100, 0x010039ff, 
0x1700a801, 0xac020100, 0x01002400, 0x2300dc01, 0xd5030100, 0x010006ff, 0x75ff1e03, 0x6b010100, 
0x01009aff, 0xa3ffcd02, 0x61030100, 0x010094ff, 0xc4ffcd02, 0xd8010100, 0x01002e00, 0x5200ae01, 
0xf2020100, 0x02000f00, 0x22001f00, 0x00002200, 0x2c002c00, 0x30000100, 0x02003000, 0x86008600, 
0x88000300, 0x04008a00, 0x8c008c00, 0x8e000700, 0x08009300, 0x96009500, 0x99000e00, 0x10009900, 
0x9e009e00, 0xa3001100, 0x1200a400, 0xac00ab00, 0xae001400, 0x1600af00, 0xb400b200, 0xb6001800, 
0x1b00b600, 0xb800b800, 0xbe001c00, 0x1d00bf00, 0xc100c100, 0xc3001f00, 0x2000cc00, 0xd600ce00, 
0xd8002a00, 0x3300db00, 0xe200dd00, 0xe4003700, 0x3d00e700, 0xea00e900, 0xec004100, 0x4300fc00, 
0xff00fe00, 0x02015400, 0x56000201, 0x06010501, 0x08015700, 0x59000801, 0x0c010a01, 0x11015a00, 
0x5d001301, 0x00002800, 0x00008001, 0x00007a01, 0x00007401, 0x00006e01, 0x00006801, 0x00006201, 
0x00005c01, 0x00005601, 0x00005001, 0x00004a01, 0x00004401, 0x00003e01, 0x00003801, 0x00003201, 
0x00002c01, 0x00002601, 0x00002001, 0x00001a01, 0x00001401, 0x00000e01, 0x00000801, 0x00000201, 
0x0000fc00, 0x0000f600, 0x0000f000, 0x0000ea00, 0x0000e400, 0x0000de00, 0x0000d800, 0x0000d200, 
0x0000cc00, 0x00000201, 0x0000c600, 0x0000c000, 0x0000ba00, 0x0000b400, 0x0000ae00, 0x0000a800, 
0x0000a800, 0x0100a200, 0x0000ffff, 0x01000100, 0x01000000, 0x00000000, 0x7c010100, 0x01006900, 
0x05018e01, 0x9f010100, 0x0100cc00, 0xc3008a01, 0xbd010100, 0x0100be00, 0x0f015501, 0x33010100, 
0x01008c00, 0x8c005501, 0x3c010100, 0x01008c00, 0x78003b01, 0x23010100, 0x01009d01, 0x9301a701, 
0x3b020100, 0x0100f100, 0xbd003b02, 0x75010100, 0x0100e400, 0xe2002001, 0x91010100, 0x0100b400, 
0x8c001d01, 0xed000100, 0x0100aa00, 0x8c001601, 0x2c010100, 0x01008c00, 0x6f00a901, 0x87010100, 
0x01007900, 0xa5009602, 0x87010100, 0x01006500, 0x0e019a01, 0xba010100, 0x0100af00, 0xeb005002, 
0x81010100, 0x0100af00, 0xd8006101, 0xe4010100, 0x0100d700, 0xaf00ef01, 0x90010100, 0x0100d800, 
0xa5002002, 0xd7010100, 0x02007000, 0x18010400, 0x00002501, 0x3d012801, 0xc4020e00, 0x2400c402, 
0xd602d402, 0x01002500, 0x01001000, 0x22000a00, 0xb0160100, 0xbffe0100, 0x10000800, 0x0a000100, 
0x03002200, 0x54030200, 0x01002825, 0x00009e16, 0x00000100, 0x0100d500, 0x01001000, 0x22000a00, 
0x80160100, 0x30ff0100, 0x10000800, 0x0a000100, 0x03002200, 0x58250200, 0x0100f824, 0x00006e16, 
0x00000100, 0x0100d300, 0x01001000, 0x22000a00, 0x50160100, 0x0bff0100, 0x10000800, 0x0a000100, 
0x03002200, 0x40250200, 0x0100c824, 0x00003e16, 0x00000100, 0x0800d100, 0x01001000, 0x22000a00, 
0x02000300, 0x4400ac0a, 0x20160100, 0x01000000, 0xcf000000, 0x10000100, 0x0a000100, 0x01002200, 
0x01000216, 0x0800c8fe, 0x01001000, 0x22000a00, 0x02000300, 0x1400400a, 0xf0150100, 0x01000000, 
0xcd000000, 0x01000100, 0x0800fd00, 0x01001000, 0x22000a00, 0x02000300, 0x80248202, 0xcc150100, 
0x01000000, 0xcb000000, 0x10000100, 0x0a000100, 0x01002200, 0x0100ae15, 0x0800fdfe, 0x01001000, 
0x22000a00, 0x02000300, 0x50246209, 0x9c150100, 0x01000000, 0xc9000000, 0x10000100, 0x0a000100, 
0x01002200, 0x01007e15, 0x080070ff, 0x01001000, 0x22000a00, 0x02000300, 0x20245624, 0x6c150100, 
0x01000000, 0xc7000000, 0x10000100, 0x0a000100, 0x01002200, 0x01004e15, 0x08004eff, 0x01001000, 
0x22000a00, 0x02000300, 0xf0233e24, 0x3c150100, 0x01000000, 0xc5000000, 0x10000800, 0x0a000100, 
0x03002200, 0x320e0200, 0x0100ae08, 0x00001e15, 0x00000100, 0x0800c300, 0x01001000, 0x22000a00, 
0x02000300, 0x90081400, 0x00150100, 0x01000000, 0xc1000000, 0x01000100, 0x08000301, 0x01001000, 
0x22000a00, 0x02000300, 0x0424ea0d, 0xdc140100, 0x01000000, 0xbf000000, 0x10000800, 0x0a000100, 
0x03002200, 0x34070200, 0x0100e623, 0x0000be14, 0x00000100, 0x0800bd00, 0x01001000, 0x22000a00, 
0x02000300, 0xc8234c07, 0xa0140100, 0x01000000, 0xbb000000, 0x10000100, 0x0a000100, 0x01002200, 
0x01008214, 0x080039ff, 0x01001000, 0x22000a00, 0x02000300, 0x98231400, 0x70140100, 0x01000000, 
0xb9000000, 0x01000100, 0x01001301, 0x01001000, 0x22000a00, 0x4c140100, 0xb1fe0100, 0x10000800, 
0x0a000100, 0x03002200, 0xe0020200, 0x01006223, 0x00003a14, 0x00000100, 0x0800b700, 0x01001000, 
0x22000a00, 0x02000300, 0x4423a808, 0x1c140100, 0x01000000, 0xb5000000, 0x10000100, 0xfa090100, 
0x08002200, 0x01001000, 0x22000a00, 0x02000300, 0x1c234408, 0xf4130100, 0x01000000, 0xb3000000, 
0x10000100, 0x0a000100, 0x01002200, 0x0100d613, 0x080037ff, 0x01001000, 0x22000a00, 0x02000300, 
0xec221400, 0xc4130100, 0x01000000, 0xb1000000, 0x01000100, 0x01001201, 0x01001000, 0x22000a00, 
0xa0130100, 0x34ff0100, 0x10000800, 0x0a000100, 0x03002200, 0x5a220200, 0x01006022, 0x00008e13, 
0x00000100, 0x0100af00, 0x01001000, 0x22000a00, 0x70130100, 0xdafe0100, 0x10000800, 0x0a000100, 
0x03002200, 0x14000200, 0x01003022, 0x00005e13, 0x00000100, 0x0100ad00, 0x0f010100, 0x10000100, 
0x0a000100, 0x01002200, 0x01003a13, 0x08004bff, 0x01001000, 0x22000a00, 0x02000300, 0xfa211222, 
0x28130100, 0x01000000, 0xab000000, 0x10000100, 0x0a000100, 0x01002200, 0x01000a13, 0x080026ff, 
0x01001000, 0x22000a00, 0x02000300, 0xca21fa21, 0xf8120100, 0x01000000, 0xa9000000, 0x10000100, 
0x0a000100, 0x01002200, 0x0100da12, 0x0800a1fe, 0x01001000, 0x22000a00, 0x02000300, 0xd020dc0b, 
0xc8120100, 0x01000000, 0xa7000000, 0x10000800, 0x0a000100, 0x03002200, 0x36070200, 0x01004400, 
0x0000aa12, 0x00000100, 0x0100a500, 0x01001000, 0x22000a00, 0x8c120100, 0x9afe0100, 0x10000800, 
0x0a000100, 0x03002200, 0xca060200, 0x01001400, 0x00007a12, 0x00000100, 0x0100a300, 0xeb000100, 
0x10000100, 0xb2080100, 0x08002200, 0x01001000, 0x22000a00, 0x02000300, 0xb60a600b, 0x4c120100, 
0x01000000, 0xa1000000, 0x10000100, 0x0a000100, 0x01002200, 0x01002e12, 0x08006eff, 0x01001000, 
0x22000a00, 0x02000300, 0x860a2a0b, 0x1c120100, 0x01000000, 0x9f000000, 0x10000800, 0x0a000100, 
0x03002200, 0xa0010200, 0x0100680a, 0x0000fe11, 0x00000100, 0x01009d00, 0x01001000, 0x22000a00, 
0xe0110100, 0x67ff0100, 0x10000800, 0x0a000100, 0x03002200, 0x76080200, 0x0100380a, 0x0000ce11, 
0x00000100, 0x01009b00, 0x01001000, 0x22000a00, 0xb0110100, 0x6aff0100, 0x10000800, 0x0a000100, 
0x03002200, 0xc0200200, 0x0100080a, 0x00009e11, 0x00000100, 0x01009900, 0x01001000, 0x22000a00, 
0x80110100, 0xf2fe0100, 0x10000800, 0x0a000100, 0x03002200, 0x14000200, 0x0100d809, 0x00006e11, 
0x00000100, 0x01009700, 0x06010100, 0x10000100, 0x0a000100, 0x01002200, 0x01004a11, 0x0800e4fe, 
0x01001000, 0x22000a00, 0x02000300, 0xa209a001, 0x38110100, 0x01000000, 0x95000000, 0x10000100, 
0x0a000100, 0x01002200, 0x01001a11, 0x0800effe, 0x01001000, 0x22000a00, 0x02000300, 0x72099405, 
0x08110100, 0x01000000, 0x93000000, 0x10000100, 0x0a000100, 0x01002200, 0x0100ea10, 0x0800ebfe, 
0x01001000, 0x22000a00, 0x02000300, 0x42092805, 0xd8100100, 0x01000000, 0x91000000, 0x10000100, 
0x0a000100, 0x01002200, 0x0100ba10, 0x0800d6fe, 0x01001000, 0x22000a00, 0x02000300, 0x14005000, 
0xa8100100, 0x01000000, 0x8f000000, 0x01000100, 0x0100e500, 0x01001000, 0x22000a00, 0x84100100, 
0xe6fe0100, 0x10000800, 0x0a000100, 0x03002200, 0x1a000200, 0x01001400, 0x00007210, 0x00000100, 
0x01008d00, 0xe0000100, 0x01000100, 0x01001001, 0x01001000, 0x22000a00, 0x48100100, 0x45ff0100, 
0x10000800, 0x0a000100, 0x03002200, 0xf2000200, 0x01008209, 0x00003610, 0x00000100, 0x01008b00, 
0x01001000, 0x22000a00, 0x18100100, 0x96fe0100, 0x10000800, 0x0a000100, 0x03002200, 0xce040200, 
0x01001400, 0x00000610, 0x00000100, 0x01008900, 0xdd000100, 0x10000800, 0x0a000100, 0x03002200, 
0xf6080200, 0x01006804, 0x0000e20f, 0x00000100, 0x01008700, 0x01001000, 0x22000a00, 0xc40f0100, 
0xe3fe0100, 0x10000800, 0x0a000100, 0x03002200, 0x1a000200, 0x01001400, 0x0000b20f, 0x00000100, 
0x01008500, 0xdc000100, 0x01000100, 0x08000501, 0x01001000, 0x22000a00, 0x02000300, 0x0e04d803, 
0x880f0100, 0x01000000, 0x83000000, 0x10000100, 0x0a000100, 0x01002200, 0x01006a0f, 0x0800fafe, 
0x01001000, 0x22000a00, 0x02000300, 0xcc1c1400, 0x580f0100, 0x01000000, 0x81000000, 0x01000100, 
0x01000101, 0x01001000, 0x22000a00, 0x340f0100, 0xe9fe0100, 0x10000800, 0x0a000100, 0x03002200, 
0xea030200, 0x01001400, 0x0000220f, 0x00000100, 0x01007f00, 0xd8000100, 0x10000800, 0x0a000100, 
0x03002200, 0x14000200, 0x01006e00, 0x0000fe0e, 0x00000100, 0x01007d00, 0xd0000100, 0x10000800, 
0x0a000100, 0x03002200, 0x14000200, 0x01004a00, 0x0000da0e, 0x00000100, 0x01007b00, 0x1f000100, 
0x10000100, 0x0a000100, 0x01002200, 0x0100b60e, 0x08004aff, 0x01001000, 0x22000a00, 0x02000300, 
0x14001a00, 0xa40e0100, 0x01000000, 0x79000000, 0x01000100, 0x0100cd00, 0x1e000100, 0x10000800, 
0x0a000100, 0x03002200, 0x42030200, 0x01003200, 0x00007a0e, 0x00000100, 0x08007700, 0x01001000, 
0x22000a00, 0x02000300, 0x14001a00, 0x5c0e0100, 0x01000000, 0x75000000, 0x01000100, 0x0100cb00, 
0x00010100, 0x10000100, 0x0a000100, 0x01002200, 0x0100320e, 0x0800befe, 0x01001000, 0x22000a00, 
0x02000300, 0xa4071400, 0x200e0100, 0x01000000, 0x73000000, 0x01000100, 0x0100c500, 0x01001000, 
0x22000a00, 0xfc0d0100, 0xc7fe0100, 0x10000800, 0x0a000100, 0x03002200, 0x14000200, 0x01006e07, 
0x0000ea0d, 0x00000100, 0x01007100, 0x87000100, 0x10000800, 0x0a000100, 0x03002200, 0xda060200, 
0x01006606, 0x0000c60d, 0x00000100, 0x01006f00, 0x01001000, 0x22002c06, 0x10000800, 0x0a000100, 
0x03002200, 0x14000200, 0x01003e06, 0x00009e0d, 0x00000100, 0x01006d00, 0x0a010100, 0x10000100, 
0x0a000100, 0x01002200, 0x01007a0d, 0x0800c3fe, 0x01001000, 0x22000a00, 0x02000300, 0x08061400, 
0x680d0100, 0x01000000, 0x6b000000, 0x01000100, 0x01000901, 0x01001000, 0x22000a00, 0x440d0100, 
0xc0fe0100, 0x10000800, 0x0a000100, 0x03002200, 0xf8000200, 0x0100bc1b, 0x0000320d, 0x00000100, 
0x01006900, 0x01001000, 0x22000a00, 0x140d0100, 0x13ff0100, 0x10000800, 0x0a000100, 0x03002200, 
0x0a1b0200, 0x01008c1b, 0x0000020d, 0x00000100, 0x01006700, 0x01001000, 0x22000a00, 0xe40c0100, 
0x50ff0100, 0x10000800, 0x0a000100, 0x03002200, 0xda1a0200, 0x0100861b, 0x0000d20c, 0x00000100, 
0x08006500, 0x01001000, 0x22000a00, 0x02000300, 0x44004001, 0xb40c0100, 0x01000000, 0x63000000, 
0x10000100, 0x0a000100, 0x01002200, 0x0100960c, 0x0800abfe, 0x01001000, 0x22000a00, 0x02000300, 
0x1400d400, 0x840c0100, 0x01000000, 0x61000000, 0x01000100, 0x0100f500, 0x01001000, 0x22000a00, 
0x600c0100, 0xdbfe0100, 0x10000800, 0x0a000100, 0x03002200, 0x14000200, 0x0100201b, 0x00004e0c, 
0x00000100, 0x01005f00, 0x0b010100, 0x10000100, 0x0a000100, 0x01002200, 0x01002a0c, 0x08002eff, 
0x01001000, 0x22000a00, 0x02000300, 0xea1a201a, 0x180c0100, 0x01000000, 0x5d000000, 0x10000800, 
0x0a000100, 0x03002200, 0x86000200, 0x01004400, 0x0000fa0b, 0x00000100, 0x01005b00, 0x01001000, 
0x22000a00, 0xdc0b0100, 0x8ffe0100, 0x10000800, 0x0a000100, 0x03002200, 0x1a000200, 0x01001400, 
0x0000ca0b, 0x00000100, 0x01005900, 0xe8000100, 0x01000100, 0x01000701, 0x01001000, 0x22000a00, 
0xa00b0100, 0xd8fe0100, 0x10000800, 0x0a000100, 0x03002200, 0x1a000200, 0x01001400, 0x00008e0b, 
0x00000100, 0x01005700, 0xda000100, 0x01000100, 0x01000801, 0x01001000, 0x22000a00, 0x640b0100, 
0xadfe0100, 0x10000800, 0x0a000100, 0x03002200, 0x1a000200, 0x01001400, 0x0000520b, 0x00000100, 
0x01005500, 0xd7000100, 0x01000100, 0x08000e01, 0x01001000, 0x22000a00, 0x02000300, 0xac041400, 
0x280b0100, 0x01000000, 0x53000000, 0x01000100, 0x0100c900, 0x01001000, 0x21000a00, 0x040b0100, 
0x09ff0100, 0x10000800, 0x0a000100, 0x03002100, 0xd8170200, 0x0100fa17, 0x0000f20a, 0x00000100, 
0x01005100, 0x01001000, 0x21000a00, 0xd40a0100, 0xbcfe0100, 0x10000800, 0x0a000100, 0x03002100, 
0x4e180200, 0x0100e217, 0x0000c20a, 0x00000100, 0x01004f00, 0x01001000, 0x21000a00, 0xa40a0100, 
0x65ff0100, 0x10000800, 0x0a000100, 0x03002100, 0x1e180200, 0x01004619, 0x0000920a, 0x00000100, 
0x01004d00, 0x01001000, 0x21000a00, 0x740a0100, 0xd3fe0100, 0x10000800, 0x0a000100, 0x03002100, 
0xee170200, 0x01001400, 0x0000620a, 0x00000100, 0x01004b00, 0xf8000100, 0x10000100, 0x0a000100, 
0x01002100, 0x01003e0a, 0x080046ff, 0x01001000, 0x21000a00, 0x02000300, 0xe0181217, 0x2c0a0100, 
0x01000000, 0x49000000, 0x10000100, 0x0a000100, 0x01002100, 0x01000e0a, 0x0800b2fe, 0x01001000, 
0x21000a00, 0x02000300, 0x2419c617, 0xfc090100, 0x01000000, 0x47000000, 0x10000100, 0x0a000100, 
0x01002100, 0x0100de09, 0x080024ff, 0x01001000, 0x21000a00, 0x02000300, 0x8016b216, 0xcc090100, 
0x01000000, 0x45000000, 0x10000100, 0x0a000100, 0x01002100, 0x0100ae09, 0x0800eafe, 0x01001000, 
0x21000a00, 0x02000300, 0x06026617, 0x9c090100, 0x01000000, 0x43000000, 0x10000100, 0x0a000100, 
0x01002100, 0x01007e09, 0x0800f6fe, 0x01001000, 0x21000a00, 0x02000300, 0x14003617, 0x6c090100, 
0x01000000, 0x41000000, 0x01000100, 0x0100e200, 0x01001000, 0x21000a00, 0x48090100, 0x0aff0100, 
0x10000800, 0x0a000100, 0x03002100, 0xc2160200, 0x0100aa16, 0x00003609, 0x00000100, 0x01003f00, 
0x01001000, 0x21000a00, 0x18090100, 0xb0fe0100, 0x10000800, 0x0a000100, 0x03002100, 0x30140200, 
0x01003614, 0x00000609, 0x00000100, 0x01003d00, 0x01001000, 0x21000a00, 0xe8080100, 0xb5fe0100, 
0x10000800, 0x0a000100, 0x03002100, 0x62160200, 0x01008816, 0x0000d608, 0x00000100, 0x01003b00, 
0x01001000, 0x21000a00, 0xb8080100, 0xa7fe0100, 0x10000800, 0x0a000100, 0x03002100, 0x32160200, 
0x01001400, 0x0000a608, 0x00000100, 0x01003900, 0xde000100, 0x10000100, 0x0a000100, 0x01002100, 
0x01008208, 0x08009dfe, 0x01001000, 0x21000a00, 0x02000300, 0x1400fc15, 0x70080100, 0x01000000, 
0x37000000, 0x01000100, 0x01009700, 0x01001000, 0x21000a00, 0x4c080100, 0x21ff0100, 0x10000800, 
0x0a000100, 0x03002100, 0xc6150200, 0x0100c416, 0x00003a08, 0x00000100, 0x01003500, 0x01001000, 
0x21000a00, 0x1c080100, 0x08ff0100, 0x10000800, 0x0a000100, 0x03002100, 0xf0140200, 0x01009416, 
0x00000a08, 0x00000100, 0x01003300, 0x01001000, 0x21000a00, 0xec070100, 0x3cff0100, 0x10000800, 
0x0a000100, 0x03002100, 0x66150200, 0x0100ac16, 0x0000da07, 0x00000100, 0x01003100, 0x01001000, 
0x21000a00, 0xbc070100, 0xaafe0100, 0x10000800, 0x0a000100, 0x03002100, 0x36150200, 0x01001400, 
0x0000aa07, 0x00000100, 0x01002f00, 0x5d010100, 0x10000100, 0x0a000100, 0x01002100, 0x01008607, 
0x0800c2fe, 0x01001000, 0x21000a00, 0x02000300, 0x14003e15, 0x74070100, 0x01000000, 0x2d000000, 
0x01000100, 0x0100c700, 0x01001000, 0x21000a00, 0x50070100, 0x8aff0100, 0x10000800, 0x0a000100, 
0x03002100, 0x14000200, 0x0100f213, 0x00003e07, 0x00000100, 0x01002b00, 0x3e010100, 0x10000100, 
0x0a000100, 0x01002200, 0x01001a07, 0x0800b3fe, 0x01001000, 0x22000a00, 0x03000300, 0x16001c00, 
0x01003016, 0x00000807, 0x00000100, 0x01002900, 0x11010100, 0x01000100, 0x01000d01, 0x01001000, 
0x22000a00, 0xdc060100, 0x27ff0100, 0x10000800, 0x0a000100, 0x03002200, 0x5a000300, 0x16005400, 
0xca060100, 0x01000000, 0x27000000, 0x01000100, 0x0100e300, 0x01001000, 0x22000a00, 0xa4060100, 
0xc9fe0100, 0x10000800, 0x0a000100, 0x03002200, 0x22000300, 0x16001c00, 0x92060100, 0x01000000, 
0x25000000, 0x01000100, 0x0100ca00, 0x58010100, 0x01000100, 0x06001c00, 0x01001000, 0x21000a00, 
0x60060100, 0x01004e00, 0x0c000606, 0x3c000800, 0x30003600, 0x24002a00, 0x18001e00, 0x01001200, 
0x6e02dbfe, 0x7d000100, 0x01006e02, 0x6e026400, 0x39000100, 0x01006e02, 0x6e024bff, 0xa2000100, 
0x01006e02, 0x6e020100, 0x15010100, 0x01006e02, 0x3e010800, 0x46013f01, 0x59014801, 0x5b015a01, 
0x06005c01, 0x01001000, 0x20000a00, 0x12070100, 0x01002000, 0x0c00fc06, 0x0e000300, 0x08005804, 
0xf9000100, 0x01006e02, 0x6e029e00, 0x03000100, 0x4a014901, 0x06004b01, 0x01001000, 0x1f000a00, 
0x8a130100, 0x01002000, 0x0c00ee09, 0x0e000300, 0x08000800, 0xb6000100, 0x01002702, 0x27021c01, 
0x03000100, 0x47014601, 0x06004801, 0x01001000, 0x1e000a00, 0x32000100, 0x01001e00, 0x0c002600, 
0x0c000200, 0x01000600, 0xdc024cff, 0xa9ff0100, 0x0100e702, 0x84000200, 0x01009601, 0x06000000, 
0x0f000100, 0x01006c02, 0x5e010100, 0x10000600, 0x0a000100, 0x01001d00, 0x8a007c0f, 0x5e0f0100, 
0x11000c00, 0x72007800, 0x6c007200, 0x60006600, 0x54005a00, 0x4e004e00, 0x42004800, 0x36003c00, 
0x2a003000, 0x01002400, 0xdf02e3fe, 0x5cff0100, 0x0100d002, 0xdc0247ff, 0x2c010100, 0x01008702, 
0x87028501, 0x3f010100, 0x01008702, 0x87024a01, 0x8f010100, 0x01008702, 0x7e024a01, 0x71010100, 
0x01007e02, 0x7e023f01, 0x30000100, 0x01006e02, 0x6e029f00, 0x1d000100, 0x01006e02, 0xbb02b7ff, 
0x05000200, 0x84008400, 0x3e010000, 0x01003f01, 0x47014601, 0x49010300, 0x05005101, 0x98019601, 
0x04000e00, 0x01000000, 0x01000800, 0xd2039604, 0x3c040100, 0xce000c00, 0xba03c003, 0xda0dba03, 
0xae03b403, 0xa803560d, 0xa203b40c, 0xa80c9c03, 0xca0bba0c, 0x90039603, 0x84038a03, 0x7e03c40b, 
0x9c03260d, 0x78039a0b, 0x7203ce0d, 0xa803c003, 0xc40b7203, 0x920d6c03, 0x60036603, 0x54035a03, 
0x60034e03, 0x42034803, 0x60033c03, 0x3603a80c, 0x30033c03, 0x3c0c2a03, 0x2403360c, 0x1e031e03, 
0x1e031e03, 0x1e031e03, 0x1e031e03, 0x1e031e03, 0x60036003, 0x54032a0c, 0xda0d1803, 0x0c031203, 
0x560dda0d, 0xa40d560d, 0x06030603, 0xa2030003, 0xba0cba0c, 0xf402fa02, 0xe802ee02, 0xdc02e202, 
0xd6027e0c, 0xca0b9003, 0xca02d002, 0xca0b920d, 0x4a09c402, 0xb802be02, 0xb202b202, 0xac02a80c, 
0x90039003, 0xcc0cde0c, 0x300c4803, 0xa002a602, 0x94029a02, 0xe20b8e02, 0x6a0b2403, 0x3c036603, 
0xe8023c03, 0xe8022403, 0x020d8802, 0x8202ac02, 0xc0033c0c, 0x7c023003, 0x8403e20b, 0xc20d7602, 
0x7002c40b, 0x020d7602, 0x6603260d, 0x64026a02, 0xcc0c5e02, 0xc0035802, 0x52022403, 0x1e036603, 
0x560dfa02, 0x76024c02, 0x3003ac02, 0x46023c0c, 0x60039003, 0x40024203, 0xf40b4803, 0x3a025403, 
0x34021a0d, 0xd002d002, 0x2e02de0c, 0x3c032802, 0x22023603, 0x60033c03, 0x16021c02, 0x0a021002, 
0xfa0b8802, 0x84030402, 0xf801fe01, 0xec01f201, 0xec01e601, 0xda01e001, 0xce01d401, 0xc801320d, 
0x320dc201, 0xbc01bc01, 0xb6011c0b, 0xaa01b001, 0x9e01a401, 0x7cff0100, 0x01006e02, 0x6e02f300, 
0x55000100, 0x01006e02, 0x6e025200, 0x61000100, 0x01006e02, 0x6e028400, 0x71000100, 0x01006e02, 
0x6e026200, 0x9fff0100, 0x01006e02, 0x6e02d700, 0x9a000100, 0x01006e02, 0x6e029b00, 0x8c000100, 
0x01006e02, 0x6e028200, 0x45000100, 0x01006e02, 0x6e02b200, 0x33ff0100, 0x01006e02, 0x6e027600, 
0x87010100, 0x01006e02, 0x6e024d01, 0x40010100, 0x01006e02, 0x6e020201, 0x6b010100, 0x01006e02, 
0x6e024e01, 0x72010100, 0x01006e02, 0x6e021f01, 0xa5010100, 0x01006e02, 0x6e027a01, 0xd8000100, 
0x01006e02, 0x6e025901, 0x07010100, 0x01006e02, 0x6e021b01, 0x94010100, 0x01006e02, 0x6e029801, 
0x24010100, 0x01006e02, 0x6e025d01, 0x3d010100, 0x01006e02, 0x6e029b01, 0x9e010100, 0x01006e02, 
0x6e021701, 0xa4010100, 0x01006e02, 0x6e02b901, 0xae010100, 0x01006e02, 0x6e027701, 0x4f010100, 
0x01006e02, 0x6e021901, 0x97010100, 0x01006e02, 0x6e028901, 0x99010100, 0x01006e02, 0x6e02b801, 
0xdf010100, 0x01006e02, 0x6e022501, 0x4b010100, 0x01006e02, 0x6e024401, 0x63010100, 0x01006e02, 
0x6e027b01, 0x31020100, 0x01006e02, 0x6e027d01, 0x52010100, 0x01006e02, 0x6e02d501, 0x48020100, 
0x01006e02, 0x6e020102, 0xad010100, 0x01006e02, 0x6e028700, 0x28010100, 0x01006e02, 0x6e025a01, 
0x0b010100, 0x01006e02, 0x6e023701, 0x54010100, 0x01006e02, 0x6e023901, 0x32010100, 0x01006e02, 
0x6e025e01, 0xa0010100, 0x01006e02, 0x6e026601, 0x2c010100, 0x01006e02, 0x6e022a01, 0x14010100, 
0x01006e02, 0x6e026101, 0x11010100, 0x01006e02, 0x6e028e01, 0x65010100, 0x01006e02, 0x6e024301, 
0x4a010100, 0x01006e02, 0x6e029301, 0xb5010100, 0x01006e02, 0x6e023001, 0xa7010100, 0x01006e02, 
0x6e026401, 0x1d010100, 0x01006e02, 0x6e024402, 0xdb000100, 0x01006e02, 0x6e020e01, 0x11000200, 
0x09000900, 0x0b000000, 0x01003800, 0x3a003a00, 0x47002f00, 0x30004700, 0x4d004d00, 0x50003100, 
0x32005b00, 0x66006600, 0x73003e00, 0x3f007300, 0xcc008500, 0xce004000, 0x8800d600, 0xdb00d800, 
0xdd009100, 0x9500e700, 0xfc00e900, 0xfe00a000, 0xb4000301, 0x16010501, 0x5d01ba00, 0xcc005d01, 
0x99019901, 0x0a00cd00, 0x54000000, 0x4e000000, 0x48000000, 0x42000000, 0x3c000000, 0x36000000, 
0x30000000, 0x30000000, 0x2a000000, 0x860a0000, 0x00000100, 0x01003102, 0xaa030100, 0x01000100, 
0x01009a03, 0xaa030000, 0x00000100, 0x0100ab01, 0x48010000, 0x00000100, 0x0100ca02, 0x37010000, 
0x03000200, 0x71006b00, 0x74000000, 0x07007400, 0x9b019a01, 0x04000800, 0x01000000, 0x01000800, 
0x2a006400, 0x38000100, 0x05000c00, 0x18001800, 0x18001200, 0x01000c00, 0x5c0293ff, 0x78010100, 
0x01005c02, 0x5e021201, 0x05000100, 0xc2002400, 0xd500c300, 0x06000501, 0x26000000, 0x20000000, 
0x26000000, 0x20000000, 0x26000000, 0x1a000000, 0xbc000100, 0x01005c02, 0x5c02c400, 0xc3000100, 
0x02005e02, 0x52010100, 0x00005701, 0x00000400, 0x08000100, 0x8a000100, 0x01005a00, 0x0c007400, 
0x48000b00, 0x3c004200, 0x30003600, 0x24002a00, 0x18001e00, 0x3c003c00, 0xa6ff0100, 0x01008f02, 
0x870290ff, 0x47ff0100, 0x01009402, 0x94025bff, 0x9bff0100, 0x01008802, 0x6e029000, 0xf2ff0100, 
0x01006e02, 0x860287ff, 0x9c000100, 0x01006e02, 0x23000b00, 0x48003d00, 0x7501d400, 0x77017601, 
0x79017801, 0x7b017a01, 0x00000200, 0x00001000, 0x01000a00, 0x600254ff, 0x54ff0100, 0x01005d02, 
0x96010200, 0x04009701, 0x01000000, 0x01000800, 0xb600f000, 0xc6000100, 0x15000c00, 0x9e00a400, 
0x92009800, 0x86008c00, 0x7a008000, 0x6e007400, 0x62006800, 0x56005c00, 0x4a005000, 0x3e004400, 
0x32003800, 0x01002c00, 0xaa023203, 0xd8020100, 0x0100aa02, 0xa8026202, 0x14040100, 0x0100d402, 
0xc2021304, 0xa0030100, 0x0100c502, 0xc6020503, 0x68020100, 0x0100c402, 0xa8023902, 0x81020100, 
0x0100a902, 0xa9029602, 0xbb040100, 0x0100ac02, 0xac029c04, 0x68040100, 0x0100ab02, 0xab02d903, 
0xae030100, 0x0100aa02, 0xaa025b03, 0x37030100, 0x0100aa02, 0xa902f902, 0xcf020100, 0x0100a902, 
0xa902a602, 0x02000200, 0x3c003c00, 0x61010000, 0x01007401, 0x00000400, 0x00002400, 0x00001e00, 
0x00001800, 0x01001200, 0xa4028fff, 0xc6ff0100, 0x01009002, 0x8602deff, 0xf4ff0100, 0x0100ac02, 
0x84000400, 0x5f015e01, 0x04009601, 0x01000000, 0x01000800, 0xd008f808, 0x1e000100, 0x02000c00, 
0x06000c00, 0x1e020100, 0x01002702, 0x2702d102, 0x00000100, 0x04004600, 0x01000000, 0x01000800, 
0x22000209, 0x2e000100, 0x04000c00, 0x10001000, 0x0a001000, 0xa8010100, 0x01002702, 0x2702be01, 
0x04000100, 0xd200c400, 0xee00ed00, 0x00000200, 0x00000a00, 0x01000a00, 0x27021400, 0x00000400, 
0x08000100, 0x30000100, 0x01001a00, 0x0c002400, 0x08000300, 0x08000800, 0xeb010100, 0x01002702, 
0xc4000300, 0xed00d200, 0x00000100, 0x01000600, 0x270297ff, 0x01000100, 0x04005c01, 0x01000000, 
0x01000800, 0x3e00040a, 0x4e000100, 0x06000c00, 0x26002c00, 0x1a002000, 0x0e001400, 0xdf010100, 
0x01002702, 0x2702a501, 0x95010100, 0x01002702, 0x27021a01, 0x5d010100, 0x01002702, 0x27029401, 
0x06000100, 0xee003800, 0xfa00f900, 0xff00fe00, 0x00000100, 0x01000600, 0x2702a6ff, 0x00000400, 
0x08000100, 0x480a0100, 0x01006e00, 0x0c00ea00, 0x5c000c00, 0x50005600, 0x44004a00, 0x38003e00, 
0x2c003200, 0x20002600, 0x01001a00, 0x2702fa00, 0x7d020100, 0x01002702, 0x2702b301, 0x2b010100, 
0x01002702, 0x27024a02, 0x7d010100, 0x01002702, 0x27021402, 0xa8020100, 0x01002702, 0x2702e201, 
0x8c020100, 0x01002702, 0x2702bc02, 0xd0010100, 0x01002702, 0x38000c00, 0x9a009700, 0xde00d600, 
0xf000ef00, 0xf900f800, 0xfb00fa00, 0x04001301, 0x01000000, 0x01000800, 0x4600f409, 0x58000100, 
0x07000c00, 0x2e003400, 0x22002800, 0x16001c00, 0x01001000, 0x2702fe00, 0x91020100, 0x01002702, 
0x27023402, 0x09020100, 0x01002702, 0x27026502, 0x00020100, 0x01002702, 0x27029b02, 0x07000100, 
0xca009a00, 0xe200e100, 0xfb00ee00, 0x01001101, 0x06000000, 0xf6ff0100, 0x04002702, 0x01000000, 
0x01000800, 0x3a009000, 0x52000100, 0x0a000c00, 0x22002800, 0x78001c00, 0xd0031600, 0xe2032800, 
0x44024402, 0x64020100, 0x01006e02, 0x6e022e02, 0x80020100, 0x01006e02, 0x6e029101, 0x0a000100, 
0xa4002600, 0xbf00be00, 0xc100c000, 0xd900d800, 0x08010701, 0x00000900, 0x00003800, 0x0000a803, 
0x00003200, 0x00002c00, 0x00002c00, 0x00009c03, 0x00003800, 0x0000a803, 0x01002600, 0x6e028c01, 
0xef010100, 0x01006e02, 0x6e028201, 0x9f010100, 0x02006e02, 0x49010100, 0x00005101, 0x00000400, 
0x08000100, 0x4e050100, 0x0100c004, 0x0c003005, 0xae04c400, 0xa204a804, 0x96049c04, 0x8a049004, 
0x7e048404, 0x72047804, 0x66046c04, 0x5a046004, 0x4e045404, 0x42044804, 0x36043c04, 0x2a043004, 
0x1e042404, 0x12041804, 0x06040c04, 0xfa030004, 0xee03f403, 0x4e04e803, 0xdc03e203, 0xd603d603, 
0xd003e203, 0x4e04ca03, 0xbe03c403, 0xb803be03, 0xac03b203, 0xa003a603, 0xe203e203, 0x94039a03, 
0x9a038e03, 0x82038803, 0x76037c03, 0x70037603, 0xf403ee03, 0x6a03f403, 0x5e036403, 0x52035803, 
0x46034c03, 0x3a034003, 0x2e033403, 0x22032803, 0x16031c03, 0x36041003, 0x04030a03, 0xf802fe02, 
0xec02f202, 0x5203ec02, 0x7c03e602, 0x7c03e002, 0xd402da02, 0xce024e04, 0xc8029403, 0xbc02c202, 
0xd603d603, 0xb6025803, 0xb0025803, 0xa402aa02, 0x9e024e04, 0x98021e04, 0x9202e203, 0x86028c02, 
0x48044e04, 0x7a028002, 0x74024204, 0x68026e02, 0x6202e203, 0x1e045c02, 0x4204c802, 0x30045602, 
0x5002ca03, 0xd6036802, 0x4a027402, 0xfa034204, 0xf4034402, 0x3e026202, 0x32023802, 0xe2032c02, 
0x20022602, 0x52031a02, 0x7c031402, 0xca03d603, 0x4e040e02, 0xc8021a02, 0x02020802, 0xf601fc01, 
0xea01f001, 0xe4015404, 0xd801de01, 0xe401d201, 0xcc01e401, 0xc001c601, 0xb401ba01, 0xa801ae01, 
0xa201b401, 0x96019c01, 0x8a019001, 0xb203b203, 0xb203b203, 0xa603b203, 0x0100a603, 0x6e029501, 
0x17ff0100, 0x01006e02, 0x6e028500, 0x83000100, 0x01006e02, 0x6e028600, 0x60000100, 0x01006e02, 
0x6e024200, 0x65000100, 0x01006e02, 0x6e020801, 0x43000100, 0x01006e02, 0x6e021000, 0xcaff0100, 
0x01006e02, 0x6e027fff, 0xfcff0100, 0x01004602, 0x6e0288ff, 0x90ff0100, 0x01006e02, 0x6e025b00, 
0x16010100, 0x01006e02, 0x6e02e900, 0x64020100, 0x01006402, 0x6402f101, 0xd6010100, 0x01006402, 
0x6e024202, 0x41020100, 0x01006e02, 0x6e028801, 0xaf010100, 0x01006e02, 0x6e02b401, 0xed010100, 
0x01006e02, 0x6e026302, 0x24020100, 0x01006e02, 0x6e023d02, 0x9a010100, 0x01006e02, 0x6e023601, 
0x71010100, 0x01006e02, 0x6e02fa00, 0x31010100, 0x01007e02, 0x6e02ab01, 0xb0010100, 0x01006e02, 
0x6e02d500, 0xf0000100, 0x01006e02, 0x6e027e01, 0x33010100, 0x01006e02, 0x6e022102, 0xf4010100, 
0x01006e02, 0x6e021e02, 0xe3010100, 0x01004602, 0x87022a01, 0xbe000100, 0x01006e02, 0x6e02b101, 
0x0c010100, 0x01006e02, 0x6e021a02, 0x04010100, 0x01006e02, 0x6e020901, 0x38010100, 0x01006e02, 
0x6e02c202, 0xd3020100, 0x01006e02, 0x6e025d02, 0xd8020100, 0x01006e02, 0x6e020803, 0x30020100, 
0x01006e02, 0x6e02a901, 0x51020100, 0x01006e02, 0x6e023502, 0x6f010100, 0x01006e02, 0x6e028a01, 
0xe7010100, 0x01006e02, 0x6e02e802, 0x59020100, 0x01006e02, 0x6e02f801, 0xd2010100, 0x01006e02, 
0x6e026d01, 0x17020100, 0x01006e02, 0x6e029001, 0xaa010100, 0x01006e02, 0x6e024502, 0xe5010100, 
0x01006e02, 0x6e02c401, 0x58020100, 0x01006e02, 0x6e02db02, 0x34010100, 0x01006e02, 0x6e021201, 
0x8f010100, 0x01006e02, 0x6e020503, 0x0d020100, 0x01006e02, 0x6e025601, 0x6c010100, 0x01006e02, 
0x6e027703, 0x19020100, 0x01006e02, 0x6e02f502, 0x2f010100, 0x01006e02, 0x6d027000, 0x0d010100, 
0x01006e02, 0xa6026f00, 0x74000100, 0x01006e02, 0x6e02e400, 0xe6010100, 0x01006e02, 0x6e021502, 
0x4c020100, 0x01006e02, 0x6e02e401, 0x58010100, 0x01006e02, 0x6e02ca01, 0x33020100, 0x01006e02, 
0x6e02ce01, 0xcb010100, 0x01006e02, 0x6e02e600, 0xee010100, 0x01006e02, 0x6e027f01, 0xd4010100, 
0x01006e02, 0x6e02e100, 0x42010100, 0x01006e02, 0x46027f01, 0x1d010100, 0x01007e02, 0x6e020702, 
0xc0010100, 0x01006e02, 0x6e02bf01, 0xdf000100, 0x01006e02, 0x6e02eb00, 0x5b010100, 0x01006e02, 
0x6e02e301, 0xf0010100, 0x01006e02, 0x6e020302, 0xbe010100, 0x01006e02, 0x7d026802, 0xd6010100, 
0x01006e02, 0x7e024102, 0xe2010100, 0x01006e02, 0x6e025301, 0xf3010100, 0x01006e02, 0x8702d701, 
0x96010100, 0x01008702, 0x88025901, 0x1d010100, 0x01008802, 0x6e02f203, 0xf4020100, 0x01006e02, 
0x6e021801, 0x12000200, 0x09000900, 0x0d000000, 0x01003800, 0x3b003a00, 0x3d002d00, 0x2f003d00, 
0x48004700, 0x4d003000, 0x32004d00, 0x5b005a00, 0x86003300, 0x3500c600, 0xcc00c800, 0xce007600, 
0x7b00d600, 0xdb00d800, 0xdd008400, 0x8800e700, 0xea00e900, 0xec009300, 0x9500fc00, 0x0301fe00, 
0x0501a600, 0xac001401, 0x5d015d01, 0x7501bc00, 0xbd007b01, 0x00000400, 0x00001800, 0x00001800, 
0x00001800, 0x01001200, 0x4c0254ff, 0x00000100, 0x01006e02, 0x0a000400, 0x5f018400, 0x04009801, 
0x01000000, 0x01000800, 0x2e004a00, 0x3a000100, 0x04000c00, 0x16001c00, 0x0a001000, 0x54ff0100, 
0x0100b801, 0xb801fd01, 0xa4010100, 0x0100b801, 0xb801cf01, 0x04000100, 0xda00c700, 0x0d01f500, 
0x00000200, 0x00000a00, 0x01000a00, 0xb8011400, 0x02000100, 0x48014701, 0x10000100, 0x0a000100, 
0x01001c00, 0x00003200, 0x10000800, 0x0a000100, 0x03001c00, 0x01000000, 0x02002200, 0x14005604, 
0x00000100, 0x01001100, 0x2d000500, 0xe9003700, 0x0f010b01, 0x01000100, 0x01008d01, 0x01001000, 
0x1c000a00, 0xd0010100, 0xac000400, 0x10000100, 0x0a000100, 0x02001c00, 0x04000c00, 0xb2000200, 
0x0100d700, 0xd1000200, 0x0800ee00, 0x03001000, 0x2c004400, 0x1c000e00, 0x00000300, 0x18000100, 
0x12000100, 0x00000100, 0x01000e00, 0x46010100, 0x01000100, 0x0300d100, 0x01000000, 0x01007e01, 
0x01001200, 0x0f000000, 0x01000100, 0x03004801, 0x01000000, 0x01006601, 0x01001200, 0x0e000000, 
0x02000100, 0x3f013e01, 0x10000100, 0x0a000100, 0x01001b00, 0x04004203, 0x01005aff, 0x01001000, 
0x1b000a00, 0x1e000200, 0x0b000400, 0xc800d200, 0xc800c800, 0x6900c800, 0xb4006900, 0xd200d200, 
0x0100c800, 0x38000b00, 0x9a009700, 0xf800de00, 0xfa00f900, 0xfe00fb00, 0x1301ff00, 0x10000100, 
0x76000300, 0x0e003600, 0x02001b00, 0x04001600, 0x8c000700, 0x00008200, 0x05009b00, 0x0500f8ff, 
0x07000100, 0x9a003800, 0xef00d600, 0xf900f000, 0x0200fa00, 0x04002200, 0x8c000d00, 0x73008200, 
0x73000000, 0x73007300, 0x05009b00, 0x0500f8ff, 0x73007300, 0x0d000100, 0x9a003800, 0xd600c700, 
0xe200e100, 0xef00ee00, 0xf900f000, 0xfb00fa00, 0x02001101, 0x04002000, 0x8c000c00, 0x73008200, 
0x73007300, 0x9b007300, 0xf8ff0500, 0x73000500, 0x01007300, 0x38000c00, 0xc7009a00, 0xe200e100, 
0xef00ee00, 0xf900f000, 0xfb00fa00, 0x08001101, 0x0d001000, 0x32014a01, 0xf4000c01, 0xca00e200, 
0xa000b800, 0x66008800, 0x34004c00, 0x1b002200, 0x00000300, 0x24020100, 0x78010100, 0x00000100, 
0x03000c00, 0x01000000, 0x01001200, 0x01004400, 0x0a000000, 0x01000100, 0x0300ee00, 0x01000000, 
0x01001200, 0x01002c00, 0x0b000000, 0x02000100, 0xfa00f900, 0x00000300, 0x18000100, 0x12000100, 
0x00000100, 0x01000b00, 0x5b010100, 0x03000100, 0xfe003800, 0x0300ff00, 0x01000000, 0x01001200, 
0x01009600, 0x0a000000, 0x01000100, 0x03003800, 0x01000000, 0x01001200, 0x01007e00, 0x0b000000, 
0x01000100, 0x0300fb00, 0x01000000, 0x01008e01, 0x01006600, 0x0a000000, 0x00000300, 0x12000100, 
0x54000100, 0x00000100, 0x01000a00, 0xef000100, 0x00000300, 0xb8010100, 0x3c000100, 0x00000100, 
0x03000a00, 0x01000000, 0x01001200, 0x01002a00, 0x0a000000, 0x01000100, 0x0300d600, 0x01000000, 
0x01001800, 0x01001200, 0x0b000000, 0x01000100, 0x01005a01, 0x97000500, 0xde009a00, 0x1301f800, 
0x00000300, 0x12000100, 0x2a000100, 0x00000100, 0x01000a00, 0x9a000100, 0x00000300, 0x18000100, 
0x12000100, 0x00000100, 0x01000a00, 0x59010100, 0x05000100, 0xe100c700, 0xfb00e200, 0x01001101, 
0x01000000, 0x01000800, 0x04002201, 0x080059ff, 0x01000000, 0x03000800, 0x01000000, 0x01001201, 
0x01001200, 0x08000000, 0x01000100, 0x0100e900, 0x01000000, 0x01000800, 0x0400f200, 0x01004cff, 
0x01000000, 0x02000800, 0x04000e00, 0x1fff0300, 0x1fff1bff, 0x03000100, 0xf900f000, 0x0100fa00, 
0x01000000, 0x02000800, 0x04001000, 0x6aff0400, 0x5eff03ff, 0x01006aff, 0xf0000400, 0xf900f300, 
0x0800fa00, 0x08000000, 0x8e00ae00, 0x76007600, 0x40005800, 0x16002e00, 0x00000300, 0x12000100, 
0x54000100, 0x00000100, 0x01000600, 0xfa000100, 0x00000300, 0x24000100, 0x5a000100, 0x00000100, 
0x03000500, 0x01000000, 0x01001200, 0x01006000, 0x04000000, 0x01000100, 0x0300f900, 0x01000000, 
0x01001800, 0x01001200, 0x06000000, 0x01000100, 0x01003700, 0xf0000100, 0x00000300, 0x30000100, 
0x12000100, 0x00000100, 0x01000500, 0xea000100, 0x00000300, 0x18000100, 0x12000100, 0x00000100, 
0x01000400, 0x2d000100, 0x02000100, 0xfa00f000, 0x00000300, 0x18000100, 0x12000100, 0x00000100, 
0x01000400, 0x2a000100, 0x01000100, 0x0200f300, 0x02000800, 0x0a00e60a, 0x8e040200, 0x00000400, 
0xb2059e08, 0x17001900, 0x00000000, 0x00000000, 0x0000ecff, 0x00000000, 0x00000000, 0x00000000, 
0x00000000, 0x0000f6ff, 0x0000f6ff, 0x00000000, 0x00000000, 0x00000000, 0x00000000, 0x00000000, 
0x00000000, 0x00000000, 0x00000000, 0x00000000, 0xf6ff0000, 0x00000000, 0x00000000, 0x00000000, 
0x00000000, 0x00000000, 0x00000000, 0xecff0000, 0x00000000, 0xf6ff0000, 0xd8fff6ff, 0x0000f6ff, 
0x00000000, 0xe2ff0000, 0x00000000, 0x00000000, 0x00000000, 0x00000000, 0x00000000, 0x00000000, 
0x00000000, 0x00000000, 0x0000d8ff, 0x28000000, 0x00000000, 0x00000000, 0x00000000, 0x00000000, 
0x00000000, 0x0000ecff, 0x00000000, 0x00000000, 0xd8ff0000, 0x0000c4ff, 0x00000000, 0x0000baff, 
0xbaff0000, 0x00000000, 0x00000000, 0x00000000, 0x00000000, 0x00000000, 0x0000f6ff, 0x00000000, 
0x00000000, 0x0000ecff, 0x00000000, 0x00000000, 0x00000000, 0x00000000, 0x00000000, 0xecff0000, 
0xf6fff6ff, 0xd8ff0000, 0x0000ecff, 0x00000000, 0xceff0000, 0xf6ff0000, 0xf6ff0000, 0x00000000, 
0x00000000, 0xf6ffe2ff, 0x00000000, 0x0000c4ff, 0x0000e2ff, 0xd8ffbaff, 0x00000000, 0x0a001400, 
0x00000000, 0x0000e2ff, 0x0000e2ff, 0x00001400, 0x00000000, 0xb0ff0000, 0x00000000, 0x0000ecff, 
0x00000000, 0x00000000, 0x00000000, 0x00000000, 0x00000000, 0x00000000, 0x00000000, 0x00000000, 
0x0000ecff, 0x00000000, 0xecff0000, 0x00000000, 0x00000000, 0x0000f6ff, 0xe2ffecff, 0x00000000, 
0xb0ff0000, 0x00000000, 0x0000ecff, 0x00000000, 0x00000000, 0xceff0000, 0xe2ffecff, 0xc4ff0000, 
0x0000ceff, 0x00000000, 0xc4ff0000, 0xceff0000, 0xd8ff0000, 0x0000ecff, 0x00000000, 0xe2ffb0ff, 
0x00000000, 0xf6ff0000, 0x00000000, 0x00000000, 0x00000000, 0x00000000, 0x00000000, 0x00000000, 
0x00000000, 0x00000000, 0xecff0000, 0x00000000, 0x00000000, 0x0000ceff, 0x00000000, 0xecff0000, 
0xc4ff0000, 0x0000c4ff, 0x00000000, 0x00000000, 0xbaff0000, 0x00000000, 0x00000000, 0x00000000, 
0xecff0000, 0x00000000, 0x00000000, 0x00000000, 0x00000000, 0x00000000, 0x00000000, 0x00000000, 
0x00000000, 0xecff0000, 0x00000000, 0xbaff0000, 0xceffecff, 0xbaffecff, 0x0000b0ff, 0x00000000, 
0xc4ff0000, 0xbaff0000, 0xc4ff0000, 0x1400d8ff, 0xd8ff0000, 0xe2ffc4ff, 0x00000000, 0x00000000, 
0x0a000000, 0x00000000, 0x00000000, 0x00000000, 0x00000000, 0x00000000, 0x00000000, 0x0000d8ff, 
0x00000000, 0x00000000, 0x00000000, 0x00000000, 0x00000000, 0x00000000, 0x00000000, 0x00000000, 
0x00000000, 0x00000000, 0x00000000, 0x00003200, 0x00000000, 0x00000000, 0x0000ecff, 0x00000000, 
0xecff0000, 0x00000000, 0x00000000, 0x000060ff, 0x2800f6ff, 0x00000000, 0x00000000, 0x00000000, 
0x00000000, 0x00000000, 0x00000000, 0x00000000, 0x00000000, 0x00000000, 0x00000000, 0x00000000, 
0x00001400, 0x00000000, 0x00000000, 0x00000000, 0x00000000, 0x00000000, 0x00000000, 0x0000ceff, 
0x00000000, 0x00000000, 0xf6ff7eff, 0x00000000, 0x00000000, 0x00000000, 0xecff0000, 0xe2ff0000, 
0x00000000, 0x00000000, 0x00000000, 0x00000000, 0x00001e00, 0x00000000, 0x00000000, 0x00002800, 
0x00000000, 0x00004600, 0x00000000, 0x00000000, 0x00000000, 0x00000000, 0x00000000, 0x00000000, 
0xe2fff6ff, 0x00000000, 0x00000000, 0x00000000, 0x0000e2ff, 0x00000000, 0x00000000, 0x00000000, 
0x00000000, 0x00000000, 0x00000000, 0xe2ff0000, 0x0000b0ff, 0x00000000, 0x00000000, 0xc4ff0000, 
0x00000000, 0x00000000, 0x00000000, 0x00000000, 0x00000000, 0x00000000, 0x00000000, 0x00000000, 
0x0000ecff, 0x3c000000, 0x00000000, 0x28000000, 0x00000000, 0x00000000, 0xecff0000, 0x00000000, 
0x00000000, 0x00000000, 0x00000000, 0x00000000, 0x00000000, 0x00000000, 0x00000000, 0x00000000, 
0x00000000, 0x01000000, 0x7e009000, 0x80007f00, 0xa1018100, 0xab01a601, 0xad01ac01, 0xc101bf01, 
0xc901c201, 0xcd01ca01, 0xcf01ce01, 0xd301d201, 0xd501d401, 0xd701d601, 0xdd01d801, 0xe101de01, 
0xe401e201, 0xea01e901, 0xec01eb01, 0xf001ee01, 0xf301f201, 0xf501f401, 0x0a020102, 0x0d020c02, 
0x0f020e02, 0x11021002, 0x1c021302, 0x1f021e02, 0x21022002, 0x24022202, 0x26022502, 0x28022702, 
0x2a022902, 0x2d022c02, 0x2f022e02, 0x31023002, 0x34023202, 0x36023502, 0x3a023702, 0x3c023b02, 
0x3f023e02, 0x41024002, 0x44024202, 0x4a024902, 0x4c024b02, 0x4e024d02, 0x50024f02, 0x52025102, 
0x56025402, 0x59025802, 0x5d025a02, 0x61025f02, 0x6d026302, 0x73027102, 0x77027502, 0x79027802, 
0x7e027c02, 0x82028102, 0x86028402, 0x8f028802, 0x91029002, 0x93029202, 0x97029502, 0x9b029902, 
0x9d029c02, 0x9f029e02, 0xa202a002, 0xb102a402, 0xb302b202, 0xb502b402, 0xb702b602, 0xb902b802, 
0xbb02ba02, 0xbf02bc02, 0x0200c002, 0x7b007c00, 0x12007b00, 0x7d007d00, 0x7f001200, 0x0e007f00, 
0x81008100, 0xa1010e00, 0x0e00a101, 0xa601a601, 0xa8010e00, 0x1200a801, 0xab01ab01, 0xac010b00, 
0x1300ac01, 0xad01ad01, 0xbf010b00, 0x0500bf01, 0xc101c101, 0xc5010200, 0x0200c501, 0xcd01cd01, 
0xcf010200, 0x0200cf01, 0xd201d201, 0xd3011100, 0x0700d301, 0xd501d401, 0xd7010900, 0x0a00d701, 
0xd801d801, 0xdd010c00, 0x0600dd01, 0xde01de01, 0xdf010800, 0x0100e101, 0xe301e301, 0xe4010d00, 
0x0800e401, 0xe801e701, 0xe9010800, 0x0300ea01, 0xeb01eb01, 0xec010100, 0x0300ec01, 0xed01ed01, 
0xee010100, 0x0300ee01, 0xef01ef01, 0xf1010f00, 0x0300f101, 0xf501f201, 0xf6010400, 0x1000f601, 
0x01020102, 0x0a021400, 0x15000a02, 0x11020c02, 0x12020500, 0x16001202, 0x13021302, 0x1e020200, 
0x02002202, 0x24022402, 0x25020200, 0x07002802, 0x29022902, 0x2c020a00, 0x01002c02, 0x32022d02, 
0x33020600, 0x01003702, 0x42023e02, 0x44020100, 0x01004402, 0x48024502, 0x49020300, 0x04004902, 
0x4a024a02, 0x4b020800, 0x04004b02, 0x4c024c02, 0x4d020500, 0x06004d02, 0x4e024e02, 0x4f020500, 
0x06004f02, 0x50025002, 0x51020500, 0x06005102, 0x52025202, 0x53020200, 0x01005302, 0x54025402, 
0x55020200, 0x01005502, 0x56025602, 0x57020200, 0x01005702, 0x59025902, 0x5b020100, 0x01005b02, 
0x5d025d02, 0x5f020100, 0x01005f02, 0x61026102, 0x63020100, 0x01006302, 0x64026402, 0x65020200, 
0x0d006502, 0x66026602, 0x67020200, 0x0d006702, 0x68026802, 0x69020200, 0x0d006902, 0x72027202, 
0x74020800, 0x08007402, 0x76027602, 0x78020800, 0x08007802, 0x7c027c02, 0x7e020300, 0x03007e02, 
0x81028102, 0x82020200, 0x01008202, 0x83028302, 0x84020200, 0x01008402, 0x86028602, 0x8a020300, 
0x0f008a02, 0x8c028c02, 0x8f020f00, 0x11008f02, 0x91029102, 0x93021100, 0x07009302, 0x94029402, 
0x95020300, 0x07009502, 0x96029602, 0x97020300, 0x07009702, 0x98029802, 0x99020300, 0x07009902, 
0x9a029a02, 0x9b020300, 0x09009b02, 0x9c029c02, 0x9d020400, 0x0a009d02, 0x9e029e02, 0x9f020400, 
0x0a009f02, 0xa002a002, 0xa1020c00, 0x1000a102, 0xa202a202, 0xa3020c00, 0x1000a302, 0xa402a402, 
0xa5020c00, 0x1000a502, 0xa702a702, 0xb1020f00, 0x0900b102, 0xb202b202, 0xb3020400, 0x0900b302, 
0xb402b402, 0xb5020400, 0x0900b502, 0xb602b602, 0xb7020400, 0x0a00b702, 0xba02b902, 0xbb021300, 
0x0b00bc02, 0xbe02be02, 0xbf020b00, 0x1400bf02, 0xc002c002, 0x02001500, 0x7e005f00, 0x07008100, 
0xa101a101, 0xa6010700, 0x0700a601, 0xab01ab01, 0xac010c00, 0x0f00ac01, 0xad01ad01, 0xbf010c00, 
0x0400bf01, 0xc101c101, 0xc2010800, 0x0200c201, 0xc901c901, 0xca010d00, 0x0900ca01, 0xcd01cd01, 
0xce010200, 0x1300ce01, 0xcf01cf01, 0xd2010200, 0x0e00d201, 0xd301d301, 0xd4010500, 0x0600d501, 
0xd601d601, 0xd7010d00, 0x0a00d701, 0xd801d801, 0xdd010b00, 0x0100dd01, 0xe201e201, 0xe4011700, 
0x0100e401, 0xea01e901, 0xee010100, 0x1100ee01, 0xf001f001, 0xf2011200, 0x0300f301, 0xf401f401, 
0xf5011800, 0x0300f501, 0x01020102, 0x0a021500, 0x16000a02, 0x11020c02, 0x13020400, 0x08001302, 
0x1c021c02, 0x1e020200, 0x02002202, 0x24022402, 0x25020200, 0x05002802, 0x29022902, 0x2a020a00, 
0x13002a02, 0x31022c02, 0x3a020100, 0x10003b02, 0x49024902, 0x4b020300, 0x03004b02, 0x4c024c02, 
0x4d020400, 0x01004d02, 0x4e024e02, 0x4f020400, 0x01004f02, 0x50025002, 0x51020400, 0x01005102, 
0x52025202, 0x54020800, 0x08005402, 0x56025602, 0x58020800, 0x02005802, 0x59025902, 0x5a021400, 
0x02005a02, 0x6d026d02, 0x71021000, 0x0d007102, 0x73027302, 0x75020900, 0x09007502, 0x77027702, 
0x78020900, 0x14007802, 0x79027902, 0x7c020900, 0x01007c02, 0x7e027e02, 0x81020100, 0x02008102, 
0x86028602, 0x88021100, 0x11008802, 0x8f028f02, 0x90020e00, 0x12009002, 0x91029102, 0x92020e00, 
0x12009202, 0x93029302, 0x95020500, 0x05009502, 0x97029702, 0x99020500, 0x05009902, 0x9b029b02, 
0x9c020600, 0x03009c02, 0x9d029d02, 0x9e020a00, 0x03009e02, 0x9f029f02, 0xa0020a00, 0x0b00a002, 
0xa202a202, 0xa4020b00, 0x0b00a402, 0xb102b102, 0xb2020600, 0x0300b202, 0xb302b302, 0xb4020600, 
0x0300b402, 0xb502b502, 0xb6020600, 0x0300b602, 0xb702b702, 0xb8020a00, 0x0300b802, 0xba02b902, 
0xbb020f00, 0x0c00bc02, 0xbf02bf02, 0xc0021500, 0x1600c002, 0xa4000100, 0x00000400, 0xfa024d00, 
0xc002fa02, 0xba02fa02, 0x9e02a402, 0x4a029802, 0x40029e02, 0x36029e02, 0x26022c02, 0x1c022602, 
0xd801ea01, 0xce01ce01, 0x9001ce01, 0x52019e02, 0xba02ba02, 0xba02ba02, 0xba02ba02, 0x98029802, 
0x98029802, 0x9e029802, 0x9e029e02, 0x9e029e02, 0x9e029e02, 0x40021c02, 0xce01ce01, 0xba02ba02, 
0x9e024c01, 0x9e024201, 0x98029802, 0x98029802, 0x4201ba02, 0x98029e02, 0x2c022c02, 0xce012602, 
0xce011c02, 0x26021c02, 0x2602ce01, 0x2602ce01, 0x1c02ce01, 0x9e02ce01, 0x4d000100, 0x7c007a00, 
0xa701a501, 0xc001bf01, 0xc301c201, 0xcd01c401, 0xcf01ce01, 0xd201d001, 0xd501d401, 0xdb01d701, 
0xf201df01, 0xf501f301, 0x0a02f901, 0x0c020b02, 0x0e020d02, 0x10020f02, 0x12021102, 0x15021402, 
0x17021602, 0x1e021c02, 0x20021f02, 0x22022102, 0x29022402, 0x49022a02, 0x4c024b02, 0x50024e02, 
0x59025802, 0x5c025a02, 0x60025e02, 0x6e026202, 0x81027802, 0x8f028302, 0x9b029102, 0x9d029c02, 
0x9f029e02, 0xb202b102, 0xb402b302, 0xb602b502, 0xb802b702, 0x0200c002, 0x50008300, 0x46006b02, 
0xc8010100, 0x0f006e00, 0x6400c801, 0xd8ffd201, 0xe2ffd401, 0xe2ffd501, 0xd8ffd701, 0xd8ff2902, 
0xd8ff8f02, 0xd8ff9102, 0xe2ff9b02, 0xd8ff9d02, 0xd8ff9f02, 0xe2ffb102, 0xe2ffb302, 0xe2ffb502, 
0xd8ffb702, 0xc8010f00, 0xd2013200, 0xd401ecff, 0xd501f6ff, 0xd701f6ff, 0x2902e2ff, 0x8f02e2ff, 
0x9102ecff, 0x9b02ecff, 0x9d02f6ff, 0x9f02e2ff, 0xb102e2ff, 0xb302f6ff, 0xb502f6ff, 0xb702f6ff, 
0x0200e2ff, 0x14008300, 0x0000db01, 0x7f000400, 0x81001400, 0xa1011400, 0xa6011400, 0x0c001400, 
0x5f00c801, 0x1e00f201, 0x1e00f301, 0x1e00f401, 0x1e00f501, 0x1e004902, 0x1e004b02, 0x1e009c02, 
0x1e009e02, 0x1e00b202, 0x1e00b402, 0x1e00b602, 0x83000200, 0xa5011400, 0x0100e2ff, 0x14008300, 
0x83000200, 0xa5011400, 0x0200ecff, 0xf6ff0102, 0xf6ffbf02, 0xa5010200, 0xd601f6ff, 0x1300ecff, 
0x14007b00, 0x14007d00, 0x14008300, 0x1400a801, 0xc4ffab01, 0xc4ffad01, 0xecffbf01, 0xecff0c02, 
0xecff0d02, 0xecff0e02, 0xecff0f02, 0xecff1002, 0xecff1102, 0xecff4c02, 0xecff4e02, 0xecff5002, 
0xc4ffbb02, 0xc4ffbc02, 0xc4ffbe02, 0xc8010100, 0x01003c00, 0xecffd601, 0xab010500, 0xad01f6ff, 
0xbb02f6ff, 0xbc02f6ff, 0xbe02f6ff, 0x0100f6ff, 0x3200c801, 0xd2010e00, 0xd401c4ff, 0xd501ecff, 
0xd701ecff, 0x2902e2ff, 0x8f02e2ff, 0x9102c4ff, 0x9b02c4ff, 0x9d02ecff, 0x9f02e2ff, 0xb102e2ff, 
0xb302ecff, 0xb502ecff, 0xb702ecff, 0x0200e2ff, 0x5a00c801, 0x2800e601, 0x00000200, 0x08000100, 
0x7c000200, 0x00000400, 0x9600b800, 0x06000900, 0x00000000, 0x000097ff, 0x00000000, 0x00000000, 
0x3dff0000, 0x000074ff, 0x00000000, 0xd3ff0000, 0x00000000, 0x00000000, 0x38ff0000, 0x00000000, 
0x00000000, 0x00000000, 0xddff0000, 0xaaff0000, 0x00000000, 0x00000000, 0xf6fe0000, 0x00000000, 
0x00000000, 0x02ff0000, 0x00000000, 0x00000000, 0x00000000, 0x2eff0000, 0x00006fff, 0x0b000100, 
0xd600d100, 0xe300e000, 0xf000ef00, 0xf900f300, 0x5901fa00, 0x02005d01, 0x87000500, 0x05008700, 
0x46014601, 0x59010100, 0x02005901, 0x5a015a01, 0x5b010300, 0x04005b01, 0x09000200, 0xd100d100, 
0xd6000500, 0x0300d600, 0xef00ef00, 0xf0000200, 0x0100f000, 0xf300f300, 0xf9000600, 0x0800f900, 
0xfa00fa00, 0x59010100, 0x04005901, 0x5d015d01, 0x02000700, 0x02000800, 0x0a003805, 0xc6030200, 
0x00000400, 0x0004a604, 0x19001300, 0x00000000, 0x00000000, 0x00000000, 0x00000000, 0x00000000, 
0x00000000, 0x00000000, 0x00000000, 0xddff0000, 0x00000000, 0xd8ff0000, 0x00000000, 0x00000000, 
0x00000000, 0x00000000, 0x00000000, 0x00000000, 0x00000000, 0x00000000, 0x00000000, 0x00000000, 
0x00000000, 0x00000000, 0x00000000, 0x00000000, 0x00000000, 0x00000000, 0x00000000, 0x00000000, 
0x00000000, 0x00000000, 0xc4ffc7ff, 0x00000000, 0x00000000, 0x00000000, 0x00000000, 0x00000000, 
0x00000000, 0x00000000, 0x00000000, 0x00000000, 0x00000000, 0x00000000, 0x00000000, 0x00000000, 
0x00000000, 0x00000000, 0x00001e00, 0x00000000, 0x00000000, 0x46000000, 0x00000000, 0x00000000, 
0x00000000, 0x00000000, 0x00000000, 0x00000000, 0x00000000, 0x00000000, 0x00000000, 0x00000000, 
0x00000000, 0x00000000, 0x00000000, 0x00000000, 0x00000000, 0x00000000, 0x00000000, 0x00000000, 
0x00000000, 0x00000000, 0x00000000, 0x00000000, 0x00000000, 0x00000c00, 0x00000000, 0x00000000, 
0x00000000, 0x00000000, 0x00000000, 0x00000000, 0x00000000, 0x00000000, 0x00000000, 0x00000000, 
0x00000000, 0x00000000, 0x00000000, 0x00000000, 0x00000000, 0x00000000, 0x00000000, 0x00000000, 
0x00000000, 0x00000000, 0x00000000, 0x00000000, 0x00000000, 0x00000000, 0x00000000, 0x00000000, 
0x00000000, 0x00000000, 0x00000000, 0x00000000, 0x00000000, 0x56ff0000, 0x00000000, 0x00000000, 
0x00000000, 0x00000000, 0x00000000, 0x00000000, 0x00000000, 0x00000000, 0x00000000, 0x00000000, 
0x00000000, 0x00000000, 0x00000000, 0x00000000, 0x00000000, 0x00003200, 0x00000000, 0x00000000, 
0x00000000, 0xaaff0000, 0x00000000, 0x00000000, 0x00000000, 0x00000000, 0x00000000, 0x00000000, 
0x00000000, 0x00000000, 0x00000000, 0x00000000, 0x00000000, 0x00000000, 0xf6fef6fe, 0x00000000, 
0x00000000, 0x00000000, 0x00000000, 0x00000000, 0x00000000, 0x00000000, 0x00000000, 0x00000000, 
0x00000000, 0x00000000, 0x02ff0000, 0x000086ff, 0xacfe0fff, 0x0aff0fff, 0x0800faff, 0x00000000, 
0x00000000, 0x00000000, 0x00000000, 0x00000000, 0x00001600, 0x00000000, 0x00000000, 0x00000000, 
0x00000000, 0x00000000, 0x00000000, 0x00000000, 0xb1ff0000, 0xd8ffc9ff, 0x00000000, 0x00000000, 
0x00000000, 0x00000000, 0x00000000, 0x00000000, 0x00000000, 0x00000000, 0x00000000, 0x00000000, 
0x00000000, 0x00000000, 0x00000000, 0x00000000, 0x00000000, 0x00000000, 0x00000000, 0x00000000, 
0x00000000, 0x00000000, 0x00000000, 0x00000000, 0x00000000, 0x00000000, 0x00000000, 0x00000000, 
0x00000000, 0x00000000, 0x00000a00, 0x00000000, 0x00000000, 0x00000000, 0x00000000, 0x00000000, 
0x00000000, 0x00000000, 0x00000000, 0x00000000, 0x23000000, 0x00000000, 0x00000000, 0x00000000, 
0x00000000, 0x00000000, 0x00000000, 0x00000000, 0x00000000, 0x00000000, 0x00000000, 0x00000000, 
0x00000000, 0x00000000, 0x00000000, 0x00000000, 0x00000000, 0x00000000, 0x00000000, 0x00000000, 
0x00000000, 0x00000000, 0x00000000, 0x00000000, 0x00000000, 0x00000000, 0x00000000, 0x00000000, 
0x01000000, 0x42001b00, 0x72004700, 0x9a007800, 0xcb00ca00, 0xd100cd00, 0xd600d400, 0xd800d700, 
0xe000dd00, 0xe300e100, 0xf300ef00, 0x1101fb00, 0x5d011301, 0x90018d01, 0x95019101, 0x1b000200, 
0x1b001b00, 0x21000c00, 0x02002100, 0x2a002a00, 0x2f000900, 0x02002f00, 0x43004300, 0x87000100, 
0x10008700, 0xa400a400, 0xb9000200, 0x1800b900, 0xbe00be00, 0xc5001100, 0x0f00c500, 0xcb00cb00, 
0xd0001500, 0x0500d000, 0xe000e000, 0xe1000600, 0x0700e100, 0xe200e200, 0x01010800, 0x0d000101, 
0x05010501, 0x06011600, 0x0a000601, 0x07010701, 0x0d010b00, 0x12000d01, 0x0e010e01, 0x10011300, 
0x14001001, 0x12011101, 0x13010300, 0x04001301, 0x14011401, 0x58011700, 0x0e005801, 0x94019201, 
0x02000100, 0x47001600, 0x12004700, 0x72007200, 0x78000400, 0x04007800, 0x9a009a00, 0xca001100, 
0x0d00ca00, 0xcb00cb00, 0xcd000e00, 0x0600cd00, 0xd100d100, 0xd4000a00, 0x0300d400, 0xd600d600, 
0xd7000800, 0x0900d700, 0xd800d800, 0xdd000300, 0x1000dd00, 0xe000e000, 0xe1000200, 0x0700e100, 
0xe300e300, 0xef000200, 0x0500ef00, 0xf300f300, 0xfb000b00, 0x0f00fb00, 0x11011101, 0x13010100, 
0x01001301, 0x5d015d01, 0x01000c00, 0x04001000, 0x03000000, 0x1a002000, 0x01001a00, 0x47000300, 
0xfa00f000, 0x8d010100, 0x01000000, 0x0f00b900, 0x5e000200, 0xf9010000, 0x0300ca02, 0x00000700, 
0x11211173, 0x21112125, 0xfe9b015e, 0xfe350198, 0xfdca02cb, 0x64023336, 0x34000800, 0xca016c00, 
0x07000202, 0x17000f00, 0x27001f00, 0x37002f00, 0x00003f00, 0x34352241, 0x14153233, 0x34352205, 
0x14153233, 0x34352227, 0x14153233, 0x34352217, 0x14153233, 0x34352203, 0x14153233, 0x34352217, 
0x14153233, 0x34352203, 0x14153233, 0x34352217, 0x14153233, 0x1d1d8001, 0x1ce0fe1d, 0x1d491d1c, 
0x1c911c1d, 0x1c9f1e1c, 0x1de61d1c, 0x1c9f1d1d, 0x1d911e1c, 0x97011d1d, 0x1d1d1d1d, 0x1d1d1df9, 
0x1c1d7d1d, 0x1daf1d1c, 0x011d1d1d, 0x1d1d1d2b, 0x1d1df91d, 0x2b011d1d, 0x1d1c1c1d, 0x1c1c1dae, 
0x0100001d, 0xf6ff3400, 0x78020102, 0x00003300, 0x35262245, 0x26263411, 0x06062223, 0x16161415, 
0x26221733, 0x33363435, 0x14151632, 0x26222306, 0x36343526, 0x16323336, 0x14111516, 0x36323316, 
0x06061737, 0x323cdb01, 0x26202510, 0x2b192943, 0x241e101b, 0x29231f2a, 0x4d333534, 0x3d673e2b, 
0x11284b33, 0x03100713, 0x0a140807, 0x59014340, 0x27172a1d, 0x27202c44, 0x1e2e4310, 0x20272a21, 
0x4d292f29, 0x38613d35, 0xfe3c4e26, 0x02161ca7, 0x03014601, 0x51ff0200, 0xb100ad02, 0x0f006c03, 
0x00001b00, 0x26262253, 0x16163727, 0x37363233, 0x27020e17, 0x34352622, 0x16323336, 0x04061415, 
0x05284c3a, 0x35300545, 0x46053432, 0x3d492704, 0x16161616, 0x02151517, 0x324f2ead, 0x3d3f3709, 
0x5032093a, 0x101b692e, 0x101b1b10, 0x03001b10, 0xd7ff4900, 0x6e02a801, 0x19000900, 0x00002500, 
0x27022e45, 0x17021e37, 0x26262203, 0x36363435, 0x16163233, 0x06061415, 0x35363227, 0x22232634, 
0x16141506, 0x51296701, 0x3f324361, 0xcd205d71, 0x25254028, 0x40282840, 0x28402525, 0x20282820, 
0x2929291f, 0x2956653f, 0x78692640, 0x2265013b, 0x3d29293e, 0x2a3d2122, 0x41223e29, 0x26212127, 
0x27212027, 0x4e000400, 0x68010000, 0x0f006e02, 0x2b001b00, 0x00003700, 0x26262253, 0x36363435, 
0x16163233, 0x06061415, 0x35363227, 0x22232634, 0x16141506, 0x26262213, 0x36363435, 0x16163233, 
0x06061415, 0x35363227, 0x22232634, 0x16141506, 0x254028db, 0x28284025, 0x40252540, 0x28282028, 
0x29291f20, 0x2540281f, 0x28284025, 0x40252540, 0x28282028, 0x29291f20, 0x3e225d01, 0x223d2929, 
0x292a3d21, 0x2741223e, 0x27262121, 0xfe272120, 0x293e2262, 0x21223d29, 0x3e292a3d, 0x21274122, 
0x20272621, 0x03002721, 0x0000f6ff, 0x6e028703, 0x43001400, 0x00004b00, 0x27262661, 0x17021e37, 
0x35022e23, 0x21352111, 0x25112315, 0x27022e22, 0x33031e37, 0x35363632, 0x22232634, 0x34271506, 
0x16333636, 0x06141516, 0x35262223, 0x32333634, 0x14151616, 0x2603020e, 0x16372726, 0xd1021716, 
0x1c325f1f, 0x0e344020, 0x01030109, 0x910325fd, 0x3762fe69, 0x1b4a5c68, 0x44351449, 0x42353353, 
0x1f313d1f, 0x3a1d401f, 0x2909072a, 0x432d2626, 0x315a403b, 0x5b53381b, 0x492f3105, 0x3d043136, 
0x0f411e5a, 0x141f3d33, 0x01142220, 0xfd474765, 0x54235bd9, 0x55116f92, 0x23234c79, 0x483a253d, 
0x0f041915, 0x1d0a1822, 0x322d2715, 0x35372c22, 0x49293d5c, 0x76012039, 0x210a3120, 0x002b3816, 
0xf6ffffff, 0x91040000, 0x2604b002, 0x00000d00, 0x3b000700, 0x00007d03, 0xf6ff0400, 0x2002bfff, 
0x17009003, 0x52004a00, 0x00005600, 0x23263441, 0x26262223, 0x37363435, 0x15060617, 0x33331614, 
0x17161632, 0x27032e13, 0x33161637, 0x35363632, 0x22232634, 0x27150606, 0x33363634, 0x14151616, 
0x26222306, 0x33363435, 0x15161632, 0x23060614, 0x17021e37, 0x27262601, 0x17161637, 0x15213527, 
0x2e246601, 0x30573d5a, 0x024a0203, 0x513c3202, 0x02294c37, 0x65693f44, 0x230f4770, 0x4d472649, 
0x1c414b1e, 0x1e400f22, 0x05022d3c, 0x25252329, 0x66523d4b, 0x4b663330, 0x66642d0a, 0x0584fe2f, 
0x36492f31, 0x02f90431, 0x3169022a, 0x38452026, 0x050e1a0b, 0x3208120c, 0x3846212b, 0x442f56fd, 
0x45102632, 0x3622090a, 0x0939351c, 0x0f041114, 0x1d0a1822, 0x2d292315, 0x36392b1e, 0x51322e55, 
0x300d0f2f, 0xdb01263f, 0x210a3120, 0x532b3816, 0x04004747, 0xf9fff6ff, 0x9003bb02, 0x51004900, 
0x6d005500, 0x26450000, 0x36343526, 0x030e1737, 0x23020e07, 0x37272622, 0x32331616, 0x36363736, 
0x26263435, 0x15062223, 0x36363427, 0x15161633, 0x22230614, 0x36343526, 0x16163233, 0x07061415, 
0x37023e07, 0x15020e17, 0x01171614, 0x37272626, 0x27171616, 0x27152135, 0x23232634, 0x35262622, 
0x17373634, 0x14150606, 0x32333316, 0x02171616, 0x12141215, 0x2f1a2816, 0x1b233831, 0x261b3233, 
0x133c1e4a, 0x28141727, 0x19100e16, 0x232a2330, 0x2d3c1e40, 0x23290502, 0x3f4b2525, 0x012f5437, 
0x3d183d01, 0x0f4c3651, 0x11110a14, 0x310528fe, 0x31363f2f, 0xc502d604, 0x862e24dd, 0x03356241, 
0x02024a02, 0x37823c41, 0x0702294c, 0x353a6e38, 0x0e073660, 0x3341291d, 0x2c163127, 0x181f2134, 
0x2f141e16, 0x1c2f1f1d, 0x0f041915, 0x1d0a1822, 0x2d292315, 0x2f382b1e, 0x0f063854, 0x44230205, 
0x24451f43, 0x302b4643, 0xc6013558, 0x210a3120, 0x522b3816, 0x31424747, 0x37442026, 0x050e1a0d, 
0x3208120c, 0x3846212b, 0xf6ff0200, 0xd2021800, 0x17009003, 0x00004400, 0x23263441, 0x26262223, 
0x37363435, 0x15060617, 0x33331614, 0x17161632, 0x022e2203, 0x021e3727, 0x35363233, 0x37272634, 
0x2223020e, 0x21353526, 0x21152135, 0x33161415, 0x37373632, 0x14151616, 0xfc010606, 0x41892e24, 
0x02033562, 0x4102024a, 0x4c37853c, 0x42a30229, 0x204f6072, 0x7157244b, 0x1954514a, 0x411b3114, 
0x343b2244, 0xdc02dffe, 0x131292fe, 0x3c2b401d, 0x6b37241f, 0x26316902, 0x0d374420, 0x0c050e1a, 
0x2b320812, 0xfd384621, 0xa9672eaf, 0xa98b147b, 0x2d3f504d, 0x310e1540, 0x494e2040, 0xb347479e, 
0x3e371b1d, 0x32682b09, 0x003a643f, 0xf6ff0200, 0x2a031800, 0x36009003, 0x00004e00, 0x26262265, 
0x021e3727, 0x022e3717, 0x031e3727, 0x35363233, 0x37272634, 0x22230606, 0x21353526, 0x21152135, 
0x33161415, 0x37373632, 0x14151616, 0x3413020e, 0x22232326, 0x34352626, 0x06173736, 0x16141506, 
0x16323333, 0xf7011716, 0x3a8cab69, 0x543f1b47, 0x40250339, 0x164a0e31, 0x36534133, 0x14194e4b, 
0x2e672931, 0x83fe343f, 0x96fe3403, 0x401d1312, 0x23203c2b, 0x305d3a1b, 0x41b62e24, 0x02033562, 
0x4102024a, 0x4c37b23c, 0x4a180229, 0x52179db4, 0x03226483, 0x417e6a24, 0x59885c0e, 0x2645542c, 
0x490e153d, 0x9e494e48, 0x1db34747, 0x093e371b, 0x322b612f, 0x02223f54, 0x20263151, 0x1a0d3744, 
0x120c050e, 0x212b3208, 0x04003846, 0x00003600, 0xb002f302, 0x1d000d00, 0x53004200, 0x2e610000, 
0x36272702, 0x35073736, 0x27111733, 0x11352626, 0x07020e17, 0x17031e35, 0x35262201, 0x32333634, 
0x14151616, 0x22230606, 0x14373526, 0x36323316, 0x16163737, 0x26260717, 0x020e1727, 0x27262601, 
0x17021e37, 0x35262607, 0x11173311, 0x681edd01, 0x58274883, 0x35176ccb, 0x03024818, 0x6d743615, 
0x5a5b252c, 0xbffe164c, 0x2123452f, 0x110d1b16, 0x1b19101a, 0x2314193e, 0x163f2943, 0x1742163a, 
0x1732132a, 0xc801513e, 0x1930571d, 0x0c323c1d, 0x35030207, 0x3f5c3a18, 0x6738600b, 0x42ce1f22, 
0x175892fd, 0x0901202e, 0x3b321117, 0x1f061020, 0x012d4532, 0x1a2e2e6d, 0x0e1c1229, 0x1d0c1b16, 
0x0c100a16, 0x1f0d352a, 0x26132956, 0x1f06193e, 0x83fe2337, 0x3f205b3b, 0x1c3d3510, 0x202d1703, 
0xfd42b001, 0x010000da, 0xf6ff3b00, 0xbf023e02, 0x00004b00, 0x36362745, 0x23263435, 0x14150622, 
0x07171616, 0x33363427, 0x14151632, 0x26222306, 0x36343526, 0x16323336, 0x06141516, 0x023e2707, 
0x26263435, 0x022e2727, 0x37363435, 0x15060617, 0x17161614, 0x15031e17, 0x01020e14, 0x080a3f5d, 
0x2b252a2a, 0x16070a04, 0x1a1a1e0e, 0x1e1e2621, 0x47251f34, 0x294a3231, 0x2c260806, 0x4a1a2d4a, 
0x5a4d1747, 0x50040526, 0x3f120305, 0x57411b43, 0x3e231633, 0x1a300a52, 0x31281a2b, 0x160a252f, 
0x060e0814, 0x1e1e211a, 0x3b1e211e, 0x28452c2c, 0x17354a27, 0x0615172a, 0x2639512e, 0x06123542, 
0x2d4b3a14, 0x0715270f, 0x140a1e16, 0x07122c2f, 0x4c3e3011, 0x4159392c, 0x01000029, 0x00002e00, 
0x78028102, 0x00004800, 0x23022e61, 0x23060622, 0x35022e22, 0x17373634, 0x14150606, 0x3233021e, 
0x32333636, 0x11231716, 0x22232634, 0x1415020e, 0x22073316, 0x36343526, 0x16323336, 0x23061415, 
0x35262622, 0x33023e34, 0x11151632, 0x1a083402, 0x3e241c25, 0x481c2c44, 0x04082b42, 0x1907044d, 
0x22163028, 0x2f233b3a, 0x1c121743, 0x2b3b2426, 0x0d221417, 0x1e112124, 0x30291c11, 0x1e2f1823, 
0x31553f23, 0x261e5542, 0x0f090813, 0x1844532a, 0x0f0b1635, 0x362c1d2a, 0x08090a1c, 0x99013226, 
0x32202926, 0x210f1939, 0x1619253c, 0x1f250e1c, 0x36192623, 0x4553292b, 0xfe534b2b, 0x02000026, 
0x00002e00, 0x95032303, 0x69002000, 0x35410000, 0x3435023e, 0x27272626, 0x3435022e, 0x06173736, 
0x16141506, 0x021e1717, 0x06061415, 0x23022e03, 0x23060622, 0x35022e22, 0x17373634, 0x14150606, 
0x3233021e, 0x32333636, 0x11231716, 0x22232634, 0x1415020e, 0x22073316, 0x36343526, 0x16323336, 
0x23061415, 0x35262622, 0x33023e34, 0x11151632, 0x2c187502, 0x2c4c2f1c, 0x254e3e68, 0x014a0103, 
0x832f2f02, 0x303a6543, 0x1a08704f, 0x3e241c25, 0x481c2c44, 0x04082b42, 0x1907044d, 0x22163028, 
0x2f233b3a, 0x1c121743, 0x2b3b2426, 0x0d221417, 0x1e112124, 0x30291c11, 0x1e2f1823, 0x31553f23, 
0x72015542, 0x30200b4f, 0x172f2c21, 0x28090e06, 0x18093344, 0x14070409, 0x07292f08, 0x4d290912, 
0x364d363f, 0x261e7afe, 0x0f090813, 0x1844532a, 0x0f0b1635, 0x362c1d2a, 0x08090a1c, 0x99013226, 
0x32202926, 0x210f1939, 0x1619253c, 0x1f250e1c, 0x36192623, 0x4553292b, 0xfe534b2b, 0x01000026, 
0x2a002100, 0x7802ae02, 0x00004600, 0x26262265, 0x16163727, 0x35363233, 0x37232634, 0x34353632, 
0x0e222326, 0x16141502, 0x26220733, 0x33363435, 0x14151632, 0x26222306, 0x023e3435, 0x15163233, 
0x23020e14, 0x34352622, 0x16323336, 0x06141516, 0xa65cd401, 0x3b4b2c85, 0x513b79b1, 0x38023c3e, 
0x23292a32, 0x0c1d3240, 0x271b1010, 0x20231821, 0x26291d27, 0x335c4629, 0x2917564e, 0x27251f36, 
0x47352c24, 0x5c2a7824, 0xd616a9cc, 0x353934c5, 0x3850063a, 0x27192829, 0x100d142d, 0x171d1a2f, 
0x1f192722, 0x26213522, 0x51243c49, 0x3949294a, 0x15192821, 0x2d53352b, 0x02005d56, 0x2a002100, 
0x95034003, 0x66001f00, 0x37410000, 0x34353636, 0x27272626, 0x3435022e, 0x06173736, 0x16141506, 
0x021e1717, 0x06061415, 0x26262203, 0x16163727, 0x35363233, 0x37232634, 0x34353632, 0x0e222326, 
0x16141502, 0x26220733, 0x33363435, 0x14151632, 0x26222306, 0x023e3435, 0x15163233, 0x23020e14, 
0x34352622, 0x16323336, 0x06141516, 0x28365502, 0x2a462a3f, 0x264e3d76, 0x014a0103, 0x8c393002, 
0x3b355e3c, 0xa65cc869, 0x3b4b2c85, 0x513b79b1, 0x38023c3e, 0x23292a32, 0x0c1d3240, 0x271b1010, 
0x20231821, 0x26291d27, 0x335c4629, 0x2917564e, 0x27251f36, 0x47352c24, 0x4c017824, 0x2e491463, 
0x0519302b, 0x43290910, 0x0a190e2c, 0x05160a04, 0x13082631, 0x3c4b2a08, 0xfe455a3a, 0xa9cc5cc2, 
0x34c5d616, 0x063a3539, 0x28293850, 0x142d2719, 0x1a2f100d, 0x2722171d, 0x35221f19, 0x3c492621, 
0x294a5124, 0x28213949, 0x352b1519, 0x5d562d53, 0xf6ff0300, 0x31030000, 0x10006e02, 0x3e002000, 
0x2e610000, 0x36272702, 0x35073736, 0x15213521, 0x26271121, 0x17113526, 0x3507020e, 0x3717031e, 
0x34352622, 0x16323336, 0x23061415, 0x35363235, 0x23262634, 0x021e3235, 0x06061415, 0x65199e01, 
0x60274d87, 0xfe1766ca, 0xfe3b0358, 0x030248ba, 0x71713115, 0x5b5f2931, 0x23df1248, 0x1b1d2530, 
0x1d242224, 0x506e381b, 0x345b7540, 0x633a3117, 0x39600c46, 0x45231d60, 0xd9fd4747, 0x202e1758, 
0x0f231d01, 0x101f3a2f, 0x49372407, 0x22254a2d, 0x1f1f251d, 0x223b2517, 0x28422916, 0x553a1e4b, 
0x23391f38, 0x32000100, 0x9f020000, 0x4300b002, 0x2e610000, 0x3e272702, 0x26343502, 0x020e3727, 
0x35262223, 0x32333634, 0x14151616, 0x22230606, 0x37352626, 0x32331614, 0x1e373736, 0x06141502, 
0x1e270706, 0x26071702, 0x33113526, 0x23153317, 0x23e90111, 0x26508465, 0x142e6758, 0x330d3917, 
0x473a2a45, 0x1a162525, 0x0e1e160d, 0x3d0f160c, 0x4118161c, 0x190e3e1d, 0x456d3f0f, 0x59876313, 
0x0205081a, 0x696a1735, 0x0b40613c, 0x37270c63, 0x172f1c24, 0x1e413204, 0x32203642, 0x19111c12, 
0x120c0f20, 0x191a1009, 0x150d432c, 0x3a1e3731, 0x16082f51, 0x2e584511, 0x233b1e09, 0x4742ef01, 
0x0100d9fd, 0x00001600, 0xb0029002, 0x00003100, 0x15331161, 0x22232626, 0x36270706, 0x16323336, 
0x06141516, 0x023e2707, 0x23263435, 0x27070622, 0x32333636, 0x26231716, 0x33353526, 0x23153317, 
0x15da0111, 0x3f417231, 0x1711174e, 0x43362238, 0x2d545620, 0x25283d22, 0x1b2f1828, 0x4e78284b, 
0x122b7b47, 0x17350302, 0xac01696a, 0x4e5e633f, 0x0e0b123b, 0x44283d23, 0x0e4c295c, 0x201f3023, 
0x420b0c20, 0x504d5e64, 0x671e3c14, 0xd9fd4742, 0xf6ff0100, 0x77020000, 0x31006e02, 0x2e610000, 
0x36272702, 0x06173736, 0x26222306, 0x37363435, 0x15060617, 0x32331614, 0x0e173736, 0x1e270702, 
0x26071702, 0x21113526, 0x23152135, 0x1fc10111, 0x234d8163, 0x37254221, 0x4b09140d, 0x413c3b56, 
0x1b2f2d3a, 0x2d263516, 0x1d4a5228, 0x5975520f, 0x03010c26, 0x810235fe, 0x39502b69, 0x2c1a5705, 
0x03040c16, 0x43303847, 0x3811221c, 0x101e2420, 0x35174219, 0x0c171734, 0x052b4934, 0x01193113, 
0xfd474782, 0x010000d9, 0x09001e00, 0x78029302, 0x00004700, 0x022e2265, 0x021e3727, 0x35363233, 
0x17272634, 0x2223020e, 0x34353526, 0x32333636, 0x06141516, 0x26222306, 0x1e372726, 0x36323302, 
0x23263435, 0x15150622, 0x16141531, 0x36363233, 0x16163737, 0x06061415, 0x7444a601, 0x4b204f61, 
0x4e745824, 0x190b5948, 0x3e44232e, 0x313a401b, 0x4a3b2b4f, 0x4528462b, 0x3a215d75, 0x3b5a4921, 
0x1c1c2429, 0x1812322e, 0x20312b17, 0x38171446, 0x672e096a, 0x8b147ba9, 0x434b4da9, 0x0e2b3617, 
0x4916372f, 0x57425446, 0x28353b2b, 0x55361b37, 0x4a292c2e, 0x1417212d, 0x05384517, 0x131e1a62, 
0x2403242b, 0x633e2652, 0x01000039, 0x1800f6ff, 0x6e022402, 0x00002a00, 0x35262277, 0x21352311, 
0x07152115, 0x15151616, 0x32331614, 0x3435023e, 0x022e2726, 0x021e3727, 0x15161617, 0xe8020e14, 
0x02694544, 0x0488fe2e, 0x251c0202, 0x1d303b1f, 0x41272c1f, 0x0f0a0f31, 0x572e3d28, 0x5b46273f, 
0x01575418, 0x5c474764, 0x152e0d01, 0x272e2dbf, 0x1d21483e, 0x13040418, 0x25562329, 0x0805172d, 
0x63303942, 0x02003252, 0xb1fff6ff, 0x6e026b02, 0x4b004700, 0x2e450000, 0x16372702, 0x36323316, 
0x26343536, 0x07062223, 0x15161637, 0x23060614, 0x35352622, 0x16071533, 0x14151516, 0x36323316, 
0x26343536, 0x27262627, 0x33161637, 0x32333632, 0x1415021e, 0x37230606, 0x0117021e, 0x02152135, 
0x938f4e3e, 0x3c1d0b53, 0x2b5a4625, 0x120e3a3a, 0x1b151408, 0x3c2b4d30, 0x01024d38, 0x16191301, 
0x16131726, 0x08093025, 0x102d360a, 0x4c3b1024, 0x8149112b, 0x723a0953, 0x95fd3b72, 0x324f7502, 
0x470d2b43, 0x492d0706, 0x01383528, 0x22092f02, 0x314f2e1d, 0x51c84945, 0x111b0c02, 0x2223263d, 
0x0f0f112f, 0x22190502, 0x031e2240, 0x183c3623, 0x22346449, 0x23382608, 0x47473902, 0xf6ff0200, 
0x6803f9ff, 0x36006e02, 0x00005200, 0x022e2265, 0x021e3727, 0x35363233, 0x33272634, 0x22230606, 
0x36343526, 0x06063736, 0x21352323, 0x26222115, 0x15060627, 0x32331614, 0x16373736, 0x06141516, 
0x26261706, 0x36363435, 0x26221737, 0x1e372726, 0x36323302, 0x06061737, 0x17161415, 0x693d7901, 
0x4c1a4557, 0x4765471b, 0x0d0e4e3e, 0x355f1f3c, 0x301d483f, 0x1933141d, 0xfe7203fe, 0x162b18c3, 
0x1e1f4259, 0x3c1a3e1c, 0x5f2e1516, 0x0b1312ff, 0x430c0a12, 0x4b1f536b, 0x2c473615, 0x270f1a0e, 
0x13101418, 0xa4693121, 0xa77e1472, 0x1f434153, 0x36321134, 0x42254044, 0x0101173a, 0x01024747, 
0x1e265d34, 0x09241f21, 0x332f4925, 0x3a283659, 0x452b4070, 0x20101436, 0x22103946, 0x0102172e, 
0x3c572d46, 0x00385c34, 0xf6ff0300, 0x27030000, 0x0e00b002, 0x33001e00, 0x2e610000, 0x36272702, 
0x35073736, 0x11213521, 0x35262627, 0x020e1711, 0x031e3507, 0x022e1717, 0x021e3727, 0x26260717, 
0x17331135, 0x11231533, 0x691ea801, 0x60274d88, 0xfe176dcd, 0x48ff014e, 0x36150302, 0x29317275, 
0x164c5d5f, 0x413712bb, 0x3d1d2123, 0x02080c32, 0x6a173502, 0x46633a69, 0x623a600c, 0x47452a21, 
0x175892fd, 0x1d01202e, 0x3b32111c, 0x24071020, 0x102d4937, 0x10364426, 0x3d350e44, 0x2d17031d, 
0x42b00120, 0x0021fe47, 0x2e000200, 0xa1030000, 0x36007802, 0x00007f00, 0x26262265, 0x031e3727, 
0x35363233, 0x23262634, 0x36363237, 0x23263435, 0x07060622, 0x33023e27, 0x14151632, 0x2223020e, 
0x36343526, 0x16163233, 0x05061415, 0x2223022e, 0x22230606, 0x3435022e, 0x06173736, 0x1e141506, 
0x36323302, 0x16323336, 0x34112317, 0x0e222326, 0x16141502, 0x26220733, 0x36363435, 0x15163233, 
0x22230614, 0x34352626, 0x3233023e, 0x03111516, 0x2c3f2b14, 0x1d0b0c0e, 0x1b1b2e27, 0x28341a26, 
0x1c312102, 0x371b1e24, 0x151e102f, 0x411e433c, 0x332a1a4a, 0x23241e19, 0x1f3e3028, 0x08d9fe46, 
0x241c251a, 0x1c2c443e, 0x082b4248, 0x07044d04, 0x16302819, 0x233b3a22, 0x1217432f, 0x3b24261c, 
0x2214172b, 0x1121240d, 0x291c111e, 0x2f182330, 0x553f231e, 0x71554231, 0x791e331f, 0x152a3d28, 
0x2c1f2820, 0x33210617, 0x221c1f1b, 0x33533443, 0x3b451b3d, 0x1f334222, 0x2b151928, 0x3c274c32, 
0x261e714e, 0x0f090813, 0x1844532a, 0x0f0b1635, 0x362c1d2a, 0x08090a1c, 0x99013226, 0x32202926, 
0x210f1939, 0x1619253c, 0x1f250e1c, 0x36192623, 0x4553292b, 0xfe534b2b, 0xffff0026, 0x1800f6ff, 
0x90032d02, 0x26002604, 0x06000000, 0x00f24901, 0xf6ffffff, 0x27020000, 0x26049503, 0x0000c200, 
0x52010600, 0x0100004f, 0x1800f6ff, 0x6e02d202, 0x00002c00, 0x022e2265, 0x021e3727, 0x35363233, 
0x37272634, 0x2223020e, 0x21353526, 0x21152135, 0x33161415, 0x37373632, 0x14151616, 0xa1010606, 
0x4f607242, 0x57244b20, 0x54514a71, 0x1b311419, 0x3b224441, 0x02dffe34, 0x1292fedc, 0x2b401d13, 
0x37241f3c, 0x672e186b, 0x8b147ba9, 0x3f504da9, 0x0e15402d, 0x4e204031, 0x47479e49, 0x371b1db3, 
0x682b093e, 0x3a643f32, 0xf6ff0100, 0x2d021800, 0x2a006e02, 0x22770000, 0x23113526, 0x21152135, 
0x33161411, 0x35023e32, 0x37232634, 0x14151632, 0x26222306, 0x33363435, 0x15161632, 0xeb020e14, 
0x02694646, 0x1d7ffe37, 0x33402327, 0x07251b1d, 0x1d262124, 0x25332a1e, 0x281e3522, 0x54185f48, 
0x47640157, 0x2d94fe47, 0x483b242e, 0x3c212024, 0x21221b26, 0x26262126, 0x312b3c21, 0x00315263, 
0x28000100, 0x76020000, 0x3200b002, 0x11610000, 0x26261533, 0x06062223, 0x16161415, 0x26221733, 
0x33363435, 0x14151632, 0x2e222306, 0x36343502, 0x16323336, 0x26262717, 0x17333535, 0x11231533, 
0x2914c001, 0x35224677, 0x26351c1d, 0x2b221e0a, 0x35282321, 0x38472530, 0x38563021, 0x10227b53, 
0x17350303, 0xac01696a, 0x1b59683e, 0x35212433, 0x1c2c471f, 0x22292a23, 0x341c2c26, 0x51392f4a, 
0x06524f2c, 0x70193911, 0xd9fd4742, 0xf6ff0200, 0xcd023200, 0x2e006e02, 0x00003200, 0x26262265, 
0x021e3727, 0x023e3233, 0x23263435, 0x15060622, 0x36363427, 0x16163233, 0x23061415, 0x34352622, 
0x16323336, 0x06141516, 0x21350106, 0x52970115, 0x4928708d, 0x4a6e5322, 0x1227402e, 0x1f174246, 
0x2412400e, 0x10231c19, 0x31292931, 0x654a414a, 0xfe6c3535, 0x32d7020d, 0x1399b751, 0x174ca07c, 
0x4120372a, 0x11130956, 0x18220f11, 0x29162517, 0x2f27342f, 0x4366393a, 0x013c653f, 0x004747f5, 
0x2c000100, 0x8f020000, 0x3d00b002, 0x2e610000, 0x3e272702, 0x26343502, 0x06222326, 0x16141506, 
0x36342717, 0x15163233, 0x22230614, 0x36343526, 0x16323336, 0x06141516, 0x1e370706, 0x26071702, 
0x33113526, 0x23153317, 0x23d90111, 0x26508465, 0x152c6557, 0x2c20232b, 0x470a0e16, 0x201c1422, 
0x28282120, 0x3e354d29, 0x783e2951, 0x87630a58, 0x05081a59, 0x6a173502, 0x40613c69, 0x250a630b, 
0x281a2739, 0x16231616, 0x1e081710, 0x1a1e1c1a, 0x1f362319, 0x2c274028, 0x533b2c49, 0x11200c33, 
0x0a2f5845, 0x01233b20, 0xfd4742ef, 0x010000d9, 0xf6fff6ff, 0x6e023302, 0x00002100, 0x35262645, 
0x17373634, 0x2707020e, 0x21352311, 0x27112115, 0x1737023e, 0x1415020e, 0x01171616, 0x1b11128a, 
0x56390c11, 0x5c3b3350, 0x6cfe3d02, 0x6b582219, 0x1713413e, 0x0c0e070b, 0x3b64390a, 0x051b6a47, 
0x3852421f, 0x47550128, 0x14d1fe47, 0x18485429, 0x4a462341, 0x3d3c252b, 0x03000025, 0x00002500, 
0x78025e02, 0x1e000e00, 0x00003900, 0x27022e61, 0x37363627, 0x15333507, 0x26271123, 0x17113526, 
0x3507020e, 0x0317031e, 0x34352626, 0x16323336, 0x23061415, 0x34352622, 0x07333636, 0x14150622, 
0xa8011716, 0x4d88691e, 0x6dcd6027, 0x4869b617, 0x36150302, 0x29317275, 0x164c5d5f, 0x4a4b42ca, 
0x1f352c3f, 0x0d201c1b, 0x12160912, 0x37343425, 0x600a3f5d, 0x221e623d, 0xd9fd4796, 0x202e1758, 
0x0f241301, 0x10223c31, 0x44321f06, 0x1118012b, 0x4231364e, 0x231b2028, 0x160f1923, 0x1a15390c, 
0x00062e1c, 0xf6ff0100, 0x64020000, 0x2a006e02, 0x35610000, 0x022e1533, 0x15062223, 0x36363423, 
0x15163233, 0x22230614, 0x36343526, 0x16163233, 0x26260717, 0x35213535, 0x11231521, 0x1c10ae01, 
0x222e5e52, 0x200e3e1a, 0x2f292a1c, 0x4a332d26, 0x4f643c3a, 0x02030e1c, 0x6e0248fe, 0x3638e969, 
0x1d1e2c51, 0x25182413, 0x38312426, 0x283f3528, 0x17042c46, 0x47be172d, 0x00d9fd47, 0x12000100, 
0xd6020000, 0x3a00b002, 0x11610000, 0x022e1533, 0x07062223, 0x33363607, 0x15161632, 0x27070614, 
0x37373636, 0x36270117, 0x26343536, 0x07062223, 0x33023e27, 0x17161632, 0x35262627, 0x33173335, 
0x02112315, 0x57321220, 0x523e3055, 0x34173f20, 0x1d3b2d19, 0x12130101, 0x317c1422, 0x1a3de4fe, 
0x1326201c, 0x24391027, 0x3c365d50, 0x12295762, 0x17350203, 0x8c01696a, 0x2f645040, 0x0e0c3040, 
0x1f38230f, 0x0e071d08, 0x74132615, 0x36f4fe35, 0x1a192c18, 0x360b0b25, 0x2b2d5a46, 0x18053f55, 
0x42822038, 0x00d9fd47, 0xf6ff0100, 0x4b030000, 0x47006e02, 0x2e610000, 0x36272702, 0x2e073736, 
0x17372702, 0x15213523, 0x021e2721, 0x06061717, 0x021e2707, 0x26262317, 0x32331135, 0x1415021e, 
0x22230606, 0x36343526, 0x15163233, 0x35230614, 0x34353632, 0x37232626, 0x2cb80111, 0x2454775d, 
0x0640692f, 0x314c4423, 0x03570619, 0x1538fd55, 0x214d5228, 0x2d6a3705, 0x5c774e0c, 0x02020c26, 
0x5b754017, 0x26311734, 0x1d253023, 0x2422241b, 0x6e381b1d, 0x4d383650, 0x215b1536, 0x1715193d, 
0x41122023, 0x09474713, 0x1b342a0d, 0x2036143b, 0x4938140f, 0x192f1430, 0x381d5301, 0x3c223552, 
0x1d222526, 0x171f1f25, 0x16223b25, 0x22284229, 0x02002bfe, 0x0000f6ff, 0x6e025e02, 0x20001000, 
0x2e610000, 0x36272702, 0x35073736, 0x15213521, 0x26271123, 0x17113526, 0x3507020e, 0x0117031e, 
0x88691ea8, 0xcd60274d, 0x4efe176d, 0x48696802, 0x36150302, 0x29317275, 0x164c5d5f, 0x0c46633a, 
0x21623a60, 0x4747452a, 0x1758d9fd, 0x1d01202e, 0x3b32111c, 0x24071020, 0x002d4937, 0xf6ff0200, 
0xc7023200, 0x33006e02, 0x00003700, 0x26262265, 0x021e3727, 0x36363233, 0x27263435, 0x23060637, 
0x34352622, 0x16323336, 0x06141516, 0x26262223, 0x16143735, 0x37363233, 0x15161637, 0x01060614, 
0x01152135, 0x6f8f569c, 0x53224928, 0x40344d70, 0x3014191f, 0x34415f20, 0x15252846, 0x1a23101f, 
0x360d1a14, 0x3f17191f, 0x24263f1e, 0x12fe6433, 0x5132d102, 0x7c1399b7, 0x45284ca0, 0x153d3029, 
0x37484518, 0x122d1d2e, 0x231a131e, 0x050d1f17, 0x422d1716, 0x3866370a, 0x013b653d, 0x004747f5, 
0xf6ff0100, 0x6e020000, 0x2f006e02, 0x35610000, 0x022e1533, 0x36362727, 0x26263435, 0x1e173727, 
0x06141503, 0x26222306, 0x33363435, 0x17161632, 0x35262627, 0x21352111, 0x01112315, 0x430e12b8, 
0x0723355d, 0x404c2108, 0x472d2e0d, 0x2e191a32, 0x4033261e, 0x48663f2d, 0x02021110, 0x78023efe, 
0x364e8c69, 0x1b023153, 0x310f1608, 0x48042d4a, 0x4124030d, 0x3d2e3e5e, 0x29282e1d, 0x2b4a2e30, 
0x192f1702, 0x47471d01, 0x0200d9fd, 0x0000f6ff, 0x6e027c02, 0x29001500, 0x2e610000, 0x36272702, 
0x2e073736, 0x17372702, 0x15213523, 0x26271123, 0x21113526, 0x17021e37, 0x07060617, 0x17021e27, 
0x602cc601, 0x2f245479, 0x24064069, 0x19314c43, 0x86026006, 0x02014a69, 0x2802affe, 0x05214d52, 
0x0c2d6a37, 0x265f794e, 0x15364d38, 0x193d215b, 0x20231715, 0x47134112, 0x4fd9fd47, 0x01163115, 
0x2a0d097c, 0x143b1b34, 0x140f2036, 0x00304938, 0xf6ffffff, 0x5e02faff, 0x26046e02, 0x00002f00, 
0x39000700, 0x8600c300, 0xf6ff0100, 0xe5020000, 0x44006e02, 0x11610000, 0x26260733, 0x15062223, 
0x07171614, 0x22232626, 0x14150606, 0x15331616, 0x34352622, 0x16323336, 0x23061415, 0x35262622, 
0x33363634, 0x17161632, 0x36363427, 0x17163233, 0x35262623, 0x21352135, 0x02112315, 0x0b01072f, 
0x221e2339, 0x08410101, 0x291b303d, 0x1d2b1616, 0x1c262019, 0x28312520, 0x2c2d4c2c, 0x4c2e2a47, 
0x22360935, 0x45261c36, 0x02011319, 0xef02c7fd, 0x1a450169, 0x292b321d, 0x05051309, 0x2816433d, 
0x1a2f1d1d, 0x1e1a2138, 0x221f2426, 0x364e2b27, 0x24244734, 0x380c3b4a, 0x26281d42, 0x5e162a15, 
0xd9fd4747, 0xfbff0200, 0xb3020000, 0x4500b002, 0x00005200, 0x35262253, 0x37363634, 0x32372307, 
0x34353636, 0x06222326, 0x36362707, 0x16163233, 0x36342317, 0x16323336, 0x23151716, 0x22232626, 
0x16141506, 0x23151716, 0x15021e27, 0x22230614, 0x3335022e, 0x01020e14, 0x26263711, 0x17333535, 
0x11231533, 0x2a2d2085, 0x74072644, 0x142d2701, 0x23113b34, 0x28110e0e, 0x324c2b16, 0x43281c03, 
0x33432926, 0x50150410, 0x132f2a40, 0x06591723, 0x2d2a4426, 0x1e2a1920, 0x1e101a10, 0x055e0129, 
0x18350203, 0x01016969, 0x3a25282d, 0x14840223, 0x2a1d301d, 0x46040532, 0x431f0605, 0x20443537, 
0x63273a20, 0x2a2f5349, 0x02193022, 0x23028414, 0x2e27253a, 0x25372211, 0x11233625, 0x0002fffe, 
0x16241114, 0xfd474251, 0x020000d9, 0x0000f6ff, 0x6e027c02, 0x2e002200, 0x2e610000, 0x36272702, 
0x06173736, 0x1e270706, 0x26231702, 0x35353426, 0x35262637, 0x21352135, 0x03112315, 0x3727032e, 
0x0117031e, 0x79602cc6, 0x692f2454, 0x6a374340, 0x794e0c2d, 0x010c255f, 0x02020402, 0x860230fe, 
0x62234769, 0x1931706f, 0x58616938, 0x364d3827, 0x3d215b15, 0x36143319, 0x38140f20, 0x1f0e3049, 
0x168d0f20, 0x75193318, 0xd9fd4747, 0x48260801, 0x3f11333f, 0x423a2e10, 0x02000024, 0x0000f6ff, 
0x6e027902, 0x37002c00, 0x11610000, 0x26261533, 0x06062223, 0x23020e07, 0x37272622, 0x32331616, 
0x37373636, 0x3233023e, 0x26071716, 0x21353526, 0x23152135, 0x26342511, 0x32372726, 0x0115021e, 
0x260e17c3, 0x1c170c16, 0x312c1614, 0x1c4b251f, 0x1325133f, 0x13201d0e, 0x25271405, 0x112d1a11, 
0xfe02040c, 0x69830233, 0x5d33e5fe, 0x54290d3f, 0x5c012b46, 0x0f262943, 0x39332e2e, 0x1e3d3218, 
0x30101b29, 0x35320630, 0x03282113, 0x6c152917, 0xd9fd4747, 0x37654efb, 0x391d4109, 0x03003653, 
0xbffff6ff, 0x6e022002, 0x3a003200, 0x00003e00, 0x27032e45, 0x33161637, 0x35363632, 0x22232634, 
0x27150606, 0x33363634, 0x14151616, 0x26222306, 0x33363435, 0x15161632, 0x23060614, 0x17021e37, 
0x27262601, 0x17161637, 0x15213527, 0x693ff201, 0x0f477065, 0x47264923, 0x414b1e4d, 0x400f221c, 
0x022d3c1e, 0x25232905, 0x523d4b25, 0x66333066, 0x642d0a4b, 0x84fe2f66, 0x492f3105, 0xf9043136, 
0x2f412a02, 0x10263244, 0x22090a45, 0x39351c36, 0x04111409, 0x0a18220f, 0x2923151d, 0x392b1e2d, 
0x322e5536, 0x0d0f2f51, 0x01263f30, 0x0a3120db, 0x2b381621, 0x00474753, 0xc4ff0100, 0x3c0074ff, 
0x0b00ecff, 0x22550000, 0x36343526, 0x15163233, 0x23190614, 0x23191923, 0x1a228c23, 0x1a22221a, 
0x0200221a, 0xbffff6ff, 0x6e021c02, 0x38003200, 0x2e450000, 0x16372703, 0x36323316, 0x26343536, 
0x06062223, 0x36342715, 0x16163336, 0x23061415, 0x34352622, 0x16323336, 0x06141516, 0x1e372306, 
0x35011702, 0x15333523, 0x693ff201, 0x0f477065, 0x47264923, 0x414b1e4d, 0x400f221c, 0x022d3c1e, 
0x25232905, 0x523d4b25, 0x65343066, 0x642d0a4b, 0x87fe2f66, 0x2f41f9ad, 0x10263244, 0x22090a45, 
0x39351c36, 0x04111409, 0x0a18220f, 0x2923151d, 0x3c2c1e29, 0x322e5536, 0x0d0f2f51, 0x01263f30, 
0x904749e8, 0xf6ff0100, 0x14010000, 0x1500b002, 0x15410000, 0x11231123, 0x23232626, 0x16323335, 
0x26262317, 0x17333535, 0x4d691401, 0x08252f0c, 0x0d3c1914, 0x36040109, 0x476e0216, 0xd501d9fd, 
0x2e473022, 0x15340e2e, 0x01004247, 0x0000f6ff, 0x8003d502, 0x00001d00, 0x35231173, 0x27262633, 
0x32333636, 0x07171616, 0x2223022e, 0x16160706, 0x23153317, 0x57685e11, 0x2f0c1e0f, 0x8445659e, 
0x452f4383, 0x4c336a75, 0x1d092174, 0x02696f11, 0x32164727, 0x245f5615, 0x392e3a4b, 0x303d173e, 
0x471a3111, 0x0100d9fd, 0x0000fcfd, 0x8b031401, 0x00002f00, 0x35231173, 0x23032e33, 0x15060622, 
0x32331614, 0x16323336, 0x35231515, 0x22232634, 0x22230606, 0x36343526, 0x16323336, 0x15331716, 
0x685e1123, 0x5f3a0468, 0x55384279, 0x201f242e, 0x57511833, 0x0f2f234d, 0x44162421, 0x52733d58, 
0x0666bd87, 0x27026966, 0x31533f47, 0x13190d15, 0x3e040e10, 0x270a0a4e, 0x2d020220, 0x1f3a2734, 
0x475c7f42, 0x0100d9fd, 0x1cff31ff, 0x0b00e700, 0x00002200, 0x23022e57, 0x14150622, 0x36323316, 
0x33353536, 0x020e1415, 0x26262223, 0x33363435, 0x17021e32, 0x484c34b6, 0x2424232f, 0x10241d13, 
0x3927134d, 0x2d3d1926, 0x4c30404b, 0xe4284443, 0x1e294e38, 0x23181e18, 0x392d1c36, 0x182d3d25, 
0x352b3417, 0x46321b3f, 0x0100002b, 0x18ff50ff, 0x0900da00, 0x00002900, 0x27022e57, 0x23060637, 
0x35262622, 0x33363634, 0x07171632, 0x07153335, 0x22232626, 0x16141506, 0x36363233, 0x17021e37, 
0x232619b1, 0x411f3316, 0x283e1f37, 0x142b4326, 0x4d291021, 0x0b260e26, 0x1a262a25, 0x17212117, 
0x202e291a, 0x161a14e8, 0x312a150c, 0x2327341a, 0x03041c33, 0x241c2120, 0x191a0303, 0x210e1c19, 
0x1f1a0f1c, 0x01000019, 0xf1fe57ff, 0x19008c00, 0x00001400, 0x27032e53, 0x37023e27, 0x07020e17, 
0x17021e27, 0x383b2267, 0x1e1c243b, 0x1b2e564a, 0x1635422a, 0x51582d15, 0x1bf1fe24, 0x06131c28, 
0x24281542, 0x1b0d440d, 0x071d0e1c, 0x00203324, 0x50ff0200, 0x9b0080fe, 0x15001900, 0x00002700, 
0x27262657, 0x27262627, 0x37363627, 0x07020e17, 0x17021e27, 0x27262607, 0x37363627, 0x07020e17, 
0x17021e27, 0x1a361f7d, 0x2448280e, 0x4c733b1c, 0x3e4a281a, 0x5c341018, 0x401e2955, 0x2c1c517a, 
0x204b2d62, 0x12153f46, 0x255c5f2c, 0x0b1c12e8, 0x06141006, 0x13271c42, 0x17160942, 0x1f0a210a, 
0x27c81c2b, 0x17420e32, 0x092b0d25, 0x1f0f1a18, 0x192c2005, 0xf6ff0200, 0x7301fbff, 0x07006e02, 
0x00002d00, 0x15213543, 0x23060627, 0x26262213, 0x023e3435, 0x23153333, 0x15020e22, 0x33161614, 
0x07373632, 0x35262622, 0x32333634, 0x06141516, 0x8f7b010a, 0x731a2a12, 0x29345937, 0x18416a4c, 
0x41502b07, 0x19312026, 0x34162219, 0x27111e14, 0x34252621, 0x47472702, 0xfd020204, 0x4f7742d4, 
0x3c678246, 0x6f502c47, 0x25503f43, 0x114e0d0a, 0x2a1d151f, 0x2d281d2d, 0xe0ff0300, 0x7301fbff, 
0x07009003, 0x46002000, 0x35430000, 0x06271521, 0x34372306, 0x22232326, 0x34352626, 0x06173736, 
0x16141506, 0x32333316, 0x03171616, 0x35262622, 0x33023e34, 0x22231533, 0x1415020e, 0x32331616, 
0x22073736, 0x34352626, 0x16323336, 0x0a061415, 0x128f7b01, 0x22901a2a, 0x59373026, 0x4a020334, 
0x2f1c0202, 0x48322c1e, 0x37650228, 0x4c293459, 0x0718416a, 0x2641502b, 0x19193120, 0x14341622, 
0x2127111e, 0x02342526, 0x04474727, 0x38390202, 0x37442028, 0x050e1a0d, 0x2108120c, 0x46211329, 
0x4292fd38, 0x82464f77, 0x2c473c67, 0x3f436f50, 0x0d0a2550, 0x151f114e, 0x1d2d2a1d, 0x0b002d28, 
0xfbfff6ff, 0xb0027b04, 0x2d000700, 0x3d003500, 0x4d004500, 0x5d005500, 0x6d006500, 0x00008300, 
0x15213543, 0x23060627, 0x26262213, 0x023e3435, 0x23153333, 0x15020e22, 0x33161614, 0x07373632, 
0x35262622, 0x32333634, 0x06141516, 0x34352201, 0x14153233, 0x34352205, 0x14153233, 0x34352227, 
0x14153233, 0x34352217, 0x14153233, 0x34352203, 0x14153233, 0x34352217, 0x14153233, 0x34352203, 
0x14153233, 0x34352217, 0x14153233, 0x11231501, 0x26261123, 0x33352323, 0x23171632, 0x35352626, 
0x010a1733, 0x2a128f7b, 0x5937731a, 0x6a4c2934, 0x2b071841, 0x20264150, 0x22191931, 0x1e143416, 
0x26212711, 0xbc013425, 0xfe1d1d1d, 0x1d1c1ce0, 0x1c1d1d49, 0x1e1c1c91, 0x1d1c1c9f, 0x1d1d1de6, 
0x1e1c1c9f, 0x1d1d1d91, 0x4d694801, 0x08252f0c, 0x0d3c1914, 0x36040109, 0x47270216, 0x02020447, 
0x7742d4fd, 0x6782464f, 0x502c473c, 0x503f436f, 0x4e0d0a25, 0x1d151f11, 0x281d2d2a, 0x1d9c012d, 
0xf91d1d1d, 0x1d1d1d1d, 0x1c1c1d7d, 0x1d1daf1d, 0x2b011d1d, 0x1d1d1d1d, 0x1d1d1df9, 0x1d2b011d, 
0xae1d1c1c, 0x1d1c1c1d, 0xfd475301, 0x22d501d9, 0x2e2e4730, 0x4715340e, 0x0c000042, 0xfbfff6ff, 
0x90037b04, 0x2d000700, 0x3d003500, 0x4d004500, 0x5d005500, 0x6d006500, 0x8f007500, 0x35430000, 
0x06271521, 0x22132306, 0x34352626, 0x3333023e, 0x0e222315, 0x16141502, 0x36323316, 0x26220737, 
0x36343526, 0x15163233, 0x22010614, 0x32333435, 0x22051415, 0x32333435, 0x22271415, 0x32333435, 
0x22171415, 0x32333435, 0x22031415, 0x32333435, 0x22171415, 0x32333435, 0x22031415, 0x32333435, 
0x22171415, 0x32333435, 0x23131415, 0x21352311, 0x34272315, 0x23232626, 0x35262622, 0x17373634, 
0x14150606, 0x33331616, 0x17161632, 0x8f7b010a, 0x731a2a12, 0x29345937, 0x18416a4c, 0x41502b07, 
0x19312026, 0x34162219, 0x27111e14, 0x34252621, 0x1d1dbc01, 0x1ce0fe1d, 0x1d491d1c, 0x1c911c1d, 
0x1c9f1e1c, 0x1de61d1c, 0x1c9f1d1d, 0x1d911e1c, 0x4ddf1d1d, 0x691e0168, 0x1f241048, 0x356141af, 
0x024a0302, 0x28381d02, 0x284c38ab, 0x47270202, 0x02020447, 0x7742d4fd, 0x6782464f, 0x502c473c, 
0x503f436f, 0x4e0d0a25, 0x1d151f11, 0x281d2d2a, 0x1d9c012d, 0xf91d1d1d, 0x1d1d1d1d, 0x1c1c1d7d, 
0x1d1daf1d, 0x2b011d1d, 0x1d1d1d1d, 0x1d1d1df9, 0x1d2b011d, 0xae1d1c1c, 0x1d1c1c1d, 0x2702e5fe, 
0x1e474747, 0x44201024, 0x0f190d37, 0x08120c05, 0x21132921, 0x01003544, 0xf4fec0ff, 0xefffe700, 
0x00000700, 0x17161647, 0x27262607, 0x377b410c, 0x447b4028, 0x35622f11, 0x2d5a3435, 0x37000100, 
0x1402f9ff, 0x35007802, 0x34450000, 0x2e27022e, 0x3e343502, 0x16323302, 0x06141516, 0x2e222306, 
0x14333502, 0x32331616, 0x34353636, 0x0e222326, 0x16141502, 0x031e1716, 0x08bf0115, 0x5438401e, 
0x391f2f67, 0x4c3b304f, 0x2f3e2025, 0x20313616, 0x17291943, 0x2c101c14, 0x27341f2e, 0x4e572315, 
0x122c4e3d, 0x262b1b07, 0x49251828, 0x48273e5c, 0x4229223a, 0x203b2926, 0x3f4e2a0f, 0x0e19362e, 
0x2521141d, 0x1f322514, 0x24393c28, 0x4036321c, 0x02000029, 0x00008afe, 0x90031401, 0x21000700, 
0x23730000, 0x21352311, 0x34272315, 0x23232626, 0x35262622, 0x17373634, 0x14150606, 0x33331616, 
0x17161632, 0x01684dab, 0x1048691e, 0x41af1f24, 0x03023561, 0x1d02024a, 0x38ab2838, 0x0202284c, 
0x47474727, 0x2010241e, 0x190d3744, 0x120c050f, 0x13292108, 0x00354421, 0xf6ffffff, 0xd20274ff, 
0x26046e02, 0x00002500, 0x39000700, 0x00009501, 0xf6ffffff, 0x2d0274ff, 0x26046e02, 0x00002600, 
0x39000700, 0x00000701, 0xf6ffffff, 0x7c02e0ff, 0x26046e02, 0x00003200, 0x39000700, 0x6c00e600, 
0x3600ffff, 0xf30275ff, 0x2604b002, 0x00001300, 0x40000700, 0x84006001, 0x3b000200, 0xbf0223ff, 
0x4b00bf02, 0x00008800, 0x36362765, 0x26263435, 0x15062223, 0x07171614, 0x33363427, 0x14151632, 
0x26222306, 0x36343526, 0x16323336, 0x06141516, 0x023e2707, 0x022e3435, 0x35022e27, 0x17373634, 
0x14150606, 0x1e17021e, 0x0e141503, 0x36271702, 0x26343536, 0x15062223, 0x17161614, 0x36342707, 
0x15163233, 0x22230614, 0x34352626, 0x32333636, 0x14151616, 0x3e270706, 0x26343503, 0x1e372726, 
0x0e141503, 0x3f5d0102, 0x2513080a, 0x092b251c, 0x21111807, 0x26211a1c, 0x1f321b1e, 0x32314725, 
0x0806294a, 0x2d4a2c26, 0x3745250e, 0x052a6254, 0x03055004, 0x3a432009, 0x16345b45, 0x53523e23, 
0x2a080a3f, 0x042b252a, 0x1112070a, 0x25161c1b, 0x331e1e26, 0x31472520, 0x06294a32, 0x3a212608, 
0x32121a2e, 0x48360d30, 0x3f251229, 0x1a301751, 0x281b1a2b, 0x0f232e16, 0x070f0b22, 0x1e1e211a, 
0x3b1e211e, 0x28442a2c, 0x17354a27, 0x0b0b172a, 0x17334b2f, 0x0e24292d, 0x2f4c3a16, 0x0715270f, 
0x100a1e16, 0x10212322, 0x443a3013, 0x3d533427, 0x1a30fd28, 0x31281a2b, 0x160a232f, 0x060e0814, 
0x1e1e211a, 0x3b1e211e, 0x28442b2c, 0x17354a27, 0x0515172a, 0x2a402e1a, 0x13313d24, 0x3c31134e, 
0x57372948, 0x0100283f, 0x95fe57ff, 0x0d00a200, 0x00004100, 0x36362753, 0x23263435, 0x14150622, 
0x34231716, 0x16323336, 0x23061415, 0x34352622, 0x16323336, 0x07061415, 0x35363627, 0x27262634, 
0x34352626, 0x06173736, 0x16141506, 0x021e1716, 0x020e1415, 0x0503301b, 0x1816171a, 0x142a0910, 
0x1a131411, 0x372b1c17, 0x063f3031, 0x1f290b07, 0x412a2d11, 0x4202022d, 0x1d070101, 0x173f3c20, 
0xfe2d2c1e, 0x190a2395, 0x1b1d2210, 0x03141614, 0x0f161311, 0x2d2d1913, 0x3e3a3b29, 0x270c1c12, 
0x131c310d, 0x130c1d22, 0x0d071f31, 0x07030b0a, 0x11110803, 0x362f1009, 0x2638241e, 0x02000015, 
0x68fe24ff, 0x2b00de00, 0x74004000, 0x22430000, 0x36343526, 0x15163233, 0x27071414, 0x34353636, 
0x26272626, 0x36343526, 0x06061737, 0x16161415, 0x15021e17, 0x07060614, 0x35363623, 0x22232634, 
0x16141506, 0x36342317, 0x15163233, 0x27170614, 0x34353636, 0x06222326, 0x17161415, 0x33363423, 
0x14151632, 0x26222306, 0x33363435, 0x14151632, 0x36270706, 0x26343536, 0x021e3727, 0x020e1415, 
0x372b1c95, 0x013f3031, 0x11212917, 0x2d412a2d, 0x01420202, 0x201d0701, 0x0c173f3c, 0x02880d14, 
0x16171a02, 0x2a091018, 0x13141114, 0x0530db1a, 0x17131903, 0x2a091017, 0x13141114, 0x291d181a, 
0x3a303137, 0x230b0706, 0x1934261f, 0x1c193a32, 0xd7fe2b2a, 0x3926292c, 0x06023838, 0x1e090d03, 
0x161a111b, 0x1f34100a, 0x0b0a0d07, 0x08030703, 0x0e081112, 0x151c3229, 0x080a1921, 0x1b1c070e, 
0x1114101a, 0x16131103, 0x6f19130f, 0x0a150c23, 0x131b1b1c, 0x11030f12, 0x140f1613, 0x27282b18, 
0x0c38383a, 0x08270c1a, 0x281c1829, 0x290b370b, 0x32231c34, 0x02001121, 0x48004600, 0x2a020a02, 
0x1f000f00, 0x22650000, 0x34352626, 0x32333636, 0x14151616, 0x32270606, 0x34353636, 0x22232626, 
0x14150606, 0x28011616, 0x3032654b, 0x644c4e64, 0x4e643032, 0x28264229, 0x42292742, 0x48432826, 
0x43426d42, 0x6e41416d, 0x416e4242, 0x384e2747, 0x2724493a, 0x4a39394d, 0x01000024, 0x00006200, 
0x7502fc01, 0x00003100, 0x26262261, 0x33363435, 0x14151632, 0x26222306, 0x16141735, 0x35363233, 
0x27262634, 0x3435022e, 0x06173736, 0x16141506, 0x021e1716, 0x06061415, 0x50403001, 0x1f272925, 
0x1a1d2229, 0x342d3623, 0x3c194839, 0x28564436, 0x04500404, 0x3e481e03, 0x351f483e, 0x1f36225c, 
0x1e243025, 0x1e24211f, 0x3f191315, 0x33311d31, 0x4744261e, 0x10201129, 0x0e191107, 0x2234301b, 
0x2d4b4522, 0x0029523b, 0x59000100, 0x3d02c3ff, 0x2c007502, 0x2e450000, 0x16372703, 0x36323316, 
0x26343536, 0x35022e27, 0x17373634, 0x14150606, 0x1e171616, 0x06141502, 0x1e372306, 0x13021702, 
0x6f62653d, 0x48230f47, 0x1e4b4422, 0x4c404c36, 0x4e040420, 0x33120203, 0x2150472f, 0x0a476434, 
0x2f66612b, 0x34462f3d, 0x0a45122a, 0x182c1c09, 0x0e103228, 0x11283825, 0x1107101d, 0x20170815, 
0x320f0a16, 0x482e2e45, 0x340d0f28, 0x01002744, 0x4b000e00, 0x21023602, 0x00002e00, 0x022e2265, 
0x021e3727, 0x36363233, 0x23263435, 0x15060622, 0x36363427, 0x16163233, 0x23061415, 0x34352622, 
0x16323336, 0x06141516, 0x3c590106, 0x133f5568, 0x65421449, 0x1f403246, 0x1f173341, 0x2412400e, 
0x10231c19, 0x31292931, 0x60443d46, 0x4b633434, 0x79a7652e, 0x50a47f0c, 0x4b324826, 0x11130958, 
0x18220f11, 0x29162517, 0x2f26342f, 0x4a6b3a3b, 0x00386748, 0x52000100, 0x0002fbff, 0x39006e02, 
0x22450000, 0x34352626, 0x3637023e, 0x26343536, 0x15062223, 0x07171614, 0x34352626, 0x32333636, 
0x14151616, 0x06070606, 0x16141506, 0x35363233, 0x27262634, 0x15161637, 0x01060614, 0x3463452e, 
0x374a2c13, 0x37394944, 0x45374a32, 0x2e40424a, 0x584a3d57, 0x3e502728, 0x41464552, 0x44263d49, 
0x54474c2d, 0x2c055e32, 0x341c334e, 0x17132a30, 0x2a242835, 0x44242c29, 0x57261c29, 0x2a452b32, 
0x2a24462e, 0x1c15313f, 0x382c2540, 0x3725273d, 0x2821172f, 0x4c31405c, 0x0200002d, 0x00003600, 
0x75022202, 0x3b002000, 0x22610000, 0x34352626, 0x06173736, 0x16141506, 0x32323316, 0x06061737, 
0x16161415, 0x37363233, 0x27060617, 0x17373632, 0x3435022e, 0x2e073736, 0x36343502, 0x06061737, 
0x16161415, 0x814b5001, 0x2f827a4e, 0x361e0306, 0x04080323, 0x142e361d, 0x0c071d28, 0x632e1a05, 
0x26483244, 0x27503e13, 0x37023736, 0x04042347, 0x34445b09, 0x597d405a, 0x3646b762, 0x170b180d, 
0x3c011727, 0x1b295128, 0x0101192b, 0x471e1d45, 0x08271215, 0x302b432b, 0x04192560, 0x0b213925, 
0x3b371024, 0x5b3c4380, 0x01000033, 0x27000e00, 0x6e023602, 0x00003500, 0x022e2265, 0x021e3727, 
0x36363233, 0x27263435, 0x23020e33, 0x35352622, 0x22232634, 0x36270706, 0x16323336, 0x16141515, 
0x37363233, 0x15161637, 0x01060614, 0x55693c5d, 0x16491441, 0x31476542, 0x0d141f3e, 0x3a32152e, 
0x112d3c21, 0x03110714, 0x0c190907, 0x14103135, 0x381d3316, 0x61331f1d, 0xa4652e27, 0xa47d0f77, 
0x2d472850, 0x2c133e28, 0x404f1e3d, 0x02161c65, 0x02024601, 0x197a3c3d, 0x0e432b1a, 0x43306028, 
0x02003b67, 0xf6ff4c00, 0x6e021902, 0x2c001c00, 0x22450000, 0x17353526, 0x22230606, 0x36343526, 
0x16323336, 0x16141115, 0x37363233, 0x03060617, 0x07373632, 0x26263435, 0x06062223, 0x01161415, 
0x32323cf3, 0x62285728, 0x39664162, 0x13125353, 0x07031008, 0x2bef1408, 0x10162240, 0x43242025, 
0x400a3d2c, 0x130faa43, 0x3e505813, 0x53543862, 0x161ca8fe, 0x01460102, 0x11420103, 0x286f1312, 
0x44261731, 0x0025342c, 0x18000200, 0x30020000, 0x2c006e02, 0x00003e00, 0x35262273, 0x23263411, 
0x27070622, 0x32333636, 0x27151516, 0x32333636, 0x32331616, 0x0e173736, 0x26222302, 0x16163727, 
0x06061415, 0x023e3227, 0x26263435, 0x07062223, 0x16141537, 0x484bf216, 0x11071411, 0x1a080703, 
0x2331350c, 0x1f184126, 0x231c292a, 0x07490d21, 0x18192419, 0x0f140c1c, 0x3a5f390f, 0x10213121, 
0x2a172b1d, 0x0c191d3d, 0x014e561f, 0x02161c51, 0x02024601, 0x08a03c3d, 0x09091014, 0x25182217, 
0x0609122b, 0x20341405, 0x47346244, 0x1b342a19, 0x14102928, 0x208f200f, 0x0100162b, 0xf6ff2900, 
0x75022002, 0x00004900, 0x36362745, 0x23263435, 0x14150622, 0x07171616, 0x33363427, 0x14151632, 
0x26222306, 0x36343526, 0x16323336, 0x06141516, 0x023e2707, 0x26263435, 0x022e2727, 0x37363435, 
0x15060617, 0x17161614, 0x15021e17, 0x01060614, 0x080a414d, 0x2b252a2a, 0x16050704, 0x1a1c2113, 
0x1c1e2621, 0x47251f31, 0x294a3231, 0x27240806, 0x51202a44, 0x5a4c0f4c, 0x4e040427, 0x43130203, 
0x665f0f48, 0x0a603a28, 0x1a2b1a30, 0x26303128, 0x0814160a, 0x211a060e, 0x211e1e1e, 0x2d2c3b1e, 
0x4a272846, 0x172a1735, 0x3f280c19, 0x3038212e, 0x32140414, 0x1d112d43, 0x15110710, 0x27291508, 
0x42190413, 0x5e413555, 0x0300003b, 0x0000f6ff, 0x6e025e02, 0x20001000, 0x00002800, 0x27022e61, 
0x37363627, 0x35213507, 0x11231521, 0x35262627, 0x020e1711, 0x031e3507, 0x26263717, 0x16163727, 
0x1ea80117, 0x274d8869, 0x176dcd60, 0x68024efe, 0x03024869, 0x72753615, 0x5d5f2931, 0x3136164c, 
0x5f3377b5, 0x633a3098, 0x3a600c46, 0x452a2162, 0xd9fd4747, 0x202e1758, 0x131b1d01, 0x0f203932, 
0x49372407, 0x7a5e252d, 0x58132b12, 0x03000049, 0xfafff6ff, 0x6e025e02, 0x18001000, 0x00002800, 
0x27022e61, 0x37363627, 0x35213507, 0x11231521, 0x27262607, 0x17161637, 0x35262637, 0x020e1711, 
0x031e3507, 0x1ea80117, 0x274d8869, 0x176dcd60, 0x68024efe, 0x6b2ad169, 0x7d571044, 0x03025b23, 
0x72753615, 0x5d5f2931, 0x633a164c, 0x3a600c46, 0x452a2162, 0xd9fd4747, 0x0d362c06, 0x2c521048, 
0x202e1735, 0x131c1d01, 0x10203932, 0x49372407, 0x0100002d, 0x63004700, 0x05020402, 0x00000900, 
0x27022e65, 0x17021e37, 0x6729b901, 0x5a235b87, 0x632d7b98, 0x20597e59, 0x93622352, 0x0200006c, 
0x00004000, 0x05030a02, 0x36003200, 0x22610000, 0x33113526, 0x22230614, 0x36343526, 0x15163233, 
0x33161411, 0x35023e32, 0x37232634, 0x14151632, 0x26222306, 0x33363435, 0x15161632, 0x01020e14, 
0x01152135, 0x33454414, 0x201f1a1f, 0x29231f27, 0x3b22251c, 0x251b192d, 0x1f232207, 0x332a1e24, 
0x1e352225, 0xfe5a4224, 0x549e01f6, 0x18180257, 0x1d192626, 0xfd292d24, 0x242e2df4, 0x2024483b, 
0x19223c21, 0x21262d1c, 0x3d212626, 0x5162312c, 0x47e60131, 0x01000047, 0x12005b00, 0x05020802, 
0x00000900, 0x37023e77, 0x07020e17, 0x6f81485b, 0x782e492c, 0x315b4989, 0x1c699b75, 0x3481ad75, 
0x24000100, 0x1402f9ff, 0x2d007802, 0x27570000, 0x34353636, 0x06222326, 0x36340715, 0x15163233, 
0x22230614, 0x36343526, 0x16323336, 0x06061415, 0x033e2707, 0x030e1737, 0x2f2f3ae7, 0x27212b23, 
0x181a2335, 0x251d2523, 0x2e43232d, 0x170b544a, 0x40241f12, 0x4a092535, 0x63553a09, 0x5f2d3407, 
0x23302636, 0x211a1615, 0x221d1d1f, 0x3a212531, 0x20495923, 0x30193036, 0x98806627, 0xc3700859, 
0x01007ba1, 0x00002800, 0x78026102, 0x00003800, 0x35262273, 0x36373634, 0x26343536, 0x06062223, 
0x36342715, 0x15163233, 0x22230614, 0x36343526, 0x16163233, 0x06061415, 0x15020e07, 0x32331614, 
0x17373636, 0x46c6030e, 0x3b523f58, 0x20302433, 0x2030081e, 0x2523181d, 0x482d2220, 0x2a493146, 
0x233c4b23, 0x25270d25, 0x19568761, 0x6241144a, 0x29343d88, 0x25141c39, 0x131e151f, 0x1a09101c, 
0x1d1d1e22, 0x2c222d24, 0x273a1f41, 0x142a3624, 0x0b11120c, 0xfd8c1313, 0xe48508a7, 0x01005ea9, 
0x00002700, 0x6e02bb00, 0x00000f00, 0x26341173, 0x07062223, 0x33363627, 0x11151632, 0x0714116e, 
0x08070311, 0x31350c1a, 0x161cf501, 0x02460102, 0xfe3c3d02, 0x0100000b, 0xf6ff2c00, 0x6e023802, 
0x00002900, 0x35262245, 0x020e1711, 0x34112707, 0x06222326, 0x36362707, 0x15163233, 0x023e2711, 
0x14111737, 0x36323316, 0x06061737, 0x323c1202, 0x58532c15, 0x14113b34, 0x07031107, 0x350c1a08, 
0x53200f31, 0x123c325f, 0x03100813, 0x0a140807, 0x2d014340, 0x59471b13, 0x2f01283a, 0x0102161c, 
0x3d020246, 0x17fafe3c, 0x19495024, 0x1cbbfe28, 0x46010216, 0x02000301, 0x9f003b00, 0xf401a901, 
0x1b000f00, 0x22770000, 0x34352626, 0x32333636, 0x14151616, 0x32270606, 0x26343536, 0x15062223, 
0x35f21614, 0x532f2f53, 0x2f533535, 0x2e36522f, 0x2f2e3c3c, 0x2b9f3b3b, 0x4d32324e, 0x334c2b2b, 
0x462b4e32, 0x382c2c39, 0x392c2c38, 0x4c000200, 0x64027501, 0x1100f002, 0x00001d00, 0x26262241, 
0x16163727, 0x023e3233, 0x020e1737, 0x35262227, 0x32333634, 0x06141516, 0x613c2c01, 0x074f063d, 
0x41274645, 0x4f163139, 0x4775521e, 0x19242419, 0x01242318, 0x546d3475, 0x1e5a5106, 0x13557345, 
0x9654a173, 0x211a1922, 0x201b1a21, 0x3a000100, 0x5d0172ff, 0x12009d01, 0x2e450000, 0x36343503, 
0x020e1737, 0x021e1415, 0x46280117, 0x3116355d, 0x23212b46, 0x522e110c, 0x79538e40, 0x2f1f4559, 
0x0d491e55, 0x16122422, 0x4d6c4b36, 0x37000300, 0xe201c6ff, 0x0f000102, 0x23001b00, 0x22410000, 
0x37272626, 0x32331616, 0x0e173736, 0x26222702, 0x33363435, 0x14151632, 0x16160706, 0x26260717, 
0x410e0127, 0x4907345b, 0x3e423d0c, 0x06490b45, 0x1b435933, 0x1b1b1a1a, 0x41421a1a, 0x4028377b, 
0x1401447b, 0x0a3d5e35, 0x4c48494a, 0x355f3d0a, 0x13132185, 0x13132121, 0x622fd821, 0x5a343535, 
0x0200002d, 0xe5004000, 0xfc016901, 0x1b000f00, 0x22770000, 0x34352626, 0x32333636, 0x14151616, 
0x32270606, 0x26343536, 0x15062223, 0x29d51614, 0x44252844, 0x27422b2c, 0x232b4227, 0x25232b2b, 
0x24e52d2a, 0x3f26293f, 0x283e2526, 0x42254027, 0x29202129, 0x29211e2b, 0x72ff0200, 0x91003902, 
0x27009503, 0x00002d00, 0x27022e53, 0x33161637, 0x34353632, 0x06222326, 0x15333507, 0x22230614, 
0x36343526, 0x15163233, 0x27070614, 0x27171616, 0x33352335, 0x442b7115, 0x140a3448, 0x2629162d, 
0x1c131b23, 0x171b3708, 0x2d32191a, 0x3d3f443a, 0x26542401, 0x02864dd2, 0x19282239, 0x0606310b, 
0x18161818, 0x1e230509, 0x121c1b19, 0x2b35231c, 0x18052f2a, 0xe9202d09, 0x004e301e, 0xc2000100, 
0x13010000, 0x03006e02, 0x11730000, 0x51c21133, 0x92fd6e02, 0xc2000200, 0xef010000, 0x03006e02, 
0x00000700, 0x11331161, 0x11331121, 0xfe519e01, 0x6e0251d3, 0x6e0292fd, 0x010092fd, 0x7202ddff, 
0x95032400, 0x00000300, 0x11331143, 0x72024723, 0xddfe2301, 0x44ff0100, 0xbc0068fe, 0x0300affe, 
0x35430000, 0x01bc1521, 0x4768fe78, 0x01000047, 0x830251ff, 0x9503b200, 0x00000600, 0x33372743, 
0x74270717, 0x973d8d3b, 0x83027c36, 0x1bf7f919, 0x010000d5, 0x52035dff, 0x9503a500, 0x00000300, 
0x15213543, 0x034801a3, 0x00434352, 0x27ff0200, 0xd90068fe, 0x0e000eff, 0x00001f00, 0x27262243, 
0x33161637, 0x33373632, 0x2233020e, 0x33272626, 0x32331616, 0x17353636, 0x365f020e, 0x024a0440, 
0x1a1b191c, 0x1f0a4001, 0x30249a30, 0x02400b1e, 0x17111b19, 0x1f024b0e, 0x4668fe35, 0x273c045c, 
0x483a342d, 0x3a482222, 0x2b102d34, 0x473d0428, 0x0100001e, 0x68fe55ff, 0x19ffb100, 0x00000500, 
0x15333543, 0x4eab1521, 0x68fe0e01, 0x00456cb1, 0x39ff0100, 0xc90068fe, 0x0e0025ff, 0x22530000, 
0x16372726, 0x36323316, 0x020e1737, 0x206b4004, 0x2e441844, 0x4c103432, 0xfe4e3a0f, 0x1c574a68, 
0x3c3c3840, 0x1e494016, 0xabff0100, 0x01026cfe, 0x2a009503, 0x26410000, 0x06222326, 0x1e141506, 
0x0e141502, 0x26222302, 0x16163727, 0x023e3233, 0x022e3435, 0x023e3435, 0x17163233, 0x4020d501, 
0x253c2124, 0x121b221b, 0x20506234, 0x1c0d2242, 0x44391f37, 0x221b0c23, 0x4a38211b, 0x235b3a28, 
0x1a181a03, 0x5a4d4d1a, 0x75d1c1b7, 0x2f506233, 0x05490607, 0x463d2606, 0xc5cc6b20, 0x62495dbf, 
0x1b251939, 0x28000100, 0xa4020000, 0x58007802, 0x22610000, 0x34352626, 0x36363736, 0x23263435, 
0x14150622, 0x2e071716, 0x36343502, 0x16163233, 0x06061415, 0x15060607, 0x33021e14, 0x35023e32, 
0x2e272634, 0x3e343502, 0x16323302, 0x06141516, 0x36270706, 0x26343536, 0x15062223, 0x1e171614, 
0x06141502, 0x5a640106, 0x2b323975, 0x2029211d, 0x28261f1c, 0x193d340f, 0x453d3a43, 0x1d28151e, 
0x2a12201f, 0x49373547, 0x201f122a, 0x1115291c, 0x2b293a24, 0x3b181f3b, 0x26281035, 0x2d201d1b, 
0x29171f22, 0x3377391a, 0x53333959, 0x25331e2c, 0x171b2922, 0x43062216, 0x1c382907, 0x422f3f30, 
0x3637201e, 0x2434221f, 0x16232b15, 0x152a2516, 0x1f223126, 0x18223837, 0x1e192931, 0x361a2335, 
0x03460628, 0x1b171920, 0x351f2829, 0x3d331820, 0x33593926, 0xc6ff0100, 0xd70068fe, 0x030049ff, 
0x27530000, 0xe4aa1737, 0x68fee42d, 0x00a53ca5, 0x24000200, 0xdd012a00, 0x0e00ff01, 0x00001d00, 
0x26262241, 0x16163727, 0x37363233, 0x07060617, 0x33363627, 0x17161632, 0x23262607, 0x04010622, 
0x16435532, 0x34491c4a, 0x4f103c3b, 0x4fe16f1a, 0x32506f1a, 0x4a164355, 0x3a35481c, 0x2b24013c, 
0x49193f56, 0x1b454e48, 0x1bfa5967, 0x562b5868, 0x474a1a3f, 0x0100004e, 0x1a002800, 0x0f02dc01, 
0x00000b00, 0x27372777, 0x17371737, 0x27071707, 0xa4a8446c, 0x44949a3e, 0x983ea6a8, 0xcdcc301a, 
0x30c0c02c, 0xbe2ccbce, 0x2f000200, 0x4502c300, 0x1000ab01, 0x00002200, 0x26262277, 0x021e3727, 
0x37363233, 0x33020e33, 0x27262622, 0x33021e33, 0x37363632, 0xc6020e17, 0x0425412d, 0x2111024f, 
0x031d2b18, 0x39230c46, 0x22392dbc, 0x0f02440c, 0x20161b20, 0x034f0213, 0x26c34125, 0x44055b62, 
0x58451845, 0x2a2a6456, 0x453b5664, 0x4345191d, 0x26625b05, 0x7e000100, 0x0102f1fe, 0x1a009503, 
0x34530000, 0x3435022e, 0x3233023e, 0x26071716, 0x06222326, 0x1e141506, 0x0ca71502, 0x38210c11, 
0x5b3a284a, 0x40202c23, 0x253c2124, 0xfe0c100c, 0xdff089f1, 0x604876dd, 0x1b251839, 0x1a1a183b, 
0xdd784d4d, 0x0089eddc, 0x13ff0100, 0xddff7502, 0x21008903, 0x22430000, 0x16372726, 0x36323316, 
0x27263435, 0x34352626, 0x15333336, 0x15062223, 0x16171614, 0x06141516, 0x18422172, 0x1a271026, 
0x23141112, 0x34341720, 0x1b16332c, 0x1a231e13, 0x2675022b, 0x251e1733, 0x190e0e10, 0x11251718, 
0x052c1a23, 0x14130a0e, 0x201b2a18, 0x01000027, 0x62ff1c00, 0xca025c01, 0x00002500, 0x35022e45, 
0x26263435, 0x023e3523, 0x36343535, 0x0e153336, 0x14151502, 0x16150706, 0x14151516, 0x01171616, 
0x30593d5c, 0x2828361c, 0x5a321c36, 0x1b32223a, 0x35383736, 0x9e23321a, 0x35472201, 0x13292293, 
0x29120149, 0x46359421, 0x14014823, 0x33902128, 0x0a060a3d, 0x2093333d, 0x00011329, 0x3e000100, 
0x7e0162ff, 0x2500ca02, 0x3e570000, 0x34353502, 0x26353736, 0x34353526, 0x35232626, 0x15161632, 
0x16161415, 0x06221533, 0x14151506, 0x3e230606, 0x361b3123, 0x1a363737, 0x583e2431, 0x27371c30, 
0x321c3727, 0x01563b59, 0x91202914, 0x060a3d33, 0x92333d0a, 0x48142821, 0x92364623, 0x49132922, 
0x95222813, 0x00234635, 0x50000100, 0x300162ff, 0x0700ca02, 0x23450000, 0x23153311, 0x30013311, 
0x8a8ae0e0, 0x4868039e, 0x010028fd, 0x62ff3700, 0xca021701, 0x00000700, 0x23113357, 0x23113335, 
0xe08a8a37, 0xd80256e0, 0x0098fc48, 0x2a000200, 0x7901d501, 0x0a00ca02, 0x00001500, 0x07020e41, 
0x023e2723, 0x020e2337, 0x3e272307, 0x79013702, 0x05101409, 0x1c09075f, 0x09781022, 0x5e051014, 
0x211c0906, 0x26ca0210, 0x0b235458, 0x24525123, 0x23545826, 0x5251230b, 0x02000024, 0xd5012a00, 
0xca027901, 0x16000a00, 0x0e410000, 0x3e230702, 0x07333702, 0x2307020e, 0x3337033e, 0x1c097901, 
0x0a421021, 0x5e051113, 0x211c09b2, 0x0e074010, 0x5e040b0d, 0x5223bf02, 0x57262451, 0x230b2355, 
0x1c245152, 0x1a3e4140, 0x2a000100, 0xc100d501, 0x0a00ca02, 0x3e530000, 0x0e333702, 0x2a230702, 
0x10211c09, 0x10140941, 0xe0015f05, 0x23525223, 0x23555726, 0x2a000100, 0xc100d501, 0x0b00ca02, 
0x0e530000, 0x3e230702, 0xc1333703, 0x10211c09, 0x0d0f0741, 0x025e040b, 0x515223bf, 0x41401c24, 
0x02001a3e, 0xf2ff5200, 0xca02ce00, 0x0f000300, 0x23770000, 0x34033303, 0x16323336, 0x23061415, 
0x39ad2622, 0x24746b19, 0x2525191a, 0xc9241a19, 0x6cfd0102, 0x251e1e25, 0x00202024, 0x34000200, 
0xc001f2ff, 0x1f00d402, 0x00002b00, 0x36363477, 0x35023e37, 0x22232634, 0x36270706, 0x16323336, 
0x06061415, 0x15020e07, 0x34072315, 0x16323336, 0x23061415, 0x0fb42622, 0x2b272025, 0x313b3e12, 
0x281f234c, 0x685f3c61, 0x2124351d, 0x17460c23, 0x24191b23, 0x231b1924, 0x323726e4, 0x2a2c211b, 
0x1934301e, 0x1c154611, 0x3f2d515e, 0x2a1c1e35, 0x93111d29, 0x251e1e25, 0x00202024, 0xd1ff0100, 
0xbb008202, 0x03009503, 0x27530000, 0x3b0c1737, 0x82022dbd, 0x0024e42f, 0xf6ff0200, 0x1801ccff, 
0x1a006e02, 0x00001e00, 0x36362757, 0x27263435, 0x34352626, 0x06333736, 0x16141506, 0x15161617, 
0x03060614, 0x2b152135, 0x0c2e4119, 0x1f110b0e, 0x2a386a26, 0x0f0f0b0d, 0x0175461d, 0x17413422, 
0x36203449, 0x1f45212b, 0x1d1e4b2d, 0x3d1b2c48, 0x23482c20, 0x02404f2b, 0x00474744, 0xf6ff0500, 
0x860368ff, 0x11006e02, 0x34001f00, 0x5b005200, 0x2e650000, 0x3e272702, 0x35073702, 0x15213521, 
0x26271121, 0x17353526, 0x35070606, 0x0117021e, 0x3727032e, 0x22230614, 0x36343526, 0x021e3233, 
0x26220317, 0x33363435, 0x14151632, 0x32350706, 0x26343536, 0x32352326, 0x1415021e, 0x35130606, 
0x35262633, 0x01113311, 0x6c561d6c, 0x67392541, 0xfe194a74, 0xfe90038a, 0x03024833, 0x3e7f5515, 
0x1d5e652b, 0x42137301, 0x30416e5a, 0x34242c35, 0x753b3a42, 0xb6104b65, 0x1c21301d, 0x24221c1c, 
0x5a29181d, 0x4e673a4c, 0x742d192c, 0x4d010203, 0x354d2c62, 0x36235b07, 0x452d162e, 0x3bfe4747, 
0x202e173c, 0x3c1914d7, 0x2f090b27, 0xddfe344b, 0x1f344023, 0x42462b02, 0x2e2b2630, 0x1b3d3622, 
0x24210101, 0x1b1e2119, 0x36042117, 0x3c1b1220, 0x381e472a, 0x2e1f304e, 0x6692fe19, 0x02193118, 
0x0019fd1f, 0xf6ff0400, 0x65030000, 0x0e006e02, 0x58004600, 0x00007900, 0x26373561, 0x21033d26, 
0x21152135, 0x032e2711, 0x36362323, 0x022e3435, 0x023e2323, 0x27263435, 0x15161637, 0x22230614, 
0x36343526, 0x021e3233, 0x06061415, 0x35262223, 0x32333634, 0x15171616, 0x26262213, 0x37363435, 
0x15060617, 0x33161614, 0x22171533, 0x36343526, 0x15163233, 0x35230614, 0x34353632, 0x2323022e, 
0x1e323335, 0x06141502, 0x05f60106, 0x00fe0302, 0xdefe6f03, 0x38260747, 0x062d2142, 0x331b0a0a, 
0x05041629, 0x2e352d04, 0x312f3e47, 0x36302d22, 0x1e364c2f, 0x24202914, 0x3b37302d, 0x070f415e, 
0x03355c38, 0x03014c02, 0x0626391f, 0x253023b7, 0x22241b1d, 0x261b1d24, 0x0e1b403c, 0x4d5f320d, 
0x5c31172e, 0x1b350c1a, 0x478207cc, 0x3ed9fd47, 0x1b2a3016, 0x1019220a, 0x051c292b, 0x1d0b120c, 
0x1f341244, 0x4134365b, 0x2e1e202a, 0x2d4c391f, 0x28253e26, 0x292e1e22, 0x01521c3b, 0x40481c27, 
0x060c1a0d, 0x2b0b1409, 0xe4460d2b, 0x251d2225, 0x25171f1f, 0x2116233b, 0x46061426, 0x3545270f, 
0x0025381d, 0xf6ff0500, 0x170459ff, 0x17006e02, 0x63002c00, 0x96007400, 0x35450000, 0x35262633, 
0x23112111, 0x26263735, 0x3521033d, 0x11231521, 0x27032e27, 0x23061437, 0x34352622, 0x1e323336, 
0x2e251702, 0x36072302, 0x26343536, 0x3e072326, 0x26343502, 0x16372726, 0x06141516, 0x35262223, 
0x32333634, 0x1415021e, 0x22230606, 0x36343526, 0x16163233, 0x22131517, 0x34352626, 0x06173736, 
0x16141506, 0x17153333, 0x34352622, 0x16323336, 0x06061415, 0x36323523, 0x022e3435, 0x33352323, 
0x15021e32, 0x03060614, 0x01020361, 0x054decfe, 0xf6fd0302, 0x2d692104, 0x6e5a4213, 0x2c353041, 
0x3a423424, 0x4b65753b, 0x0980fe10, 0x362e543d, 0x391a1408, 0x0c052231, 0x282a1008, 0x2e3e472e, 
0x2f2c1f2e, 0x374a2d33, 0x1e27141d, 0x312e2c21, 0x0f455e37, 0x355c3807, 0x014c0203, 0x063a4403, 
0x222c22a8, 0x0f231a1d, 0x1b1d181f, 0x153b3826, 0x592c0d0e, 0x31172d4b, 0x311866a7, 0xfe060219, 
0x0c1a4d11, 0x07b81b35, 0xfd47476d, 0x40231332, 0x2b021f34, 0x26304246, 0x36222e2b, 0x1da11b3d, 
0x070b2639, 0x371f221f, 0x0d040422, 0x2b0e0e13, 0x1f340927, 0x3f2e3255, 0x2d1b1d29, 0x2f4c361d, 
0x27203824, 0x202d1b1f, 0x01481e35, 0x38411b13, 0x060c1a0d, 0x350b1409, 0x24db461e, 0x1e221a1f, 
0x11190d1b, 0x1d162336, 0x46061223, 0x3241250f, 0x0022361d, 0xf6ff0500, 0x8603c2ff, 0x11006e02, 
0x3d002f00, 0x64005b00, 0x2e650000, 0x3e272702, 0x35073702, 0x15213521, 0x22071121, 0x16372726, 
0x36323316, 0x023e3736, 0x16163233, 0x26260717, 0x07062223, 0x2637020e, 0x17353526, 0x35070606, 
0x3717021e, 0x34352622, 0x16323336, 0x07061415, 0x35363235, 0x23262634, 0x021e3235, 0x06061415, 
0x26333513, 0x33113526, 0x1c7a0111, 0x25467458, 0x4a746739, 0x038afe19, 0x9d33fe90, 0x401e522a, 
0x10192f14, 0x2f2d3722, 0x18183140, 0x030c1f28, 0x20242a0d, 0x3f35384e, 0x03023d2b, 0x3e7f5515, 
0x1d5e652b, 0x21301dc2, 0x221c1c1c, 0x29181d24, 0x673a4c5a, 0x2d192c4e, 0x01020374, 0x56304c4d, 
0x235b083d, 0x2d162e36, 0xfe474745, 0x3b316d3b, 0x071e2521, 0x1c161516, 0x181f0e0e, 0x1f282754, 
0x0819181a, 0x202e17a9, 0x3c1914d7, 0x2f090b27, 0x2138344b, 0x1e211924, 0x0421171b, 0x1b122036, 
0x1e472a3c, 0x1f304e38, 0xecfe192e, 0x193118ac, 0x73fd7f01, 0xf6ff0500, 0xbb029cff, 0x36006e02, 
0x5c003e00, 0x7b006400, 0x2e450000, 0x3e272702, 0x06073702, 0x1e350706, 0x26231702, 0x34353526, 
0x22232626, 0x34271506, 0x16333636, 0x06141516, 0x35262223, 0x32333634, 0x1115031e, 0x27262601, 
0x17161637, 0x35262201, 0x32333634, 0x06141516, 0x36323507, 0x26263435, 0x1e323523, 0x06141502, 
0x21350106, 0x23352315, 0x26221715, 0x1e332726, 0x36323302, 0x27263435, 0x15161633, 0x01060614, 
0x6c561d6b, 0x67392541, 0x55044a74, 0x652b3e7f, 0x02061d5e, 0x2f3f2003, 0x1e403625, 0x05022d3c, 
0x25252329, 0x45264a4f, 0xfe162938, 0x2f3105cf, 0x0431363f, 0x301d6f01, 0x1c1c1c21, 0x181d2422, 
0x3a4c5a29, 0x192c4e67, 0x029efd2d, 0xa0e861c5, 0x0c35492a, 0x28240b4d, 0x081f200f, 0x07054b04, 
0x2c643e26, 0x5b07364c, 0x162e3623, 0x273c1949, 0x4b2f090b, 0x202e1734, 0x1f3725e3, 0x0f041915, 
0x1d0a1822, 0x2d292315, 0x12382b1e, 0x223a3022, 0x31027cfe, 0x210a3620, 0xfe2b3d16, 0x19242140, 
0x171b1e21, 0x20360421, 0x2a3c1b12, 0x4e381e47, 0x192e1f30, 0x47471702, 0x27890404, 0x28272e47, 
0x1116210e, 0x1a040518, 0x1a342711, 0xf6ff0400, 0xbb02c4ff, 0x49006e02, 0x59005100, 0x00007000, 
0x35262645, 0x37363634, 0x07020e17, 0x2223020e, 0x16372726, 0x36323316, 0x35363637, 0x23262634, 
0x27150622, 0x33363634, 0x14151616, 0x26222306, 0x33363435, 0x15161632, 0x07070614, 0x17373636, 
0x1415020e, 0x01171616, 0x37272626, 0x27171616, 0x23152135, 0x17152335, 0x27262622, 0x33021e33, 
0x34353632, 0x16332726, 0x06141516, 0x12010206, 0x17160612, 0x2f3c2612, 0x313e2a16, 0x1d4f2718, 
0x1727133c, 0x0e162914, 0x1e2f1a14, 0x1e40232a, 0x05022d3c, 0x25252329, 0x54343b4a, 0x40010132, 
0x4b4e642c, 0x07071819, 0x3afe0c0f, 0x3f2f3105, 0xd6043136, 0xe889c502, 0x35492a8c, 0x2208520c, 
0x1f200f28, 0x054b0408, 0x3c3e2607, 0x1c256935, 0x0e264640, 0x182e331d, 0x2c102f2e, 0x1a1f2134, 
0x35141e17, 0x1d392a1c, 0x0f041915, 0x1d0a1822, 0x2d292315, 0x30382b1e, 0x0f06425d, 0x572d1d05, 
0x4633422f, 0x381a1a35, 0xfd01233e, 0x210a3120, 0x522b3816, 0x04044747, 0x2e472789, 0x210e2827, 
0x05181116, 0x27111a04, 0x03001a34, 0x82fff6ff, 0x6e021904, 0x73002c00, 0x0000a900, 0x26262277, 
0x35233535, 0x15211521, 0x15161607, 0x33161415, 0x35023e32, 0x2e272634, 0x1e372702, 0x021e1702, 
0x020e1415, 0x23022e01, 0x23060622, 0x35262622, 0x17373634, 0x14150606, 0x32331616, 0x32333636, 
0x23171616, 0x23263411, 0x15020e22, 0x07331614, 0x34352626, 0x16323336, 0x23061415, 0x35262622, 
0x33023e34, 0x11151632, 0x26262237, 0x031e3727, 0x35363233, 0x37232634, 0x35363632, 0x22232634, 
0x27070606, 0x3233023e, 0x0e141516, 0x26222302, 0x33363435, 0x15161632, 0x2be30614, 0x04691e3b, 
0x048efc23, 0x201b0202, 0x16252b15, 0x3a1f1d1a, 0x0d0a0b2b, 0x31243424, 0x38211636, 0x065b0146, 
0x221c2819, 0x262d5d56, 0x04032c45, 0x1b02024b, 0x56240f25, 0x311f1d53, 0x1c0c0c25, 0x24352428, 
0x12221412, 0x1c202124, 0x23281f20, 0x1e192a18, 0x41345139, 0x3f2b924f, 0x0b0c0e2c, 0x1b2e271d, 
0x3c3a261b, 0x1c312102, 0x371b1e24, 0x151e102f, 0x411e433c, 0x332a1a4a, 0x23241e19, 0x1f3e3028, 
0x42219c46, 0x4747f830, 0x2e0d0145, 0x26226a15, 0x192c2314, 0x06051a1b, 0x471d2311, 0x0610221f, 
0x23342207, 0x1f354527, 0x2219e6fe, 0x1a100f12, 0x1d08343c, 0x130d0c10, 0x081c1d08, 0x220f0f10, 
0x2665011d, 0x33332433, 0x3c20160f, 0x1b192104, 0x201b2420, 0x24341c24, 0x314b4f1d, 0x5afe5355, 
0x1e331f3b, 0x2a3d2879, 0x2f282015, 0x33210633, 0x221c1f1b, 0x33533443, 0x3b451b3d, 0x1f334222, 
0x2b151928, 0x3c274c32, 0x0100004e, 0xe5fff6ff, 0x6e029b04, 0x00008f00, 0x35262645, 0x37363634, 
0x26262217, 0x06063327, 0x33161415, 0x37373632, 0x14151616, 0x22230606, 0x0e172726, 0x26222302, 
0x16372726, 0x36323316, 0x26343536, 0x020e1727, 0x35262223, 0x06373634, 0x35232306, 0x22211521, 
0x0e272626, 0x16141502, 0x37363233, 0x17161637, 0x3233021e, 0x34353636, 0x06172726, 0x26222306, 
0x36363435, 0x06061737, 0x022e2223, 0x021e3727, 0x37363233, 0x3233021e, 0x06173736, 0x16141506, 
0x12f40317, 0x0a120b11, 0x5d754a14, 0x334d5728, 0x2a1c171c, 0x13133c18, 0x54405229, 0x0732268b, 
0x4a354b2c, 0x491e5775, 0x265a6c20, 0x0a0e1a34, 0x362d1236, 0x314a341f, 0x19331428, 0xfda504cf, 
0x1c1e1054, 0x1538330f, 0x2d1a141e, 0x100b3c18, 0x4f35110a, 0x20352136, 0x1c360c0c, 0x4a353146, 
0x24202a15, 0x31112926, 0x0e28394c, 0x45310f4c, 0x3339172b, 0x354e4225, 0x270a160d, 0x13101418, 
0x3c6f3a1b, 0x14353e24, 0x232d1610, 0x191f4b30, 0x091f191f, 0x29204123, 0x7c763451, 0x27402304, 
0x1180a44e, 0x321ca694, 0x112b1420, 0x1324190a, 0x492c3a43, 0x4701011e, 0x01010147, 0x152c3520, 
0x1f191d1a, 0x24301809, 0x1b3d673d, 0x2b142231, 0x2d250811, 0x361e3c42, 0x0620142f, 0x34241304, 
0x28241021, 0x1706040f, 0x01010d1c, 0x31532d43, 0x00385e2d, 0xf6ff0300, 0x9b041aff, 0x8b006e02, 
0xa6009600, 0x22650000, 0x0e172726, 0x26222302, 0x16372726, 0x36323316, 0x26343536, 0x020e1727, 
0x35262223, 0x06373634, 0x35232306, 0x22211521, 0x0e272626, 0x16141502, 0x37363233, 0x17161637, 
0x3233021e, 0x34353636, 0x06172726, 0x26222306, 0x36363435, 0x06061737, 0x022e2223, 0x021e3727, 
0x37363233, 0x3233021e, 0x06173736, 0x23151506, 0x36363435, 0x26221737, 0x06332726, 0x16141506, 
0x37363233, 0x15161637, 0x17060614, 0x2727022e, 0x17373636, 0x022e2711, 0x0e173535, 0x1e270702, 
0xd7021702, 0x32268b54, 0x354b2c07, 0x1e57754a, 0x5a6c2049, 0x0e1a3426, 0x2e12360a, 0x4a341f35, 
0x33142831, 0xa504cf19, 0x1e1054fd, 0x38330f1c, 0x1a141e15, 0x0b3c182d, 0x35110a10, 0x3521364f, 
0x360c0c20, 0x3432471c, 0x202a1549, 0x11292624, 0x28394c31, 0x310f4c0e, 0x39172b45, 0x4e422533, 
0x0e120d35, 0x4c0f1827, 0x140a0f09, 0x285d754a, 0x1c334d57, 0x182a1c17, 0x2913133c, 0x391fbf52, 
0x36242f42, 0x474c3a7d, 0x13010302, 0x1a434116, 0x3c3f2a0c, 0x7c760824, 0x27402304, 0x1180a44e, 
0x321ca694, 0x112b1420, 0x1324190a, 0x492c3a43, 0x4701011e, 0x01010147, 0x142d3520, 0x1f191d1a, 
0x24301809, 0x1b3d673d, 0x2b142231, 0x2d250811, 0x361e3c42, 0x0620142f, 0x34241304, 0x28241021, 
0x1706040f, 0x01010d1c, 0x38562d43, 0x4329a796, 0x16101435, 0x4b30232d, 0x191f191f, 0x4123091f, 
0x34512920, 0x182720ee, 0x3a224e08, 0xfbfe1f13, 0x2525142d, 0x062d7212, 0x15112019, 0x282e1a0a, 
0xf6ff0300, 0xb5032100, 0x57006e02, 0x77006000, 0x22650000, 0x3727022e, 0x3233021e, 0x34353636, 
0x06332726, 0x26222306, 0x36363435, 0x23060637, 0x15213523, 0x26262221, 0x15060627, 0x32331614, 
0x3e173736, 0x16323302, 0x020e1415, 0x35262223, 0x32333634, 0x14151616, 0x26222306, 0x14372726, 
0x0e141514, 0x26261302, 0x021e3727, 0x36321717, 0x23263435, 0x36363237, 0x23263435, 0x07060622, 
0x01021e27, 0x57693d79, 0x1b4c1a45, 0x2a476547, 0x0d0e233f, 0x355f1f3c, 0x301d483f, 0x1933141d, 
0xfebf03fe, 0x1c1e1076, 0x1f42590f, 0x1a3e1c1e, 0x463e163a, 0x1a484021, 0x1e19332a, 0x30282324, 
0x46471f3e, 0x0e344d35, 0x4e32172d, 0x0f40375b, 0x29250a45, 0x271ea810, 0x21023c3a, 0x1d201c31, 
0x0d313c1c, 0x392c0e01, 0xa4693121, 0xa77e1472, 0x2d3a1d53, 0x3211341f, 0x25404436, 0x01173a42, 
0x01474701, 0x5d340101, 0x1f211e26, 0x3c340c24, 0x2038441b, 0x281d323d, 0x312b1519, 0x4f342449, 
0x0636542f, 0x27020602, 0x011f3745, 0x5085371a, 0x3d543503, 0x2021fe13, 0x1e063229, 0x1b1c182f, 
0x18404a20, 0x00244c3c, 0xf6ff0200, 0x59035cff, 0x36006e02, 0x00006d00, 0x23262645, 0x23060622, 
0x35262622, 0x17373634, 0x14150606, 0x3e323316, 0x16323302, 0x11071716, 0x37363634, 0x26262217, 
0x021e3727, 0x37363233, 0x15060617, 0x26222511, 0x16372726, 0x36323316, 0x26343536, 0x020e3327, 
0x35262223, 0x37363634, 0x21230606, 0x21152135, 0x06272622, 0x16141506, 0x37363233, 0x15161637, 
0x02060614, 0x3e440fae, 0x3076732b, 0x0c345d3b, 0x0b064b08, 0x54243d3d, 0x2d205055, 0x1a163140, 
0x0c0a110b, 0x1f536b43, 0x4736154b, 0x0f1a0e2c, 0xfe141827, 0x61824f94, 0x78254c20, 0x233c2768, 
0x163c0d0e, 0x3a233f38, 0x1e301c46, 0xfe193314, 0xfe6303e9, 0x162b18e1, 0x1e1a3c55, 0x3c1f391c, 
0x5c2e1214, 0x112e26a4, 0x3f502512, 0x11153a1f, 0x3b19320f, 0x0b0d0b34, 0x012c3014, 0x452b5c01, 
0x20101436, 0x22103946, 0x0102172e, 0x37552d46, 0x55de83fe, 0xae148eb4, 0x28361cb1, 0x1e11251f, 
0x3d421427, 0x17373e22, 0x47470101, 0x56340102, 0x17201a23, 0x421f091d, 0x3354312d, 0x25000300, 
0x15030000, 0x1e00b002, 0x7a004300, 0x2e610000, 0x3e272702, 0x0e153702, 0x1e350702, 0x26231703, 
0x35113526, 0x11173335, 0x35262201, 0x32333634, 0x15171616, 0x2223022e, 0x14150606, 0x22073316, 
0x34352626, 0x16323336, 0x06061415, 0x26262201, 0x031e3727, 0x35363233, 0x23262634, 0x36363237, 
0x23263435, 0x07060622, 0x33023e27, 0x14151632, 0x2223020e, 0x36343526, 0x16163233, 0x01061415, 
0x88691ea8, 0x8540274d, 0x7636498c, 0x5f293173, 0x09164c5d, 0x18350302, 0x2d228afe, 0x55304656, 
0x491b1b48, 0x2b142851, 0x0a110c1e, 0x1d142111, 0x1123221b, 0x2bf4011f, 0x0c0e2c3f, 0x2e271d0b, 
0x1a261b1b, 0x21022834, 0x1e241c31, 0x102f371b, 0x433c151e, 0x1a4a411e, 0x1e19332a, 0x30282324, 
0x37461f3e, 0x600a3f5d, 0x1d3f4124, 0x38361551, 0x1f06101c, 0x172b4432, 0x1501202e, 0xfd42da04, 
0x30a60192, 0x1f463626, 0x2e542536, 0x1b0a1e3b, 0x16191418, 0x14141b0d, 0x121d2225, 0xc1fe111e, 
0x791e331f, 0x152a3d28, 0x2c1f2820, 0x33210617, 0x221c1f1b, 0x33533443, 0x3b451b3d, 0x1f334222, 
0x2b151928, 0x3c274c32, 0x0400004e, 0x48ff2f00, 0xb0021503, 0x34001b00, 0x90005900, 0x2e650000, 
0x36272702, 0x06153736, 0x1e350706, 0x26231702, 0x35113526, 0x11173335, 0x27262607, 0x37023e27, 
0x07020e17, 0x17021e27, 0x35352626, 0x22011133, 0x36343526, 0x16163233, 0x022e1517, 0x06062223, 
0x33161415, 0x26262207, 0x33363435, 0x14151632, 0x22010606, 0x37272626, 0x3233031e, 0x26343536, 
0x32372326, 0x34353636, 0x06222326, 0x3e270706, 0x16323302, 0x020e1415, 0x35262223, 0x32333634, 
0x14151616, 0x1ea80106, 0x274d8364, 0x526dc360, 0x7d374aaa, 0x02091d6c, 0x4d183503, 0x26497732, 
0x214f5022, 0x3c472226, 0x4c270e14, 0x02011f48, 0x228afe4d, 0x3046562d, 0x1b1b4855, 0x14285149, 
0x110c1e2b, 0x1421110a, 0x23221b1d, 0xf4011f11, 0x0e2c3f2b, 0x271d0b0c, 0x261b1b2e, 0x0228341a, 
0x241c3121, 0x2f371b1e, 0x3c151e10, 0x4a411e43, 0x19332a1a, 0x2823241e, 0x461f3e30, 0x3f583214, 
0x5734600a, 0x4d20512c, 0x33071028, 0x38173953, 0x04010120, 0xa6fd42da, 0x0d423bcc, 0x2a2e1754, 
0x26103c0e, 0x09120e23, 0x1525311f, 0xfe781329, 0x305e02eb, 0x1f463626, 0x2e542536, 0x1b0a1e3b, 
0x16191418, 0x14141b0d, 0x121d2225, 0xc1fe111e, 0x791e331f, 0x152a3d28, 0x2c1f2820, 0x33210617, 
0x221c1f1b, 0x33533443, 0x3b451b3d, 0x1f334222, 0x2b151928, 0x3c274c32, 0x0400004e, 0x4bff3100, 
0x78027202, 0x74005700, 0xa2008b00, 0x22650000, 0x3435022e, 0x3e373636, 0x26343502, 0x020e2223, 
0x33161415, 0x35262207, 0x32333634, 0x06141516, 0x35262223, 0x33023e34, 0x15161632, 0x23070614, 
0x32333636, 0x06141516, 0x26222306, 0x33363435, 0x15161632, 0x22230614, 0x37272626, 0x14151616, 
0x2e130606, 0x16372703, 0x36323316, 0x27263435, 0x15021e37, 0x23060614, 0x17161637, 0x35363201, 
0x26272634, 0x0e332726, 0x020e0702, 0x021e1415, 0x35363237, 0x35232634, 0x34353632, 0x06222326, 
0x1e370706, 0x2a1d0103, 0x131b3345, 0x2e283336, 0x19221d13, 0x0b16252f, 0x221b150c, 0x1d1c1821, 
0x22241b28, 0x2a4c3b22, 0x011a392d, 0x51213c01, 0x28463631, 0x24191938, 0x39261d21, 0x123b3f1f, 
0x090d1e22, 0x3f161204, 0x817c37f5, 0x1d0b3a7f, 0x5b56253c, 0x25201313, 0x682c0b23, 0xac502c5b, 
0x2d9cfe4e, 0x0c0c0c35, 0x060e0514, 0x250f1510, 0x1a0c1029, 0x2219ef26, 0x1e1a1727, 0x3e26151d, 
0x03110c2b, 0x6f302115, 0x1c2c1f10, 0x23352e17, 0x1323271b, 0x1e131e18, 0x0f090e21, 0x17191926, 
0x1c19221d, 0x201c2d20, 0x1d1e323d, 0x0e042334, 0x3a373505, 0x21392539, 0x1c151919, 0x301f3b27, 
0x080d0740, 0x141c040e, 0xfe202d13, 0x26331fdc, 0x06480619, 0x1b312f07, 0x212a1931, 0x24182c34, 
0x09202e47, 0x29012a3a, 0x1b0e1c1e, 0x11201111, 0x0a0f0d06, 0x0b151f19, 0x080e120a, 0x1e161a68, 
0x1c1e2a19, 0x4c2d1417, 0x371c4d2e, 0x03001b2e, 0xc3ff1c00, 0x7802c302, 0x81007200, 0x00009800, 
0x022e2245, 0x021e3727, 0x36363233, 0x27263435, 0x23060633, 0x34352622, 0x023e3736, 0x23263435, 
0x15060622, 0x07331614, 0x34352622, 0x16323336, 0x23061415, 0x34352622, 0x32333636, 0x07151616, 
0x32333636, 0x06141516, 0x26222306, 0x33363435, 0x15161632, 0x22230614, 0x1727022e, 0x06070606, 
0x16141506, 0x37363233, 0x15161637, 0x17060614, 0x34352626, 0x17373636, 0x14150606, 0x32031716, 
0x26343536, 0x36323523, 0x23263435, 0x07060622, 0x01031e37, 0x4c562f40, 0x164b163d, 0x2531513d, 
0x0910162d, 0x33400d31, 0x3c2b4737, 0x1a152316, 0x263e2321, 0x1b150c0b, 0x1c182122, 0x241b281d, 
0x39603a22, 0x36223c27, 0x36436617, 0x19382846, 0x1d212419, 0x411f3926, 0x313f273e, 0x0c100b22, 
0x2023171f, 0x23181619, 0x14173c14, 0x0dd44d26, 0x1824150d, 0x0d191326, 0x22195d0a, 0x1e1a1727, 
0x3e26151d, 0x060a0c2b, 0x1e302317, 0x73945321, 0x388a7b0e, 0x1322341c, 0x2f211022, 0x45283a3d, 
0x1f1e112e, 0x1e181410, 0x0f09132a, 0x17191926, 0x1c19221d, 0x281c2d20, 0x341d334d, 0x64534323, 
0x3722393a, 0x15191920, 0x1f3b271c, 0x311d4030, 0x0e072340, 0x301a111c, 0x1a1b1618, 0x481d091c, 
0x3252311d, 0x28532a1f, 0x14384d34, 0x32441944, 0x01234527, 0x1e161a70, 0x181c2a19, 0x4c2d1417, 
0x371c532e, 0x02001b2e, 0x1800f6ff, 0x6e026c04, 0x52003700, 0x22650000, 0x37272626, 0x14151414, 
0x22230606, 0x37272626, 0x3233021e, 0x26343536, 0x020e1727, 0x35262223, 0x21352335, 0x14152115, 
0x36323316, 0x16163737, 0x06061415, 0x35363227, 0x37272634, 0x22230606, 0x21353526, 0x33161415, 
0x37373632, 0x3b03021e, 0x28647542, 0x47603145, 0x205c7c4f, 0x5c431a4b, 0x0a464841, 0x32172f14, 
0x343d2039, 0xfe7604f9, 0x1d131292, 0x1f3c2b40, 0x4f6b3724, 0x14195451, 0x32672931, 0x8bfe343b, 
0x34191512, 0x53233a27, 0x7837186b, 0x07030963, 0x34543003, 0x147e9a46, 0x493e8365, 0x1e281a2f, 
0x1a312207, 0x4772494e, 0x1b1db347, 0x2b093e37, 0x643f3268, 0x3f504c3a, 0x0e15402d, 0x494e4849, 
0x1b1d879e, 0x79092e23, 0x01004a9b, 0x20002300, 0x7802c402, 0x00005400, 0x26262265, 0x16163727, 
0x35363233, 0x23262634, 0x36363237, 0x27263435, 0x26230737, 0x06222326, 0x16161415, 0x26221733, 
0x33363435, 0x14151632, 0x26222306, 0x36343526, 0x16323336, 0x37370717, 0x14151616, 0x2223020e, 
0x36343526, 0x16163233, 0x06061415, 0xa05dd601, 0x3e4b3284, 0x50377fad, 0x02263319, 0x12253c24, 
0x3d582f13, 0x252d4410, 0x151d0f2a, 0x221a1c0f, 0x30211e19, 0x29402425, 0x42304222, 0x471b1659, 
0x1e29223d, 0x25214032, 0x33292326, 0x62372445, 0xb0d15a20, 0x32cadb16, 0x192e1e39, 0x293e2206, 
0x15133226, 0x2a3d3189, 0x16231520, 0x1a182a43, 0x221a2221, 0x2e472825, 0x4a273f26, 0x0e700434, 
0x2b325921, 0x281f384b, 0x3528151c, 0x4d322b52, 0x0200002b, 0x0000f6ff, 0x6e02d002, 0x4c004800, 
0x22610000, 0x37272626, 0x3233021e, 0x26343536, 0x32372326, 0x34353636, 0x0e222326, 0x16141502, 
0x26220733, 0x33363435, 0x14151632, 0x26222306, 0x36363435, 0x15163233, 0x23060614, 0x34352622, 
0x16323336, 0x06141516, 0x21350106, 0x58c20115, 0x492c7f9e, 0x4c7c6427, 0x27144c38, 0x2013021d, 
0x1d292515, 0x0b172934, 0x221b100c, 0x1d1c1821, 0x25251a25, 0x4a3e6339, 0x1e3c2958, 0x29232422, 
0x351e3e30, 0x02f6fd5d, 0x9fc55bda, 0x55ad8413, 0x23193433, 0x321e0614, 0x1328261d, 0x09112320, 
0x19192f0f, 0x19221d17, 0x2132201c, 0x5234522d, 0x2950393f, 0x24171921, 0x3724432b, 0x2702284c, 
0x03004747, 0xf6fff6ff, 0x6e029202, 0x58003700, 0x00005c00, 0x26343565, 0x06372726, 0x26230706, 
0x06222326, 0x16161415, 0x26221733, 0x33363435, 0x14151632, 0x26222306, 0x36343526, 0x16323336, 
0x3e071716, 0x16333702, 0x07151516, 0x22232626, 0x22230606, 0x34352626, 0x06173736, 0x16141506, 
0x36363233, 0x17163233, 0x15373523, 0x15213501, 0x0702ee01, 0x38152308, 0x310e3b14, 0x0b23232b, 
0x1b0d1319, 0x1c192119, 0x1f24281b, 0x3d1f283c, 0x253c302c, 0x200b1b0c, 0x1b3f1124, 0x2f0c4b11, 
0x46451c29, 0x314b271e, 0x044b0407, 0x1b2a2d04, 0x2a1a4243, 0x4d1c1d40, 0x9c02bbfd, 0x2c1bc45a, 
0x0f180e23, 0x3b382945, 0x1e0f1b27, 0x12284315, 0x17212015, 0x4322221b, 0x253a2130, 0x04233b25, 
0x10282e19, 0xbf316634, 0x091b1c64, 0x3b421a09, 0x0d0d2211, 0x280f180d, 0x21090926, 0xac03863b, 
0x47473102, 0x22000100, 0xe9020000, 0x4a00b002, 0x2e610000, 0x3e272702, 0x26343502, 0x23073727, 
0x22232626, 0x16141506, 0x26220733, 0x36343526, 0x15163233, 0x22230614, 0x36343526, 0x16323336, 
0x37370717, 0x14151616, 0x37070606, 0x2317021e, 0x11352626, 0x15331733, 0x33021123, 0x55886623, 
0x2d695c26, 0x592f0f10, 0x29300f3d, 0x1f161f1c, 0x0c181205, 0x1c1b1a1f, 0x41302126, 0x3c28381e, 
0x4a1d144a, 0x3f291c3d, 0x680a5d7c, 0x081a588c, 0x17350204, 0x613c696a, 0x0a630b40, 0x1d223524, 
0x89151732, 0x18203d31, 0x13412213, 0x20160b1b, 0x231a1721, 0x3820384a, 0x04344a22, 0x5b210e70, 
0x32513827, 0x4511200c, 0x39182f58, 0x42ef0123, 0x00d9fd47, 0xf6ff0200, 0xa0020000, 0x44006e02, 
0x00004800, 0x23262661, 0x23060622, 0x35022e22, 0x17373634, 0x14150606, 0x32331616, 0x16323336, 
0x34112317, 0x0e222326, 0x16141502, 0x26260733, 0x36363435, 0x15163233, 0x22230614, 0x3e343526, 
0x16323302, 0x35011115, 0xef011521, 0x1b2a3009, 0x19223b37, 0x0823373c, 0x08044b07, 0x29152e21, 
0x41282952, 0x261c1012, 0x101f2d1d, 0x24122214, 0x131b0e21, 0x232a1f20, 0x341c3725, 0x50432c48, 
0xaa02bafd, 0x08072526, 0x3845240d, 0x10163017, 0x2d16260e, 0x250f0e2c, 0x263a0135, 0x28271a29, 
0x3c1d0f0d, 0x12192104, 0x1b240e1b, 0x36342420, 0x253b4520, 0x93fe534b, 0x47472702, 0xf6ff0100, 
0x3103e2ff, 0x32006e02, 0x26450000, 0x36343526, 0x020e1737, 0x34352707, 0x17373636, 0x2707020e, 
0x21352311, 0x27152115, 0x17373636, 0x15150606, 0x37363627, 0x15060617, 0x02171614, 0x0d111291, 
0x5125080d, 0x063b2c53, 0x270b080c, 0x3b2c5352, 0xfd3b035c, 0x88340f6e, 0x11153e49, 0x4688340f, 
0x110c163e, 0x68381e10, 0x1352322d, 0x4939140c, 0x1d82282b, 0x0c0c2e38, 0x2b483a14, 0x471a0128, 
0x3014f047, 0x223e215e, 0x1f5a2a56, 0x3e215e30, 0x25274c2b, 0x02003862, 0x4efff6ff, 0x6e02ec02, 
0x52001c00, 0x35650000, 0x37363634, 0x07020e17, 0x35211127, 0x15211521, 0x37363627, 0x15020e17, 
0x2e220315, 0x1e372702, 0x36323303, 0x26343536, 0x06063727, 0x35262223, 0x32333634, 0x14151616, 
0x26222306, 0x14373526, 0x36323316, 0x16163737, 0x06061415, 0x10092b02, 0x5737090b, 0xfe3b3153, 
0xfef602eb, 0x9c3b196c, 0x1310414c, 0x7d42a708, 0x4a235c70, 0x65584b1e, 0x22413039, 0x193d1415, 
0x3f344269, 0x1c152225, 0x141d1b0f, 0x1d310a18, 0x15412013, 0x341a1e48, 0x343c9461, 0x05163b4f, 
0x2d3f3820, 0x47240128, 0x3410fe47, 0x23412264, 0x3b314c43, 0x7c37bafe, 0x851097ce, 0x22326fb7, 
0x3726283e, 0x50511415, 0x2b1b2936, 0x16101c12, 0x0d1d1422, 0x38121605, 0x5531043e, 0x335b3c2c, 
0xf6ff0300, 0x54022bff, 0x1c006e02, 0x63003d00, 0x35650000, 0x37363634, 0x07020e17, 0x35231127, 
0x15211521, 0x37363627, 0x15020e17, 0x26260315, 0x06062223, 0x26262223, 0x37363435, 0x15060617, 
0x32331614, 0x16323336, 0x35071716, 0x35271537, 0x37272634, 0x22230606, 0x36343526, 0x16163233, 
0x23061415, 0x35262622, 0x33161437, 0x37373632, 0x15151616, 0x10098b01, 0x5737090b, 0x753b3153, 
0x64fe5e02, 0x4c9c3b19, 0x08131041, 0x272c0c21, 0x1d3a3918, 0x06304622, 0x05044b06, 0x5324262c, 
0x232e1922, 0x4d4d0e08, 0x193d140b, 0x3f343c6a, 0x1c152225, 0x141d1b0f, 0x1d310a18, 0x153f1d13, 
0x94101e48, 0x3b4f343c, 0x38200516, 0x01282d3f, 0xfe474724, 0x22643410, 0x4c432341, 0x97fe3b31, 
0x07071d2b, 0x103b411a, 0x0c0c1127, 0x262c0e1e, 0x1921100c, 0xd1049a11, 0x372660a0, 0x4b511415, 
0x2b1b2936, 0x16101c12, 0x0d1d1422, 0x33121605, 0x5531043e, 0x0300572c, 0xe5fff6ff, 0x6e02c803, 
0x49002a00, 0x00006700, 0x26262245, 0x021e3727, 0x35363233, 0x37272634, 0x22230606, 0x21353526, 
0x21152135, 0x33161415, 0x37373632, 0x14151616, 0x2e030606, 0x06222302, 0x36342315, 0x16323336, 
0x06061415, 0x35262223, 0x32333634, 0x15171616, 0x35022e01, 0x17373634, 0x27022e22, 0x33021e37, 
0x17373632, 0x14150606, 0x01171616, 0x607441df, 0x451b4b26, 0x4b473254, 0x282c0b05, 0x3d3a2847, 
0xd20381fe, 0x1613fafd, 0x3c163417, 0x5f331219, 0x493e1195, 0x391e1f24, 0x26191f0d, 0x18241528, 
0x34463129, 0x18445433, 0x110c8301, 0x020f1809, 0x475c6e3d, 0x4c154817, 0x22243160, 0x1418270f, 
0x070c1007, 0x21526932, 0x412d563f, 0x102b0b43, 0x4e2a340d, 0x4747d249, 0x1e1b1de7, 0x4e260924, 
0x32593b20, 0x452a2201, 0x101a1a29, 0x21241924, 0x36142419, 0x27363425, 0xfe4e2942, 0x4e4b27ca, 
0x1e68482a, 0x3f220c10, 0x2d271032, 0x46010213, 0x1e44632d, 0x00264440, 0xf6ff0100, 0x8e02e7ff, 
0x46006e02, 0x26450000, 0x06222326, 0x26222306, 0x36343526, 0x06061737, 0x33161415, 0x32333632, 
0x35071716, 0x022e1533, 0x15062223, 0x36363423, 0x15163233, 0x22230614, 0x36343526, 0x16163233, 
0x26262317, 0x35213535, 0x11231521, 0x300cda01, 0x42411d27, 0x304a281f, 0x044d0405, 0x2b292c04, 
0x38262b62, 0x1c101019, 0x2229544d, 0x200e3e1a, 0x2f292a1c, 0x48332d26, 0x4b5d373a, 0x02020f1a, 
0x98021efe, 0x212a1969, 0x411b0a09, 0x0b23113a, 0x0d1c0c0a, 0x20132628, 0x38d9092d, 0x1e2c5136, 
0x1824131d, 0x31242625, 0x3f352838, 0x152c4528, 0x47aa162b, 0x00c0fd47, 0xf6ff0300, 0xec020000, 
0x2c006e02, 0x54004900, 0x11610000, 0x26261533, 0x06062223, 0x23020e07, 0x37272622, 0x32331616, 
0x37373636, 0x3233023e, 0x26231716, 0x21353526, 0x23152135, 0x022e2511, 0x15062223, 0x36363423, 
0x15163233, 0x22230614, 0x36343526, 0x16163233, 0x26342717, 0x32372726, 0x0215021e, 0x260e1736, 
0x1d170d15, 0x33321a15, 0x1a401d1d, 0x101e1039, 0x15221f11, 0x27271406, 0x12321713, 0xfd020314, 
0x69f602c0, 0x3917d6fe, 0x1c1c2b47, 0x171c0d34, 0x232a2623, 0x2e3c2a25, 0x19485c39, 0x3f5d3310, 
0x4654290d, 0x425b012b, 0x2e102629, 0x1e43372d, 0x19282923, 0x3b3a1215, 0x13353305, 0x25152321, 
0x47476c13, 0x2bbdd9fd, 0x18102944, 0x23192512, 0x312a221e, 0x2c312a21, 0x4e07314c, 0x41093765, 
0x3653391d, 0xf6ff0300, 0x7b030000, 0x2c006e02, 0x64005900, 0x11610000, 0x26261533, 0x06062223, 
0x23020e07, 0x37272622, 0x32331616, 0x37373636, 0x3233023e, 0x26231716, 0x21353526, 0x23152135, 
0x032e2511, 0x07062223, 0x33363627, 0x14151632, 0x36270706, 0x17373736, 0x36362707, 0x23263435, 
0x27070622, 0x32333636, 0x2717021e, 0x27262634, 0x15031e37, 0x0e17c502, 0x180c1626, 0x2c18181e, 
0x371f1e30, 0x1c11321b, 0x201b1210, 0x27140518, 0x33171327, 0x02021612, 0x850331fd, 0x30cbfe69, 
0x1d343948, 0x1d1f4821, 0x2f0f280e, 0x0b030438, 0x62161f0a, 0x1330eb2c, 0x10141710, 0x2d350d1e, 
0x4423326b, 0x022b4d46, 0x0d3f5d33, 0x2b465429, 0x294d6601, 0x37341126, 0x221b3f37, 0x11132c1f, 
0x063d3d14, 0x21133532, 0x15271224, 0xfd47476c, 0x67518fd9, 0x31271638, 0x39090519, 0x0a0f0726, 
0x10210e0b, 0x37b1344a, 0x110e1d10, 0x3c080810, 0x39163c47, 0x4e2f5167, 0x3e0e3c65, 0x533c2204, 
0x03000034, 0xe5fff6ff, 0x6e02e903, 0x3d002b00, 0x00005b00, 0x022e2245, 0x021e3727, 0x35363233, 
0x17272634, 0x22230606, 0x21353526, 0x21152135, 0x33161415, 0x37373632, 0x14151616, 0x26270606, 
0x3e272726, 0x0e173702, 0x16270702, 0x2e051716, 0x36343502, 0x2e221737, 0x1e372702, 0x36323302, 
0x06061737, 0x16161415, 0x43e80117, 0x23667b87, 0x927b294b, 0x08504e4b, 0x4728320a, 0xfe3e3928, 
0xfdf30360, 0x171613fa, 0x153c1634, 0x6a673612, 0x24447844, 0x33534d29, 0x44462012, 0x8553101f, 
0x0c680129, 0x0f180911, 0x5c6e3d02, 0x15481747, 0x2431604c, 0x18270f22, 0x0c100714, 0xab6c3301, 
0xae8b1479, 0x11434352, 0x34061828, 0xd2494e2a, 0x1de74747, 0x09241e1b, 0x3d274226, 0x35d33058, 
0x1a4e113e, 0x4211252b, 0x15251d09, 0x395e1815, 0x4e4b27fe, 0x1e68482a, 0x3f220c10, 0x2d271032, 
0x46010213, 0x1e44632d, 0x00264440, 0xf6ff0200, 0x3d03ffff, 0x2b006e02, 0x00003d00, 0x26262245, 
0x021e3727, 0x36363233, 0x27263435, 0x23060637, 0x35352622, 0x15213521, 0x16141521, 0x37363233, 
0x15161637, 0x27060614, 0x27272626, 0x1737023e, 0x2707020e, 0x01171616, 0x95b861f7, 0x7c294b2f, 
0x54395398, 0x2f0c0b2d, 0x362f6629, 0x0360fe3d, 0x12a6fe47, 0x2b401b15, 0x3f18173c, 0x78447e75, 
0x4d292444, 0x20123353, 0x101f4446, 0x01298553, 0x14a1c75b, 0x2352ae8b, 0x2d1a3445, 0x48490c15, 
0x47d2494e, 0x1b1de747, 0x28083e37, 0x64472955, 0x3e35d335, 0x2b1a4e11, 0x09421125, 0x1515251d, 
0x00395e18, 0xd8ff0200, 0x1c031800, 0x18006e02, 0x00004100, 0x27022e65, 0x37363627, 0x35213507, 
0x020e1521, 0x031e3507, 0x26221717, 0x15211135, 0x16141121, 0x023e3233, 0x23263435, 0x15163237, 
0x22230614, 0x36343526, 0x16163233, 0x020e1415, 0x5d266b01, 0x55274872, 0xfe1761a8, 0x3693018a, 
0x262d585f, 0x15425052, 0x0146466a, 0x1d7ffece, 0x33402327, 0x07251b1d, 0x1d262124, 0x25332a1e, 
0x281e3522, 0x32495f48, 0x6010364c, 0x39275136, 0x14a04745, 0x101f322b, 0x45362508, 0x57546529, 
0xfe47ab01, 0x242e2d94, 0x2024483b, 0x1b263c21, 0x21262122, 0x3c212626, 0x5263312b, 0x02000031, 
0xf6fff6ff, 0x6e023903, 0x3a002b00, 0x26450000, 0x36343526, 0x0e173736, 0x2e270702, 0x3e272702, 
0x35073702, 0x15213521, 0x3e271121, 0x06173702, 0x16141506, 0x26251716, 0x17353526, 0x3507020e, 
0x0217021e, 0x0c111290, 0x390c0b15, 0x3b355559, 0x3f5e491d, 0x665e3a25, 0xa8fe1943, 0x62fe4303, 
0x6e5c2519, 0x191c413e, 0xfe0c0f06, 0x15030277, 0x2451572d, 0x1b515b2b, 0x3b64390a, 0x123b4f30, 
0x5f491f05, 0x3e2c1242, 0x205b0828, 0x2d14252d, 0xfe47473b, 0x613314b3, 0x3441184f, 0x3c25406a, 
0x1acf253d, 0x11a5202f, 0x1526200b, 0x3f250807, 0x02000030, 0xacfff6ff, 0x6e023903, 0x54004500, 
0x26450000, 0x06222326, 0x26222306, 0x36343526, 0x06061737, 0x33161415, 0x33363632, 0x17161632, 
0x36343523, 0x0e173736, 0x2e270702, 0x3e272702, 0x35073702, 0x15213521, 0x3e271121, 0x0e173702, 
0x01111502, 0x35352626, 0x07020e17, 0x17021e35, 0x340f7002, 0x635f253b, 0x3156352b, 0x044b0608, 
0x29383507, 0x2b225c5f, 0x15132838, 0x0c0e130a, 0x35555939, 0x5e491d3b, 0x5e3a253f, 0xfe194366, 
0xfe4303a8, 0x5c251962, 0x16413e6e, 0x98fe0817, 0x2d150302, 0x2b245157, 0x541b515b, 0x0c0b2528, 
0x183c481f, 0x0d0d112d, 0x2c311327, 0x21120b0c, 0x4c30d717, 0x1f05153b, 0x12425f49, 0x08283e2c, 
0x252d205b, 0x473b2d14, 0x14b3fe47, 0x184f6133, 0x47452741, 0x01e2fe2b, 0x202f1a2a, 0x200b11a5, 
0x08071526, 0x00303f25, 0xf6ff0300, 0xe50230ff, 0x11006e02, 0x56002000, 0x2e650000, 0x3e272702, 
0x35073702, 0x15213521, 0x26271123, 0x17353526, 0x35070606, 0x0317031e, 0x27022e22, 0x33031e37, 
0x35363632, 0x37272634, 0x22230606, 0x36343526, 0x16163233, 0x23061415, 0x35262622, 0x33161437, 
0x37373632, 0x14151616, 0x2f020606, 0x41745d1d, 0x7c6e3925, 0xc7fd194a, 0x4869ef02, 0x55150302, 
0x4f203e8e, 0x6f164550, 0x5b6e7b43, 0x481d4a22, 0x333a6556, 0x14152144, 0x4269193d, 0x22253f34, 
0x1b0f1c15, 0x0a18141d, 0x20131d31, 0x1e481541, 0x6264331a, 0x07334a2c, 0x3138235b, 0x47452d16, 
0x3c3bfe47, 0xd7202e17, 0x27411914, 0x2c1c070b, 0x92fe273c, 0x94ce7d39, 0x73b57e10, 0x283e2237, 
0x14153726, 0x29365051, 0x1c122b1b, 0x14221610, 0x16050d1d, 0x043e3812, 0x3c2c5531, 0x0400335b, 
0xf6fef6ff, 0x6e023d02, 0x20001100, 0x66004000, 0x2e650000, 0x3e272702, 0x35073702, 0x15213521, 
0x26271123, 0x17353526, 0x35070606, 0x1317031e, 0x22232626, 0x22230606, 0x34352626, 0x06173736, 
0x16141506, 0x33363233, 0x07171632, 0x27153735, 0x27263435, 0x23060637, 0x34352622, 0x16323336, 
0x06141516, 0x26262223, 0x16143735, 0x37363233, 0x15161637, 0x1d870115, 0x2541745d, 0x4a7c6e39, 
0x026ffe19, 0x02486947, 0x8e551503, 0x504f203e, 0x0c141645, 0x3918272c, 0x46221d3a, 0x4b060630, 
0x262c0504, 0x26225324, 0x4d0e0c40, 0x3d140b4d, 0x343c6a19, 0x1522253f, 0x1d1b0f1c, 0x310a1814, 
0x3f1d131d, 0x101e4815, 0x334a2c62, 0x38235b07, 0x452d1631, 0x3bfe4747, 0x202e173c, 0x411914d7, 
0x1c070b27, 0xfe273c2c, 0x071d2b58, 0x3b411a07, 0x0c112710, 0x2c0e1e0c, 0x26240c26, 0xd1049a11, 
0x372660a0, 0x4b511415, 0x2b1b2936, 0x16101c12, 0x0d1d1422, 0x33121605, 0x5531043e, 0x0200572c, 
0x97fff6ff, 0x6e023103, 0x51003500, 0x22410000, 0x26262726, 0x36363723, 0x26263435, 0x021e3727, 
0x23061415, 0x34352622, 0x16323336, 0x33161617, 0x34353632, 0x21172726, 0x21152135, 0x15161637, 
0x13060614, 0x34352626, 0x0e173736, 0x35270702, 0x3e271533, 0x06173702, 0x16141506, 0x28770117, 
0x301a2f4b, 0x0b0a0118, 0x1d252c14, 0x3c154141, 0x302f2526, 0x1d3b2c2b, 0x1d183621, 0x471e2823, 
0x3b0345fe, 0x12128efe, 0xf03b201a, 0x111b1112, 0x5559390c, 0x14483b35, 0x3e6e5c25, 0x0f191c41, 
0x1f4a0112, 0x100b1322, 0x0b161704, 0x3d03171d, 0x223c3113, 0x212c3f31, 0x17192a22, 0x1a1e1619, 
0x1a1a431b, 0x1a1a4747, 0x3a26203e, 0x394dfe1f, 0x68433462, 0x421f051b, 0xfb283852, 0x542914d5, 
0x34411848, 0x51313b69, 0x03000038, 0x57fff6ff, 0x6e023103, 0x4e001800, 0x00006d00, 0x36343545, 
0x0e173736, 0x35270702, 0x3e271533, 0x06173702, 0x01151506, 0x26272622, 0x36372326, 0x26343536, 
0x1e372726, 0x06141502, 0x35262223, 0x32333634, 0x16161716, 0x35363233, 0x17272634, 0x15213521, 
0x16163721, 0x06061415, 0x23262613, 0x23060622, 0x35262622, 0x17373634, 0x14150606, 0x36323316, 
0x17163233, 0x02153735, 0x0b100970, 0x54543509, 0x14483b35, 0x386a5c25, 0xfe131841, 0x2f4b28ba, 
0x0118301a, 0x2c140b0a, 0x41411d25, 0x25263c15, 0x2c2b302f, 0x36211d3b, 0x28231d18, 0x45fe471e, 
0x8efe3b03, 0x201a1212, 0x310cd03b, 0x45431e28, 0x304c2a1f, 0x044d0407, 0x2b2c2d06, 0x31222b67, 
0xa04c4d17, 0x163b4f34, 0x4c3c1f05, 0xd5fb2836, 0x434d2714, 0x65344118, 0x96019f4a, 0x0b13221f, 
0x16170410, 0x03171d0b, 0x3c31133d, 0x2c3f3122, 0x192a2221, 0x1e161917, 0x1a431b1a, 0x1a47471a, 
0x26203e1a, 0x0dfe1f3a, 0x0909212a, 0x143c431b, 0x0e0a0c29, 0x272c0f21, 0x31171212, 0x04009d02, 
0x8afff6ff, 0x6e027202, 0x50003000, 0x7a007600, 0x22410000, 0x26272626, 0x36372326, 0x26343536, 
0x1e372726, 0x06141502, 0x35262223, 0x32333634, 0x16161716, 0x35363233, 0x37272634, 0x14151616, 
0x26030606, 0x06222326, 0x26222306, 0x36343526, 0x06061737, 0x33161415, 0x32333632, 0x35231716, 
0x35271537, 0x37272634, 0x22230606, 0x36343526, 0x16163233, 0x23061415, 0x35262622, 0x33161437, 
0x37373632, 0x15151616, 0x15213501, 0x36249f01, 0x301a2032, 0x0b0a0118, 0x1d252c14, 0x3c17413f, 
0x302f2526, 0x1945262b, 0x241f3921, 0x4f1e2826, 0x40202321, 0x272c0c05, 0x1d3a3918, 0x06304622, 
0x05044b06, 0x5324262c, 0x0c402622, 0x0b4d4d0e, 0x6a193d14, 0x253f343c, 0x0f1c1522, 0x18141d1b, 
0x131d310a, 0x46153f1d, 0xe1fd121e, 0x2c017c02, 0x13161d0e, 0x17041015, 0x1c221016, 0x37153d08, 
0x37392743, 0x2a22212c, 0x16191327, 0x47262522, 0x4c1c0e1a, 0x213f2e2d, 0x1d2b5efe, 0x411a0707, 
0x1127103b, 0x0e1e0c0c, 0x240c262c, 0xd1048926, 0x3a26609b, 0x4e58141c, 0x2b1b2936, 0x16101c12, 
0x0d1d1422, 0x34121605, 0x5d300942, 0x0202572f, 0x02004747, 0x0000ecff, 0x6e029c03, 0x66003100, 
0x2e610000, 0x36272702, 0x06173736, 0x26222306, 0x37363435, 0x15060617, 0x32331614, 0x0e173736, 
0x1e270702, 0x26071702, 0x21113526, 0x23152135, 0x26222511, 0x36343526, 0x16163233, 0x36262717, 
0x17163233, 0x23022e07, 0x14150622, 0x26071716, 0x06222326, 0x16161415, 0x26220733, 0x33363435, 
0x14151632, 0x1fe60206, 0x1a4d7c5e, 0x3725401a, 0x4b09140d, 0x413c3b56, 0x172e2d3a, 0x2d263412, 
0x1d454d28, 0x5470520f, 0x03010c26, 0xb00306fd, 0x1f6afd69, 0x373d2337, 0x072e3d21, 0x1f310132, 
0x0d123023, 0x111a1609, 0x01011410, 0x2325093d, 0x1b091e16, 0x1d160b1a, 0x1e191621, 0x39502b26, 
0x2c175a05, 0x03040c16, 0x43303847, 0x3811221c, 0x101e2420, 0x35174219, 0x0c171734, 0x052b4934, 
0x01193113, 0xfd474782, 0x422363d9, 0x24473830, 0x4a1a3d4d, 0x522d2f3a, 0x1c193021, 0x051a071d, 
0x203e3403, 0x1a261320, 0x1a162034, 0x1c1a1e1d, 0x03000022, 0x5bfff6ff, 0x6e02c602, 0x6a003e00, 
0x00006e00, 0x15333565, 0x22232626, 0x16141506, 0x26260717, 0x15062223, 0x33161614, 0x35262207, 
0x32333634, 0x06141516, 0x26262223, 0x36363435, 0x17163233, 0x36363427, 0x17163233, 0x35262623, 
0x03113335, 0x27262622, 0x33161637, 0x35363632, 0x22232634, 0x34271506, 0x32333636, 0x14151616, 
0x26222306, 0x33363435, 0x15161632, 0x01060614, 0x01152135, 0x2b0f0af2, 0x011e161f, 0x34084101, 
0x13262529, 0x190a212a, 0x1a182420, 0x2a252c21, 0x41262643, 0x0e5f3a28, 0x192f1d36, 0x13193822, 
0x8c4f0201, 0x246b8246, 0x578e2d44, 0x2e183f3a, 0x361f1c32, 0x17142011, 0x242b0f1f, 0x343e2b26, 
0x2c2a5541, 0x02f5fd61, 0x36dea1d0, 0x22223425, 0x05050d05, 0x202b3d29, 0x381b2b19, 0x211d161f, 
0x24211a21, 0x2d2d4d2f, 0x4c4d2140, 0x1c3e3207, 0x2a152628, 0x66fe4a16, 0x8541bafe, 0x77811964, 
0x2c183c2b, 0x11191438, 0x1417200f, 0x2c1f101e, 0x34261e2f, 0x2c325130, 0xcc023a59, 0x02004747, 
0xe2fff6ff, 0x6e023e04, 0x79007500, 0x2e450000, 0x36272703, 0x2e073736, 0x06222302, 0x17161415, 
0x23262607, 0x15060622, 0x33161614, 0x35262207, 0x32333634, 0x06141516, 0x26262223, 0x36363435, 
0x17163233, 0x36363427, 0x17163233, 0x35262607, 0x17153335, 0x27070606, 0x2717021e, 0x11352626, 
0x021e3233, 0x06061415, 0x35262223, 0x32333634, 0x06141516, 0x36323523, 0x26263435, 0x01113723, 
0x02152135, 0x413920ab, 0x2f243c56, 0x0a032859, 0x1619261c, 0x4101011e, 0x19293408, 0x2a131121, 
0x20190a21, 0x211a1824, 0x432a252c, 0x28412626, 0x360e5f3a, 0x22192f1d, 0x011d1938, 0x2d184f02, 
0x480c2c4c, 0x0c234e66, 0x40170202, 0x17345b75, 0x30232631, 0x241b1d25, 0x1b1d2422, 0x36506e38, 
0x4804fefc, 0x2733221e, 0x1f5b0e1e, 0x202b1331, 0x22222338, 0x05050d05, 0x21143d29, 0x1b2b1916, 
0x1d161f38, 0x211a2121, 0x2d4d2f24, 0x4d21402d, 0x3e32074c, 0x0a26281c, 0x63162a15, 0x2a1537ee, 
0x2e110f1d, 0x140a2a3e, 0x7101192f, 0x3552381d, 0x25263c22, 0x1f251d22, 0x3b25171f, 0x42291622, 
0x0dfe2228, 0x47474502, 0xf6ff0300, 0xa8025bff, 0x3e006e02, 0x74007000, 0x35650000, 0x26261533, 
0x15062223, 0x07171614, 0x22232626, 0x16141506, 0x22073316, 0x36343526, 0x15163233, 0x22230614, 
0x34352626, 0x32333636, 0x34271716, 0x32333636, 0x26231716, 0x33353526, 0x26220311, 0x16163727, 
0x36363233, 0x27263435, 0x23060637, 0x34352622, 0x16323336, 0x06141516, 0x26262223, 0x16143735, 
0x37363233, 0x15161637, 0x01060614, 0x01152135, 0x2b0f0af2, 0x011e161f, 0x34084101, 0x13262529, 
0x190a212a, 0x1a182420, 0x2a252c21, 0x41262643, 0x0e5f3a28, 0x192f1d36, 0x12193722, 0xa64f0201, 
0x453cb467, 0x2f588a2f, 0x14152343, 0x3b611930, 0x23234035, 0x1b0f1d15, 0x0a18141d, 0x1b131d31, 
0x263f1541, 0xfe653720, 0xa1b20218, 0x342536de, 0x0d052222, 0x3d290505, 0x2b19202b, 0x161f381b, 
0x1a21211d, 0x4d2f2421, 0x21402d2d, 0x32074c4d, 0x26271c3e, 0x4a162915, 0xbafe66fe, 0x791e9287, 
0x293f2273, 0x16153625, 0x28355051, 0x1c122c1c, 0x14221610, 0x16050d1d, 0x0a463d12, 0x3d2e5f37, 
0xcc02345c, 0x01004747, 0xe2fff6ff, 0x6e02f802, 0x00005c00, 0x23262645, 0x23060622, 0x35262622, 
0x17373634, 0x14150606, 0x36323316, 0x16323336, 0x15331117, 0x22232626, 0x16141506, 0x26260717, 
0x15062223, 0x07331614, 0x34352622, 0x16323336, 0x23061415, 0x35262622, 0x32333634, 0x34271716, 
0x32333636, 0x26231716, 0x21353526, 0x23152135, 0x0c440211, 0x5e272f36, 0x5332295e, 0x4d040730, 
0x35320604, 0x25585927, 0x0a163d2b, 0x161f2b0f, 0x4101011e, 0x25293408, 0x0a312d26, 0x18242019, 
0x252c211a, 0x5326432a, 0x0e5f3a3c, 0x192f1d36, 0x13193822, 0xb6fd0201, 0x1e690203, 0x0b0a2229, 
0x143a441e, 0x0d0a0d28, 0x2a2b1021, 0x21170a0b, 0x253c3e01, 0x05222234, 0x2905050d, 0x221d2a3d, 
0x161f3839, 0x1a21211d, 0x4c2e2421, 0x4d49412b, 0x3e32074c, 0x1526281c, 0x4740162a, 0x00bbfd47, 
0xf6ff0300, 0x66030000, 0x2c006e02, 0x6c006100, 0x11610000, 0x26261533, 0x06062223, 0x23020e07, 
0x37272622, 0x32331616, 0x37373636, 0x3233023e, 0x26231716, 0x21353526, 0x23152135, 0x26222511, 
0x36343526, 0x16163233, 0x36342717, 0x16163233, 0x26260717, 0x15062223, 0x07171614, 0x22232626, 
0x16141506, 0x22073316, 0x36343526, 0x15163233, 0x34250614, 0x37272626, 0x15021e32, 0x0e17b002, 
0x170d1526, 0x321a151d, 0x2b181e34, 0x180d2211, 0x221f120d, 0x27140616, 0x2f151327, 0x02011011, 
0x700346fd, 0x1ea5fd69, 0x3744263a, 0x072e3f22, 0x15223632, 0x2e123233, 0x131d2910, 0x3d010114, 
0x16262909, 0x1a200e21, 0x211d160b, 0x281e1916, 0x5d332001, 0x54290d3f, 0x66012b46, 0x1026294d, 
0x43372d2e, 0x3b0e0f1e, 0x3a12080a, 0x3532053b, 0x111d1c14, 0x476c1021, 0x77d9fd47, 0x38304323, 
0x3d4d2446, 0x173a4a20, 0x47324444, 0x0a1f2046, 0x34030517, 0x1320203e, 0x20341a26, 0x1e1d1a16, 
0x84221c1a, 0x0937654e, 0x53391d41, 0x03000036, 0x0000f6ff, 0x6e023303, 0x2c002000, 0x00006300, 
0x27022e61, 0x37363627, 0x07060617, 0x17021e27, 0x34262623, 0x26373535, 0x21353526, 0x03112135, 
0x3727032e, 0x1717031e, 0x27262622, 0x33031e37, 0x34353632, 0x37232626, 0x35363632, 0x22232634, 
0x27070606, 0x3233023e, 0x0e141516, 0x26222302, 0x33363435, 0x15161632, 0xc6010614, 0x5479602c, 
0x40692f24, 0x2d6a3743, 0x5f794e0c, 0x02010c25, 0xfe020204, 0x471d0230, 0x706f6223, 0x69381931, 
0xd5275861, 0x0e2c3f2b, 0x271d0b0c, 0x261b1b2e, 0x0228341a, 0x241c3121, 0x2f371b1e, 0x3c151e10, 
0x4a411e43, 0x19332a1a, 0x2823241e, 0x461f3e30, 0x15364d38, 0x193d215b, 0x20361433, 0x4938140f, 
0x201f0e30, 0x18168d0f, 0x47751933, 0x080192fd, 0x333f4826, 0x2e103f11, 0xe924423a, 0x791e331f, 
0x152a3d28, 0x2c1f2820, 0x33210617, 0x221c1f1b, 0x33533443, 0x3b451b3d, 0x1f334222, 0x2b151928, 
0x3c274c32, 0x0200004e, 0x2efff6ff, 0xb0025303, 0x6b004000, 0x2e450000, 0x36272702, 0x26343536, 
0x020e3727, 0x35262223, 0x32333634, 0x06141516, 0x26262223, 0x16143735, 0x36363233, 0x16163737, 
0x06061415, 0x021e2707, 0x26260717, 0x17331135, 0x11231533, 0x26262201, 0x020e1727, 0x26262223, 
0x16163727, 0x023e3233, 0x021e3337, 0x35363233, 0x17272634, 0x16213521, 0x06141516, 0x5e259d02, 
0x5e26386a, 0x3917145d, 0x284c3e12, 0x23214239, 0x142a1c1e, 0x390c150c, 0x3119131c, 0x1d3e0f2c, 
0x2c583b21, 0x54704913, 0x02050b1c, 0x696a1735, 0x5835d4fe, 0x0a370e3d, 0x1d283926, 0x3f102c34, 
0x0f13240e, 0x0412181c, 0x3c2c0f3b, 0x25262026, 0xf8fd451c, 0x24260702, 0x4335d24b, 0x12630926, 
0x2f1c2e3a, 0x41320417, 0x182b341e, 0x2213232e, 0x06100b19, 0x1317161c, 0x1e0d2d32, 0x4a352d4b, 
0x0f16082c, 0x0629412f, 0x02233b1e, 0xfd4742cb, 0x36fe0107, 0x3c1e4c68, 0x2f162951, 0x1d221e23, 
0x36462610, 0x2a2c5943, 0x19422922, 0x5532471c, 0x0049442e, 0xf6ff0300, 0x6a030000, 0x0e006e02, 
0x64004500, 0x35610000, 0x3d262637, 0x21352103, 0x27112115, 0x2323022e, 0x34353636, 0x2323022e, 
0x3435023e, 0x16372726, 0x06141516, 0x35262223, 0x32333634, 0x1415021e, 0x22230606, 0x36343526, 
0x16163233, 0x26171517, 0x36343526, 0x020e1737, 0x26262223, 0x021e2727, 0x37363233, 0x15060617, 
0x01171614, 0x030205f6, 0x740300fe, 0x0947d9fe, 0x242d5038, 0x1b0a0502, 0x03152933, 0x352d0306, 
0x2f3e472e, 0x302d2231, 0x364c2f36, 0x2029141e, 0x37302d24, 0x0f3c593b, 0x110a0ac5, 0x5c291909, 
0x4e302c5d, 0x2f222345, 0x532c4e50, 0x103d3f88, 0x5c0a0b0f, 0x1b350c1a, 0x478207cc, 0x3ed9fd47, 
0x082d411d, 0x2b101f1e, 0x0c041c29, 0x441d0c12, 0x5b1f3412, 0x2a413436, 0x1f2e1e20, 0x262d4c39, 
0x2228253e, 0x3b292e1e, 0x342d521c, 0x5c472e69, 0x100a0b17, 0x0f13090a, 0x05100e3e, 0x2b3d101a, 
0x6125395f, 0x03000031, 0x2cfff6ff, 0x6e02be02, 0x4d002c00, 0x00005900, 0x022e2265, 0x021e3727, 
0x35363233, 0x37272634, 0x2223020e, 0x21353526, 0x21152135, 0x33161415, 0x37373632, 0x14151616, 
0x26130606, 0x06222326, 0x2e222306, 0x36343502, 0x06061737, 0x33161415, 0x33363632, 0x11171632, 
0x22251137, 0x36343526, 0x15163233, 0x97010614, 0x4d5f7040, 0x55214b1d, 0x5348476f, 0x1b311518, 
0x3d213f3b, 0x02e9fe34, 0x129cfec8, 0x2b381915, 0x3722213c, 0x310c1e67, 0x43401c29, 0x2f3d2121, 
0x4c05061b, 0x332d0504, 0x1c403d17, 0x48133b20, 0x2217a4fe, 0x22171722, 0x612a2e22, 0x851477a1, 
0x3c4f46a0, 0x04183923, 0x4e1a362b, 0x47478e49, 0x281b1da3, 0x5e2b0937, 0x385f3a2c, 0x1c1ffefe, 
0x26110909, 0x28112d3e, 0x1d120c10, 0x092e2c0e, 0x011a1909, 0xa1fe0d02, 0x19192096, 0x19192020, 
0x04000020, 0x4cfff6ff, 0x6e023702, 0x35002900, 0x51004100, 0x22650000, 0x23113526, 0x21152135, 
0x33161411, 0x35023e32, 0x37232634, 0x14151632, 0x26222306, 0x33363435, 0x14151632, 0x2205020e, 
0x36343526, 0x15163233, 0x2e050614, 0x3e272702, 0x11373702, 0x35022e27, 0x020e1735, 0x021e2707, 
0x44040117, 0x41028743, 0x251c93fe, 0x1b2d381d, 0x2407251b, 0x1e1d2424, 0x2f223125, 0x58432641, 
0x2319fefe, 0x23191923, 0x211e0123, 0x262f4a42, 0x21595d28, 0x03024750, 0x4a221301, 0x2a0c1943, 
0x4f244649, 0x32015353, 0xc6fe4747, 0x321d2d29, 0x2120213d, 0x1f1b263c, 0x231d251f, 0x2e3e4124, 
0x1c2b4a5a, 0x221a1a22, 0x221a1a22, 0x1c3027e7, 0x2e195208, 0xfe320924, 0x25142d8d, 0x1f861225, 
0x1023200b, 0x361c0a15, 0x03000032, 0x38fff6ff, 0x6e023202, 0x47002900, 0x00005300, 0x35262277, 
0x21352311, 0x14112115, 0x3e323316, 0x26343502, 0x16323723, 0x23061415, 0x34352622, 0x16323336, 
0x020e1415, 0x23262613, 0x22230622, 0x34352626, 0x06173736, 0x16141506, 0x33363233, 0x11171632, 
0x22251137, 0x36343526, 0x15163233, 0x43ff0614, 0x3c028244, 0x251c93fe, 0x1b2d381d, 0x2407251b, 
0x1e1d2424, 0x2f223125, 0x58422641, 0x202a0d45, 0x1f29421d, 0x02042a3d, 0x2403024d, 0x2140221f, 
0x48122e14, 0x2217f9fe, 0x22171722, 0x53534f22, 0x47473201, 0x2d29c6fe, 0x213d321d, 0x263c2120, 
0x251f1f1b, 0x4124231d, 0x4a5a2e3e, 0x20e9fe2b, 0x3e1a0d18, 0x0a1c1136, 0x0e130b0a, 0x120d2225, 
0x0930011b, 0x209874fe, 0x20201919, 0x00201919, 0xf6ff0500, 0x7c02fcfe, 0x13006e02, 0x33002800, 
0x4f004300, 0x26650000, 0x36272726, 0x26073736, 0x17372726, 0x15213523, 0x26271123, 0x21113526, 
0x17031e37, 0x07060617, 0x17021e27, 0x27022e03, 0x37363627, 0x2e271117, 0x17353502, 0x2707020e, 
0x2517021e, 0x34352622, 0x16323336, 0x01061415, 0x86a829c6, 0x37712e24, 0x476a3306, 0x02600619, 
0x02496986, 0x02affe02, 0x383c3d1e, 0x6f330519, 0x7f51062c, 0x21101b5b, 0x26315046, 0x3252993e, 
0x01030247, 0x4d522019, 0x4f2b0e19, 0xebfe234a, 0x19232319, 0x19232319, 0x5b166c44, 0x1516391e, 
0x41163120, 0xfd474713, 0x2e1648f2, 0x09690119, 0x26221b0a, 0x33133b14, 0x390c0b1a, 0x96fe294b, 
0x08243727, 0x16512954, 0x2d9bfe09, 0x12252514, 0x240527a8, 0x0a12122b, 0xf62e3d25, 0x221a1a22, 
0x221a1a22, 0xf6ff0400, 0x7c02a5ff, 0x14006e02, 0x48002900, 0x00005400, 0x27022e65, 0x37363627, 
0x27262607, 0x35231737, 0x11231521, 0x35262627, 0x1e372111, 0x06171703, 0x1e270706, 0x26071702, 
0x06222326, 0x26262223, 0x37363435, 0x15060617, 0x32331614, 0x32333636, 0x37351716, 0x26222515, 
0x33363435, 0x14151632, 0x1bc60106, 0x245e8559, 0x0637712e, 0x19476a33, 0x86026006, 0x02024969, 
0x1e02affe, 0x19383c3d, 0x2c6f3305, 0x577e5606, 0x2d0c0e1b, 0x335b2d21, 0x032e4726, 0x03024d03, 
0x34232927, 0x33251f32, 0xb9fe4d10, 0x17222217, 0x19222217, 0x0a3c532d, 0x16391e5b, 0x16312015, 
0x47471341, 0x1648f2fd, 0x6901192e, 0x221b0a09, 0x133b1426, 0x090b1a33, 0xc1294d3a, 0x190e171c, 
0x1b0e333c, 0x120a0b11, 0x0724240b, 0x62151806, 0x208eb304, 0x20201919, 0x00201919, 0x23000100, 
0xc4022000, 0x57007802, 0x22650000, 0x37272626, 0x3233021e, 0x26343536, 0x36323723, 0x26343536, 
0x23073727, 0x2223022e, 0x27070606, 0x32333636, 0x06141516, 0x36362707, 0x23263435, 0x27070622, 
0x3233023e, 0x37071716, 0x15161637, 0x23020e14, 0x34352622, 0x1e323336, 0x06141502, 0x5dd60106, 
0x493284a0, 0x5480672e, 0x39395139, 0x253c2402, 0x562f1312, 0x2e270f3d, 0x212d1c1b, 0x2b15220a, 
0x4c483f1c, 0x3a2e2048, 0x29131c18, 0x33113d10, 0x52372944, 0x3d451522, 0x321e2922, 0x26252140, 
0x3a262923, 0x62371428, 0xb0d15a20, 0x59bb9215, 0x382d3533, 0x2b402306, 0x15133226, 0x17302789, 
0x1a232e18, 0x2f3b0d0b, 0x43144730, 0x101b240e, 0x36080b15, 0x3f27462f, 0x0e700142, 0x2d325921, 
0x281f394d, 0x1f28151c, 0x30203f34, 0x02002b4a, 0xa1feecff, 0x6e02bf02, 0x97005500, 0x22410000, 
0x37272626, 0x3233021e, 0x26343536, 0x36323723, 0x26343536, 0x23073727, 0x2223022e, 0x27070606, 
0x32333636, 0x14151616, 0x36270706, 0x26343536, 0x07062223, 0x33363627, 0x07171632, 0x16163737, 
0x06061415, 0x35262223, 0x32333634, 0x14151616, 0x35130606, 0x26260717, 0x15062223, 0x07171614, 
0x22232626, 0x16141506, 0x26220733, 0x33363435, 0x14151632, 0x26222306, 0x36343526, 0x16323336, 
0x36342717, 0x16323336, 0x26262317, 0x35213535, 0x11231521, 0xa05d9f01, 0x2e4b3284, 0x37548167, 
0x02393950, 0x12253c24, 0x3d562f13, 0x182d270e, 0x0a212b19, 0x182a1522, 0x4c1e3a2a, 0x3a2e2048, 
0x27101817, 0x59193d10, 0x1a5a3537, 0x223d4515, 0x2d513329, 0x29232625, 0x37244533, 0x2d371f62, 
0x161f2b0f, 0x4101011e, 0x25293408, 0x0a312d26, 0x18242019, 0x252c211a, 0x2626432a, 0x5f3a2841, 
0x2f1d360e, 0x19382219, 0xfd020113, 0x73c902f9, 0xcc5aa1fe, 0xb68d16ab, 0x2d353158, 0x3c220638, 
0x13322626, 0x30288915, 0x232e1816, 0x1b0d0b1a, 0x4730202f, 0x240e4314, 0x0b15101b, 0x55473608, 
0x7001423f, 0x3259210e, 0x28365b37, 0x3528151c, 0x4a302b52, 0xd8f7012b, 0x34250a2f, 0x0d052222, 
0x3d290505, 0x3a25202b, 0x1d161f38, 0x211a2121, 0x2d4d2f24, 0x4d21402d, 0x3e32074c, 0x1526281c, 
0x4748162a, 0x0071fe47, 0x23000100, 0xc4022000, 0x76007802, 0x22650000, 0x37272626, 0x3233021e, 
0x26343536, 0x36323723, 0x26343536, 0x23073727, 0x22232626, 0x16141506, 0x23151716, 0x15021e37, 
0x23060614, 0x35022e22, 0x020e1433, 0x26262223, 0x36363435, 0x35230737, 0x34353636, 0x06222326, 
0x36362707, 0x16163233, 0x36342317, 0x16323336, 0x37231716, 0x15161637, 0x23060614, 0x34352622, 
0x16323336, 0x06141516, 0x5dd60106, 0x4b2d84a5, 0x54896825, 0x39395037, 0x253c2402, 0x522f1312, 
0x2225053d, 0x1d161f19, 0x200e510c, 0x1a0e182e, 0x181f1113, 0x180d180d, 0x1b12111f, 0x212f180e, 
0x251d4707, 0x220e282d, 0x28110e0e, 0x303f1c16, 0x33202b03, 0x23331e1b, 0x3d411d04, 0x51332922, 
0x2326252d, 0x24453329, 0x5a206237, 0x9216b0d1, 0x393259ba, 0x2206382d, 0x3226293e, 0x31821513, 
0x181a2338, 0x0a05111e, 0x2b20036d, 0x111d1015, 0x1a291c0f, 0x0f1c291a, 0x15111c11, 0x6d03202b, 
0x1a1d080a, 0x04052723, 0x1a060544, 0x3f34373e, 0x29361c1c, 0x59210e69, 0x365d3a32, 0x28151c28, 
0x322b5235, 0x02002b4d, 0xb5fff6ff, 0x6e023902, 0x46004200, 0x2e450000, 0x16372703, 0x36323316, 
0x26343536, 0x23073727, 0x22232626, 0x16141506, 0x26220733, 0x33363435, 0x14151632, 0x26222306, 
0x36363435, 0x17163233, 0x16373707, 0x06141516, 0x1e372306, 0x35011702, 0x0b021521, 0x7065693f, 
0x49230f47, 0x1e4d4726, 0x592f0f11, 0x29300f3d, 0x1f161f1c, 0x1f1b1b05, 0x261c1b1a, 0x1e413021, 
0x4a3c2838, 0x3d4a1d14, 0x6633291c, 0x642d0a4b, 0xc1fd2f66, 0x2f4b4302, 0x10263244, 0x23090a45, 
0x3423233c, 0x31891517, 0x1318203d, 0x11284122, 0x17212016, 0x384a231a, 0x4a223820, 0x0e700434, 
0x3a315e21, 0x0d0f3057, 0x02263f30, 0x0047473b, 0xf6ff0300, 0xe1028eff, 0x3a006e02, 0x6b004d00, 
0x22450000, 0x34352626, 0x3e373636, 0x21353502, 0x21152135, 0x06061415, 0x15020e07, 0x32331614, 
0x34353636, 0x32372326, 0x06141516, 0x35262223, 0x32333634, 0x14151616, 0x2e27020e, 0x3e272702, 
0x06173702, 0x1e350706, 0x22371702, 0x36343526, 0x15163233, 0x35070614, 0x34353632, 0x35232626, 
0x15021e32, 0x01060614, 0x2a493089, 0x1d1b1f0d, 0x80fe0d1f, 0xe2feeb02, 0x121e2713, 0x2e240d19, 
0x14304623, 0x2924131a, 0x27221f1f, 0x281e1f29, 0x50432815, 0x66491461, 0x64372541, 0x550a466f, 
0x602b3e7f, 0x1de01854, 0x1c1c2130, 0x1d24221c, 0x4c5a2918, 0x2c4e673a, 0x1f722d19, 0x2e18293b, 
0x502d2a3a, 0x476e2f52, 0x653c7447, 0x2a1c2e5a, 0x23191022, 0x0d21311b, 0x231e3915, 0x1c261f1f, 
0x2e1b2720, 0x2f432a1c, 0x4725e219, 0x225b0734, 0x45152d35, 0x0b273c19, 0x344b2f09, 0x19242138, 
0x171b1e21, 0x20360421, 0x2a3c1b12, 0x4e381e47, 0x192e1f30, 0xf6ff0200, 0x3c029fff, 0x29006e02, 
0x00003f00, 0x35262265, 0x21352311, 0x14112115, 0x3e323316, 0x26343502, 0x16323723, 0x23061415, 
0x34352622, 0x16323336, 0x020e1415, 0x26262207, 0x021e3727, 0x35363233, 0x37272634, 0x14151616, 
0x43090106, 0x46028c44, 0x251c93fe, 0x1b2d381d, 0x2407251b, 0x1e1d2424, 0x2f223125, 0x58422641, 
0x5f6a3119, 0x471e4524, 0x4034244b, 0x133e110e, 0x534f601b, 0x47320153, 0x29c6fe47, 0x3d321d2d, 
0x3c212021, 0x1f1f1b26, 0x24231d25, 0x5a2e3e41, 0x28b02b4a, 0x4321515e, 0x2c2e204e, 0x25162b16, 
0x43264119, 0x0200005a, 0x67fff6ff, 0x6e024703, 0x75002200, 0x2e650000, 0x36272702, 0x2e073736, 
0x17372702, 0x15213523, 0x021e3721, 0x06061717, 0x021e2707, 0x26221717, 0x36343526, 0x023e3736, 
0x32333535, 0x1415021e, 0x26222306, 0x33363435, 0x14151632, 0x32352306, 0x26343536, 0x15372326, 
0x0e070614, 0x16141502, 0x36363233, 0x23263435, 0x15163237, 0x22230614, 0x36343526, 0x16163233, 
0x020e1415, 0x571c8c01, 0x31244672, 0x23063872, 0x19314c44, 0x51035706, 0x280126fd, 0x05214d52, 
0x062c7433, 0x1a577245, 0x2a49304e, 0x1715190b, 0x39170a19, 0x3434576c, 0x242f2238, 0x22231a1c, 
0x371b1d24, 0x25364665, 0x0916141b, 0x45222d27, 0x131a1430, 0x1f1f2924, 0x1f292722, 0x2915281e, 
0x30245043, 0x5b0b344c, 0x1517381e, 0x101e2217, 0x47471341, 0x31280d09, 0x35113b1b, 0x380a0b1a, 
0x1ff33152, 0x2f162b3d, 0x5c302c3f, 0x1d174d70, 0x30355238, 0x1b1f2546, 0x151d1e24, 0x0f203b24, 
0x22274126, 0x3bac6112, 0x0e20352b, 0x311b231b, 0x39150d21, 0x1f1f231e, 0x27201c26, 0x2a1c2e1b, 
0x00192f43, 0xf6ff0600, 0x1d02e8ff, 0x2e006e02, 0x50004000, 0x60005800, 0x00006400, 0x26262257, 
0x023e3435, 0x020e1737, 0x33161415, 0x35023e32, 0x23262634, 0x15163237, 0x22230614, 0x36343526, 
0x15163233, 0x03020e14, 0x35262622, 0x33023e34, 0x15161632, 0x27020e14, 0x35363632, 0x23262634, 
0x15060622, 0x17161614, 0x37272626, 0x25171616, 0x07072135, 0x21230606, 0xf4153335, 0x13284932, 
0x2a465a32, 0x2523554a, 0x303b1e2b, 0x1111061d, 0x1f29240d, 0x2c28211f, 0x2a2f291f, 0x35485445, 
0x462a2246, 0x45362853, 0x52462a22, 0x31472225, 0x211d2512, 0x26123148, 0x325a2078, 0x2255352f, 
0x280190fe, 0x45226504, 0x82700123, 0x293c2118, 0x453d3617, 0x482f3327, 0x22191837, 0x13221b10, 
0x230e150b, 0x1f1f231e, 0x281f1c26, 0x3d272935, 0x1e01162b, 0x2e25452d, 0x2d1e384d, 0x4d2e2545, 
0x25471e38, 0x23162740, 0x29402515, 0x0a142315, 0x272b673b, 0xbf3d642e, 0x010e3547, 0x00474703, 
0xf6ff0200, 0x27020000, 0x19006e02, 0x00002f00, 0x27262261, 0x35363637, 0x23272634, 0x23152135, 
0x1e272622, 0x06141502, 0x36322706, 0x26343536, 0x1e172726, 0x06141502, 0x1e370706, 0x580d0102, 
0x5c161879, 0xde0b0a53, 0x139a3102, 0x462d0f1c, 0x4b623127, 0x1c1d3e32, 0x07103540, 0x5e29070a, 
0x30080f52, 0x4f4a5e46, 0x1759650b, 0x47471a36, 0x66310101, 0x69473c6e, 0x4b2c4a38, 0x655d2d2e, 
0x2712043a, 0x5d371a2b, 0x2f311244, 0x03002242, 0x0000f6ff, 0x6e027902, 0x51003b00, 0x00005b00, 
0x26262261, 0x36363727, 0x020e1737, 0x26262223, 0x023e3727, 0x27263435, 0x15161637, 0x07060614, 
0x33021e37, 0x34353632, 0x21172726, 0x23152135, 0x16272622, 0x06141516, 0x36322706, 0x26343536, 
0x1e172726, 0x06141502, 0x1e370706, 0x022e2702, 0x021e3727, 0x3e5a0117, 0x14144661, 0x14225c41, 
0x1627200b, 0x0f34492c, 0x10221c15, 0x1a461c1d, 0x26331a1b, 0x331d060f, 0x14353624, 0x9efe3f21, 
0x13908302, 0x49470f1c, 0x34496535, 0x37171e40, 0x0a071030, 0x5c713407, 0x4c360b0f, 0x44411705, 
0x45212e1d, 0x4c2a163d, 0x13054532, 0x0d050619, 0x21372108, 0x160d0340, 0x1024140e, 0x1e401f1e, 
0x051d2918, 0x1f321a31, 0x592d3a39, 0x4747352c, 0x9b4c0101, 0x3869475a, 0x2e4b2c4a, 0x38665e2d, 
0x2c271204, 0x41633a1c, 0x422e3109, 0x5d28e323, 0x22262058, 0x00265c5a, 0xf6ffffff, 0x35032300, 
0x26046e02, 0x0000ed00, 0x3e010700, 0x0000aa01, 0xf6ff0400, 0x6a033800, 0x0e006e02, 0x56004400, 
0x00007700, 0x26373565, 0x21033d26, 0x21152135, 0x022e2711, 0x36362323, 0x26263435, 0x023e2323, 
0x26263435, 0x16163727, 0x23061415, 0x34352622, 0x1e323336, 0x06141502, 0x35262223, 0x32333634, 
0x15171616, 0x26262213, 0x37363435, 0x15060617, 0x33161614, 0x22171533, 0x36343526, 0x15163233, 
0x35230614, 0x34353632, 0x2323022e, 0x1e323335, 0x06141502, 0x05fb0106, 0xfbfd0302, 0xdefe7403, 
0x543d0947, 0x0b062b2e, 0x1d31391a, 0x10060905, 0x472e282a, 0x1f2e2e3e, 0x2d332f2c, 0x2d1d374a, 
0x2e2c212c, 0x455e3731, 0x5c38070f, 0x4c020335, 0x391f0301, 0x23b70626, 0x1b1d2530, 0x1d242224, 
0x403c261b, 0x320d0e1b, 0x172e4d5f, 0x1a4d3831, 0xb21b350c, 0x47477307, 0x1d2f11fe, 0x1d082639, 
0x22371f18, 0x0c120c04, 0x09272b0e, 0x32551f34, 0x1d293f2e, 0x361d2d1b, 0x45372f4c, 0x2d1b1f27, 
0x481e3520, 0x441b0d01, 0x0c1a0d3b, 0x0b140906, 0x460c2726, 0x1d2225e9, 0x171f1f25, 0x16233b25, 
0x06142621, 0x45270f46, 0x25381d35, 0x32000100, 0x90021e00, 0x4300b002, 0x2e650000, 0x3e272702, 
0x26343502, 0x020e3727, 0x35262223, 0x32333634, 0x06141516, 0x26222306, 0x14373526, 0x36323316, 
0x1e373736, 0x06141502, 0x1e270706, 0x26071702, 0x33113526, 0x23153317, 0x22da0111, 0x26497d65, 
0x142c6250, 0x31083917, 0x4b3a2241, 0x1c202427, 0x0c0e1e16, 0x1c3d0f16, 0x25271015, 0x190e3e0c, 
0x3e663e0f, 0x57825b13, 0x0205081a, 0x696a1735, 0x3b5a391e, 0x220b630a, 0x2f1c2231, 0x3c2f0417, 
0x2236381c, 0x19192630, 0x120c0f20, 0x0f1a1009, 0x0d292c10, 0x1e373115, 0x082e4b33, 0x55401016, 
0x3b1e0732, 0x42da0123, 0x00f7fd47, 0x1e000100, 0xe501b300, 0x24007802, 0x27770000, 0x3435023e, 
0x06222326, 0x36362707, 0x17163233, 0x23262615, 0x07060622, 0x33363627, 0x15161632, 0x2db60614, 
0x20283d22, 0x1b2e1925, 0x4a73284b, 0x2d2a7543, 0x3a273e70, 0x1711102a, 0x40311f3b, 0x4cb35520, 
0x19271f0d, 0x0b0c1a14, 0x4d5b5942, 0x5e636e50, 0x12203823, 0x351f0e0b, 0x00514020, 0x5a000100, 
0xc102b300, 0x3200b002, 0x35650000, 0x26261533, 0x06062223, 0x36362707, 0x16163233, 0x07061415, 
0x35023e27, 0x22232634, 0x36270706, 0x16323336, 0x26262717, 0x17333535, 0x11231533, 0x2d150b02, 
0x3b273e6f, 0x17111029, 0x4233223c, 0x2d555520, 0x21283d22, 0x1b2f1c28, 0x4a73284b, 0x122a7643, 
0x17350302, 0xf8b4696a, 0x235e633f, 0x0b122038, 0x20351f0e, 0x4c265140, 0x19271f0d, 0x0b0c1a14, 
0x4d5b5942, 0x3a0e0850, 0x4742671e, 0x01008dfe, 0x1900f6ff, 0x6e027702, 0x00003200, 0x27022e65, 
0x37363627, 0x23060617, 0x35262622, 0x17373634, 0x14150606, 0x36323316, 0x020e1737, 0x021e2707, 
0x26260717, 0x35211135, 0x11231521, 0x641bc101, 0x21234d84, 0x0d372146, 0x48320914, 0x413c3b27, 
0x1b2f2d3a, 0x2d263516, 0x1d4a5228, 0x5b7f510f, 0x03010c1b, 0x810235fe, 0x532d1969, 0x16570539, 
0x040c102c, 0x25392003, 0x22143f29, 0x201d2f0e, 0x4219101d, 0x17303016, 0x4b390c17, 0x31130529, 
0x47690119, 0x00f2fd47, 0x1e000100, 0x93022d00, 0x48007802, 0x22650000, 0x3727022e, 0x3233021e, 
0x34353636, 0x0e172726, 0x26222302, 0x34353526, 0x32333636, 0x06141516, 0x26222306, 0x1e372726, 
0x36323302, 0x23263435, 0x031d0622, 0x32331614, 0x16373736, 0x06141516, 0x44a60106, 0x1f506174, 
0x7458244b, 0x2849304e, 0x232e190b, 0x2a1b3e44, 0x4f311a36, 0x2b4a3b2b, 0x75452846, 0x213a215d, 
0x293b5a49, 0x2e1c1c24, 0x23181232, 0x14463040, 0x2d6a3817, 0x769c5c27, 0x41988414, 0x13273e23, 
0x2a0e2b2b, 0x40201632, 0x5240452f, 0x26313a28, 0x50311b34, 0x45292c2e, 0x11132028, 0x0b383b15, 
0x1e1a4b02, 0x24032e2a, 0x61392346, 0x0200003a, 0x6e00f6ff, 0x83022802, 0x44004000, 0x22650000, 
0x37272626, 0x3233021e, 0x26343536, 0x06061727, 0x26262223, 0x36363435, 0x15163233, 0x23060614, 
0x37272622, 0x32331616, 0x26343536, 0x06062223, 0x33161415, 0x37373632, 0x14151616, 0x35010606, 
0x4b010721, 0x1d5b7a4a, 0x5b42174b, 0x0e43333a, 0x3c17290d, 0x1e3a2926, 0x3c38633c, 0x2a3c1f43, 
0x091d4b2b, 0x1e1f4323, 0x27161921, 0x171e2741, 0x46142212, 0x55301512, 0x750172fe, 0x9c4a6e28, 
0x835f127a, 0x18343144, 0x211a1427, 0x26422922, 0x40396341, 0x182e222f, 0x1a441922, 0x12161420, 
0x2b492d14, 0x15122022, 0x25391c03, 0x01274831, 0x004747b9, 0xf6ff0400, 0xe302fcff, 0x44006e02, 
0x54004c00, 0x00006b00, 0x36343545, 0x0e173736, 0x020e0702, 0x27262223, 0x33161637, 0x36373632, 
0x26343536, 0x06222326, 0x36342715, 0x16163336, 0x23061415, 0x34352622, 0x16323336, 0x06141516, 
0x36360707, 0x020e1737, 0x26011515, 0x16372726, 0x35271716, 0x35231521, 0x22171523, 0x33272626, 
0x3233021e, 0x26343536, 0x16163327, 0x06061415, 0x15060602, 0x3c261217, 0x3e2a162f, 0x4f271831, 
0x27133c1d, 0x16291417, 0x2f1a140e, 0x40232a1e, 0x022d3c1e, 0x25232905, 0x343b4a25, 0x01013254, 
0x4e632d40, 0x0718194b, 0x31055cfe, 0x31363f2f, 0xed02fe04, 0x2a8ce889, 0x520c3549, 0x0f282208, 
0x04081f20, 0x2607054b, 0x1c8b043e, 0x0e264640, 0x182e331d, 0x2c102f2e, 0x1a1f2134, 0x35141e17, 
0x1d392a1c, 0x0f041915, 0x1d0a1822, 0x2d292315, 0x30382b1e, 0x0f06425d, 0x582c1d05, 0x4633422f, 
0x018c1a35, 0x0a3120d6, 0x2b381621, 0x04474752, 0x47278904, 0x0e28272e, 0x18111621, 0x111a0405, 
0x001a3427, 0xf6ff0100, 0x24024e00, 0x29006e02, 0x22770000, 0x23113526, 0x21152135, 0x16160715, 
0x16141515, 0x36363233, 0x27263435, 0x3727022e, 0x1617021e, 0x0e141516, 0x4544e802, 0xfe2e0269, 
0x02020488, 0x4325251c, 0x22251c2b, 0x0a0f303d, 0x2939270f, 0x41253a52, 0x53534e53, 0x47473301, 
0x2e0d014d, 0x2d299d15, 0x202a4a2e, 0x1304041b, 0x204c2328, 0x0a051628, 0x552f3d42, 0x01002641, 
0x4e00f6ff, 0x6e022402, 0x00002900, 0x35262277, 0x21352311, 0x07152115, 0x15151616, 0x32331614, 
0x34353636, 0x022e2726, 0x021e3727, 0x15161617, 0xe8020e14, 0x02694544, 0x0488fe2e, 0x251c0202, 
0x1c2b4325, 0x303d2225, 0x270f0a0f, 0x3a522939, 0x4e534125, 0x33015353, 0x014d4747, 0x9d152e0d, 
0x4a2e2d29, 0x041b202a, 0x23281304, 0x1628204c, 0x3d420a05, 0x2641552f, 0xf6ff0100, 0x33024e00, 
0x2a006e02, 0x22770000, 0x11352626, 0x15213523, 0x16071521, 0x14151516, 0x36323316, 0x26343536, 
0x27022e27, 0x17021e37, 0x14151616, 0x2df7020e, 0x02781f3d, 0x0488fe3d, 0x251c0202, 0x1c2b4325, 
0x303d2225, 0x270f0a0f, 0x3a522939, 0x4e534125, 0x01374a25, 0x4d474733, 0x152e0d01, 0x2e2d299d, 
0x1b202a4a, 0x28130404, 0x28204c23, 0x420a0516, 0x41552f3d, 0x02000026, 0xf7fff6ff, 0x6e025202, 
0x4b004700, 0x2e450000, 0x16372702, 0x36323316, 0x26343536, 0x07062223, 0x15161637, 0x23060614, 
0x35352622, 0x16071533, 0x14151516, 0x36323316, 0x26343536, 0x27262627, 0x33161637, 0x32333632, 
0x1415021e, 0x27230606, 0x0117021e, 0x02152135, 0x8f8c462f, 0x391d0b49, 0x234e411e, 0x120e3639, 
0x1b151408, 0x3c2b482b, 0x01024d38, 0x16191301, 0x12121221, 0x08092e22, 0x1025340a, 0x4a391024, 
0x7342112a, 0x7430064a, 0xaefd3175, 0x21095c02, 0x470e2531, 0x3f250706, 0x01352e26, 0x22092f02, 
0x2f47241d, 0x51be4143, 0x111b0c02, 0x18201f33, 0x0f0f1125, 0x22190502, 0x031e2240, 0x17393523, 
0x222c5944, 0x14251e07, 0x4747f101, 0xf6ff0200, 0x3b032a00, 0x36006e02, 0x00004e00, 0x26262265, 
0x16163727, 0x36363233, 0x27263435, 0x23020e33, 0x34352622, 0x06373636, 0x35232306, 0x22211521, 
0x06062726, 0x33161415, 0x37373632, 0x14151616, 0x35170606, 0x37363634, 0x26262217, 0x021e3727, 
0x37363233, 0x15060617, 0x4f6f0115, 0x4c206182, 0x27687825, 0x0d0e233c, 0x3f38163c, 0x1c463a23, 
0x33141e30, 0x4503f919, 0x2b18e1fe, 0x1a3c5516, 0x1f391c1e, 0x2e12143c, 0x110bd85c, 0x6b430c0a, 
0x154b1f53, 0x0e2c4736, 0x18270f1a, 0xb4553a14, 0xb1ae148e, 0x1f28361c, 0x271e1125, 0x223d4214, 
0x0117373e, 0x02474701, 0x23563401, 0x1d17201a, 0x2d421f09, 0x10335431, 0x36452bb9, 0x46201014, 
0x2e221039, 0x46010217, 0xaf37552d, 0xf6ffffff, 0x27032300, 0x2604b002, 0x0000ed00, 0x04010700, 
0x00005402, 0x2e000200, 0x49036300, 0x44007802, 0x00007900, 0x23262665, 0x23060622, 0x35022e22, 
0x17373634, 0x14150606, 0x32331616, 0x16323336, 0x11071716, 0x22232634, 0x14150606, 0x26073316, 
0x36343526, 0x16323336, 0x23061415, 0x34352622, 0x3233023e, 0x37111516, 0x27262622, 0x33021e37, 
0x34353632, 0x32372326, 0x26343536, 0x06062223, 0x023e2707, 0x15163233, 0x23020e14, 0x34352622, 
0x32333636, 0x14151616, 0x09ef0106, 0x3a20232d, 0x3e19223a, 0x06052437, 0x2005044c, 0x522a142f, 
0x252f1b29, 0x261c100c, 0x141c3726, 0x21241222, 0x20131b0e, 0x25232a1f, 0x48341c37, 0x8550432c, 
0x0e273928, 0x34260c0c, 0x37261b1f, 0x372a0232, 0x33181a23, 0x151e0e2a, 0x3e1c3c37, 0x2d291b48, 
0x0e221f13, 0x3b2a1a1f, 0x2663441f, 0x0d090827, 0x17384524, 0x100c1630, 0x2c2d1826, 0x2611110e, 
0x4c010c21, 0x3a2d2926, 0x3c1d0f14, 0x12192104, 0x1b240e1b, 0x36342420, 0x253c4722, 0x89fe534b, 
0x1b2d1b4f, 0x23423077, 0x31271e1d, 0x17243a06, 0x2f38191a, 0x13312e53, 0x3c253442, 0x191a162a, 
0x2d17210e, 0x4c342344, 0xf6ffffff, 0x19024f00, 0x26049003, 0x0000d800, 0x49010600, 0x020000f2, 
0x3300f6ff, 0x6e022702, 0x2f001a00, 0x22650000, 0x37272626, 0x34353636, 0x35232726, 0x22231521, 
0x021e2726, 0x06061415, 0x36363227, 0x26263435, 0x16161727, 0x06061415, 0x021e3707, 0x5d3b0d01, 
0x5c161041, 0xde0b0a53, 0x139a3102, 0x462d0f1c, 0x4c623027, 0x1c1e3e31, 0x0a103540, 0x525e290e, 
0x4632080f, 0x2f4a2a33, 0x4e4e094f, 0x471a340f, 0x2b010147, 0x3f36625d, 0x274a3661, 0x51272a42, 
0x1c04355b, 0x4d2f2038, 0x2d311238, 0x0100223f, 0x2e00f6ff, 0x6e027c02, 0x00002c00, 0x022e2265, 
0x021e3727, 0x35363233, 0x37272634, 0x2223020e, 0x21353526, 0x23152135, 0x33161415, 0x37373632, 
0x14151616, 0x97010606, 0x4d5f7040, 0x55214b1d, 0x5348476f, 0x1b311518, 0x3d213f3b, 0x02e9fe34, 
0x1512e74b, 0x3c2b3819, 0x67372221, 0xa1612a2e, 0xa0851477, 0x233c4f46, 0x2b041839, 0x494e1a36, 
0xa347478e, 0x37281b1d, 0x2c5e2b09, 0x00385f3a, 0xf6ff0100, 0x7d026e00, 0x2b006e02, 0x22650000, 
0x37272626, 0x3233021e, 0x26343536, 0x020e1727, 0x35262223, 0x21352135, 0x14152115, 0x36323316, 
0x16163737, 0x06061415, 0x7d4c6f01, 0x1a4b205e, 0x483e5d45, 0x2f140a46, 0x20393217, 0xfdfe343d, 
0xc9fe8702, 0x32191512, 0x161e3c1f, 0x466e6031, 0x65147e9a, 0x2f493e83, 0x071e281a, 0x4e1a3122, 
0x47477249, 0x231b1d87, 0x462d092e, 0x34543029, 0xf6ff0100, 0x19024f00, 0x29006e02, 0x22770000, 
0x23113526, 0x21152135, 0x33161411, 0x35023e32, 0x37232634, 0x14151632, 0x26222306, 0x33363435, 
0x14151632, 0x43e6020e, 0x23026944, 0x251c93fe, 0x1b2d381d, 0x2407251b, 0x1e1d2424, 0x2f223125, 
0x58422641, 0x0153534f, 0xfe474732, 0x1d2d29c6, 0x20213d32, 0x1b263c21, 0x1d251f1f, 0x3e412423, 
0x2b4a5a2e, 0xf6ff0100, 0x32024f00, 0x29006e02, 0x22770000, 0x23113526, 0x21152135, 0x33161411, 
0x35023e32, 0x37232634, 0x14151632, 0x26222306, 0x33363435, 0x14151632, 0x43ff020e, 0x3c028244, 
0x251c93fe, 0x1b2d381d, 0x2407251b, 0x1e1d2424, 0x2f223125, 0x58422641, 0x0153534f, 0xfe474732, 
0x1d2d29c6, 0x20213d32, 0x1b263c21, 0x1d251f1f, 0x3e412423, 0x2b4a5a2e, 0x28000100, 0xba010d01, 
0x24007802, 0x22530000, 0x3435022e, 0x32333636, 0x26071716, 0x06222326, 0x16141506, 0x22173316, 
0x36343526, 0x15163233, 0x23e30614, 0x2c203543, 0x754a3550, 0x69290222, 0x1a312041, 0x0a26331a, 
0x2028221e, 0x01342423, 0x47331b0d, 0x2b4c332c, 0x6869524f, 0x1f2e1959, 0x471d321e, 0x2920192b, 
0x2a241f28, 0x7d000100, 0xaf02b400, 0x3200b002, 0x35650000, 0x26261533, 0x06062223, 0x16161415, 
0x26221733, 0x33363435, 0x14151632, 0x2e222306, 0x36343502, 0x16323336, 0x26262317, 0x17333535, 
0x11231533, 0x2914f901, 0x31204169, 0x26331a1a, 0x28221e0a, 0x34242320, 0x3543232f, 0x364f2c20, 
0x0d227448, 0x17350303, 0xf8b4696a, 0x1959683e, 0x321e1f2e, 0x192b471d, 0x1f282920, 0x331b2a24, 
0x4c332c47, 0x114d4c2b, 0x42701838, 0x008dfe47, 0x28000100, 0xb3012b01, 0x24007802, 0x22530000, 
0x34352626, 0x32333636, 0x2e071716, 0x06222302, 0x16141506, 0x22173316, 0x36343526, 0x15163233, 
0x28d40614, 0x4f2b354f, 0x227a4035, 0x4b461b02, 0x182f2024, 0x0f1d2d19, 0x1c26221e, 0x0132251c, 
0x374f2a2b, 0x4f2a472c, 0x544a6952, 0x1b291723, 0x4716291b, 0x281b1529, 0x26221e23, 0xf6ff0200, 
0xba026100, 0x2c006e02, 0x00003000, 0x26262265, 0x021e3727, 0x36363233, 0x23263435, 0x27150622, 
0x33363634, 0x15161632, 0x22230614, 0x36343526, 0x16163233, 0x06061415, 0x15213501, 0x90529401, 
0x1c49236f, 0x364a7251, 0x3a431f43, 0x123c2020, 0x211a1722, 0x2e273110, 0x42464b30, 0x64333360, 
0xc40216fe, 0x89a84b61, 0x458f6f13, 0x35253f25, 0x1116134c, 0x1618200d, 0x2e261424, 0x392c2334, 
0x3b3b5c35, 0xc601375f, 0x02004747, 0x2800f6ff, 0x6e02bc02, 0x4d004900, 0x22650000, 0x37272626, 
0x3233021e, 0x26343536, 0x36323723, 0x26343536, 0x020e2223, 0x33161415, 0x35262207, 0x32333634, 
0x06141516, 0x35262223, 0x33023e34, 0x14151632, 0x2223020e, 0x36343526, 0x16163233, 0x06061415, 
0x15213501, 0x9753b001, 0x25492a7b, 0x3747765f, 0x022b2d4b, 0x25152013, 0x27301928, 0x100c0b18, 
0x1821221b, 0x1a251d1c, 0x3d232525, 0x53472b4d, 0x172e2618, 0x29232422, 0x351e3e30, 0x0209fe5c, 
0xb45328c6, 0x9c751390, 0x1d2d304d, 0x2d1e0629, 0x0f251f18, 0x09111f19, 0x19192f0f, 0x19221d17, 
0x2132201c, 0x1b2e3b20, 0x3e273b4c, 0x1921172c, 0x3f2a2417, 0x2748321f, 0x4747ff01, 0x2c000100, 
0x85021e00, 0x3d00b002, 0x2e650000, 0x36272702, 0x26343536, 0x06222326, 0x16141506, 0x36342717, 
0x16163233, 0x23061415, 0x34352622, 0x32333636, 0x14151616, 0x37070606, 0x0717021e, 0x11352626, 
0x15331733, 0xcf011123, 0x497d6423, 0x14627726, 0x2a1d202a, 0x470a0e16, 0x1a131422, 0x2821200f, 
0x334b2828, 0x3d28503b, 0x5b0a5072, 0x081a5782, 0x17350205, 0x3a1e696a, 0x630b3b59, 0x183b3b0f, 
0x22151625, 0x08171013, 0x0d1c1a1e, 0x23191219, 0x3f251f36, 0x29472c26, 0x0c2e4e3b, 0x55401120, 
0x3b200832, 0x42d90123, 0x00f7fd47, 0xf6ff0100, 0x3d025800, 0x1c006e02, 0x35650000, 0x37363634, 
0x07020e17, 0x35231127, 0x11211521, 0x37023e27, 0x15060617, 0x09720115, 0x35090b10, 0x3b355454, 
0xfe47025c, 0x5c251962, 0x1841386a, 0x34785813, 0x05163b4f, 0x364c3c1f, 0x473d0128, 0x14e9fe47, 
0x18434d27, 0x4a653441, 0x01000077, 0x9400f6ff, 0x6e027902, 0x00001c00, 0x36343565, 0x0e173736, 
0x11270702, 0x15213523, 0x3e271121, 0x06173702, 0x01151506, 0x0b1009ae, 0x54543509, 0x02983b35, 
0x1962fe83, 0x386a5c25, 0x94131841, 0x3b4f343c, 0x3c1f0516, 0x0128364c, 0xfe47473d, 0x4d2714e9, 
0x34411843, 0x003b4a65, 0xf6ff0100, 0x1d02bc00, 0x19006e02, 0x35650000, 0x22232634, 0x27070606, 
0x21352311, 0x27112115, 0x3233023e, 0x01151516, 0x201a147e, 0x3e204243, 0xfe270257, 0x4514237d, 
0x48322c55, 0x1c1c92bc, 0x17304c2d, 0x47473301, 0x270ffdfe, 0x4c44314c, 0x0100008b, 0xf6fff6ff, 
0x6e02ea01, 0x00002000, 0x35262645, 0x17373634, 0x2707020e, 0x21352311, 0x27112115, 0x1737023e, 
0x14150606, 0x01171616, 0x1b11128a, 0x56340c11, 0x5c3b3355, 0xeefebb01, 0x6d582019, 0x191c413e, 
0x0a0c0e07, 0x473b6439, 0x1d051b6a, 0x283b5340, 0x47475501, 0x2914d1fe, 0x411b4851, 0x25406a34, 
0x00253d3c, 0xf6ff0100, 0x31035000, 0x2e006e02, 0x35650000, 0x17373634, 0x2707020e, 0x36363435, 
0x020e1737, 0x23112707, 0x21152135, 0x36362715, 0x06061737, 0x36271515, 0x06173736, 0x02151506, 
0x02100f79, 0x2c565325, 0x080c063b, 0x5654270b, 0x035c3b2c, 0x0f6efd3b, 0x3e498d34, 0x340f1115, 
0x163e468d, 0x3273500c, 0x140c1352, 0x282b4939, 0x2e381d6e, 0x3a140c0c, 0x01282b48, 0xf047471a, 
0x215e3014, 0x324e223e, 0x5e301f46, 0x442b3e21, 0x0300762f, 0x19002500, 0x78025e02, 0x1d000e00, 
0x00003800, 0x27022e65, 0x37363627, 0x15333507, 0x26271123, 0x17353526, 0x35070606, 0x0317031e, 
0x34352626, 0x16323336, 0x23061415, 0x34352622, 0x07333636, 0x14150622, 0xa8011716, 0x5087671e, 
0x6dcd6027, 0x4869b617, 0x51150302, 0x5f2a4ab3, 0xca164c5c, 0x3f4a4b42, 0x1b1f352c, 0x120d201c, 
0x25121609, 0x32193434, 0x600c415a, 0x271e5639, 0xf2fd4796, 0x202e1753, 0x49161fff, 0x2206102f, 
0x01284334, 0x364e1104, 0x20284231, 0x1923231b, 0x390c160f, 0x2e1c1a15, 0x02000006, 0x2c01f6ff, 
0x6e026f02, 0x2a002600, 0x22410000, 0x26262726, 0x16322723, 0x23061415, 0x34352622, 0x16323336, 
0x33161617, 0x34353632, 0x16372726, 0x06141516, 0x21352506, 0x2a940115, 0x221f234f, 0x2620191a, 
0x31252625, 0x432c3437, 0x19312323, 0x1e28231c, 0x2024204f, 0x0234fe3d, 0x252c0179, 0x28181f23, 
0x31201b25, 0x35292430, 0x19212225, 0x47262522, 0x4c1c0e1a, 0x213f2e2d, 0x004747fb, 0xf6ff0200, 
0xfe022c01, 0x26006e02, 0x00002a00, 0x27262241, 0x27232626, 0x14151632, 0x26222306, 0x33363435, 
0x16171632, 0x36323316, 0x27263435, 0x15161637, 0x25060614, 0x02152135, 0x234e2b23, 0x191a221f, 
0x26252620, 0x34373125, 0x2323432c, 0x231c1931, 0x204f1e28, 0xfd3d2024, 0x010803a5, 0x1f23252c, 
0x1b252818, 0x24303120, 0x22253529, 0x25221921, 0x0e1a4726, 0x2e2d4c1c, 0x47fb213f, 0x03000047, 
0x6500f6ff, 0x6e028302, 0x44002700, 0x00004f00, 0x27262265, 0x33161637, 0x37363632, 0x33023e37, 
0x07171632, 0x35352626, 0x11213521, 0x23262623, 0x07060622, 0x2e37020e, 0x06222302, 0x36342315, 
0x16323336, 0x23061415, 0x34352622, 0x16323336, 0x34271716, 0x37272626, 0x15021e32, 0x401d1201, 
0x1e10391a, 0x221f1110, 0x27140615, 0x33171327, 0x02041412, 0x8d02c0fd, 0x15260e36, 0x151d170d, 
0x2a33321a, 0x2b473917, 0x0d341c1c, 0x2623171c, 0x2a25232a, 0x5c392e3c, 0x33101948, 0x290d3f5d, 
0x652b4654, 0x19282923, 0x3b3a1215, 0x13353305, 0x17072421, 0x476c1529, 0x2629abfe, 0x372d2e10, 
0x2b581e43, 0x18102944, 0x23192512, 0x312a221e, 0x2c312a21, 0x4e07314c, 0x41093765, 0x3653391d, 
0x20000100, 0xc702d700, 0x3700b002, 0x27650000, 0x2e153335, 0x06222302, 0x36362707, 0x15163233, 
0x27070614, 0x37373636, 0x36270517, 0x26343536, 0x07062223, 0x33363627, 0x23171632, 0x35352626, 
0x15331733, 0x4d5e0223, 0x51563212, 0x204f372b, 0x12211016, 0x01014038, 0x14221114, 0xfbfe316f, 
0x1e1f0e3c, 0x0e201022, 0x4a7b2f3d, 0x0e3d8350, 0x17350203, 0x11d7696a, 0x645040a4, 0x042c352f, 
0x323f0606, 0x09071803, 0x59102617, 0x0b36d235, 0x15131725, 0x54410405, 0x185b5e54, 0x42821f38, 
0x01000047, 0xb4005a00, 0xb0020603, 0x00003700, 0x15333565, 0x2223022e, 0x36270706, 0x16323336, 
0x07061415, 0x37363627, 0x27051737, 0x34353636, 0x06222326, 0x36362707, 0x17163233, 0x35262623, 
0x33173335, 0x02112315, 0x56321250, 0x543d2b51, 0x33172c23, 0x0140381d, 0x22111101, 0xfe316c14, 
0x1c173af3, 0x26161d1d, 0x7d323b0f, 0x3e84524a, 0x35020312, 0xb4696a17, 0x645040d8, 0x0c3b422f, 
0x3243110e, 0x07071803, 0x5f122517, 0x1738eb35, 0x1b141628, 0x67360a0b, 0x1c5e615a, 0x42822039, 
0x008dfe47, 0x16000100, 0x6302b900, 0x37007802, 0x27770000, 0x34353636, 0x06222326, 0x023e2707, 
0x16163233, 0x26262317, 0x15333535, 0x2e231523, 0x06222303, 0x36270706, 0x16323336, 0x06141516, 
0x36362707, 0xe2173737, 0x1d1c1a3d, 0x0c1e101b, 0x5d4e2253, 0x57623c36, 0x02031229, 0x250e2343, 
0x24414044, 0x1734442e, 0x13261310, 0x011d3628, 0x22121301, 0xb9317c14, 0x192c1836, 0x07071b1a, 
0x2b543d49, 0x1c3f552b, 0xde402039, 0x37563c44, 0x253c241a, 0x1f09080c, 0x1d081f33, 0x26150e07, 
0x00357413, 0xf6ff0100, 0x55031900, 0x47006e02, 0x2e650000, 0x36272702, 0x2e073736, 0x17372702, 
0x15213523, 0x021e3721, 0x06061717, 0x021e2707, 0x26260717, 0x32331135, 0x1415021e, 0x22230606, 
0x36343526, 0x15163233, 0x35230614, 0x34353632, 0x37232626, 0x1bc20111, 0x2459865d, 0x06387231, 
0x314c4324, 0x03610619, 0x0122fd5f, 0x214d5228, 0x2c743305, 0x5b7f5106, 0x02020c1b, 0x5b754017, 
0x26311734, 0x1d253023, 0x2422241b, 0x6e381b1d, 0x2d193650, 0x5b0f3b4f, 0x1517381e, 0x101e2217, 
0x47471341, 0x31280d09, 0x35113b1b, 0x390c0b1a, 0x1405294b, 0x40011930, 0x3552381d, 0x25263c22, 
0x1f251d22, 0x3b25171f, 0x42291622, 0x44fe2228, 0xf6ff0200, 0xf5012300, 0x0e006e02, 0x00001e00, 
0x27022e65, 0x37363627, 0x35213507, 0x26271121, 0x17353526, 0x3507020e, 0x0117031e, 0x84691da8, 
0xc3602748, 0x4efe176d, 0x0248ff01, 0x75361503, 0x5b262c6d, 0x23164c5a, 0x0c485b2c, 0x215c3660, 
0xfd47452f, 0x2e1753b5, 0x1117ff20, 0x101b3731, 0x42372607, 0x01000023, 0xbc00f6ff, 0x6e02df01, 
0x00001900, 0x06173565, 0x1e350706, 0x2e071702, 0x36272702, 0x35073736, 0x11213521, 0x52159201, 
0x4c2a3f9d, 0x172b1942, 0x26364835, 0x176bb35c, 0xe90164fe, 0x181be5f5, 0x06102742, 0x251b2c20, 
0x06182316, 0x224c365a, 0xfe47452f, 0x02000087, 0x5a00f6ff, 0x6e025502, 0x2b002700, 0x35650000, 
0x37272634, 0x2223020e, 0x36343526, 0x16163233, 0x23061415, 0x35262622, 0x33161437, 0x37363632, 
0x15161637, 0x21350115, 0x05b80115, 0x4f16300c, 0x41422b5e, 0x2119272b, 0x171e2511, 0x21360d1d, 
0x3e3d141f, 0x111b3f16, 0x5f02f1fd, 0x3a29bf5a, 0x402e1615, 0x20293c21, 0x14211330, 0x2217221e, 
0x17160510, 0x0a253119, 0xba316634, 0x4747cd01, 0xf6ff0100, 0x11022c01, 0x32006e02, 0x22410000, 
0x26262726, 0x36363723, 0x26263435, 0x021e3727, 0x23061415, 0x34352622, 0x16323336, 0x33161617, 
0x34353632, 0x21172726, 0x16162135, 0x06061415, 0x4e2f8101, 0x18301a2f, 0x140b0a01, 0x3f1d252c, 
0x263c1741, 0x2b302f25, 0x21194526, 0x26241f39, 0xfe471e28, 0x1cca0131, 0x01402035, 0x13221f2c, 
0x17041015, 0x1c221016, 0x37153d08, 0x37392743, 0x2a22212c, 0x16191327, 0x47262522, 0x1c471a1a, 
0x3f2e3a5e, 0x02000021, 0x2c01f6ff, 0x6e027202, 0x34003000, 0x22410000, 0x26272626, 0x36372326, 
0x26343536, 0x1e372726, 0x06141502, 0x35262223, 0x32333634, 0x16161716, 0x35363233, 0x37272634, 
0x14151616, 0x35250606, 0x9f011521, 0x20323624, 0x0118301a, 0x2c140b0a, 0x413f1d25, 0x25263c17, 
0x262b302f, 0x39211945, 0x2826241f, 0x23214f1e, 0x27fe4020, 0x2c017c02, 0x13161d0e, 0x17041015, 
0x1c221016, 0x37153d08, 0x37392743, 0x2a22212c, 0x16191327, 0x47262522, 0x4c1c0e1a, 0x213f2e2d, 
0x004747fb, 0xf6ff0200, 0xef022c01, 0x30006e02, 0x00003400, 0x26262241, 0x23262627, 0x35363637, 
0x27262634, 0x15021e37, 0x22230614, 0x36343526, 0x17163233, 0x32331616, 0x26343536, 0x16163727, 
0x06061415, 0x15213525, 0x35251c02, 0x301a2032, 0x0b0a0118, 0x1d252c14, 0x3c17413f, 0x302f2526, 
0x1945262b, 0x241f3921, 0x4f1e2826, 0x40202321, 0xf902aafd, 0x1d0e2c01, 0x10151316, 0x10161704, 
0x3d081c22, 0x27433715, 0x212c3739, 0x13272a22, 0x25221619, 0x0e1a4726, 0x2e2d4c1c, 0x47fb213f, 
0x01000047, 0xa500f6ff, 0x6e022902, 0x00003c00, 0x26262277, 0x36363435, 0x17163233, 0x36363427, 
0x17163233, 0x35262623, 0x21352135, 0x26260711, 0x15062223, 0x07171614, 0x22232626, 0x16141506, 
0x26220733, 0x33363435, 0x14151632, 0x432ac106, 0x28412626, 0x360e5f3a, 0x22192f1d, 0x01131938, 
0x0206fe02, 0x2b0f2d33, 0x011e161f, 0x34084101, 0x2d262529, 0x20190a31, 0x211a1824, 0x4d2fa52c, 
0x21402d2d, 0x32074c4d, 0x26281c3e, 0x4a162a15, 0x0ad1fe47, 0x22223425, 0x05050d05, 0x202b3d29, 
0x1f383a25, 0x21211d16, 0x0024211a, 0xf6ff0200, 0x7c021900, 0x13006e02, 0x00002800, 0x27262665, 
0x37363627, 0x27262607, 0x35231737, 0x11231521, 0x35262627, 0x1e372111, 0x06171703, 0x1e270706, 
0xc6011702, 0x2486a829, 0x0637712e, 0x19476a33, 0x86026006, 0x02024969, 0x1e02affe, 0x19383c3d, 
0x2c6f3305, 0x5b7f5106, 0x6c44191b, 0x391e5b16, 0x31201516, 0x47134116, 0x48f2fd47, 0x01192e16, 
0x1b0a0969, 0x3b142622, 0x0b1a3313, 0x294b390c, 0xfbff0100, 0x1a020b01, 0x44007802, 0x22530000, 
0x36343526, 0x23073736, 0x36363235, 0x23263435, 0x27070622, 0x32333636, 0x23171616, 0x33363634, 
0x17161632, 0x23262607, 0x14150622, 0x15171616, 0x021e2723, 0x23061415, 0x35022e22, 0x020e1433, 
0x28292288, 0x6e072641, 0x34112b27, 0x0e23113b, 0x1628110e, 0x03324c2b, 0x2643281c, 0x10334329, 
0x40501504, 0x23132f2a, 0x26065917, 0x23282841, 0x101d2918, 0x291d101a, 0x222c0b01, 0x02233824, 
0x2e1a0a75, 0x05322a1d, 0x06054604, 0x3537431f, 0x3a202044, 0x53496327, 0x2d222a2f, 0x750a0217, 
0x24382302, 0x21102c22, 0x32212232, 0x02001121, 0xb400fbff, 0xb002e002, 0x53004600, 0x22530000, 
0x36343526, 0x23073736, 0x36363227, 0x23263435, 0x07060622, 0x33023e27, 0x17161632, 0x36363423, 
0x16163233, 0x26260717, 0x15062223, 0x17161614, 0x1e272315, 0x06141502, 0x022e2223, 0x0e143335, 
0x37110502, 0x35352626, 0x15331733, 0x1cd31123, 0x1e3e292c, 0x22016307, 0x46371126, 0x0e282d15, 
0x2c27110e, 0x34553718, 0x3c231c03, 0x323f2524, 0x4d150410, 0x11292537, 0x06541720, 0x2b293d1f, 
0x1c25161d, 0x1c101a10, 0x05410125, 0x18350203, 0x29016969, 0x38232427, 0x147f0222, 0x1d152a1c, 
0x03040230, 0x03050346, 0x2e2f3d1e, 0x3a201f3d, 0x53496327, 0x291b1f2b, 0x7f140218, 0x23382202, 
0x200f2823, 0x33232432, 0x01750f20, 0x2411144c, 0x47425116, 0x02008dfe, 0x1900f6ff, 0x6e027c02, 
0x2c002100, 0x26650000, 0x3e272726, 0x06173702, 0x1e270706, 0x26071702, 0x37353526, 0x35352626, 
0x15213521, 0x2e271123, 0x1e372702, 0xc6011703, 0x2482a229, 0x2649451f, 0x2c692e3b, 0x597a4e06, 
0x01030c1b, 0xfe020204, 0x69860230, 0x93852f47, 0x66361944, 0x1927565e, 0x5b166c44, 0x0f242713, 
0x1a341134, 0x4b390c0b, 0x331a0529, 0x18167916, 0x47701933, 0xf4f2fd47, 0x16485b33, 0x382d103f, 
0x04002341, 0x0901f6ff, 0x6e025e02, 0x1f001100, 0x32002700, 0x22530000, 0x34352626, 0x3233023e, 
0x14151616, 0x3227020e, 0x34353636, 0x06222326, 0x16141506, 0x27262617, 0x17161637, 0x15213525, 
0x0e072723, 0x3ff72302, 0x3f222953, 0x523f3457, 0x563e2229, 0x354d233c, 0x4d233532, 0x1a743235, 
0x293c2446, 0x8cfe1743, 0x44f66802, 0x2e2e1765, 0x2f090117, 0x4728284a, 0x492f1f36, 0x36472829, 
0x381d471f, 0x1d342529, 0x35242938, 0x36754015, 0x3e743a1c, 0x124747d1, 0x0102010e, 0xf6ff0400, 
0xcc010601, 0x11006e02, 0x29002100, 0x00003100, 0x020e1441, 0x26262223, 0x023e3435, 0x16163233, 
0x36363207, 0x26263435, 0x06062223, 0x16161415, 0x07213527, 0x23060607, 0x27262605, 0x17161637, 
0x462acc01, 0x46352952, 0x53462a22, 0x22453628, 0x314722e7, 0x211d2512, 0x26123148, 0x043201d3, 
0x23452265, 0x5a200c01, 0x55352f32, 0x2ed70122, 0x2d1e384d, 0x4d2e2545, 0x452d1e38, 0x274025af, 
0x25152316, 0x23152940, 0x3547da14, 0xe403010e, 0x272b673b, 0x003d642e, 0xf6ff0100, 0x47022c01, 
0x29006e02, 0x22410000, 0x17272626, 0x2223020e, 0x16372726, 0x3e323316, 0x1e333702, 0x36323302, 
0x27263435, 0x21352117, 0x14151616, 0x35be0106, 0x370e3d58, 0x2839260a, 0x3f184a2b, 0x0f13240e, 
0x0412181c, 0x3c2c0f3b, 0x25262026, 0xf8fd451c, 0x24260702, 0x362c014b, 0x3c1e4c68, 0x35332951, 
0x101d221e, 0x43364626, 0x222a2c59, 0x1c194229, 0x2e553247, 0x02004944, 0x2c01f6ff, 0x6e02a502, 
0x2a002600, 0x22410000, 0x17272626, 0x2223020e, 0x16372726, 0x3e323316, 0x1e333702, 0x36323302, 
0x27263435, 0x15161637, 0x35250614, 0xd9011521, 0x0e3d5835, 0x39260a37, 0x184a2b28, 0x13240e3f, 
0x12181c0f, 0x2c0f3b04, 0x2620263c, 0x204b1c25, 0xdffd4b23, 0x2c01af02, 0x1e4c6836, 0x3329513c, 
0x1d221e35, 0x36462610, 0x2a2c5943, 0x19422922, 0x2e4c1c0c, 0x47fb4944, 0x02000047, 0x3201f6ff, 
0x6e021803, 0x28002400, 0x22410000, 0x17272626, 0x2223020e, 0x16372726, 0x36323316, 0x16333736, 
0x36323316, 0x27263435, 0x15161637, 0x35250614, 0x4c021521, 0x0e3d5835, 0x39260a37, 0x184a2b28, 
0x13240e3f, 0x061b2414, 0x394d173b, 0x1c252620, 0x4b23204b, 0x22036cfd, 0x66353201, 0x4e390a49, 
0x1e353329, 0x421b1d22, 0x2961613b, 0x19412621, 0x2b4b1c0c, 0x47f54843, 0x02000047, 0x7900f6ff, 
0x6e02f301, 0x32002700, 0x22770000, 0x16372726, 0x36323316, 0x3e373736, 0x16323302, 0x26260717, 
0x35213535, 0x26231121, 0x06222326, 0x020e0706, 0x26263437, 0x1e323727, 0x25ab1502, 0x133f1c4b, 
0x1d0e1325, 0x14051320, 0x1a112527, 0x040c112d, 0x0133fe02, 0x260e19fd, 0x1c170c16, 0x312c1614, 
0x3f5d332b, 0x4654290d, 0x3d32792b, 0x101b291e, 0x32063030, 0x28211335, 0x15291703, 0xabfe476c, 
0x2e0f2629, 0x1839332e, 0x37654e82, 0x391d4109, 0x03003653, 0x0800f6ff, 0x6e023902, 0x3b003300, 
0x00003f00, 0x27032e65, 0x33161637, 0x35363632, 0x23262634, 0x15060622, 0x36363427, 0x15161633, 
0x22230614, 0x36343526, 0x16163233, 0x06061415, 0x021e2723, 0x26260117, 0x16163727, 0x21352717, 
0x3d0b0215, 0x47786e6e, 0x2e46230f, 0x221f4f49, 0x29232c3e, 0x3c1e4010, 0x2905022d, 0x4e252523, 
0x30665249, 0x0e536b35, 0x376c6f3c, 0x310574fe, 0x3136492f, 0x4302f904, 0x25312308, 0x0a45111f, 
0x18322209, 0x09192c1f, 0x0f041114, 0x1d0a1822, 0x2d292315, 0x36392b1e, 0x4b2e2c52, 0x230e232c, 
0x90011f2d, 0x210a2c20, 0x4e273716, 0x03004747, 0x0800f6ff, 0x6e027002, 0x3a003200, 0x00003e00, 
0x27022e65, 0x33161637, 0x35363632, 0x23262634, 0x15060622, 0x36363427, 0x15161633, 0x22230614, 
0x36343526, 0x16163233, 0x06061415, 0x021e2723, 0x26260117, 0x16163727, 0x21352517, 0x52470215, 
0x0f5f9d94, 0x4c2e4623, 0x3f242253, 0x10292329, 0x2d3c1e40, 0x23290502, 0x494e2525, 0x3832674f, 
0x3e0e5570, 0xfe367074, 0x2f330d74, 0x0c333649, 0x7a02cbfe, 0x2d3c2f08, 0x090a4518, 0x1f1a311f, 
0x1409162a, 0x220f0411, 0x151d0a18, 0x1e2d2923, 0x5033392b, 0x2a4a2f2c, 0x30270e23, 0x2090011f, 
0x16210a2c, 0x474e2737, 0x01000047, 0x24fffafe, 0xb002f600, 0x00002800, 0x27022e57, 0x35363627, 
0x22232634, 0x36270706, 0x16323336, 0x06061415, 0x021e2707, 0x35262617, 0x33173311, 0x40112315, 
0x376a5c23, 0x0f5d5e26, 0x0e140b0a, 0x17220d1b, 0x583b3d29, 0x6943132c, 0x01021a4f, 0x696a1735, 
0x264135dc, 0x3c12630b, 0x100f1434, 0x0e0e4d14, 0x47323a3b, 0x1016082b, 0x17243529, 0xd5021b2e, 
0xfdfc4742, 0x16000100, 0x90020000, 0x3200b002, 0x11610000, 0x022e1533, 0x07062223, 0x33363627, 
0x15161632, 0x27070614, 0x3435023e, 0x06222326, 0x36362707, 0x17163233, 0x35262627, 0x33173335, 
0x01112315, 0x482115da, 0x4e3f2c4f, 0x38171117, 0x20433622, 0x182d4551, 0x28252635, 0x40213418, 
0x474e7828, 0x02122b7b, 0x6a173503, 0x3fac0169, 0x4e295642, 0x0e0b123b, 0x44283d23, 0x094c2259, 
0x201f2f1f, 0x42110c1f, 0x504d6069, 0x1e3a0e08, 0xfd474267, 0x010000d9, 0x180054ff, 0x6e021901, 
0x00002d00, 0x35262267, 0x26263711, 0x15213535, 0x16071521, 0x14151516, 0x3e323316, 0x26343502, 
0x27022e27, 0x17021e37, 0x14151616, 0x4423020e, 0x02030545, 0x88fec501, 0x1c020204, 0x303b1f25, 
0x272c1f1d, 0x0a0f3141, 0x2e3d280f, 0x46273f57, 0x5754185b, 0x110b4601, 0x470f1624, 0x2e0d015c, 
0x2e2dbf15, 0x21483e27, 0x0404181d, 0x56232913, 0x05172d25, 0x30394208, 0x00325263, 0x54ff0200, 
0x6e01acff, 0x4c006e02, 0x00005000, 0x27022e45, 0x33161637, 0x35363632, 0x22232634, 0x16370706, 
0x06141516, 0x26222306, 0x26373535, 0x33353526, 0x16160715, 0x16141515, 0x36363233, 0x27263435, 
0x37272626, 0x32331616, 0x1e323336, 0x06141502, 0x1e372306, 0x35011702, 0x36011521, 0x53928f4e, 
0x253c1d0b, 0x3a2b5a46, 0x08120e3a, 0x301b1514, 0x383c2b4d, 0x4d020305, 0x13010102, 0x17261619, 
0x30251613, 0x360a0809, 0x1024102d, 0x112b4c3b, 0x09538149, 0x3b72713a, 0x07020efe, 0x2e453254, 
0x0706470d, 0x3528492d, 0x2f020138, 0x2e1d2209, 0x4945314f, 0x24110ba2, 0x02900f16, 0x3d111b0c, 
0x2f222326, 0x020f0f11, 0x40221905, 0x23031e22, 0x49183c36, 0x08213464, 0x02233a29, 0x0047473f, 
0x70ff0100, 0xd3004800, 0x1400b002, 0x2e770000, 0x1e372702, 0x26071702, 0x33113526, 0x23153317, 
0x37121d11, 0x1d212341, 0x080c323d, 0x17350202, 0x2648696a, 0x44103644, 0x1d3d350e, 0x202d1703, 
0x4742b001, 0x020021fe, 0x00007cfe, 0x6e029400, 0x2f001900, 0x22630000, 0x37272626, 0x34353636, 
0x35272626, 0x22231521, 0x16162726, 0x06061415, 0x36363227, 0x26263435, 0x021e1727, 0x06061415, 
0x021e3707, 0x46613e8b, 0x73641614, 0x01161708, 0x1c139060, 0x3549470f, 0x40344965, 0x3037171e, 
0x070a0710, 0x0f567239, 0x2a4c360b, 0x044f324c, 0x351e5b60, 0x47121d36, 0x9b4c0101, 0x3869475a, 
0x2e4b2c4a, 0x38665e2d, 0x2c271204, 0x4664351c, 0x422e3108, 0x01000023, 0x1800b1fe, 0x6e020f01, 
0x00002900, 0x26262267, 0x16163727, 0x36363233, 0x27263435, 0x23020e37, 0x35352622, 0x15211521, 
0x32331614, 0x16373736, 0x06141516, 0x74401d06, 0x2446205e, 0x47344d79, 0x31141925, 0x2244411b, 
0xbb01343b, 0x131292fe, 0x3c2b401d, 0x6837241f, 0x47623218, 0x255f5121, 0x402d2a40, 0x40310e15, 
0xe5494e20, 0x1b1db347, 0x2b093e37, 0x643f3268, 0x0100003a, 0x180054ff, 0x6e022201, 0x00002800, 
0x35262267, 0x21152111, 0x33161411, 0x35023e32, 0x37232634, 0x14151632, 0x26222306, 0x33363435, 
0x15161632, 0x20020e14, 0xce014646, 0x271d7ffe, 0x1d334023, 0x2407251b, 0x1e1d2621, 0x2225332a, 
0x48281e35, 0x5754185f, 0xfe47ab01, 0x242e2d94, 0x2024483b, 0x1b263c21, 0x21262122, 0x3c212626, 
0x5263312b, 0x01000031, 0x4f0054ff, 0x6e020e01, 0x00002700, 0x35262267, 0x21152111, 0x33161411, 
0x35023e32, 0x37232634, 0x14151632, 0x26222306, 0x33363435, 0x14151632, 0x4325020e, 0xfeba0144, 
0x1d251c93, 0x1b1b2d38, 0x24240725, 0x251e1d24, 0x412f2231, 0x4f584226, 0x79015353, 0x29c6fe47, 
0x3d321d2d, 0x3c212021, 0x1f1f1b26, 0x24231d25, 0x5a2e3e41, 0x01002b4a, 0xf6ff54ff, 0x6e023f01, 
0x00001f00, 0x35262657, 0x17373634, 0x2707020e, 0x21152111, 0x023e2711, 0x020e1737, 0x16161415, 
0x11129617, 0x3a0c111b, 0x3b355558, 0x62feeb01, 0x6e5c2519, 0x1713413e, 0x0c0e070b, 0x3b64390a, 
0x051b6a47, 0x3852421f, 0x479c0128, 0x2914d1fe, 0x41184854, 0x2b4a4623, 0x253d3c25, 0x54ff0100, 
0x3f015800, 0x1a006e02, 0x35770000, 0x37363634, 0x07020e17, 0x15211127, 0x3e271121, 0x06173702, 
0x74151506, 0x090b1009, 0x35545435, 0xfeeb013b, 0x5c251962, 0x1841386a, 0x34785813, 0x05163b4f, 
0x364c3c1f, 0x47840128, 0x2714e9fe, 0x4118434d, 0x774a6534, 0xd8fe0200, 0xb801b2ff, 0x3f006e02, 
0x00004300, 0x27262657, 0x37363627, 0x27262615, 0x17021e37, 0x07020e17, 0x17021e27, 0x35262607, 
0x1e323311, 0x06141502, 0x26222306, 0x33363435, 0x14151632, 0x32352306, 0x26343536, 0x11372326, 
0x15213501, 0x5d953725, 0x295f2224, 0x36172a10, 0x0f202111, 0x393f1f05, 0x68420517, 0x050e2355, 
0x75401704, 0x3117345b, 0x25302326, 0x22241b1d, 0x381b1d24, 0xfe36506e, 0x4ea8029e, 0x5b104f36, 
0x0a113417, 0x2a163316, 0x15282710, 0x1f1f0c3c, 0x2e11160f, 0x2514233a, 0xb6011a2f, 0x3552381d, 
0x25263c22, 0x1f251d22, 0x3b25171f, 0x42291622, 0xddfd2228, 0x47477502, 0x8aff0200, 0x9c010000, 
0x11006e02, 0x00002100, 0x27022e73, 0x37023e35, 0x35213507, 0x11231521, 0x35262627, 0x020e1711, 
0x031e3507, 0x691ee617, 0x752d4d88, 0xfe174988, 0x690e02a8, 0x15030248, 0x31727536, 0x4c5d5f29, 
0x46633a16, 0x3c1b770c, 0x452a1639, 0xd9fd4747, 0x202e1758, 0x111c1d01, 0x10203b32, 0x49372407, 
0x0200002d, 0xdfffe8fe, 0x6e02f200, 0x20000c00, 0x35570000, 0x35262633, 0x21352311, 0x27112315, 
0x3727022e, 0x22230614, 0x36343526, 0x021e3233, 0x02033c17, 0x14015e01, 0x44143e69, 0x383a3458, 
0x3f32222d, 0x434f2c33, 0x7f211336, 0x01193118, 0xfd474767, 0x382239b8, 0x462b0222, 0x2b262e42, 
0x362a1830, 0x0300001e, 0x3affd9fe, 0x6e02cf00, 0x20000c00, 0x00002800, 0x26333557, 0x23113526, 
0x23152127, 0x022e2711, 0x06143727, 0x35262223, 0x32333634, 0x2517021e, 0x37272634, 0x19151616, 
0xb8010203, 0x698c011e, 0x503d133f, 0x2d383a2f, 0x353d3222, 0x35414824, 0x17fdfe11, 0x241e3819, 
0x311866c6, 0x47250219, 0x2a13fd47, 0x021f311d, 0x2e42462b, 0x15302b26, 0x701c3125, 0x2c133823, 
0x00354c19, 0xf7fe0300, 0xed00cbff, 0x0c006e02, 0x28002000, 0x35570000, 0x35262633, 0x21272311, 
0x27112315, 0x3727022e, 0x22230614, 0x36343526, 0x021e3233, 0x26342517, 0x16163727, 0x02033715, 
0x010afe01, 0x133d69be, 0x3a2e513f, 0x32222d38, 0x4723333f, 0xfe113642, 0x3a1917fd, 0x8435231d, 
0x01193118, 0xfd474776, 0x371f3ca4, 0x462b0223, 0x2b262e42, 0x34281730, 0x3b31791c, 0x51192c13, 
0x02000041, 0x67ffe8fe, 0x6e02f200, 0x20000c00, 0x35570000, 0x35262633, 0x21352311, 0x27112315, 
0x3727022e, 0x22230614, 0x36343526, 0x021e3233, 0x02033c17, 0x14015e01, 0x44133b69, 0x383a365a, 
0x3f32222d, 0x434f2c33, 0x7f991336, 0x01193118, 0xfd4747df, 0x3a233440, 0x462b0224, 0x2b262e42, 
0x362a1830, 0x0200001e, 0xbe00f6ff, 0x6e021201, 0x07000300, 0x11770000, 0x35031133, 0x4d5f1521, 
0xbe1c01b6, 0x83fe7d01, 0x47476901, 0xf6ff0200, 0x12019600, 0x03006e02, 0x00000700, 0x11331177, 
0x15213503, 0x01b64d5f, 0xa501961c, 0x91015bfe, 0x02004747, 0x0401f6ff, 0x6e021201, 0x07000300, 
0x11530000, 0x35031133, 0x4d5f1521, 0x011c01b6, 0xfe370104, 0x472301c9, 0x02000047, 0xa6006fff, 
0x6e02cc00, 0x25002100, 0x22770000, 0x33272626, 0x32331616, 0x26343536, 0x16322723, 0x23061415, 
0x34352622, 0x16323336, 0x06141516, 0x15213503, 0x3c4c2325, 0x48112e0b, 0x222a1829, 0x21200f20, 
0x211c1723, 0x3b29242a, 0x01d14a21, 0x6026a63a, 0x20475157, 0x3b27242b, 0x1e1b1423, 0x251d1924, 
0x3d2f4728, 0x4781014a, 0x02000047, 0x02007eff, 0x6e02ae00, 0x1a001600, 0x26770000, 0x36343526, 
0x020e1737, 0x36363507, 0x06061737, 0x17161415, 0x15213503, 0x13070620, 0x40230a12, 0x5c231335, 
0x0f0d3b28, 0x01eb0507, 0x6a2c0230, 0x22825234, 0x12140a1e, 0x1b0d4c07, 0x73253b0a, 0x2a573f4f, 
0x47471e02, 0x97ff0200, 0xb3000200, 0x16006e02, 0x00001a00, 0x35262677, 0x17373634, 0x3507020e, 
0x17373636, 0x14150606, 0x35031716, 0x06201533, 0x0a121307, 0x13354023, 0x3b285c23, 0x05070f0d, 
0x2c02bd73, 0x8252346a, 0x140a1e22, 0x0d4c0712, 0x253b0a1b, 0x573f4f73, 0x471e022a, 0x01000047, 
0xe2ff1400, 0xb3000f02, 0x00001f00, 0x23262645, 0x23060622, 0x35262622, 0x17373634, 0x14150606, 
0x36323316, 0x16323336, 0x15373517, 0x2c0cc401, 0x47481a24, 0x2d42211b, 0x014c0303, 0x1d202403, 
0x23153d43, 0x1e4d1730, 0x0b0b1411, 0x0d2e3818, 0x070a0e19, 0x1f1c0a14, 0x1a100a0b, 0x00d1048b, 
0x14000100, 0x24020000, 0x1d000801, 0x26610000, 0x06222326, 0x26262223, 0x37363435, 0x15060617, 
0x32331614, 0x16323336, 0x15333517, 0x2f0dd901, 0x2e652b27, 0x07304c28, 0x06044d04, 0x622a2a2d, 
0x18302228, 0x1219234d, 0x123b431b, 0x0d0a0c27, 0x262b0f1f, 0x4f201512, 0x0100009e, 0x00001400, 
0x20016d02, 0x00001f00, 0x23262661, 0x23060622, 0x35262622, 0x17373634, 0x14150606, 0x36323316, 
0x16323336, 0x15373517, 0x350c2202, 0x5554232c, 0x30512f25, 0x044d0408, 0x23323107, 0x26235251, 
0x294d1735, 0x1d0a0a22, 0x2b153b45, 0x220e0a0c, 0x0a292d11, 0x691b140a, 0x0100d104, 0x00001400, 
0x4401e701, 0x00001d00, 0x23262661, 0x22230622, 0x34352626, 0x06173736, 0x16141506, 0x33363233, 
0x35171632, 0xa1011137, 0x20222c0c, 0x46222853, 0x4d040430, 0x232a0403, 0x1a214d23, 0x24481530, 
0x411a0d19, 0x0e23113c, 0x0f1c0e0a, 0x110c2529, 0xfe1dd01c, 0x010000bc, 0x00001400, 0x30013c02, 
0x00001d00, 0x23262661, 0x22230622, 0x34352626, 0x06173736, 0x16141506, 0x33363233, 0x35171632, 
0xf1011537, 0x2e29320c, 0x4f2b2f6e, 0x4c050a31, 0x2d300805, 0x222c6c2c, 0x2a4d1733, 0x471c1221, 
0x0d31173f, 0x1427100a, 0x15122931, 0xe205791a, 0x14000100, 0x36020000, 0x1f003701, 0x26610000, 
0x06222326, 0x26222306, 0x36343526, 0x06061737, 0x33161415, 0x33363632, 0x35171632, 0xf0011137, 
0x1e29310c, 0x2f1b4547, 0x04053151, 0x3004044d, 0x46421934, 0x1633201e, 0x091d1f48, 0x3c471f0a, 
0x0a0e2811, 0x2c0e1e11, 0x13090a2e, 0xfe0dd41b, 0x010000c9, 0x00001400, 0x4401bd01, 0x00001d00, 
0x23262661, 0x22230622, 0x34352626, 0x06173736, 0x16141506, 0x33363233, 0x35171632, 0x72011137, 
0x1d202a0d, 0x3d192345, 0x4d01032c, 0x1e230201, 0x1421401d, 0x2048122e, 0x3e1a0d18, 0x0a1a0b34, 
0x09110a0a, 0x110d2322, 0xfe09e519, 0x010000bc, 0x00001400, 0xf500ce01, 0x00001d00, 0x23262661, 
0x22230622, 0x34352626, 0x06173736, 0x16141506, 0x33363233, 0x35171632, 0x83011517, 0x2120260c, 
0x441f2545, 0x4c03042f, 0x1f270302, 0x1a204620, 0x2148112d, 0x3f180b16, 0x0c1e0e3a, 0x0c170b0a, 
0x100b2326, 0xc00f7919, 0x14000100, 0x98020000, 0x1f007801, 0x26610000, 0x06222326, 0x26222306, 
0x36343526, 0x06061737, 0x33161415, 0x33363632, 0x11171632, 0x52021137, 0x282f380c, 0x322c6262, 
0x03052f52, 0x3104034d, 0x605e2936, 0x1638282a, 0x0b232848, 0x36421e0b, 0x0a0b2110, 0x260b1a0c, 
0x130b0b29, 0x0a050117, 0x010088fe, 0xf1ff1400, 0xfe000702, 0x00001e00, 0x23262645, 0x23060622, 
0x35262622, 0x17373634, 0x14150606, 0x36323316, 0x17163233, 0x01153735, 0x262f0cbc, 0x1d3b391a, 
0x062f4825, 0x05034d03, 0x5727252a, 0x16301e27, 0x202b0f4d, 0x411a0909, 0x0b23113a, 0x0e1b0c0a, 
0x11122528, 0xe0047218, 0x14000100, 0xf6010000, 0x1d007001, 0x26610000, 0x06222326, 0x26262223, 
0x37363435, 0x15060617, 0x32331614, 0x16323336, 0x11373517, 0x2e0cb001, 0x29562524, 0x042d4726, 
0x03044d03, 0x5325252a, 0x15301a27, 0x12202b48, 0x0e38401a, 0x0d0a0b20, 0x24250d16, 0xfc191012, 
0x0090fe0a, 0x14000100, 0xd4010000, 0x1d00e600, 0x26610000, 0x06222326, 0x26262223, 0x37363435, 
0x15060617, 0x32331614, 0x16323336, 0x15373517, 0x290c8901, 0x2a482520, 0x042b3f1f, 0x03024d02, 
0x4d212223, 0x132f1719, 0x0b17244d, 0x0e313918, 0x0b0a0a1c, 0x1f1d0914, 0x5718120a, 0x0100b304, 
0x00001400, 0x0801e302, 0x00002000, 0x23262661, 0x23060622, 0x35262622, 0x17373634, 0x14150606, 
0x3e323316, 0x16323302, 0x15333517, 0x3f0c9802, 0x766d2741, 0x30543733, 0x044d0405, 0x243b3304, 
0x1e4c5353, 0x4d173d3e, 0x11112c27, 0x1135441f, 0x0d0a0b23, 0x2a270d1a, 0x1f0a0e0a, 0x00d8791d, 
0x14000100, 0xd401c6ff, 0x1d00bd00, 0x26450000, 0x06222326, 0x26262223, 0x37363435, 0x15060617, 
0x32331614, 0x16323336, 0x15373517, 0x290c8901, 0x2a482520, 0x042b3f1f, 0x03024d02, 0x4d212223, 
0x132f1719, 0x17243a4d, 0x3139180b, 0x0a0a1c0e, 0x1d09140b, 0x18120a1f, 0x00f7049b, 0x14000100, 
0xf6010000, 0x1e00e600, 0x26610000, 0x06222326, 0x26262223, 0x37363435, 0x15060617, 0x32331614, 
0x32333636, 0x37351716, 0x0cab0115, 0x5624242c, 0x2f45212c, 0x024d0303, 0x1b212803, 0x1c173537, 
0x1c4d172d, 0x3b190e17, 0x0e1d0e34, 0x09150c0a, 0x06072322, 0x045f1a10, 0x010000b3, 0x00001400, 
0xe600d401, 0x00001d00, 0x23262661, 0x22230622, 0x34352626, 0x06173736, 0x16141506, 0x33363233, 
0x35171632, 0x89011537, 0x2520290c, 0x3f1f2a48, 0x4d02042b, 0x22230302, 0x17194d21, 0x244d132f, 
0x39180b17, 0x0a1c0e31, 0x09140b0a, 0x120a1f1d, 0xbd046118, 0x14000200, 0x3a01deff, 0x0b00fe00, 
0x00001a00, 0x27022e57, 0x37023e27, 0x2e271517, 0x17353502, 0x27070606, 0xed17021e, 0x2f3c2f1b, 
0x49472524, 0x02474c25, 0x20130103, 0x2a0c265b, 0x22183440, 0x0817251f, 0x2128194e, 0x2def310d, 
0x12252514, 0x2f0a2d6e, 0x1d0a181a, 0x0100232c, 0xb0ff1400, 0x0b017901, 0x00001a00, 0x35022e45, 
0x23113335, 0x27272626, 0x1737023e, 0x2707020e, 0x0117021e, 0x01030232, 0x77324d4d, 0x4f222649, 
0x2226224f, 0x0e143c47, 0x214e552b, 0x25251423, 0xebfe7812, 0x540d423b, 0x0d2a2f17, 0x2326103c, 
0x240a120e, 0x02002e3d, 0x9fff1400, 0xea006301, 0x1c000b00, 0x2e450000, 0x3e272702, 0x11373702, 
0x35022e27, 0x030e1735, 0x021e2707, 0x21160117, 0x262f4a42, 0x21595d28, 0x03024750, 0x340f1301, 
0x0c13373b, 0x2446492a, 0x1c302761, 0x2e195208, 0xfe0a0924, 0x25142db5, 0x28861225, 0x1d1a1302, 
0x1c0a180c, 0x02003236, 0xdeff1400, 0xfe003a01, 0x1a000b00, 0x2e570000, 0x3e272702, 0x11173702, 
0x35022e27, 0x06061735, 0x021e2707, 0x2f1bed17, 0x25242f3c, 0x4c254947, 0x01030247, 0x265b2013, 
0x34402a0c, 0x251f2218, 0x194e0817, 0x1f0d2128, 0x142dfffe, 0x6e122525, 0x1a2f0a2d, 0x2c1d0a18, 
0x02000023, 0x7eff1400, 0xec006a01, 0x18000900, 0x26450000, 0x36272726, 0x11173736, 0x35022e27, 
0x020e1735, 0x16162707, 0x321d0117, 0x3c264968, 0x47325296, 0x19010302, 0x194c4f1f, 0x356c410e, 
0x0d423b82, 0x194c2b54, 0x2d9bfe09, 0x12252514, 0x200627a5, 0x0f121429, 0x02004646, 0x96ff1400, 
0x4501de01, 0x2d002300, 0x27570000, 0x34353636, 0x06222326, 0x36362707, 0x16163233, 0x022e0717, 
0x07062223, 0x33363627, 0x14151632, 0x33353706, 0x35263434, 0x95113335, 0x183d3c2a, 0x142a161a, 
0x3c6e2b4a, 0x1e434c2e, 0x45401d0c, 0x18422827, 0x2430141b, 0xa0423a3f, 0x6a4d0101, 0x1c2d1a46, 
0x0b0b1111, 0x23464a41, 0x415c3848, 0x262a2652, 0x3b100b02, 0x10502b28, 0x100f06e9, 0x90fe5c06, 
0x14000200, 0x6d01f0ff, 0x24000001, 0x00002d00, 0x26262257, 0x36363435, 0x16163233, 0x022e1517, 
0x15062223, 0x33161614, 0x35262215, 0x32333634, 0x06141516, 0x26333537, 0x33353526, 0x40239f11, 
0x293a1e28, 0x072c4129, 0x1c352e10, 0x220f241c, 0x201a1a1c, 0x291b1d19, 0x0101025c, 0x3f24104d, 
0x21372129, 0x691b2f1e, 0x1e1d3c31, 0x121c0f1b, 0x1b0d2640, 0x1b162121, 0x137d0625, 0xfe4b101f, 
0x020000f6, 0xe6ff1400, 0x4001c201, 0x2d002400, 0x22570000, 0x34352626, 0x32333636, 0x15171616, 
0x22232626, 0x16141506, 0x22173316, 0x36343526, 0x16323336, 0x37061415, 0x34343135, 0x11333535, 
0x37542bca, 0x342f492a, 0x28163a4d, 0x352d3e5a, 0x0a1f2f1a, 0x1f111d1c, 0x34272315, 0x2e1a4d7c, 
0x472f3955, 0x23392228, 0x31484b5d, 0x1c301d29, 0x15192b47, 0x1e281321, 0xc01a2926, 0x23162d13, 
0x0100c7fe, 0xaeff1400, 0x6501cd02, 0x00002c00, 0x26262245, 0x021e3727, 0x36363233, 0x23263435, 
0x27150622, 0x33363634, 0x15161632, 0x22230614, 0x36343526, 0x16163233, 0x06061415, 0xac5ee201, 
0x2b4a358f, 0x3e539075, 0x322e1d46, 0x11361f1c, 0x1f171420, 0x26242b0f, 0x41343e2b, 0x68322a55, 
0x8cb85952, 0x4fa27b1a, 0x2c183c2b, 0x11191438, 0x1417200f, 0x2c1f101e, 0x34261e2f, 0x2c325130, 
0x01003a59, 0x8aff1400, 0x9901b502, 0x00004800, 0x022e2245, 0x031e3727, 0x35363233, 0x23262634, 
0x35363237, 0x22232634, 0x14150606, 0x22073316, 0x36343526, 0x15163233, 0x22230614, 0x36343526, 
0x16323336, 0x06061415, 0x35262223, 0x32333634, 0x14151616, 0xeb010606, 0x717a7e3d, 0x5e2d4a31, 
0x33366662, 0x1f29144a, 0x252c1c02, 0x24391f2a, 0x1b060805, 0x1a142022, 0x221b1f1a, 0x39583223, 
0x3a28564f, 0x22221f1c, 0x203e2d25, 0x2f765b35, 0x1a93c271, 0x2a64b085, 0x20153129, 0x27340613, 
0x26172320, 0x2a0a0916, 0x1b141617, 0x1f181521, 0x49281c2d, 0x34384c2e, 0x171e2346, 0x3d282115, 
0x24463420, 0x14000100, 0x10020000, 0x4300fc01, 0x26610000, 0x06222326, 0x022e2223, 0x37363435, 
0x15060617, 0x33161614, 0x32333632, 0x11071716, 0x22232634, 0x1415020e, 0x26073316, 0x36343526, 
0x16323336, 0x23061415, 0x34352622, 0x3233023e, 0x01111516, 0x262f09c3, 0x162d5528, 0x07233539, 
0x07044c06, 0x22122c20, 0x41242952, 0x201a1112, 0x101e2718, 0x24122214, 0x131b0e21, 0x232a1f20, 
0x321b3725, 0x4e3c2844, 0x0d102626, 0x17364323, 0x100c1630, 0x2a2b1529, 0x34240e0d, 0x26330109, 
0x24251a29, 0x3c1d0f09, 0x12192104, 0x1b240e1b, 0x33332420, 0x253a421e, 0xa2fe534b, 0x14000100, 
0xda01cfff, 0x3200d001, 0x2e450000, 0x16372703, 0x36323316, 0x26343536, 0x06062223, 0x36342715, 
0x16163336, 0x23061415, 0x34352622, 0x16323336, 0x06141516, 0x1e372306, 0xb0011702, 0x66595e3b, 
0x42200f44, 0x1b403728, 0x1e172d3a, 0x361a400e, 0x27050228, 0x47242120, 0x2955443d, 0x01466133, 
0x2a5d6539, 0x2c3b2931, 0x09451225, 0x192e1d0a, 0x12092d31, 0x200c040e, 0x111c0a18, 0x1c28281f, 
0x4d313829, 0x2949302b, 0x372f1219, 0x04000020, 0xfefe1400, 0x14014302, 0x20001500, 0x46003000, 
0x11450000, 0x07020e17, 0x17161627, 0x27262607, 0x37023e27, 0x2e071117, 0x36272702, 0x11173736, 
0x35022e27, 0x020e1735, 0x021e2707, 0x26263717, 0x37363435, 0x07060617, 0x37363635, 0x15060617, 
0x01171614, 0x58251a3b, 0x2f0e2154, 0x14341c56, 0x2f26363e, 0x3233726e, 0x3b33214d, 0x7336242f, 
0x02474c3a, 0x16130103, 0x0c1a3e3c, 0x24373a2a, 0x09050596, 0x4822060b, 0x274e2621, 0x040b0b36, 
0x06014105, 0x2e250826, 0x26081218, 0x17151c24, 0x3c205402, 0xfe090d31, 0x2720c1dc, 0x224e0818, 
0xfe1f133a, 0x25142dfb, 0x2d721225, 0x11201906, 0x2e1a0a15, 0x502d4828, 0x29642c31, 0x0b120617, 
0x06130c4f, 0x3d5d2b37, 0x00294a2b, 0x14000200, 0x8901d5ff, 0x1a00d100, 0x00002000, 0x23262645, 
0x23150622, 0x32333634, 0x06141516, 0x35262223, 0x32333634, 0x07171616, 0x1517023d, 0x6c286601, 
0x3c251d32, 0x24252322, 0x2d262326, 0x532f3241, 0x4d2f1b47, 0x17443c28, 0x202c2620, 0x32291f20, 
0x1f312f22, 0x5b502536, 0xe8149908, 0x14000200, 0xa201adff, 0x1a00d100, 0x00002300, 0x23262645, 
0x23150622, 0x33363634, 0x14151632, 0x26222306, 0x33363435, 0x07171632, 0x26263335, 0x11333535, 
0x64296901, 0x3e29252e, 0x26181f10, 0x28232825, 0x4c344c2d, 0x032f287c, 0x244d0102, 0x221a4041, 
0x2415261b, 0x32292220, 0x51343323, 0x18755a4c, 0xfe4d1931, 0x020000dc, 0x85ff1400, 0xf9008001, 
0x23001a00, 0x26450000, 0x06222326, 0x36342315, 0x16323336, 0x23061415, 0x34352622, 0x16323336, 
0x33350717, 0x35352626, 0x48011137, 0x22236127, 0x1f0f3b1e, 0x25242316, 0x3e2d2522, 0x227b3f34, 
0x0102032f, 0x3131504d, 0x281b221a, 0x1f1f2517, 0x2f223028, 0x50414333, 0x1931186b, 0x8cfe1493, 
0x14000200, 0xa2010000, 0x1a004c01, 0x00002300, 0x23262665, 0x23150622, 0x32333634, 0x06141516, 
0x35262223, 0x32333634, 0x07171616, 0x26263335, 0x11333535, 0x6b2b6801, 0x3e1f252e, 0x25262423, 
0x2d282328, 0x5d343144, 0x032f1c4e, 0x2e4d0102, 0x221a463c, 0x20242e28, 0x25322922, 0x46263332, 
0x18755a31, 0xfe751931, 0x020000b4, 0xafff1400, 0x2a010a02, 0x34002b00, 0x27570000, 0x34353636, 
0x06222326, 0x36362707, 0x16163233, 0x022e0717, 0x06062223, 0x36360707, 0x15163233, 0x27070614, 
0x37373636, 0x33351717, 0x35352626, 0x35c71133, 0x17181716, 0x440d1e0d, 0x3a496f22, 0x2b2f5358, 
0x2b46472b, 0x0d263522, 0x102c0f30, 0x02024136, 0x12150a0b, 0x030b2e66, 0x514d0201, 0x16201137, 
0x08091412, 0x2f513e44, 0x3e2f455d, 0x261b2a54, 0x0a090213, 0x130a2b34, 0x170c1708, 0xae32530f, 
0x162816be, 0x009cfe52, 0x14000100, 0xc5028dff, 0x33006501, 0x22450000, 0x37272626, 0x3233021e, 
0x34353636, 0x06372726, 0x26222306, 0x33363435, 0x15161632, 0x22230614, 0x37352626, 0x32331614, 
0x16373736, 0x06141516, 0x60d50106, 0x4a3587a5, 0x56886c2c, 0x15254837, 0x64193014, 0x25403542, 
0x0f1c1522, 0x18141d1b, 0x131d310a, 0x3f154323, 0x6b382026, 0x99c65f73, 0x55b0881a, 0x26283e22, 
0x51161537, 0x1c283550, 0x101c122c, 0x1d142216, 0x1216050d, 0x370a463d, 0x5c3d2e5f, 0x01000034, 
0xd5ff1400, 0xf100d701, 0x00003c00, 0x26262257, 0x33363435, 0x15161632, 0x33363427, 0x23171632, 
0x35353426, 0x35231533, 0x26261533, 0x15062223, 0x07171614, 0x22232626, 0x16141506, 0x26220733, 
0x33363435, 0x14151632, 0x3a1f9206, 0x233b4125, 0x35352f46, 0x112a1a21, 0x4d4d0113, 0x1a250e17, 
0x01011216, 0x2629093d, 0x27212116, 0x211d160b, 0x281e1916, 0x3043232b, 0x4c244638, 0x3a4a103e, 
0x160b171b, 0xa1fb280b, 0x1f322866, 0x05100a17, 0x203e3403, 0x34371c20, 0x1d1a1620, 0x221c1a1e, 
0x14000100, 0xec01c0ff, 0x3f000501, 0x22570000, 0x34352626, 0x32333636, 0x2715021e, 0x33363634, 
0x23171632, 0x35353426, 0x35231133, 0x26261533, 0x15062223, 0x07171614, 0x22232626, 0x16141506, 
0x26220733, 0x33363435, 0x14151632, 0x3f209c06, 0x263c2329, 0x1e2f3517, 0x16291b31, 0x13112b1c, 
0x214d4d01, 0x171b2c12, 0x3d01011a, 0x1b233105, 0x052c2425, 0x18211f16, 0x402c1f1d, 0x29304424, 
0x240f213c, 0x35102e3e, 0x181e193d, 0x350a170b, 0x62cacffe, 0x1f213228, 0x03051007, 0x2324372c, 
0x2034371f, 0x1f221a16, 0x00241d1b, 0x14000100, 0xdb01edff, 0x3d004101, 0x35450000, 0x26261533, 
0x15062223, 0x07171614, 0x22232626, 0x16141506, 0x26220733, 0x36343526, 0x15163233, 0x22230614, 
0x34352626, 0x16323336, 0x34271716, 0x16323336, 0x34262317, 0x11333535, 0x0e178e01, 0x16121a24, 
0x093c0101, 0x25192529, 0x0f052521, 0x16210f18, 0x23271e19, 0x49263a1d, 0x33451e3a, 0x1f373501, 
0x14102a1a, 0xbd0a4d01, 0x20322862, 0x0510071d, 0x21373703, 0x3432231d, 0x190f190e, 0x1c1a1d1e, 
0x34422023, 0x4b234638, 0x4147103c, 0x160a181c, 0xb5fe5c0a, 0x14000100, 0xd90136ff, 0x3d00b200, 
0x22570000, 0x34352626, 0x16323336, 0x34271716, 0x32333636, 0x26231716, 0x33353534, 0x33352311, 
0x23262615, 0x14150622, 0x26071716, 0x06222326, 0x33161415, 0x35262207, 0x32333634, 0x06141516, 
0x253b1f93, 0x40233845, 0x1a32052d, 0x2a1b1628, 0x4d011410, 0x230e154d, 0x01181317, 0x2a073d01, 
0x22221b23, 0x1c150528, 0x1e19161f, 0x4122ca29, 0x2046382e, 0x32103946, 0x171b1738, 0x820a170a, 
0x58aba1fe, 0x1d1a2627, 0x03050f07, 0x20213132, 0x2034321b, 0x1d1d1a16, 0x00241c19, 0x14000200, 
0x8b01a400, 0x1d006e02, 0x00002100, 0x35262277, 0x32333634, 0x06141516, 0x36323523, 0x26263435, 
0x1e323523, 0x06141502, 0x21350306, 0x2f22e315, 0x241b1d25, 0x1b1d2422, 0x3e4e6b38, 0x17345a73, 
0x7701f632, 0x1d2225a4, 0x171f1f25, 0x16223b25, 0x4b2d4729, 0x39593e20, 0x0124381e, 0x00474783, 
0x14000200, 0x8b01b800, 0x1e006e02, 0x00002200, 0x35262277, 0x32333634, 0x06141516, 0x36323507, 
0x022e3435, 0x1e323523, 0x06141502, 0x21350306, 0x3121e615, 0x241a1c25, 0x1b1d2422, 0x3a5a3d20, 
0x345a733e, 0x01f93016, 0x2426b877, 0x1f1f221d, 0x3b042617, 0x341b1221, 0x204b1a2a, 0x1d35543c, 
0x6f012034, 0x01004747, 0xa9001400, 0xb2015001, 0x00002300, 0x35262277, 0x32333634, 0x06141516, 
0x36323723, 0x26343536, 0x07062223, 0x33023e23, 0x15161632, 0xda060614, 0x171f2b26, 0x201d1d17, 
0x0e1d170c, 0x3d2a211f, 0x3a123316, 0x3b2a2547, 0xa936201f, 0x1e171c23, 0x220f171d, 0x141d103b, 
0x403e2019, 0x22255648, 0x3c28263b, 0x01000022, 0xd6ff1400, 0x02010401, 0x00001d00, 0x35262257, 
0x32333634, 0x06141516, 0x36322723, 0x26343536, 0x32352326, 0x1415021e, 0x291ea906, 0x201a1c21, 
0x130f2427, 0x4a2a0d1a, 0x44562e31, 0x242a3128, 0x1c22191d, 0x391e191a, 0x1d0c120b, 0x1c492134, 
0x312d4834, 0x01000036, 0x92ff1400, 0xc700f800, 0x00000e00, 0x27262657, 0x17161635, 0x35262623, 
0xa8113335, 0x372a402a, 0x02152554, 0x276e4d02, 0x12430d2a, 0x2d192c38, 0xcbfea420, 0x14000100, 
0xe500a2ff, 0x16003401, 0x2e570000, 0x36343502, 0x06061737, 0x36363507, 0x06061737, 0x17161415, 
0x0205038f, 0x22060b09, 0x462e2148, 0x0b0b3627, 0x1e5e0504, 0x29203432, 0x07172962, 0x104f0c17, 
0x2b370715, 0x402b395c, 0x01000029, 0xea001400, 0xca017701, 0x00001e00, 0x23022e65, 0x23150622, 
0x33363634, 0x14151632, 0x22230606, 0x36343526, 0x16163233, 0x64011517, 0x244a4014, 0x0d391e1f, 
0x2826191f, 0x29182415, 0x33344631, 0xea1b4655, 0x1a29452a, 0x1924101a, 0x24192124, 0x34253614, 
0x29422736, 0x0100004e, 0x86ff1400, 0x0f00d200, 0x00000700, 0x17161677, 0x27262607, 0x20573823, 
0x2b4b2226, 0x22300d0f, 0x0c241e2a, 0x14000200, 0x3001aa00, 0x03006e02, 0x00000700, 0x11331177, 
0x15213503, 0x01b64d7d, 0x9101aa1c, 0x7d016ffe, 0x01004747, 0xbe001400, 0xb002ca00, 0x00000700, 
0x17331177, 0x11231533, 0x6a173514, 0xf201be69, 0x97fe4742, 0x14000100, 0xca009600, 0x0700b002, 
0x11770000, 0x15331733, 0x35141123, 0x96696a17, 0x47421a02, 0x01006ffe, 0x69021400, 0x9003e701, 
0x00001700, 0x23263441, 0x26262223, 0x37363435, 0x15060617, 0x33331614, 0x17161632, 0x2e249f01, 
0x35624161, 0x024a0203, 0x5d3c4102, 0x02294c37, 0x26316902, 0x0d374420, 0x0c050e1a, 0x2b320812, 
0x00384621, 0x14000100, 0x2d026902, 0x17009003, 0x34410000, 0x22232326, 0x34352626, 0x06173736, 
0x16141506, 0x16323333, 0xe5011716, 0x41a72e24, 0x02033562, 0x4102024a, 0x4c37a33c, 0x69020229, 
0x44202631, 0x0e1a0d37, 0x08120c05, 0x46212b32, 0x01000038, 0xf9011400, 0x9003ca01, 0x00001900, 
0x34352741, 0x22232326, 0x34352626, 0x06173736, 0x16141506, 0x16323333, 0xca011516, 0x442e2448, 
0x03356241, 0x02024a02, 0x37403c41, 0xf901294e, 0x26313838, 0x0d374420, 0x0c050e1a, 0x2b320812, 
0x00384621, 0x14000100, 0x37026902, 0x1c007c03, 0x34410000, 0x06222326, 0x26222306, 0x36343526, 
0x06061737, 0x33161415, 0x33363632, 0x01171632, 0x23281fef, 0x2e2f534c, 0x02032b4a, 0x34020247, 
0x52542033, 0x034b441c, 0x2e2c6902, 0x46240c0b, 0x0e1a0d31, 0x08120c05, 0x0c0c342d, 0x01004c53, 
0x69021400, 0x7c033702, 0x00001c00, 0x23263441, 0x23060622, 0x35262622, 0x17373634, 0x14150606, 
0x36323316, 0x16323336, 0x1fef0117, 0x534c2328, 0x2b4a2e2f, 0x02470203, 0x20333402, 0x441c5254, 
0x6902034b, 0x0c0b2e2c, 0x0d314624, 0x0c050e1a, 0x342d0812, 0x4c530c0c, 0x14000100, 0xf201f901, 
0x1d008103, 0x27410000, 0x23263435, 0x23060622, 0x34352622, 0x06173736, 0x16141506, 0x36363233, 
0x15163233, 0x1f48f201, 0x35362126, 0x025f4620, 0x02024a03, 0x371e312c, 0x4a4c1734, 0x3838f901, 
0x07062c2c, 0x190d4a4e, 0x110d050f, 0x062e2b08, 0x004d5306, 0x14000100, 0xe7013a02, 0x18008c03, 
0x35410000, 0x23232634, 0x35262622, 0x17373634, 0x14150606, 0x32333316, 0x01151516, 0x612e249f, 
0x03356142, 0x02024a02, 0x5a5d3d40, 0x253a0254, 0x4921242a, 0x0d1e0e3c, 0x09190e05, 0x50462c36, 
0x01000025, 0x69021400, 0x8c032e02, 0x00001900, 0x23263441, 0x26262223, 0x37363435, 0x15060617, 
0x33161614, 0x32333133, 0xe6011516, 0x42a82e24, 0x02033561, 0x1c02024a, 0x42622938, 0x6902545a, 
0x49212123, 0x0d1e0e3c, 0x09190e05, 0x46132b24, 0x01000046, 0x14021400, 0x8c03d401, 0x00001900, 
0x34352741, 0x22232326, 0x34352626, 0x06173736, 0x16141506, 0x32333316, 0xd4011516, 0x4e2e2448, 
0x03356142, 0x02024a02, 0x4a29381c, 0x1402545a, 0x242a2823, 0x0e3c4921, 0x0e050d1e, 0x2b240919, 
0x00504613, 0x14000100, 0xc3005e02, 0x0e009503, 0x26530000, 0x36343526, 0x06061737, 0x16161415, 
0x2e256717, 0x20332c2d, 0x1d2c171d, 0x52315e02, 0x1f422a29, 0x1d2a1938, 0x21373017, 0x14000100, 
0xc4005c02, 0x0d009503, 0x26530000, 0x36343526, 0x06061737, 0x17161415, 0x2d2d2465, 0x1d20332c, 
0x5c022c35, 0x2a2e4f31, 0x19381d44, 0x4c231d2a, 0x01000032, 0x5e021400, 0x5a03c300, 0x00000e00, 
0x15060653, 0x17161614, 0x35262623, 0x7c373634, 0x2c170c0d, 0x2e255c1d, 0x3d030d0d, 0x17141e0e, 
0x31213730, 0x27172952, 0x01000012, 0x5c021400, 0x4903c400, 0x00000e00, 0x35022e53, 0x17373634, 
0x14150606, 0x18651716, 0x07081524, 0x3506074d, 0x215c022c, 0x111f3737, 0x0b1b0e20, 0x4c230e18, 
0x01000032, 0x5e021400, 0x8503c300, 0x00000d00, 0x35262653, 0x17373634, 0x14150606, 0x25671716, 
0x331e282e, 0x2c341911, 0x52315e02, 0x133e2a29, 0x1d240f38, 0x00324b22, 0x14000100, 0xbc005c02, 
0x0d008703, 0x26530000, 0x36343526, 0x06061737, 0x17161415, 0x1f26235d, 0x16143121, 0x5c022c35, 
0x262b4d31, 0x132f1f3d, 0x4b281c28, 0x01000032, 0x270288ff, 0x6e020a00, 0x00000300, 0x15333543, 
0x27028278, 0x01004747, 0x2702f6ff, 0x6e027d00, 0x00000300, 0x15333543, 0x2702870a, 0x01004747, 
0x2702f6ff, 0x6e02d200, 0x00000300, 0x15333543, 0x2702dc0a, 0x01004747, 0x2702a6ff, 0x6e020401, 
0x00000300, 0x15213543, 0x025e015a, 0x00474727, 0x97ff0100, 0x0a002702, 0x03006e02, 0x35430000, 
0x73691533, 0x47472702, 0xf6ff0100, 0xa2012702, 0x03006e02, 0x35430000, 0x010a1521, 0x472702ac, 
0x02000047, 0x9e027aff, 0x4003a000, 0x1b000f00, 0x22530000, 0x37272626, 0x32331616, 0x0e173736, 
0x26222702, 0x33363435, 0x14151632, 0x3c290806, 0x05360623, 0x282a2829, 0x27044206, 0x13132e41, 
0x12141313, 0x239e0212, 0x2209263e, 0x0925383b, 0x58233d27, 0x170e0d18, 0x180d0e17, 0x68ff0200, 
0x9a00ba02, 0x0e006603, 0x00001a00, 0x27262253, 0x33161637, 0x17373632, 0x2227020e, 0x36343526, 
0x15163233, 0x43020614, 0x0542084f, 0x282a2829, 0x25044206, 0x13133041, 0x12141313, 0x55ba0212, 
0x33340948, 0x31093730, 0x18622646, 0x17170e0d, 0x00180d0e, 0xc4ff0100, 0x3c0047ff, 0x0b00bfff, 
0x22550000, 0x36343526, 0x15163233, 0x23190614, 0x23191923, 0x1a22b923, 0x1a22221a, 0x0100221a, 
0x0000f6ff, 0x8103fd02, 0x00001d00, 0x35231173, 0x27262633, 0x32333636, 0x07171616, 0x2223022e, 
0x16160706, 0x23153317, 0x57685e11, 0x310c1e0f, 0x8e496ba5, 0x492e468b, 0x5239737d, 0x1d08227a, 
0x02696f11, 0x32164727, 0x25605615, 0x3930394a, 0x303e183e, 0x471a3012, 0x0100d9fd, 0x0000f6ff, 
0x82032603, 0x00001d00, 0x35231173, 0x27262633, 0x32333636, 0x07171616, 0x2223022e, 0x16160706, 
0x23153317, 0x57685e11, 0x340c1e0f, 0x964e71ab, 0x4d2d4a94, 0x593d7c87, 0x1c09257f, 0x02696f11, 
0x32164727, 0x25605616, 0x3a31384b, 0x313f183e, 0x471a3011, 0x0100d9fd, 0x0000f6ff, 0x83036203, 
0x00001d00, 0x35231173, 0x27262633, 0x32333636, 0x07171616, 0x2223022e, 0x16160706, 0x23153317, 
0x57685e11, 0x370c1e0f, 0xa3547bb5, 0x532b4fa1, 0x62448a94, 0x1c082789, 0x02696f11, 0x32164727, 
0x25605716, 0x3931394a, 0x3241193f, 0x471a3010, 0x0100d9fd, 0x0000f6ff, 0x84038503, 0x00001d00, 
0x35231173, 0x27262633, 0x32333636, 0x07171616, 0x2223022e, 0x16160706, 0x23153317, 0x57685e11, 
0x390c1e0f, 0xab5880bb, 0x562a52a8, 0x6848929c, 0x1c08298e, 0x02696f11, 0x32164727, 0x25615716, 
0x3932384b, 0x32421a3f, 0x471a2f11, 0x0100d9fd, 0x0000f6ff, 0x8603d603, 0x00001d00, 0x35231173, 
0x27262633, 0x32333636, 0x07171616, 0x2223022e, 0x16160706, 0x23153317, 0x57685e11, 0x3e0c1e0f, 
0xbe5f8dc8, 0x5e2859b9, 0x7552a5ad, 0x1b082c9a, 0x02696f11, 0x32164727, 0x26625816, 0x3934384a, 
0x34441b40, 0x471a2f0f, 0x0100d9fd, 0x0000f6ff, 0x8703fe03, 0x00001d00, 0x35231173, 0x27262633, 
0x32333636, 0x07171616, 0x2223022e, 0x16160706, 0x23153317, 0x57685e11, 0x400c1d0f, 0xc76394cd, 
0x62275cc2, 0x7c56aeb6, 0x1b072da0, 0x02696f11, 0x32164727, 0x26625916, 0x3834374b, 0x34451b41, 
0x471a2e10, 0x0100d9fd, 0x0000f6ff, 0x8a038b04, 0x00001d00, 0x35231173, 0x27262633, 0x32333636, 
0x07171616, 0x2223022e, 0x16160706, 0x23153317, 0x57685e11, 0x490c1d0f, 0xe772aae3, 0x702368df, 
0x9267cfd4, 0x190834b5, 0x02696f11, 0x32164727, 0x27635b16, 0x3838364a, 0x35491d42, 0x471a2d0f, 
0x0100d9fd, 0x0000f6ff, 0x8b03bd04, 0x00001e00, 0x35231173, 0x27262633, 0x32333636, 0x07171616, 
0x2223022e, 0x16070606, 0x15331716, 0x685e1123, 0x0c1d0f57, 0x77b2eb4c, 0x216ceaf2, 0x6cdae075, 
0x236b9867, 0x6f111907, 0x47270269, 0x5c163216, 0x364a2763, 0x1d433738, 0x0e243a22, 0xfd471a2d, 
0x010000d9, 0x0000f6ff, 0x8c03dc04, 0x00001e00, 0x35231173, 0x27262633, 0x32333636, 0x07171616, 
0x2223022e, 0x16070606, 0x15331716, 0x685e1123, 0x0c1d0f57, 0x7bb6f04e, 0x216ff1f8, 0x70e1e678, 
0x256d9c6a, 0x6f111907, 0x47270269, 0x5b173216, 0x354b2764, 0x1e423839, 0x0f243b22, 0xfd471a2c, 
0x010000d9, 0x0000f6ff, 0x8003c602, 0x00001d00, 0x35231173, 0x27262633, 0x32333636, 0x07171616, 
0x2223022e, 0x16160706, 0x23153317, 0x57685e11, 0x2e0c1e0f, 0x8144629c, 0x4330427f, 0x49326672, 
0x1d092072, 0x02696f11, 0x32164727, 0x255f5615, 0x392e3a4a, 0x303d173e, 0x471a3111, 0x0100d9fd, 
0x0000f6ff, 0x7f03a802, 0x00001d00, 0x35231173, 0x27262633, 0x32333636, 0x07171616, 0x2223022e, 
0x16160706, 0x23153317, 0x57685e11, 0x2c0c1e0f, 0x7a405e97, 0x40313f7a, 0x442f5f6b, 0x1d091f6d, 
0x02696f11, 0x32164727, 0x245f5515, 0x392d3a4b, 0x2f3c173d, 0x471a3112, 0x0100d9fd, 0x0000f6ff, 
0x7d036102, 0x00001e00, 0x35231173, 0x27262633, 0x3233023e, 0x07171616, 0x2223022e, 0x16160706, 
0x23153317, 0x57685e11, 0x1a0b1f0f, 0x39386451, 0x32396a6a, 0x274f5b3a, 0x091c6239, 0x696f111e, 
0x16472702, 0x50381532, 0x3a4b232a, 0x153d3a2d, 0x32122e3a, 0xd9fd471a, 0xf6ff0100, 0xa8020000, 
0x1d009503, 0x11730000, 0x26333523, 0x36362726, 0x16163233, 0x022e2317, 0x07062223, 0x33171616, 
0x5e112315, 0x200f5768, 0x6c90290b, 0x2b748849, 0x5f623040, 0x1f67552f, 0x6f111e09, 0x47270269, 
0x5c153216, 0x445c2f6e, 0x471a3a32, 0x1a31113b, 0x00d9fd47, 0xf6ff0100, 0x52030000, 0x1e009503, 
0x11730000, 0x26333523, 0x36362726, 0x16163233, 0x022e2317, 0x06062223, 0x17161607, 0x11231533, 
0x1057685e, 0xb7290b1f, 0x94b06086, 0x833a4035, 0x6d404a8c, 0x1e09164f, 0x02696f11, 0x32164727, 
0x2f6b5f15, 0x3a32445c, 0x293a1f1a, 0x471a3111, 0x0100d9fd, 0x0000f6ff, 0x9503c303, 0x00002200, 
0x35231173, 0x27262633, 0x32333636, 0x07171616, 0x3127022e, 0x22232626, 0x16070606, 0x15331716, 
0x685e1123, 0x0c1d1057, 0x5da6cf39, 0x364da7b0, 0x517c6f3d, 0x541a3016, 0x081b577d, 0x696f121a, 
0x16472702, 0x6d5c1632, 0x133d4a23, 0x051c2f22, 0x3d240102, 0x1a2e1026, 0x00d9fd47, 0xf6ff0100, 
0x3e040000, 0x24009503, 0x11730000, 0x26333523, 0x023e2726, 0x16163233, 0x022e0717, 0x26263127, 
0x020e2223, 0x17161607, 0x11231533, 0x0f57685e, 0x7f280c1d, 0xd0627dba, 0x3c3652c7, 0x272e7f89, 
0x7e51294f, 0x0815425f, 0x696f111a, 0x16472702, 0x5b3c1632, 0x384b2732, 0x1c2c1e13, 0x15060504, 
0x101c3125, 0xfd471a2e, 0x010000d9, 0x0000f6ff, 0x95037a04, 0x00002400, 0x35231173, 0x27262633, 
0x3233023e, 0x0717021e, 0x3127022e, 0x22232626, 0x16070606, 0x15331716, 0x685e1123, 0x0c1d0f57, 
0x82c88a28, 0x93a1a651, 0x8e3c363e, 0x52272e84, 0x6fad7530, 0x111a081c, 0x2702696f, 0x16321647, 
0x16325b3c, 0x132a3f2b, 0x041c2c1e, 0x3d250605, 0x1a2e1025, 0x00d9fd47, 0xf6ff0100, 0x8e020000, 
0x1e007e03, 0x11730000, 0x26333523, 0x023e2726, 0x16163233, 0x022e0717, 0x07062223, 0x33171616, 
0x5e112315, 0x1f0f5768, 0x67531a0b, 0x76734137, 0x64432c45, 0x634a3157, 0x111e0919, 0x2702696f, 
0x15321647, 0x24244f40, 0x3a2d3a4b, 0x3535163d, 0x471a3211, 0x0100d9fd, 0x0000f6ff, 0x7e03fc02, 
0x00001d00, 0x35231173, 0x27262633, 0x32333636, 0x07171616, 0x2223022e, 0x16160706, 0x23153317, 
0x57685e11, 0x370c1e0f, 0x924a619b, 0x45244891, 0x513c7d84, 0x1d08296e, 0x02696f12, 0x32164727, 
0x2b526016, 0x2f2f304a, 0x3838203f, 0x471a3010, 0x0100d9fd, 0x0000f6ff, 0x7e035303, 0x00001d00, 
0x35231173, 0x27262633, 0x32333636, 0x07171616, 0x2223022e, 0x16160706, 0x23153317, 0x57685e11, 
0x310c1e0f, 0xab556eb0, 0x4a214ba5, 0x5d469699, 0x1c08287e, 0x02696f11, 0x32164727, 0x2b535f16, 
0x2f322e49, 0x3a36203f, 0x471a3010, 0x0100d9fd, 0x0000fcfd, 0x8b031401, 0x00002f00, 0x35231173, 
0x23032e33, 0x15060622, 0x32331614, 0x16323336, 0x35231515, 0x22232634, 0x22230606, 0x36343526, 
0x16323336, 0x15331716, 0x685e1123, 0x5f3a0468, 0x55384279, 0x201f242e, 0x57512e3b, 0x1e2f234d, 
0x4416272d, 0x52733d58, 0x0666bd87, 0x27026966, 0x31533f47, 0x13190d15, 0x3e040e10, 0x270a0a4e, 
0x2d020220, 0x1f3a2734, 0x475c7f42, 0x0100d9fd, 0x00007efe, 0x8b031401, 0x00002200, 0x35231173, 
0x23032e33, 0x15060622, 0x17331614, 0x35022e22, 0x33363634, 0x17161632, 0x11231533, 0x0468685e, 
0x2e5b4e32, 0x20213c27, 0x3622081b, 0x60391426, 0x5797673c, 0x02696606, 0x533f4727, 0x150b1531, 
0x4110120f, 0x1a26180c, 0x421b3325, 0xfd475c7f, 0x010000d9, 0x000042fe, 0x8b031401, 0x00002000, 
0x35231173, 0x23032e33, 0x14150622, 0x22171716, 0x3435022e, 0x16323336, 0x15331716, 0x685e1123, 
0x5f3c0468, 0x4a3a3971, 0x22081b20, 0x74142636, 0x64b37a61, 0x02696606, 0x533f4727, 0x19161531, 
0x41020e12, 0x1a26180c, 0x7f423a39, 0xd9fd475c, 0xacfd0100, 0x14010000, 0x32008b03, 0x11730000, 
0x2e333523, 0x06222302, 0x33161415, 0x33033e32, 0x15151632, 0x26343523, 0x020e2223, 0x26262223, 
0x36363435, 0x16163233, 0x23153317, 0x68685e11, 0x68a56405, 0x1f246b82, 0x2b2c2c16, 0x5957132a, 
0x1e38264d, 0x1734383a, 0x4124422c, 0xc9966b88, 0x69660669, 0x54472702, 0x1d20265e, 0x03021113, 
0x4d3a0202, 0x1d270a0a, 0x18030503, 0x3c25202e, 0x5c7f4224, 0x00d9fd47, 0xfcfd0100, 0x14010000, 
0x28008b03, 0x11730000, 0x2e333523, 0x06222303, 0x16141506, 0x36323316, 0x06061737, 0x26262223, 
0x36363435, 0x16163233, 0x23153317, 0x68685e11, 0x795f3a04, 0x2e553842, 0x27333715, 0x5a055967, 
0x5c46286a, 0x52733d2c, 0x0666bd87, 0x27026966, 0x31533f47, 0x13180c15, 0x0508120d, 0x05064304, 
0x27252f16, 0x7f421e39, 0xd9fd475c, 0xbcfe0200, 0x14010000, 0x07009003, 0x00002000, 0x35231173, 
0x11231521, 0x23263403, 0x26262223, 0x37363435, 0x15060617, 0x33161614, 0x16163233, 0x01685e17, 
0x2448691e, 0x61417d2f, 0x4a030235, 0x381d0202, 0x4c387928, 0x27020228, 0xd9fd4747, 0x26316902, 
0x0d374420, 0x0c050f19, 0x29210812, 0x38462113, 0xb3fd0200, 0x14010000, 0x07009503, 0x00002500, 
0x23112373, 0x23152135, 0x26263427, 0x06062223, 0x26262223, 0x37363435, 0x15060617, 0x32331614, 
0x32333636, 0x4dab1716, 0x691e0168, 0x29321648, 0x317a7e35, 0x02376545, 0x02024a03, 0x7d3a3c41, 
0x625b3a7f, 0x47270203, 0x2a244747, 0x270d0c13, 0x190d374c, 0x120c050f, 0x0d363608, 0x0058510c, 
0x11ff0100, 0xc70047ff, 0x1e003600, 0x2e570000, 0x06222302, 0x33161415, 0x27363632, 0x23020e17, 
0x35262622, 0x32333634, 0x96171616, 0x2f484c34, 0x13242423, 0x0211251d, 0x42220247, 0x2c3c1632, 
0x5d41404b, 0x38b93657, 0x181e294e, 0x3725181e, 0x46231d19, 0x2b34172d, 0x55303f35, 0x01000039, 
0xf4fe31ff, 0x0100e700, 0x00002200, 0x23022e53, 0x14150622, 0x36323316, 0x33353536, 0x020e1415, 
0x26262223, 0x33363435, 0x17021e32, 0x484c34b6, 0x2424232f, 0x10241d13, 0x3927134d, 0x2d3d1926, 
0x4c30404b, 0xfe284443, 0x294e38f4, 0x181e181e, 0x551c3623, 0x2d3d2561, 0x2b341718, 0x321b3f35, 
0x01002b46, 0x33ff17ff, 0x2200c600, 0x00002500, 0x23022e57, 0x14150622, 0x36323316, 0x26343536, 
0x16332726, 0x06141516, 0x26222306, 0x36343526, 0x16163233, 0x4b349517, 0x24232c45, 0x29201324, 
0x02040315, 0x2a050552, 0x3f1e324b, 0x3e404b2b, 0xcd36555b, 0x1e294e38, 0x20181e18, 0x09051f36, 
0x1b10040a, 0x2b45260e, 0x352b3417, 0x3955303f, 0x31ff0100, 0xe700fefe, 0x22000100, 0x2e530000, 
0x06222302, 0x33161415, 0x35363632, 0x14153335, 0x2223020e, 0x34352626, 0x1e323336, 0x34b61702, 
0x232f484c, 0x1d132424, 0x134d1024, 0x19263927, 0x404b2d3d, 0x44434c30, 0x38fefe28, 0x181e294e, 
0x3623181e, 0x25574b1c, 0x17182d3d, 0x3f352b34, 0x2b46321b, 0x30ff0100, 0xe600dafe, 0x22002200, 
0x2e530000, 0x06222302, 0x33161415, 0x35363632, 0x14153335, 0x2223020e, 0x34352626, 0x1e323336, 
0x34b51702, 0x232f484c, 0x1d132424, 0x134d1024, 0x19263927, 0x404b2d3d, 0x44434c30, 0x38dafe28, 
0x181e294e, 0x3623181e, 0x259c901c, 0x17182d3d, 0x3f352b34, 0x2b46321b, 0x30ff0100, 0xe600c1fe, 
0x22002200, 0x2e530000, 0x06222302, 0x33161415, 0x35363632, 0x14153335, 0x2223020e, 0x34352626, 
0x1e323336, 0x34b51702, 0x232f484c, 0x1d132424, 0x134d1024, 0x19263927, 0x404b2d3d, 0x44434c30, 
0x38c1fe28, 0x181e294e, 0x3623181e, 0x25b5a91c, 0x17182d3d, 0x3f352b34, 0x2b46321b, 0x38ff0100, 
0xc20042ff, 0x25003600, 0x2e570000, 0x06372702, 0x26222306, 0x36343526, 0x16323336, 0x26260717, 
0x15062223, 0x32331614, 0x1e373636, 0x19991702, 0x33162326, 0x1f38411f, 0x4223283d, 0x162a0f2f, 
0x0b250e0d, 0x19262728, 0x17212118, 0x202e291a, 0x161a14be, 0x312a150c, 0x25273419, 0x06061c35, 
0x1b05043d, 0x0f1d191b, 0x1a0f1c21, 0x0100191f, 0xf9fe50ff, 0x0300da00, 0x00002900, 0x27022e53, 
0x23060637, 0x35262622, 0x33363634, 0x07171632, 0x07153335, 0x22232626, 0x16141506, 0x36363233, 
0x17021e37, 0x232619b1, 0x411f3316, 0x283e1f37, 0x142b4326, 0x4d291021, 0x0b260e26, 0x1a262a25, 
0x17212117, 0x202e291a, 0x1a14f9fe, 0x2a150c16, 0x27341a31, 0x041c3323, 0x3b402003, 0x1a030324, 
0x0e1c1919, 0x1a0f1c21, 0x0100191f, 0x37ff40ff, 0x3600c200, 0x00002600, 0x27022e57, 0x23020e37, 
0x35262622, 0x33363634, 0x17161632, 0x23262607, 0x14150622, 0x36323316, 0x17021e37, 0x22261c9b, 
0x2b143416, 0x3e1f2031, 0x2b412428, 0x14272714, 0x1122152f, 0x1a262620, 0x1a1c2a23, 0xc9202d29, 
0x0c171a13, 0x0e211c13, 0x2327341a, 0x10071c33, 0x0507270e, 0x1c19191a, 0x1b101d1e, 0x0100171f, 
0xd7fe50ff, 0x2200da00, 0x00002900, 0x27022e53, 0x23060637, 0x35262622, 0x33363634, 0x07171632, 
0x07153335, 0x22232626, 0x16141506, 0x36363233, 0x17021e37, 0x232619b1, 0x411f3316, 0x283e1f37, 
0x142b4326, 0x4d291021, 0x0b260e26, 0x1a262a25, 0x17212117, 0x202e291a, 0x1a14d7fe, 0x2a150c16, 
0x27341a31, 0x041c3323, 0x7c812003, 0x1a030324, 0x0e1c1919, 0x1a0f1c21, 0x0100191f, 0xbefe50ff, 
0x2200da00, 0x00002900, 0x27022e53, 0x23060637, 0x35262622, 0x33363634, 0x07171632, 0x07153335, 
0x22232626, 0x16141506, 0x36363233, 0x17021e37, 0x232619b1, 0x411f3316, 0x283e1f37, 0x142b4326, 
0x4d291021, 0x0b260e26, 0x1a262a25, 0x17212117, 0x202e291a, 0x1a14befe, 0x2a150c16, 0x27341a31, 
0x041c3323, 0x959a2003, 0x1a030324, 0x0e1c1919, 0x1a0f1c21, 0x0100191f, 0xfcfe41ff, 0x0300cb00, 
0x00002900, 0x27022e53, 0x23060637, 0x35262622, 0x33363634, 0x07171632, 0x07153335, 0x22232626, 
0x16141506, 0x36363233, 0x17021e37, 0x232619a2, 0x411f3316, 0x283e1f37, 0x142b4326, 0x4d1a1021, 
0x0b260e35, 0x1a262a25, 0x17212117, 0x202e291a, 0x1a14fcfe, 0x2a150c16, 0x27341a31, 0x041c3323, 
0x383d2003, 0x1a030324, 0x0e1c1919, 0x1a0f1c21, 0x0100191f, 0x6affb1ff, 0x7e00e600, 0x00001200, 
0x27022e57, 0x37363627, 0x07020e17, 0x17021e27, 0x4d4c2bc1, 0x842a1c30, 0x43241544, 0x2d14173a, 
0x96245158, 0x081a2a22, 0x13371a42, 0x1a170a44, 0x1f071d0d, 0x0200202e, 0xe9fea9ff, 0x6e00f400, 
0x26001400, 0x26570000, 0x26272726, 0x36272726, 0x06173736, 0x1e270706, 0x26071702, 0x36272726, 
0x0e173736, 0x1e270702, 0x1fd61702, 0x280e1a36, 0x361c2448, 0x37124088, 0x34102667, 0x1e29555c, 
0x1c517a40, 0x4b2e5934, 0x153f4620, 0x5c5f2c12, 0x1c128925, 0x1410060b, 0x29164206, 0x1c0c420d, 
0x1f0a210e, 0x27be1c2b, 0x14420e32, 0x092b0a21, 0x1f0f1513, 0x192c2005, 0x54ff0100, 0x8e001bff, 
0x41008c00, 0x27570000, 0x34353636, 0x06222326, 0x17161415, 0x33363423, 0x14151632, 0x26222306, 
0x33363435, 0x14151632, 0x36270706, 0x26343536, 0x26262726, 0x37363435, 0x15060617, 0x17161614, 
0x1415021e, 0x3018020e, 0x171a0503, 0x09101816, 0x1411142a, 0x1c171a13, 0x3031372b, 0x0b07063f, 
0x31111b1c, 0x022f4930, 0x01014202, 0x3e252108, 0x26191b43, 0x0a23e528, 0x1d221019, 0x1416141b, 
0x16131103, 0x2d19130f, 0x3a3b292d, 0x0c1c123e, 0x1f320d27, 0x081b2314, 0x071f300d, 0x030b0a0d, 
0x10080307, 0x2b0b070d, 0x37252239, 0x02001626, 0xccfe5aff, 0x8f001801, 0x75004100, 0x22470000, 
0x36343526, 0x15163233, 0x27071414, 0x34353636, 0x2e272626, 0x36343502, 0x06061737, 0x16161415, 
0x15021e17, 0x07060614, 0x35363623, 0x22232634, 0x16141506, 0x36342317, 0x15163233, 0x27170614, 
0x34353636, 0x06222326, 0x17161415, 0x33363423, 0x14151632, 0x26222306, 0x33363435, 0x14151632, 
0x36270706, 0x26343536, 0x021e3727, 0x020e1415, 0x372b1c5b, 0x013f3031, 0x13212926, 0x39353435, 
0x42020214, 0x25090101, 0x1a48442a, 0x790d140c, 0x171a0202, 0x09101816, 0x1411142a, 0x30db1a13, 
0x13190305, 0x09101717, 0x1411142a, 0x1d181a13, 0x30313729, 0x0b07063a, 0x34261f23, 0x193a3219, 
0xc52b2a1c, 0x3926292c, 0x06023838, 0x1e090d03, 0x161b111b, 0x261d0a09, 0x0a0d0716, 0x0307030b, 
0x07111208, 0x1e34290b, 0x0a192115, 0x1c070e08, 0x14101a1b, 0x13110311, 0x19130f16, 0x150c236f, 
0x1b1b1c0a, 0x030f1213, 0x0f161311, 0x282b1814, 0x38383a27, 0x270c1a0c, 0x1c182908, 0x0b370b28, 
0x231c3429, 0x00112132, 0xf6ff0200, 0x7301fbff, 0x07006e02, 0x00002c00, 0x15213543, 0x23060627, 
0x26262213, 0x023e3435, 0x23153333, 0x15020e22, 0x33161614, 0x07373632, 0x34352622, 0x16323336, 
0x0a061415, 0x12877301, 0x33691a2a, 0x4c293255, 0x0718416a, 0x2641502b, 0x19213019, 0x1e431622, 
0x26212725, 0x27023325, 0x02044747, 0x3dd4fd02, 0x874c4f72, 0x2b473b67, 0x3a497351, 0x0d0a244c, 
0x1d1f264e, 0x281d2d2a, 0x0200002d, 0xfbfff6ff, 0x6e028901, 0x2d000700, 0x35430000, 0x06271521, 
0x22132306, 0x34352626, 0x3333023e, 0x0e222315, 0x16141502, 0x36323316, 0x26220737, 0x36343526, 
0x15163233, 0x010a0614, 0x2a125f4b, 0x673c911a, 0x5f41213f, 0x2607123d, 0x2c1d3344, 0x22192343, 
0x1e143416, 0x26212711, 0x27023925, 0x02044747, 0x43d4fd02, 0x723a6588, 0x2747395e, 0x4f3a6146, 
0x0d0a2b60, 0x14201148, 0x1d2d2a1d, 0x01003328, 0xfbff3b00, 0x6e027301, 0x00002500, 0x26262257, 
0x023e3435, 0x23153333, 0x15020e22, 0x33161614, 0x07373632, 0x35262622, 0x32333634, 0x06141516, 
0x345937ff, 0x416a4c29, 0x502b0718, 0x31202641, 0x16221919, 0x111e1434, 0x25262127, 0x77420534, 
0x6782464f, 0x502c473c, 0x503f436f, 0x4e0d0a25, 0x1d151f11, 0x281d2d2a, 0x0100002d, 0xfbff3b00, 
0x6e027301, 0x00002400, 0x26262257, 0x023e3435, 0x23153333, 0x15020e22, 0x33161614, 0x07373632, 
0x34352622, 0x16323336, 0xf5061415, 0x29325533, 0x18416a4c, 0x41502b07, 0x21301926, 0x43162219, 
0x2127251e, 0x05332526, 0x4c4f723d, 0x473b6787, 0x4973512b, 0x0a244c3a, 0x1f264e0d, 0x1d2d2a1d, 
0x01002d28, 0xfbff3b00, 0x6e028901, 0x00002500, 0x26262245, 0x023e3435, 0x23153333, 0x15020e22, 
0x33161614, 0x07373632, 0x35262622, 0x32333634, 0x06141516, 0x673c1d01, 0x5f41213f, 0x2607123d, 
0x2c1d3344, 0x22192343, 0x1e143416, 0x26212711, 0x43053925, 0x723a6588, 0x2747395e, 0x4f3a6146, 
0x0d0a2b60, 0x14201148, 0x1d2d2a1d, 0x03003328, 0xfbffdbff, 0x90038901, 0x1f000700, 0x00004500, 
0x15213543, 0x23060627, 0x23263437, 0x26262223, 0x37363435, 0x15060617, 0x33161614, 0x17163233, 
0x26262203, 0x023e3435, 0x23153333, 0x15020e22, 0x33161614, 0x07373632, 0x35262622, 0x32333634, 
0x06141516, 0x5f4b010a, 0x771a2a12, 0x371c2622, 0x02033459, 0x1c02024a, 0x4b181e2f, 0x3c2e0356, 
0x41213f67, 0x07123d5f, 0x1d334426, 0x1923432c, 0x14341622, 0x2127111e, 0x02392526, 0x04474727, 
0x343e0202, 0x37442027, 0x050e1a0d, 0x2108120c, 0x504a1329, 0x88438dfd, 0x5e723a65, 0x46274739, 
0x604f3a61, 0x480d0a2b, 0x1d142011, 0x281d2d2a, 0x03000033, 0xfbffe0ff, 0x90037301, 0x20000700, 
0x00004500, 0x15213543, 0x23060627, 0x23263437, 0x26262223, 0x37363435, 0x15060617, 0x33161614, 
0x16163233, 0x26220317, 0x3e343526, 0x15333302, 0x020e2223, 0x16161415, 0x37363233, 0x35262207, 
0x32333634, 0x06141516, 0x9173010a, 0x9a1a2a12, 0x37302622, 0x02033459, 0x1c02024a, 0x322c1e2f, 
0x6f022848, 0x29325533, 0x18416a4c, 0x41502b07, 0x21301926, 0x43162219, 0x2127251e, 0x02332526, 
0x04474727, 0x38390202, 0x37442028, 0x050e1a0d, 0x2108120c, 0x46211329, 0x3d92fd38, 0x874c4f72, 
0x2b473b67, 0x3a497351, 0x0d0a244c, 0x1d1f264e, 0x281d2d2a, 0x0200002d, 0xfbffe0ff, 0x90037301, 
0x3e001800, 0x34410000, 0x22232326, 0x34352626, 0x06173736, 0x16141506, 0x32333316, 0x03171616, 
0x35262622, 0x33023e34, 0x22231533, 0x1415020e, 0x32331616, 0x22073736, 0x34352626, 0x16323336, 
0x01061415, 0x3026221c, 0x03345937, 0x02024a02, 0x2c1e2f1c, 0x02284832, 0x34593765, 0x416a4c29, 
0x502b0718, 0x31202641, 0x16221919, 0x111e1434, 0x25262127, 0x38600234, 0x37442028, 0x050e1a0d, 
0x2108120c, 0x46211329, 0x4292fd38, 0x82464f77, 0x2c473c67, 0x3f436f50, 0x0d0a2550, 0x151f114e, 
0x1d2d2a1d, 0x02002d28, 0xfbffe0ff, 0x90037301, 0x3d001800, 0x34410000, 0x22232326, 0x34352626, 
0x06173736, 0x16141506, 0x32333316, 0x03171616, 0x35262622, 0x33023e34, 0x22231533, 0x1415020e, 
0x32331616, 0x22073736, 0x36343526, 0x15163233, 0x1c010614, 0x37302622, 0x02033459, 0x1c02024a, 
0x322c1e2f, 0x6f022848, 0x29325533, 0x18416a4c, 0x41502b07, 0x21301926, 0x43162219, 0x2127251e, 
0x02332526, 0x20283860, 0x1a0d3744, 0x120c050e, 0x13292108, 0xfd384621, 0x4f723d92, 0x3b67874c, 
0x73512b47, 0x244c3a49, 0x264e0d0a, 0x2d2a1d1f, 0x002d281d, 0xdbff0200, 0x8901fbff, 0x17009003, 
0x00003d00, 0x23263441, 0x26262223, 0x37363435, 0x15060617, 0x33161614, 0x17163233, 0x26262203, 
0x023e3435, 0x23153333, 0x15020e22, 0x33161614, 0x07373632, 0x35262622, 0x32333634, 0x06141516, 
0x26220301, 0x3459371c, 0x024a0203, 0x1e2f1c02, 0x03564b18, 0x3f673c2e, 0x3d5f4121, 0x44260712, 
0x432c1d33, 0x16221923, 0x111e1434, 0x25262127, 0x34650239, 0x37442027, 0x050e1a0d, 0x2108120c, 
0x504a1329, 0x88438dfd, 0x5e723a65, 0x46274739, 0x604f3a61, 0x480d0a2b, 0x1d142011, 0x281d2d2a, 
0x01000033, 0xc9026fff, 0x95036e00, 0x00000300, 0x17372343, 0x2ad5622f, 0x28ccc902, 0x2dff0100, 
0x5e005902, 0x03009503, 0x27430000, 0x3d961701, 0x02290801, 0x0c013059, 0x01000027, 0x8902d0fe, 
0x9503ecff, 0x00000300, 0x17372743, 0x26f637f9, 0xd6368902, 0x0200002c, 0xccfff6ff, 0x6e021801, 
0x1f001b00, 0x27570000, 0x34353636, 0x26262726, 0x37363435, 0x15060633, 0x1e171614, 0x06141502, 
0x21350306, 0x41192b15, 0x0b0e0c2e, 0x6a261f11, 0x0b0d2a38, 0x1d070d0a, 0x22017546, 0x49174134, 
0x2b362034, 0x2d1f4521, 0x481d1e4b, 0x203d1b2c, 0x182f331d, 0x02404f2b, 0x00474744, 0x52ff0100, 
0xb0004202, 0x0b009503, 0x07530000, 0x07270717, 0x37273727, 0x83b03717, 0x7e7e3183, 0x31838331, 
0x6b037e7e, 0x7e2a807f, 0x7f802a7e, 0x007e7e2a, 0x09ff0200, 0xf700bf02, 0x11008f03, 0x00002200, 
0x26262243, 0x021e3727, 0x36363233, 0x020e3337, 0x26262233, 0x16163327, 0x36363233, 0x020e1737, 
0x233c2a6b, 0x10024903, 0x1d1a171e, 0x0b41020c, 0x2aaf3521, 0x3e0b1f35, 0x14261e03, 0x4901121e, 
0x023c2302, 0x515822bf, 0x153e3d05, 0x4d343e1a, 0x59262659, 0x163d4f4d, 0x51053c3e, 0x02002258, 
0x00005c00, 0x6e020202, 0x20001c00, 0x23410000, 0x14151616, 0x13370706, 0x33372723, 0x36373632, 
0x26343536, 0x23262627, 0x05213523, 0x02211521, 0x1817bc02, 0xeb097163, 0x2c0ad366, 0x10103231, 
0x1011140f, 0x0142262b, 0x015afea6, 0x025afea6, 0x243c1027, 0x20096456, 0x47f7ecfe, 0x2c0f0f0f, 
0x0d2c231e, 0x94470a0c, 0x01000048, 0xe4015100, 0xd902ea00, 0x00000a00, 0x37023e53, 0x020e1733, 
0x13095107, 0x07610510, 0x11201c09, 0x5728e401, 0x230b2254, 0x00255151, 0x31000100, 0x23010001, 
0x03005201, 0x35530000, 0xf2311533, 0x52520001, 0xf6ffffff, 0x580346ff, 0x26046e02, 0x0023ed00, 
0x3e012700, 0x0000cd01, 0x3a012700, 0x71ff4100, 0x58010600, 0x0200006e, 0xc8014100, 0xca025701, 
0x07000300, 0x03530000, 0x03210323, 0x14a00323, 0x16011437, 0x02143714, 0x01fefeca, 0x01fefe02, 
0x02000002, 0x00001900, 0xca026c02, 0x1f001b00, 0x07410000, 0x07231533, 0x07233723, 0x35233723, 
0x35233733, 0x07333733, 0x07333733, 0x33051533, 0xe0012337, 0x2996891f, 0x278f2947, 0x8b7e2646, 
0x28928620, 0x28902848, 0xfe7f2845, 0x8f1f8f7f, 0x43a0b401, 0xd1d1d1d1, 0xd442a043, 0x42d4d4d4, 
0x0300a0a0, 0xc6ff3e00, 0xf7020402, 0x2c002400, 0x00003500, 0x27262677, 0x17161635, 0x35022e35, 
0x37363634, 0x16153335, 0x26071716, 0x1e152726, 0x06141502, 0x37231507, 0x34353636, 0x03272626, 
0x1415020e, 0xfd171616, 0x22206837, 0x5442336a, 0x3a562f29, 0x24573540, 0x284d201b, 0x682d5842, 
0x3b40405f, 0x2c311436, 0x172e2440, 0x31282e13, 0x550f1101, 0xca011810, 0x2f442f12, 0x03294631, 
0x15015758, 0x130d4a0f, 0x2b13c903, 0x5746323f, 0x06bd6f0a, 0x2119222b, 0x1f010b18, 0x16221502, 
0x0a19251a, 0x31000500, 0x0e03f6ff, 0x0b00d402, 0x1b001700, 0x33002700, 0x32530000, 0x06141516, 
0x35262223, 0x22173634, 0x16141506, 0x35363233, 0x01252634, 0x32130123, 0x06141516, 0x35262223, 
0x22173634, 0x16141506, 0x35363233, 0x4ac32634, 0x474d494c, 0x264c464b, 0x27262323, 0xa2012626, 
0x014d74fe, 0x4d49398c, 0x4b474d49, 0x23264c46, 0x26272623, 0x75d40226, 0x77776a6a, 0x3e756a6a, 
0x52505051, 0x51505151, 0x0236fd34, 0x75ecfeca, 0x77776a6a, 0x3f756a6a, 0x51515050, 0x50505250, 
0x35000300, 0xda02f6ff, 0x2300d502, 0x3a002e00, 0x32410000, 0x06141516, 0x36361707, 0x06063337, 
0x27231707, 0x2223020e, 0x34352626, 0x2e373636, 0x36343502, 0x15020e13, 0x32331614, 0x22033736, 
0x16141506, 0x35363617, 0x30012634, 0x3e515d50, 0x0b211ac1, 0x26301059, 0x1f577792, 0x45385748, 
0x46253765, 0x1a28152f, 0x33242963, 0x403e4a1c, 0x2aa71f5c, 0x3b242635, 0xd5023033, 0x583f4951, 
0x511fba24, 0x296e402f, 0x2a1c548e, 0x3f582d18, 0x1b3a4a33, 0x243d3418, 0x80fe524a, 0x24342b15, 
0x1d2a4237, 0x272c0202, 0x22253d24, 0x2e24283d, 0x41000100, 0xa000c801, 0x0300ca02, 0x03530000, 
0x14a00323, 0xca021437, 0x0201fefe, 0x28000100, 0x0e0162ff, 0x1000ca02, 0x34530000, 0x33373636, 
0x14150606, 0x23171616, 0x1f28022e, 0x46533242, 0x2e3e2047, 0x1f423252, 0x9c521201, 0xe25e3c8e, 
0x8d984d77, 0x9a8b3b3f, 0x1e000100, 0x040162ff, 0x1100ca02, 0x14410000, 0x23070606, 0x3435023e, 
0x33272626, 0x0401021e, 0x5233411f, 0x20203e2e, 0x33532f3e, 0x12011f41, 0x3b8b9a50, 0x4d988d3f, 
0x3e909a4f, 0x009c8e3c, 0x29000100, 0xfc013601, 0x0e00f802, 0x07410000, 0x17071737, 0x27072707, 
0x17372737, 0x14420127, 0x77b80ec0, 0x594d5556, 0xbe0eb675, 0xc0f80215, 0x9e0f5c36, 0x2fafaf2f, 
0x365c0f9e, 0x010000c0, 0x6f003200, 0x53020802, 0x00000b00, 0x23153341, 0x23352315, 0x33353335, 
0xc7c74101, 0x48c7c748, 0xce478401, 0x00cf47ce, 0x29000100, 0xc0007fff, 0x0a007400, 0x0e770000, 
0x3e230702, 0xc0333702, 0x10211c09, 0x10130a41, 0x23695e05, 0x26245152, 0x00235557, 0x28000100, 
0x1a01e500, 0x03003301, 0x35770000, 0xf2281533, 0x004e4ee5, 0x48000100, 0xc400f2ff, 0x0b007900, 
0x34770000, 0x16323336, 0x23061415, 0x24482622, 0x25251a19, 0x3624191a, 0x251e1e25, 0x00202024, 
0x0a000100, 0x6a010000, 0x0300ca02, 0x01410000, 0x6a010123, 0x0156f6fe, 0xfdca020a, 0x00ca0236, 
0x31000200, 0x0b02f6ff, 0x1000d502, 0x00002000, 0x020e1441, 0x26262223, 0x36363435, 0x16163233, 
0x16161405, 0x36363233, 0x26263435, 0x06062223, 0x391a0b02, 0x6950405b, 0x55682f33, 0xfe346a50, 
0x36411d7e, 0x1e1e4136, 0x41363641, 0x5766011d, 0x58325f88, 0xa47473a5, 0x74a45757, 0x40418262, 
0x81626283, 0x00814141, 0x59000100, 0x63010000, 0x0d00ca02, 0x23610000, 0x36363411, 0x07060637, 
0x33372707, 0x01566301, 0x1a100102, 0xc12e4c14, 0x1df30149, 0x10132328, 0x3b3e1116, 0x01000096, 
0x00003000, 0xd4020802, 0x00001d00, 0x37352161, 0x3435023e, 0x06222326, 0x023e2707, 0x16163233, 
0x06061415, 0x21150707, 0x28fe0802, 0x264a36bb, 0x4f343846, 0x431c2f29, 0x60432d4f, 0x37522e35, 
0x49690195, 0x515436bd, 0x243d3b30, 0x26183b20, 0x3b552e16, 0x365f6238, 0x01000493, 0xf6ff2d00, 
0xd4020302, 0x00002e00, 0x06061441, 0x16161507, 0x06061415, 0x27262223, 0x33161635, 0x34353632, 
0x23232626, 0x36323335, 0x26343536, 0x06062223, 0x36362707, 0x01163233, 0x2d4324ed, 0x793a5456, 
0x2c60385f, 0x6030682d, 0x3f5a2f55, 0x4f3b4645, 0x263c4629, 0x2c1b353e, 0x70487126, 0x3023026d, 
0x04092c46, 0x3e47580a, 0x16113661, 0x4b191652, 0x1a372d42, 0x283d224b, 0x1b0f3934, 0x2c1e3c12, 
0x02000064, 0x00001500, 0xce022802, 0x16000a00, 0x23650000, 0x21352315, 0x11330135, 0x3e342733, 
0x06233702, 0x21030706, 0x55682802, 0x5001aafe, 0x01bd685b, 0x04010102, 0xd60b1808, 0xa2a20001, 
0xe1014ba2, 0x1ae123fe, 0x1023262b, 0xfe0f2c13, 0x010000cf, 0xf6ff3f00, 0xca020302, 0x00002100, 
0x16163241, 0x06061415, 0x27262223, 0x33161635, 0x35363632, 0x22232634, 0x13270706, 0x07211521, 
0x13013636, 0x403b6c49, 0x61375477, 0x2f672421, 0x562c4f35, 0x16481c5d, 0x66011b2c, 0x1111e5fe, 
0x32b6013a, 0x6b4a435d, 0x53131439, 0x45211916, 0x0a4b4634, 0x51011c05, 0x0803cf50, 0x37000200, 
0x0d02f6ff, 0x2300d402, 0x00003200, 0x033e3453, 0x17163233, 0x23262615, 0x07020e22, 0x33023e33, 
0x15161632, 0x23060614, 0x17022e22, 0x34353632, 0x06222326, 0x1e141506, 0x2a113702, 0x1551714a, 
0x2d121033, 0x355c4517, 0x0f060318, 0x3e2b412e, 0x6538345d, 0x43583346, 0x4e3ff225, 0x462f4545, 
0x39271327, 0x783e3101, 0x042f536b, 0x06064b05, 0x3b68502e, 0x33162618, 0x6c4a4561, 0x774e263a, 
0x445551a1, 0x203c2750, 0x20364021, 0x2c000100, 0x0b020000, 0x0600ca02, 0x01730000, 0x15213521, 
0x25018801, 0xdf017ffe, 0x7a02defe, 0x7afd4450, 0x31000300, 0x0a02f6ff, 0x1e00d402, 0x3b002d00, 
0x32410000, 0x06141516, 0x021e0706, 0x06061415, 0x26262223, 0x36363435, 0x35022e37, 0x03363634, 
0x32331614, 0x26343536, 0x0e272726, 0x06221302, 0x16161415, 0x35023e17, 0x1d012634, 0x3e25785e, 
0x2b482c25, 0x4d47693a, 0x4429376b, 0x21392327, 0x4a596038, 0x254d494d, 0x2c102e43, 0x37951f3c, 
0x243c2347, 0x46213723, 0x5358d402, 0x1331402b, 0x31463515, 0x2e30573c, 0x48313d55, 0x33141234, 
0x4b372c42, 0x34e1fd28, 0x23374545, 0x06112a35, 0x01382c13, 0x253235b3, 0x0f102332, 0x32243324, 
0x02000035, 0xf6ff3200, 0xd4020802, 0x31002200, 0x14410000, 0x2223020e, 0x16352726, 0x3e323316, 
0x0e233702, 0x26222302, 0x36343526, 0x1e323336, 0x06222702, 0x33161415, 0x35363632, 0x02022e34, 
0x81471b08, 0x11351465, 0x46163012, 0x0218365b, 0x412e0f06, 0x335d3d2c, 0x33456639, 0xf2254258, 
0x46434f3e, 0x13274630, 0x99013a26, 0x4879954d, 0x064b0505, 0x694f2e07, 0x1626173a, 0x4b456033, 
0x4e273a6c, 0x5452a176, 0x3c274f45, 0x36412020, 0x02000020, 0xf2ff4800, 0x2602c400, 0x17000b00, 
0x34770000, 0x16323336, 0x23061415, 0x34112622, 0x16323336, 0x23061415, 0x24482622, 0x25251a19, 
0x2424191a, 0x25251a19, 0x3624191a, 0x251e1e25, 0x01202024, 0x1e1e26d0, 0x20202426, 0x1f000200, 
0xc2007fff, 0x0b002602, 0x00001700, 0x07020e77, 0x37033e23, 0x36340333, 0x15163233, 0x22230614, 
0x1c09b726, 0x07421021, 0x040b0e0f, 0x19246a5e, 0x1a25251a, 0x23692419, 0x1c245152, 0x1a3e4140, 
0x1e266e01, 0x2024261e, 0x01000020, 0x74003200, 0x60020902, 0x00000600, 0x25352565, 0x02050515, 
0x0129fe09, 0x0187fed7, 0x32cf7479, 0x9eb24eeb, 0x38000200, 0x0202d900, 0x0300e701, 0x00000700, 
0x15213553, 0x15213505, 0xfeca0138, 0x01ca0136, 0xc74747a0, 0x01004747, 0x74003200, 0x60020902, 
0x00000600, 0x35252577, 0x32051505, 0x87fe7901, 0x29fed701, 0x4eb39dc2, 0x00cf32eb, 0x3a000200, 
0x4903a7ff, 0x4200ca02, 0x00005000, 0x020e1441, 0x27262223, 0x23060623, 0x34352622, 0x32333636, 
0x06071716, 0x16141514, 0x36363233, 0x26263435, 0x020e2223, 0x16161415, 0x37363233, 0x23060615, 
0x35262622, 0x33023e34, 0x05021e32, 0x32331614, 0x26373736, 0x06222326, 0x15490306, 0x2e2c402c, 
0x12050635, 0x534c3546, 0x2c415f34, 0x010a1855, 0x2b1f1925, 0x53834b17, 0x2e598455, 0x3d628746, 
0x6b2b2b6f, 0x59a87641, 0x639d6e3a, 0x3561834e, 0x2b3307fe, 0x06043138, 0x3115280d, 0x65011a3c, 
0x2b47582e, 0x32252235, 0x65425466, 0xcb090f3a, 0x34030f12, 0x33553322, 0x3644815d, 0x62508562, 
0x101b4789, 0x58171244, 0x9f5d74a5, 0x5d314175, 0x3a409384, 0x047d4354, 0x004b3006, 0x00000200, 
0x7e020000, 0x0700cd02, 0x00001200, 0x07212761, 0x01330123, 0x27022e01, 0x0707020e, 0x56210233, 
0x5b55e5fe, 0x01511701, 0x03e2fe16, 0x05040d0e, 0x51040b0b, 0x02dddde2, 0x0233fdcd, 0x2d2a0805, 
0x2229140c, 0x0300d80c, 0x00006100, 0xca025402, 0x1b001200, 0x00002500, 0x15163241, 0x07060614, 
0x15021e15, 0x23060614, 0x32131123, 0x26343536, 0x15152323, 0x36323311, 0x26263435, 0x862d0123, 
0x2c3d1f89, 0x3c2a492d, 0xdefb4d6f, 0x5b53445c, 0x4a5f9076, 0x02424d21, 0x2a624fca, 0x05082b41, 
0x38462607, 0x022f5b41, 0x3bd0feca, 0xe3333b3a, 0x4afdfe4b, 0x1f38263c, 0x3d000100, 0x5902f6ff, 
0x1f00d402, 0x22410000, 0x1415020e, 0x32331616, 0x06153736, 0x26222306, 0x3e343526, 0x16323302, 
0x26260717, 0x5c399301, 0x6d372240, 0x28542f52, 0x6d3b5528, 0x572d4992, 0x66375380, 0x51212428, 
0x4b278502, 0x8258436b, 0x4e0c1046, 0xa65a0e0f, 0x62865170, 0x4c141635, 0x0200180f, 0x00006100, 
0xca029d02, 0x14000a00, 0x14410000, 0x23230606, 0x16323311, 0x26340716, 0x11232326, 0x02363233, 
0x76a6599d, 0x9e6cdcc7, 0x793f5f56, 0x91617556, 0x786c0191, 0xca0252a2, 0x5f769b50, 0xd0fd3b7a, 
0x0100008f, 0x00006100, 0xca02f001, 0x00000b00, 0x21112161, 0x21152115, 0x21152115, 0x71fef001, 
0xcbfe8f01, 0xddfe2301, 0xca023501, 0xff4edf4f, 0x61000100, 0xf0010000, 0x0900ca02, 0x23730000, 
0x21152111, 0x21152115, 0x8f015abb, 0x2201cbfe, 0xca02defe, 0x004ffd4f, 0x3d000100, 0x8e02f6ff, 
0x2100d402, 0x33410000, 0x23060611, 0x35262622, 0x33363634, 0x07171632, 0x22232626, 0x14150606, 
0x32331616, 0x23353736, 0x3af79701, 0x986f4b76, 0x75a5584f, 0x222e6b3c, 0x55335f26, 0x7637407a, 
0x1b422f60, 0xfe79019d, 0x591213a2, 0xa47071a5, 0x4e14165b, 0x81461811, 0x49835559, 0x00d4070a, 
0x61000100, 0x83020000, 0x0b00ca02, 0x23610000, 0x23112111, 0x21113311, 0x83023311, 0x5a92fe5a, 
0x5a6e015a, 0xb3fe4d01, 0xd2feca02, 0x01002e01, 0x00002800, 0xca022a01, 0x00000b00, 0x37352161, 
0x21352711, 0x17110715, 0xfefe2a01, 0x02015454, 0x13345454, 0x34143b02, 0xc5fd1434, 0x01000013, 
0x42ffb2ff, 0xca02b600, 0x00001100, 0x27262247, 0x33161635, 0x35363632, 0x14113311, 0x18040606, 
0x24100e24, 0x1c2d1914, 0xbe542e5a, 0x044c0607, 0x2d321406, 0x41fdc602, 0x002b5945, 0x61000100, 
0x6b020000, 0x0e00ca02, 0x23610000, 0x23110703, 0x36113311, 0x33373736, 0x6a6b0201, 0x5a5a49fd, 
0xc11f3e1e, 0x01e5fe69, 0xebfe4055, 0xa0feca02, 0xd8224422, 0x0100c9fe, 0x00006100, 0xca02f301, 
0x00000500, 0x11331173, 0x5a611521, 0xca023801, 0x005086fd, 0x61000100, 0x2a030000, 0x1700ca02, 
0x03610000, 0x15021e23, 0x33112311, 0x33133313, 0x34112311, 0x23373636, 0xeb9c0103, 0x02030204, 
0x04dc8553, 0x025984e0, 0xee040104, 0x3e147202, 0x4ffe2649, 0xb7fdca02, 0x36fd4902, 0x4523b701, 
0x8ffd153d, 0x61000100, 0x97020000, 0x1300ca02, 0x23610000, 0x021e2301, 0x11231115, 0x2e330133, 
0x33113502, 0xfe699702, 0x03020482, 0x01685303, 0x0301047d, 0x51025403, 0x25473f17, 0xca0271fe, 
0x4010b1fd, 0x9301204c, 0x3d000200, 0xd002f6ff, 0x1100d502, 0x00002000, 0x020e1441, 0x022e2223, 
0x36363435, 0x16163233, 0x16161405, 0x36363233, 0x23263435, 0x02060622, 0x7b532ad0, 0x527c5451, 
0x70934828, 0xfd4b926b, 0x506932cc, 0x70326751, 0x32695179, 0x87536601, 0x61353462, 0xa46e5388, 
0x6fa55b5c, 0x4646825a, 0x99875a82, 0x02008145, 0x00006100, 0xca022a02, 0x16000c00, 0x32410000, 
0x0e141516, 0x11232302, 0x23171123, 0x36323311, 0x26343536, 0x808c1e01, 0x506e421d, 0x5bb55a52, 
0x2c5a4448, 0x6eca0258, 0x40512c64, 0x02eafe25, 0xe6fe4dca, 0x4534401d, 0x02000044, 0x56ff3d00, 
0xd502d002, 0x25001600, 0x14410000, 0x17070606, 0x06222723, 0x022e2223, 0x36363435, 0x16163233, 
0x16161405, 0x36363233, 0x23263435, 0x02060622, 0x455c2fd0, 0x068a81ab, 0x7c54060d, 0x93482852, 
0x4b926b70, 0x6932ccfd, 0x32675150, 0x69517970, 0x57660132, 0xb217628e, 0x613501a1, 0xa46e5388, 
0x6fa55b5c, 0x4646825a, 0x99875a82, 0x02008145, 0x00006100, 0xca025f02, 0x19000f00, 0x32410000, 
0x14151616, 0x13070606, 0x11230323, 0x23171123, 0x36323311, 0x26263435, 0x73592601, 0x24412a38, 
0x8ead69c4, 0x6b66c05a, 0x4c255057, 0x5a2dca02, 0x2d4c3944, 0x01c0fe0d, 0x02d9fe27, 0xf7fe4eca, 
0x382f4345, 0x0100001a, 0xf6ff3300, 0xd402f601, 0x00002e00, 0x06061465, 0x26262223, 0x16163527, 
0x36363233, 0x26263435, 0x35022e27, 0x33363634, 0x07171632, 0x22232626, 0x14150606, 0x1e171616, 
0x3ef60102, 0x49284e73, 0x6b24173c, 0x24483539, 0x3d41491e, 0x673a2952, 0x28623b43, 0x2f57251c, 
0x1e1e3c2d, 0x573f3a44, 0x5940bf2d, 0x0b0f0830, 0x1c1a1056, 0x30232334, 0x38161729, 0x5139374f, 
0x4d12162c, 0x2f1a1610, 0x2630241f, 0x4a351716, 0x0a000100, 0x21020000, 0x0700ca02, 0x23610000, 
0x21352311, 0x43012315, 0x1702df5a, 0x4f7b02de, 0x0100004f, 0xf6ff5a00, 0xca028002, 0x00001300, 
0x06061465, 0x35262223, 0x14113311, 0x36323316, 0x33113536, 0x7b3c8002, 0x5a8b855f, 0x51415e5d, 
0x4afc5926, 0x77914577, 0x31fecc01, 0x532f6057, 0x00ce0136, 0x00000100, 0x58020000, 0x0e00ca02, 
0x03410000, 0x13330323, 0x3e17021e, 0x02133702, 0xff5aff58, 0x100ba15e, 0x0d05050d, 0x02a00a11, 
0x0236fdca, 0x1d36feca, 0x18183136, 0x011e3632, 0x010000c8, 0x00000c00, 0xca029503, 0x00002900, 
0x03230341, 0x0e27032e, 0x23030703, 0x1e133303, 0x033e1703, 0x13331337, 0x3e17031e, 0x03133702, 
0x8b5bbe95, 0x070a0c06, 0x0a050101, 0x5b87070b, 0x066f5ebd, 0x0306090a, 0x0c0a0703, 0x835d7e06, 
0x070a0c07, 0x0e0a0303, 0xca026e08, 0xd40136fd, 0x1d282c15, 0x281d0707, 0x2ffe172d, 0x4cfeca02, 
0x282b2d17, 0x2d2a1413, 0xaf01162e, 0x2f174efe, 0x1911292c, 0x011f3c37, 0x010000b3, 0x00000400, 
0xca024602, 0x00000b00, 0x03032361, 0x33031323, 0x03331313, 0xbd664602, 0xdeed5fc0, 0x5fb0af64, 
0xfe3601dd, 0x017401ca, 0x01e8fe56, 0x00acfe18, 0x00000100, 0x36020000, 0x0800ca02, 0x13410000, 
0x23110333, 0x01330311, 0xee61ba1b, 0x0162ee5a, 0xfe5f016b, 0x01ebfe4b, 0x00b90111, 0x26000100, 
0x15020000, 0x0900ca02, 0x21610000, 0x35210135, 0x21011521, 0x11fe1502, 0x94fe7801, 0x88fed901, 
0x02448201, 0xfd445036, 0x010000ca, 0x00000a00, 0xca026b01, 0x00000300, 0x01230153, 0x570b0160, 
0xca02f6fe, 0xca0236fd, 0x26000100, 0x16020b01, 0x0600cf02, 0x13530000, 0x03231333, 0x32d42603, 
0xa0b44eea, 0xc4010b01, 0x67013cfe, 0x010099fe, 0x66fffeff, 0xa6ffbe01, 0x00000300, 0x21352145, 
0x40febe01, 0x409ac001, 0x28000100, 0xf1005e02, 0x0c00fe02, 0x1e530000, 0x23151702, 0x3527032e, 
0x25210b91, 0x2a113b0f, 0x02092129, 0x343716fe, 0x270e0c13, 0x0a0e282b, 0x2e000200, 0xe001f6ff, 
0x1d002102, 0x00002800, 0x15163241, 0x23272311, 0x2223020e, 0x34352626, 0x35373736, 0x22232634, 
0x36270706, 0x06061336, 0x33161415, 0x35353632, 0x5e622001, 0x17041140, 0x302d3f31, 0x837e2c4d, 
0x2a353a5b, 0x231b214c, 0x4d644e60, 0x5a442b37, 0x5e562102, 0x1d4c93fe, 0x47221227, 0x04575036, 
0x34432003, 0x13421019, 0x04e2fe1b, 0x2a2d3338, 0x00304e4b, 0x55000200, 0x3002f6ff, 0x1600f802, 
0x00002400, 0x07061453, 0x33363633, 0x14151632, 0x22230606, 0x07232726, 0x13331123, 0x15060622, 
0x33161415, 0x34353632, 0x0203ad26, 0x3f501705, 0x64377964, 0x17503f42, 0x583f1207, 0x1c423997, 
0x47485841, 0x223f0247, 0x2e22113b, 0x7c5c8a8b, 0x44202e3e, 0xe0fef802, 0x0445592b, 0x646a6963, 
0x01006665, 0xf6ff3700, 0x2202bf01, 0x00001d00, 0x26262245, 0x36363435, 0x17163233, 0x23262607, 
0x15060622, 0x33161614, 0x15373632, 0x2c010606, 0x423f6f47, 0x4c294871, 0x40181b18, 0x2246361c, 
0x2c334422, 0x411b1c43, 0x5f7a3a0a, 0x113a7c63, 0x1009490c, 0x40435a2e, 0x0d122e5a, 0x000f0e4e, 
0x37000200, 0x1202f6ff, 0x1700f802, 0x00002400, 0x35262245, 0x32333634, 0x33171616, 0x35352626, 
0x27231133, 0x27020e23, 0x35353632, 0x22232634, 0x16141506, 0x78641301, 0x3e2a6479, 0x0106102e, 
0x0d475805, 0x3f2e1004, 0x4245551c, 0x47474759, 0x8a8a8b0a, 0x1624158d, 0xd60f330d, 0x174808fd, 
0x5d491625, 0x6b64105e, 0x6a605f71, 0x37000200, 0x0102f6ff, 0x17002202, 0x00001f00, 0x16163241, 
0x16211515, 0x36323316, 0x06061537, 0x26262223, 0x36363435, 0x07062217, 0x26263421, 0x63452401, 
0x0291fe35, 0x4f335059, 0x3750292a, 0x3b41754c, 0x493f466b, 0x1c110107, 0x3c220239, 0x5b35496d, 
0x4d12135f, 0x7b3e1112, 0x447e5859, 0x2e485148, 0x01002744, 0x00000f00, 0xfd028301, 0x00001700, 
0x23112341, 0x37352311, 0x33363435, 0x07171632, 0x22232626, 0x33151506, 0x58874c01, 0x525c5e5e, 
0x17133520, 0x2c162a10, 0xd401872b, 0xd4012cfe, 0x681f1e29, 0x45070b5b, 0x3f3b0a05, 0x02000023, 
0x10ff3700, 0x22021202, 0x33002200, 0x32410000, 0x37331716, 0x06141133, 0x26222306, 0x16163527, 
0x35363233, 0x37363435, 0x23060623, 0x34352622, 0x06221736, 0x16141506, 0x023e3233, 0x26343535, 
0x35130126, 0x0c051e55, 0x526a3446, 0x2626613a, 0x4f453a66, 0x1c040102, 0x75683753, 0x3f2d7375, 
0x29464921, 0x2112263a, 0x28220246, 0xdffd4729, 0x1134674c, 0x16145111, 0x0c154651, 0x2829092d, 
0x97808392, 0x425c304a, 0x2d156963, 0x49153046, 0x01002a5a, 0x00005500, 0xf8021902, 0x00001a00, 
0x07061453, 0x33023e33, 0x15161632, 0x34112311, 0x06222326, 0x23111506, 0x03ad3311, 0x34110602, 
0x57412240, 0x3e3a572c, 0x581d443c, 0x13190258, 0x241c1028, 0x45562913, 0x5701a3fe, 0x572d4041, 
0x02ebfe3f, 0x020000f8, 0x00004e00, 0xe102b500, 0x0f000300, 0x11530000, 0x32371123, 0x06141516, 
0x35262223, 0x58ad3634, 0x1f1f142d, 0x1e1e1614, 0xe8fd1802, 0x1bc91802, 0x1c1c1c1d, 0x001b1d1c, 
0xc9ff0200, 0xb50010ff, 0x1000e102, 0x00001c00, 0x27262257, 0x33161635, 0x11353632, 0x06141133, 
0x36341306, 0x15163233, 0x22230614, 0x26191626, 0x13200f0e, 0x20582a20, 0x161e0342, 0x141f1f14, 
0x07f01e16, 0x06044705, 0x6b023123, 0x483298fd, 0x1d990326, 0x1c1d1b1b, 0x01001c1c, 0x00005500, 
0xf8020d02, 0x00001300, 0x07061453, 0x37023e33, 0x13073337, 0x15072723, 0xac331123, 0x06040103, 
0xab091918, 0x6ae8d967, 0x57573dba, 0x34106b01, 0x1f1e0813, 0xfee5b50a, 0xc535facd, 0x0100f802, 
0x00005500, 0xf802ad00, 0x00000300, 0x33112373, 0x025858ad, 0x010000f8, 0x00005500, 0x22025603, 
0x00002700, 0x15163241, 0x34112311, 0x06222326, 0x11231115, 0x23262634, 0x15060622, 0x33112311, 
0x023e3317, 0x17163233, 0x02363633, 0x575a5ba1, 0x434e3835, 0x26301857, 0x581b3e36, 0x11050d47, 
0x3e203c31, 0x1b051353, 0x5d22025d, 0x01a3fe68, 0x5a403f59, 0x01d8fe56, 0x1c392a59, 0xfe3f562d, 
0x491802ea, 0x2c12251c, 0x002c2e2e, 0x55000100, 0x19020000, 0x15002202, 0x32410000, 0x23111516, 
0x23263411, 0x11150622, 0x17331123, 0x01023e33, 0x57626057, 0x44593e3a, 0x050d4758, 0x02403512, 
0xfe685d22, 0x415701a3, 0xfe5e6440, 0x491802ea, 0x0012251c, 0x37000200, 0x2702f6ff, 0x11002202, 
0x00002000, 0x020e1441, 0x022e2223, 0x36363435, 0x16163233, 0x16161405, 0x36363233, 0x26263435, 
0x02062223, 0x5d412327, 0x425a3539, 0x4d703c25, 0xfe3f6f49, 0x3646216b, 0x22214636, 0x4a523745, 
0x67430d01, 0x48252548, 0x7b594367, 0x597b4141, 0x32325d3f, 0x5a403f5d, 0x02006c31, 0x10ff5500, 
0x22023002, 0x28001800, 0x32410000, 0x06141516, 0x26222306, 0x16232726, 0x23151516, 0x33173311, 
0x2217023e, 0x15070606, 0x33161614, 0x35363632, 0x54012634, 0x63377963, 0x2d402943, 0x04020610, 
0x040c4858, 0x1b3f2d10, 0x011e4236, 0x313a431c, 0x02471f3f, 0x5b8b8a22, 0x23163f7d, 0x13341115, 
0x490803dc, 0x4a162617, 0x113f5229, 0x36305c42, 0x6e5c3c5d, 0x37000200, 0x120210ff, 0x16002202, 
0x00002400, 0x37363445, 0x23060623, 0x34352622, 0x32333636, 0x37331716, 0x03231133, 0x37363632, 
0x23263435, 0x14150622, 0x02ba0116, 0x51170603, 0x38796140, 0x503f4164, 0x460d0418, 0x43379858, 
0x5744011e, 0x0b474648, 0x22113012, 0x5c8a8b30, 0x23303f7c, 0x01f8fc49, 0x3e53282f, 0x71696612, 
0x006b5f5f, 0x55000100, 0x8e010000, 0x15002202, 0x32410000, 0x26071716, 0x0e222326, 0x23111502, 
0x33173311, 0x4f01023e, 0x0b0d230f, 0x1f0e1f0d, 0x58192c38, 0x11040a48, 0x22023e30, 0x03510303, 
0x422f1a04, 0x02e2fe29, 0x311e6218, 0x0100001d, 0xf6ff3300, 0x2202b201, 0x00002a00, 0x06061465, 
0x27262223, 0x33161635, 0x34353632, 0x2e272626, 0x36343502, 0x17163233, 0x23262607, 0x14150622, 
0x1e171616, 0x34b20102, 0x51384260, 0x2f5b201f, 0x39163c43, 0x284a3435, 0x55315a6f, 0x4a221e25, 
0x1a393627, 0x4833333d, 0x46349426, 0x50101224, 0x242b1b10, 0x14202014, 0x2c382814, 0x11134a44, 
0x23140e46, 0x1d1f161e, 0x39281314, 0x10000100, 0x5301f6ff, 0x18009302, 0x32650000, 0x06153736, 
0x26222306, 0x23113526, 0x33373735, 0x23153315, 0x01161411, 0x0d2a1408, 0x2a18340e, 0x4d4c2c47, 
0x9b9b3423, 0x04073e2f, 0x1d090743, 0x38014148, 0x7b72232a, 0x31cafe44, 0x0100002f, 0xf6ff4f00, 
0x18021502, 0x00001700, 0x27231141, 0x23020e23, 0x35262622, 0x14113311, 0x36323316, 0x02113536, 
0x040d4815, 0x23403611, 0x592c5740, 0x453c3d3a, 0xfd18021d, 0x241c47e8, 0x44562911, 0xa7fe5f01, 
0x572d4040, 0x0017013e, 0x00000100, 0xfc010000, 0x0f001802, 0x03730000, 0x021e1333, 0x023e3317, 
0x03331337, 0x725ecbcb, 0x030e1208, 0x130f0404, 0xcc5e7207, 0xc4fe1802, 0x11313616, 0x15363211, 
0xe8fd3c01, 0x0b000100, 0x07030100, 0x28001902, 0x2e410000, 0x0e232702, 0x23030702, 0x1e133303, 
0x3e331702, 0x33133703, 0x17021e13, 0x37023e33, 0x23033313, 0x0f08af01, 0x0204030b, 0x60090e0b, 
0x4a5b9364, 0x020b0e08, 0x09080304, 0x605f050b, 0x0c0f075c, 0x0b020402, 0x5a4b080f, 0x2f016795, 
0x0f2e351c, 0x1c362e0f, 0x1802d3fe, 0x3b1de2fe, 0x240c1335, 0x01102828, 0x17d2fe2e, 0x11133134, 
0x011e3d33, 0x00e8fd1e, 0x12000100, 0xff010000, 0x0b001802, 0x03530000, 0x33371733, 0x27231303, 
0xb9d42307, 0x63898a64, 0x9264c3b9, 0x12016394, 0xcaca0601, 0xeefefafe, 0x0100d6d6, 0x10ff0100, 
0x1802fe01, 0x00001d00, 0x1e133353, 0x36331702, 0x33133736, 0x23020e03, 0x35272622, 0x32331616, 
0x37373636, 0x0a745e01, 0x04040e11, 0x6d0e1a06, 0x3313e75f, 0x24183449, 0x111f0b0d, 0x0b202d1f, 
0xfe18021c, 0x2f321bcf, 0x29511916, 0x9efd3001, 0x05294b32, 0x04024603, 0x471d2b17, 0x27000100, 
0xaf010000, 0x09001802, 0x21610000, 0x35210135, 0x21011521, 0x78feaf01, 0xf1fe2001, 0xe4fe7001, 
0x013a2301, 0xfe42449a, 0x0100006e, 0x0fffef00, 0xf8023801, 0x00000300, 0x23113353, 0x024949ef, 
0x0017fcf8, 0x32000100, 0x09021f01, 0x1900a201, 0x26410000, 0x06222326, 0x36363507, 0x17163233, 
0x32331616, 0x06153736, 0x26222306, 0x2f240d01, 0x183e1c16, 0x1d243c18, 0x2f242e39, 0x183e1d15, 
0x1c243c18, 0x103f013b, 0x4e19220b, 0x140c1b1a, 0x19220b10, 0x0d1c1a4d, 0x48000200, 0xc4004aff, 
0x03002202, 0x00000f00, 0x23133353, 0x23061413, 0x34352622, 0x16323336, 0x6c193a68, 0x191a2475, 
0x1a192525, 0xfe4a0124, 0x25940200, 0x24251e1e, 0x01002020, 0xf6ff5b00, 0xd402e501, 0x00002300, 
0x17161641, 0x23262607, 0x15060622, 0x33161614, 0x15373632, 0x15070606, 0x022e3523, 0x36363435, 
0x01333537, 0x19452661, 0x1b421a1a, 0x23224736, 0x412c3345, 0x273a1b1f, 0x30573b43, 0x443a5830, 
0x11018402, 0x100a490b, 0x45455b2d, 0x0d112a58, 0x020f0d4d, 0x3c096461, 0x745b5972, 0x0054093e, 
0x20000100, 0x17020000, 0x2300d302, 0x32410000, 0x26071716, 0x06222326, 0x15331515, 0x06141523, 
0x15210706, 0x023e3521, 0x35233535, 0x36343533, 0x374e0136, 0x1e1f2258, 0x3c392949, 0x1f13cccc, 
0xfe800112, 0x1a2c1d09, 0x5c326060, 0x1118d302, 0x3b180e46, 0x68428b42, 0x0b203528, 0x21074a50, 
0x42692c39, 0x2d543c94, 0x0e000100, 0x2c020000, 0x1600ca02, 0x13410000, 0x15330333, 0x15331523, 
0x35231523, 0x35333523, 0x03333523, 0xb31d0133, 0x977cc95c, 0x97569797, 0xc77a9797, 0x016d015d, 
0x4089fe5d, 0x81814052, 0x01405240, 0x02000077, 0xfbff3b00, 0xfd02bf01, 0x45003600, 0x34530000, 
0x26263736, 0x33363435, 0x07171632, 0x22232626, 0x16141506, 0x021e1716, 0x07061415, 0x14151616, 
0x26222306, 0x021e3527, 0x35363233, 0x27262634, 0x1437022e, 0x17171616, 0x34353636, 0x06272626, 
0x1f304306, 0x5f662824, 0x1b254e38, 0x3c304422, 0x33391831, 0x2e274834, 0x7327231d, 0x20523767, 
0x1f403816, 0x3713384a, 0x274b3437, 0x353f1b4b, 0x1b291716, 0x2c1c3e44, 0x3d328b01, 0x2837140f, 
0x0f13453c, 0x1f130e43, 0x1d1d121c, 0x392c1313, 0x11413328, 0x45263513, 0x4b10114c, 0x2b0c130a, 
0x1f1c131c, 0x3a2a1414, 0x23271836, 0x2b0e0814, 0x25281922, 0x002e0713, 0x95000200, 0xae017702, 
0x0b00da02, 0x00001700, 0x33363453, 0x14151632, 0x26222306, 0x33363437, 0x14151632, 0x26222306, 
0x13131c95, 0x13131c1c, 0x131bbc1c, 0x131c1c13, 0xa9021b13, 0x1a17171a, 0x19191919, 0x1a17171a, 
0x00191919, 0x31000300, 0x0f03f6ff, 0x1a00d402, 0x42002e00, 0x22650000, 0x36343526, 0x16323336, 
0x26260717, 0x15062223, 0x32331614, 0x06153736, 0x2e220706, 0x3e343502, 0x1e323302, 0x0e141502, 
0x3e322702, 0x2e343502, 0x0e222302, 0x1e141502, 0x63af0102, 0x415a2e62, 0x1d1c401f, 0x3b152f19, 
0x17423941, 0x32181939, 0x63865032, 0x86633636, 0x65854c50, 0x86633639, 0x56704050, 0x71532e30, 
0x53724444, 0x72532e2e, 0x41657b85, 0x0e103965, 0x540d0d3d, 0x0d534c4a, 0x0e0a400a, 0x8663368f, 
0x63865050, 0x86633636, 0x63865050, 0x552e3536, 0x72414572, 0x552e3156, 0x72414572, 0x02003156, 
0x7f012000, 0xd2023401, 0x27001c00, 0x32530000, 0x23151516, 0x23060627, 0x35262622, 0x37363634, 
0x26343537, 0x07062223, 0x17363627, 0x14150606, 0x36323316, 0x41b13535, 0x140c2f42, 0x2f1f2638, 
0x35472219, 0x1c1d2a38, 0x1a161732, 0x2a3c3741, 0x2d33191d, 0x3b36d202, 0x1b152adc, 0x22212c16, 
0x0202182d, 0x0f1a2116, 0x100d310b, 0x1b1f02b4, 0x282f1719, 0x02000017, 0x38002800, 0xd701d601, 
0x0d000600, 0x37530000, 0x07170717, 0x17373727, 0x27071707, 0x8c3fa828, 0xc6a83f8c, 0x8c8c3eaa, 
0x0e01aa3e, 0xabab24c9, 0xc90dc925, 0x25abab24, 0x040000c9, 0xf6ff3100, 0xd4020f03, 0x16000d00, 
0x3e002a00, 0x11650000, 0x15163233, 0x17070614, 0x15232723, 0x35363237, 0x23232634, 0x2e221315, 
0x3e343502, 0x1e323302, 0x0e141502, 0x3e322702, 0x2e343502, 0x0e222302, 0x1e141502, 0x80170102, 
0x1e304c52, 0x3e645674, 0x282c2732, 0x503d312c, 0x36366386, 0x4c508663, 0x36396585, 0x40508663, 
0x2e305670, 0x44447153, 0x2e2e5372, 0x018a7253, 0x2f4140b5, 0xadc20c37, 0x1f28ebad, 0xfe8a2023, 
0x86633681, 0x63865050, 0x86633636, 0x63865050, 0x552e3536, 0x72414572, 0x552e3156, 0x72414572, 
0x01003156, 0xf802fdff, 0x3a03f701, 0x00000300, 0x21352141, 0x06fef701, 0xf802fa01, 0x02000042, 
0xa1013700, 0xd4027501, 0x1b000f00, 0x22530000, 0x34352626, 0x32333636, 0x14151616, 0x32270606, 
0x26343536, 0x15062223, 0x30d61614, 0x47272847, 0x28482f31, 0x302e4828, 0x312e2f2d, 0xa1012e2e, 
0x2e2d4527, 0x45272745, 0x27452d2e, 0x2c2a343b, 0x2a2c3434, 0x01000034, 0x5e022800, 0xfe02f100, 
0x00000c00, 0x07030e53, 0x023e3523, 0x09f13337, 0x12292922, 0x22230f3a, 0xf4026a0b, 0x272b280e, 
0x34130c0e, 0x01001637, 0x81ff3700, 0xf8022502, 0x00001200, 0x23112345, 0x06112311, 0x26222306, 
0x36343526, 0x02213336, 0x3a663a25, 0x3e11270f, 0x6437335c, 0x7f120141, 0xc1fc3f03, 0x05049001, 
0x605b6c2e, 0xffff2e6d, 0x1d014800, 0xa401c400, 0xad010704, 0x2b010000, 0x0e000100, 0xd40010ff, 
0x16000000, 0x14570000, 0x26222306, 0x16163527, 0x35363233, 0x37272634, 0x021e0733, 0x0f4a4ad4, 
0x1e09081b, 0x3526240e, 0x1a3a2b26, 0x8b172818, 0x02033530, 0x13030237, 0x05181a19, 0x15053556, 
0x02000022, 0x7f012000, 0xd2025901, 0x18000c00, 0x14410000, 0x26222306, 0x33363435, 0x07161632, 
0x32331614, 0x26343536, 0x01062223, 0x43485659, 0x2f495458, 0x2cfa2746, 0x2c2c3131, 0x022c3131, 
0x57595129, 0x27575253, 0x3b3a374b, 0x393b3a3b, 0x02000039, 0x38002700, 0xd701d501, 0x0d000600, 
0x07410000, 0x37273727, 0x27070717, 0x17372737, 0x3eaad501, 0xaa3e8c8c, 0x8c3ea9c7, 0x01a93e8c, 
0xab25c901, 0x0dc924ab, 0xabab25c9, 0x0200c924, 0x40fff0ff, 0x22027c01, 0x2b001f00, 0x14530000, 
0x0e070606, 0x16141502, 0x37363233, 0x23060617, 0x34352622, 0x3e373636, 0x33353502, 0x23061437, 
0x34352622, 0x16323336, 0x21240ffc, 0x3f122c26, 0x224c323a, 0x3c61281f, 0x351d685f, 0x0c222224, 
0x1b231746, 0x19242419, 0x3001231b, 0x1c313825, 0x1e2a2d20, 0x101a3430, 0x5e1c1546, 0x353f2d51, 
0x2a291d1e, 0x2593111c, 0x24251e1e, 0xffff2020, 0x00000000, 0xb0037e02, 0xbf012604, 0x07000000, 
0x9400dc01, 0xffffb200, 0x00000000, 0xb0037e02, 0xbf012604, 0x07000000, 0xe1000502, 0xffffb200, 
0x00000000, 0xb0037e02, 0xbf012604, 0x07000000, 0x6d00a802, 0xffffb200, 0x00000000, 0x91037e02, 
0xbf012604, 0x07000000, 0x5f00af02, 0xffffb200, 0x00000000, 0x8c037e02, 0xbf012604, 0x07000000, 
0x1d00fe01, 0xffffb200, 0x00000000, 0x6e037e02, 0xbf012604, 0x07000000, 0xa800ad02, 0x02003d00, 
0x0000ffff, 0xca023503, 0x13000f00, 0x21610000, 0x23072335, 0x21152101, 0x21152115, 0x33252115, 
0x35032311, 0x6bfa8cfe, 0x0153015d, 0x01e6fee3, 0x01f9fe07, 0xd7b5fd1a, 0x02dddd3a, 0x4edf4fca, 
0x4d01deff, 0x3d00ffff, 0x590210ff, 0x2604d402, 0x0000c101, 0x08020700, 0x00000501, 0x6100ffff, 
0xf0010000, 0x2604b003, 0x0000c301, 0xdc010700, 0xb2008700, 0x6100ffff, 0xf0010000, 0x2604b003, 
0x0000c301, 0x05020700, 0xb200d400, 0x6100ffff, 0xf0010000, 0x2604b003, 0x0000c301, 0xa8020700, 
0xb2006000, 0x6100ffff, 0xf0010000, 0x26048c03, 0x0000c301, 0xfe010700, 0xb2001000, 0x2800ffff, 
0x2a010000, 0x2604b003, 0x0000c701, 0xdc010700, 0xb2000000, 0x2800ffff, 0x3e010000, 0x2604b003, 
0x0000c701, 0x05020700, 0xb2004d00, 0x0100ffff, 0x53010000, 0x2604b003, 0x0000c701, 0xa8020700, 
0xb200d9ff, 0x1e00ffff, 0x37010000, 0x26048c03, 0x0000c701, 0xfe010700, 0xb20089ff, 0x1e000200, 
0x9d020000, 0x0e00ca02, 0x00001c00, 0x16163241, 0x06061415, 0x23112323, 0x17113335, 0x15331523, 
0x32331523, 0x26343536, 0x6b3d0126, 0xa759579e, 0x4a4abf76, 0xb2b26ec8, 0x4090925a, 0x50ca0278, 
0xa278739b, 0x4e3a0152, 0xf54d4201, 0x8d8fed4e, 0x003b7a5f, 0x6100ffff, 0x97020000, 0x26049103, 
0x0000cc01, 0xaf020700, 0xb2009d00, 0x3d00ffff, 0xd002f6ff, 0x2604b003, 0x0000cd01, 0xdc010700, 
0xb200dd00, 0x3d00ffff, 0xd002f6ff, 0x2604b003, 0x0000cd01, 0x05020700, 0xb2002a01, 0x3d00ffff, 
0xd002f6ff, 0x2604b003, 0x0000cd01, 0xa8020700, 0xb200b600, 0x3d00ffff, 0xd002f6ff, 0x26049103, 
0x0000cd01, 0xaf020700, 0xb200a800, 0x3d00ffff, 0xd002f6ff, 0x26048c03, 0x0000cd01, 0xfe010700, 
0xb2006600, 0x40000100, 0xfa018400, 0x0b003e02, 0x17410000, 0x27071707, 0x27372707, 0xc8011737, 
0x32a9aa32, 0xa934a7ab, 0x02a934aa, 0xaaaa333e, 0x33a9a933, 0xab34a9aa, 0x3d000300, 0xd002e1ff, 
0x1a00ea02, 0x2f002400, 0x14410000, 0x2223020e, 0x27072726, 0x35262637, 0x33363634, 0x37171632, 
0x16160717, 0x01273407, 0x32331616, 0x14253636, 0x26011716, 0x06222326, 0x2ad00206, 0x38517b53, 
0x3d30245d, 0x482c2c34, 0x59347093, 0x333d2e25, 0x335f302e, 0x451ac0fe, 0x3267512a, 0x18172bfe, 
0x41193f01, 0x32695128, 0x87536601, 0x17183462, 0x314a2844, 0xa46e578c, 0x4215185c, 0x8c304729, 
0xfe498158, 0x4614123a, 0x643d5a82, 0x11c30125, 0x00814512, 0x5a00ffff, 0x8002f6ff, 0x2604b003, 
0x0000d301, 0xdc010700, 0xb200c400, 0x5a00ffff, 0x8002f6ff, 0x2604b003, 0x0000d301, 0x05020700, 
0xb2001101, 0x5a00ffff, 0x8002f6ff, 0x2604b003, 0x0000d301, 0xa8020700, 0xb2009d00, 0x5a00ffff, 
0x8002f6ff, 0x26048c03, 0x0000d301, 0xfe010700, 0xb2004d00, 0x0000ffff, 0x36020000, 0x2604b003, 
0x0000d701, 0x05020700, 0xb200be00, 0x61000200, 0x2a020000, 0x0e00ca02, 0x00001800, 0x020e1441, 
0x23152323, 0x33153311, 0x32051632, 0x34353636, 0x11232326, 0x421c2a02, 0x5a51526e, 0x7e91605a, 
0x5946d9fe, 0x5962572b, 0x522d7e01, 0x029b253f, 0xf96e7cca, 0x4534411d, 0x00e6fe43, 0x55000100, 
0x4a02f6ff, 0x3c00fd02, 0x14410000, 0x1415030e, 0x1e171616, 0x06141502, 0x26222306, 0x021e3527, 
0x35363233, 0x27262634, 0x3435022e, 0x3435033e, 0x06222326, 0x23111506, 0x36363411, 0x16163233, 
0x2a1c0a02, 0x260d1c2a, 0x1c342425, 0x2f37542f, 0x2e111a48, 0x30371a35, 0x2a242911, 0x291b142f, 
0x38471b29, 0x58253d23, 0x413f643a, 0x69023661, 0x20273322, 0x160d121f, 0x3018191d, 0x4839283a, 
0x4f101222, 0x2e0c140a, 0x24251828, 0x2c2b1b17, 0x212c1f1a, 0x2a1b2620, 0x2b2e1326, 0x4802b8fd, 
0x21234f43, 0xffff0041, 0xf6ff2e00, 0xfe02e001, 0xdd012604, 0x06000000, 0x006fdc01, 0x2e00ffff, 
0xe001f6ff, 0x2604fe02, 0x0000dd01, 0x05020700, 0x0000bc00, 0x2e00ffff, 0xe001f6ff, 0x2604fe02, 
0x0000dd01, 0xa8020600, 0xffff0048, 0xf6ff2e00, 0xdf02e001, 0xdd012604, 0x06000000, 0x003aaf02, 
0x2e00ffff, 0xe001f6ff, 0x2604da02, 0x0000dd01, 0xfe010600, 0xffff00f8, 0xf6ff2e00, 0x3103e001, 
0xdd012604, 0x07000000, 0x8300ad02, 0x03000000, 0xf6ff2e00, 0x22022d03, 0x3d003100, 0x00004500, 
0x16163241, 0x16211515, 0x36323316, 0x06061537, 0x26262223, 0x23020e27, 0x35262622, 0x37363634, 
0x26343537, 0x07062223, 0x33363627, 0x36171632, 0x06060336, 0x33161415, 0x35363632, 0x06223735, 
0x26343307, 0x415b0226, 0xa9fe335e, 0x324a4f02, 0x4d28264c, 0x3b4d2e32, 0x49371715, 0x2d4d3034, 
0x5a526d35, 0x4d28333d, 0x64231b21, 0x15513e31, 0x5ef6541a, 0x2a2a3348, 0x3ae02743, 0x19f80543, 
0x3c220234, 0x6036486c, 0x4d12135b, 0x33191112, 0x1c332225, 0x36364722, 0x0302294a, 0x18344122, 
0x1a144211, 0x2e292d29, 0x3804e1fe, 0x212a2d33, 0xd4303444, 0x452e4a4f, 0xffff0026, 0x10ff3700, 
0x2202bf01, 0xdf012604, 0x07000000, 0xaa000802, 0xffff0000, 0xf6ff3700, 0xfe020102, 0xe1012604, 
0x06000000, 0x0073dc01, 0x3700ffff, 0x0102f6ff, 0x2604fe02, 0x0000e101, 0x05020700, 0x0000c000, 
0x3700ffff, 0x0102f6ff, 0x2604fe02, 0x0000e101, 0xa8020600, 0xffff004c, 0xf6ff3700, 0xda020102, 
0xe1012604, 0x06000000, 0x00fcfe01, 0xffffffff, 0xc8000000, 0x2604fe02, 0x0000c702, 0xdc010600, 
0xffff00d7, 0x00004c00, 0xfe021501, 0xc7022604, 0x06000000, 0x00240502, 0xd8ffffff, 0x2a010000, 
0x2604fe02, 0x0000c702, 0xa8020600, 0xffff00b0, 0x0000f5ff, 0xda020e01, 0xc7022604, 0x07000000, 
0x60fffe01, 0x02000000, 0xf6ff3700, 0xfd022702, 0x34002400, 0x16530000, 0x17371716, 0x15021e07, 
0x23060614, 0x35262622, 0x33363634, 0x17161632, 0x27262637, 0x26372707, 0x22132726, 0x14150606, 
0x32331616, 0x2e343536, 0x4120d802, 0x6326731d, 0x3c28452e, 0x6f484e70, 0x48693a3f, 0x102e3b23, 
0x2a421004, 0x15702682, 0x387b172e, 0x47212146, 0x134c5337, 0xfd023b28, 0x4315240f, 0x712a3936, 
0x7f5f518a, 0x4b6d3b3f, 0x0c3a6b4b, 0x3902141a, 0x374b2660, 0x0c1b0e40, 0x4c28d1fe, 0x2b4c3138, 
0x371f5c61, 0xffff1829, 0x00005500, 0xdf021902, 0xea012604, 0x06000000, 0x0056af02, 0x3700ffff, 
0x2702f6ff, 0x2604fe02, 0x0000eb01, 0xdc010700, 0x00008500, 0x3700ffff, 0x2702f6ff, 0x2604fe02, 
0x0000eb01, 0x05020700, 0x0000d200, 0x3700ffff, 0x2702f6ff, 0x2604fe02, 0x0000eb01, 0xa8020600, 
0xffff005e, 0xf6ff3700, 0xdf022702, 0xeb012604, 0x06000000, 0x0050af02, 0x3700ffff, 0x2702f6ff, 
0x2604da02, 0x0000eb01, 0xfe010600, 0x0300000e, 0x79003200, 0x47020902, 0x0f000300, 0x00001b00, 
0x15213553, 0x35262207, 0x32333634, 0x06141516, 0x35262203, 0x32333634, 0x06141516, 0xecd70132, 
0x17212117, 0x17202017, 0x17212117, 0x01202017, 0xc447473d, 0x1a22201d, 0x1d20221a, 0x201d5501, 
0x221a1a22, 0x03001d20, 0xdfff3700, 0x36022702, 0x22001800, 0x00002d00, 0x06061441, 0x27262223, 
0x26372707, 0x36343526, 0x17163233, 0x16071737, 0x16140516, 0x26261317, 0x05062223, 0x03272634, 
0x32331616, 0x27023636, 0x254d703d, 0x3a281c40, 0x86211f2d, 0x1c422573, 0x1d2d3b27, 0x0b6bfe22, 
0x2d11dc0d, 0x014a521a, 0xdc0b0c3a, 0x36192c11, 0x0d012146, 0x11417d59, 0x3e273810, 0x85406524, 
0x38111390, 0x63233f26, 0x1941263e, 0x0d0c3201, 0x3e255f6c, 0x0bcefe18, 0x005d320c, 0x4f00ffff, 
0x1502f6ff, 0x2604fe02, 0x0000f101, 0xdc010700, 0x00008b00, 0x4f00ffff, 0x1502f6ff, 0x2604fe02, 
0x0000f101, 0x05020700, 0x0000d800, 0x4f00ffff, 0x1502f6ff, 0x2604fe02, 0x0000f101, 0xa8020600, 
0xffff0064, 0xf6ff4f00, 0xda021502, 0xf1012604, 0x06000000, 0x0014fe01, 0x0100ffff, 0xfe0110ff, 
0x2604fe02, 0x0000f501, 0x05020700, 0x0000a200, 0x55000200, 0x300210ff, 0x1c00f802, 0x00002a00, 
0x06061441, 0x26262223, 0x021e2327, 0x11231515, 0x06141533, 0x023e3307, 0x07163233, 0x22232634, 
0x14150706, 0x36323316, 0x37300236, 0x3f2a4263, 0x0106102e, 0x58580203, 0x10040102, 0x632b3e2d, 
0x4a465b79, 0x41024452, 0x1f3f3158, 0x7d5b0d01, 0x1524153f, 0x0b222007, 0xe0e803e0, 0x170d2d0e, 
0x888c1625, 0x5c5c6565, 0x306b6313, 0xffff005d, 0x10ff0100, 0xda02fe01, 0xf5012604, 0x06000000, 
0x00defe01, 0x0000ffff, 0x7e020000, 0x26045703, 0x0000bf01, 0xaa020700, 0xb2008100, 0x2e00ffff, 
0xe001f6ff, 0x2604a502, 0x0000dd01, 0xaa020600, 0xffff005c, 0x00000000, 0x96037e02, 0xbf012604, 
0x07000000, 0x7a00ab02, 0xffffb200, 0xf6ff2e00, 0xe402e001, 0xdd012604, 0x06000000, 0x0055ab02, 
0x0000ffff, 0x7e0224ff, 0x2604cd02, 0x0000bf01, 0xae020700, 0x0000b101, 0x2e00ffff, 0xf90124ff, 
0x26042102, 0x0000dd01, 0xae020700, 0x00002c01, 0x3d00ffff, 0x5902f6ff, 0x2604b003, 0x0000c101, 
0x05020700, 0xb2001f01, 0x3700ffff, 0xbf01f6ff, 0x2604fe02, 0x0000df01, 0x05020700, 0x0000bf00, 
0x3d00ffff, 0x5902f6ff, 0x26049303, 0x0000c101, 0xac020700, 0xb2002101, 0x3700ffff, 0xbf01f6ff, 
0x2604e102, 0x0000df01, 0xac020700, 0x0000c100, 0x3d00ffff, 0x5902f6ff, 0x2604b003, 0x0000c101, 
0xa9020700, 0xb200ab00, 0x3700ffff, 0xc501f6ff, 0x2604fe02, 0x0000df01, 0xa9020600, 0xffff004b, 
0x00006100, 0xb0039d02, 0xc2012604, 0x07000000, 0x9800a902, 0xffffb200, 0xf6ff3700, 0xf802b002, 
0xe0012604, 0x07000000, 0x7a01c302, 0xffff0000, 0x00001e00, 0xca029d02, 0x1c020604, 0x02000000, 
0xf6ff3700, 0xf8025e02, 0x2c001f00, 0x22450000, 0x36343526, 0x16163233, 0x26263317, 0x35233535, 
0x15333533, 0x11231533, 0x0e232723, 0x36322702, 0x26343535, 0x15062223, 0x13011614, 0x63797864, 
0x102e3f2a, 0xd5040206, 0x4c4c58d5, 0x10040d48, 0x541b3e2e, 0x47594245, 0x8b0a4646, 0x158a8c88, 
0x330d1624, 0x59423d10, 0xa3fd4259, 0x16251748, 0x115d5c49, 0x606e6865, 0xffff6960, 0x00006100, 
0x5703f001, 0xc3012604, 0x07000000, 0x7400aa02, 0xffffb200, 0xf6ff3700, 0xa5020102, 0xe1012604, 
0x06000000, 0x0060aa02, 0x6100ffff, 0xf0010000, 0x26049303, 0x0000c301, 0xac020700, 0xb200d600, 
0x3700ffff, 0x0102f6ff, 0x2604e102, 0x0000e101, 0xac020700, 0x0000c200, 0x6100ffff, 0xf00124ff, 
0x2604ca02, 0x0000c301, 0xae020700, 0x00001e01, 0x37000300, 0x010224ff, 0x15002202, 0x35002d00, 
0x14450000, 0x36323316, 0x06061537, 0x35262223, 0x37363634, 0x03020e37, 0x15161632, 0x16162115, 
0x37363233, 0x23060615, 0x35262622, 0x17363634, 0x21070622, 0x01262634, 0x11151885, 0x1c0e0817, 
0x1d323514, 0x2850142b, 0x4561102c, 0x91fe3563, 0x33505902, 0x50292a4f, 0x41754c37, 0x3f466b3b, 
0x11010749, 0x1674391c, 0x38010517, 0x2c320504, 0x0e2c361d, 0x2830200a, 0x6d3c8102, 0x5f5b3549, 
0x124d1213, 0x597b3e11, 0x48447e58, 0x442e4851, 0xffff0027, 0x00006100, 0xb003f001, 0xc3012604, 
0x07000000, 0x6000a902, 0xffffb200, 0xf6ff3700, 0xfe020102, 0xe1012604, 0x06000000, 0x004ca902, 
0x3d00ffff, 0x8e02f6ff, 0x26049603, 0x0000c501, 0xab020700, 0xb200d100, 0x3700ffff, 0x120210ff, 
0x2604e402, 0x0000e301, 0xab020600, 0xffff0065, 0xf6ff3d00, 0x93038e02, 0xc5012604, 0x07000000, 
0x3a01ac02, 0xffffb200, 0x10ff3700, 0xe1021202, 0xe3012604, 0x07000000, 0xce00ac02, 0xffff0000, 
0x23ff3d00, 0xd4028e02, 0xc5012604, 0x07000000, 0x9201c402, 0xffff0000, 0x10ff3700, 0xfe021202, 
0xe3012604, 0x06000000, 0x0031c502, 0x00000200, 0xe4020000, 0x1300ca02, 0x00001700, 0x35231173, 
0x15333533, 0x15333521, 0x11231533, 0x11211123, 0x21352111, 0x5a616161, 0x615a6e01, 0x92fe5a61, 
0x92fe6e01, 0x77480b02, 0x48777777, 0x4d01f5fd, 0x9c01b3fe, 0x0100006f, 0x00000900, 0xf8021902, 
0x00002200, 0x15331553, 0x06141523, 0x023e3307, 0x16163233, 0x11231115, 0x22232634, 0x11150606, 
0x35231123, 0xd4ad3533, 0x060203d4, 0x23403411, 0x572c5641, 0x443c3e3a, 0x4c4c581d, 0x425af802, 
0x10271357, 0x2913241c, 0xb7fe4557, 0x40414301, 0xfe3f562d, 0x425c02fe, 0xffff005a, 0x00001500, 
0x57033e01, 0xc7012604, 0x07000000, 0xedffaa02, 0xffffb200, 0x0000ecff, 0xa5021501, 0xc7022604, 
0x06000000, 0x00c4aa02, 0x2800ffff, 0x2a0124ff, 0x2604ca02, 0x0000c701, 0xae020600, 0xffff005c, 
0x24ff1b00, 0xe102c000, 0xe5012604, 0x06000000, 0x00f3ae02, 0x2800ffff, 0x2a010000, 0x26049303, 
0x0000c701, 0xac020700, 0xb2004f00, 0x6100ffff, 0x6b0223ff, 0x2604ca02, 0x0000c901, 0xc4020700, 
0x00004a01, 0x5500ffff, 0x0d0223ff, 0x2604f802, 0x0000e701, 0xc4020700, 0x00000b01, 0x5700ffff, 
0xf3010000, 0x2604b003, 0x0000ca01, 0x05020700, 0xb2002f00, 0x4c00ffff, 0x15010000, 0x2604de03, 
0x0000e801, 0x05020700, 0xe0002400, 0x6100ffff, 0xf30123ff, 0x2604ca02, 0x0000ca01, 0xc4020700, 
0x00002c01, 0x4100ffff, 0xc10023ff, 0x2604f802, 0x0000e801, 0xc4020700, 0x00008100, 0x6100ffff, 
0xf3010000, 0x2604ca02, 0x0000ca01, 0xc3020700, 0xd2ffbd00, 0x5500ffff, 0x51010000, 0x2604f802, 
0x0000e801, 0xc3020600, 0x0100001b, 0x00000d00, 0xca02f301, 0x00000d00, 0x27073573, 0x11331137, 
0x15071737, 0x31611521, 0x895a5423, 0x3801ad24, 0x323c1cf7, 0xb4fe8101, 0xdc643f51, 0x01000050, 
0x0000f7ff, 0xf8020b01, 0x00000b00, 0x27071173, 0x11331137, 0x11071737, 0x5724334e, 0x65254058, 
0x3b201d01, 0xfe880138, 0x443b2cb1, 0xffffaafe, 0x00006100, 0xb0039702, 0xcc012604, 0x07000000, 
0x1f010502, 0xffffb200, 0x00005500, 0xfe021902, 0xea012604, 0x07000000, 0xd8000502, 0xffff0000, 
0x23ff6100, 0xca029702, 0xcc012604, 0x07000000, 0x7c01c402, 0xffff0000, 0x23ff5500, 0x22021902, 
0xea012604, 0x07000000, 0x3501c402, 0xffff0000, 0x00006100, 0xb0039702, 0xcc012604, 0x07000000, 
0xab00a902, 0xffffb200, 0x00005500, 0xfe021902, 0xea012604, 0x06000000, 0x0064a902, 0x3d00ffff, 
0xd002f6ff, 0x2604b003, 0x0000cd01, 0xb0020700, 0xb200ab00, 0x3700ffff, 0x2702f6ff, 0x2604fe02, 
0x0000eb01, 0xb0020600, 0x02000053, 0xf6ff3d00, 0xd5026403, 0x28001800, 0x32410000, 0x15211716, 
0x15211521, 0x15211521, 0x23060621, 0x35262622, 0x17363634, 0x15020e22, 0x33161614, 0x11373632, 
0x82012626, 0x0116301a, 0x01e1fe82, 0x01f4fe0c, 0x1684fe1f, 0x936f1a31, 0x75914748, 0x1d3a5b3d, 
0x1c516a33, 0x31151433, 0x0506d502, 0xff4edf4f, 0x5c06044f, 0xa46f6fa6, 0x4b274f5b, 0x825a446a, 
0x02080946, 0x00080821, 0x36000300, 0x7e03f6ff, 0x24002102, 0x3b003300, 0x32410000, 0x15151616, 
0x33161621, 0x15373632, 0x22230606, 0x06062726, 0x26262223, 0x36363435, 0x17163233, 0x2205023e, 
0x16141506, 0x36323316, 0x26343536, 0x06222526, 0x26342107, 0x44a50226, 0x9cfe3461, 0x354d5302, 
0x4e28284d, 0x20684435, 0x4642661f, 0x6e3b3f6d, 0x1e643f4c, 0xfe453714, 0x1f464fab, 0x42343543, 
0x01432020, 0x06463c48, 0x371a0501, 0x6c3c2102, 0x5a603549, 0x124d1213, 0x37373811, 0x597d4138, 
0x38417b58, 0x19312436, 0x43656649, 0x5a2e2f5c, 0x2e5b4642, 0x2e4a4e01, 0xffff2644, 0x00006100, 
0xb0035f02, 0xd0012604, 0x07000000, 0xda000502, 0xffffb200, 0x00005500, 0xfe028e01, 0xee012604, 
0x07000000, 0x93000502, 0xffff0000, 0x00006100, 0xb0035f02, 0xd0012604, 0x07000000, 0x6600a902, 
0xffffb200, 0x00004700, 0xfe029901, 0xee012604, 0x06000000, 0x001fa902, 0x3300ffff, 0xf601f6ff, 
0x2604b003, 0x0000d101, 0x05020700, 0xb200c000, 0x3300ffff, 0xb201f6ff, 0x2604fe02, 0x0000ef01, 
0x05020700, 0x00009300, 0x3300ffff, 0xf60110ff, 0x2604d402, 0x0000d101, 0x08020700, 0x00009000, 
0x3300ffff, 0xb20110ff, 0x26042202, 0x0000ef01, 0x08020600, 0xffff007f, 0xf6ff3300, 0xb003f601, 
0xd1012604, 0x07000000, 0x4c00a902, 0xffffb200, 0xf6ff3300, 0xfe02b201, 0xef012604, 0x06000000, 
0x001fa902, 0x0a00ffff, 0x210223ff, 0x2604ca02, 0x0000d201, 0xc4020700, 0x00001601, 0x1000ffff, 
0x530123ff, 0x26049302, 0x0000f001, 0xc4020700, 0x0000d600, 0x0a00ffff, 0x21020000, 0x2604b003, 
0x0000d201, 0xa9020700, 0xb2004500, 0x1000ffff, 0xd601f6ff, 0x2604f802, 0x0000f001, 0xc3020700, 
0x0000a000, 0x5a00ffff, 0x8002f6ff, 0x26045703, 0x0000d301, 0xaa020700, 0xb200b100, 0x4f00ffff, 
0x1502f6ff, 0x2604a502, 0x0000f101, 0xaa020600, 0xffff0078, 0xf6ff5a00, 0xe3038002, 0xd3012604, 
0x07000000, 0xd800ad02, 0xffffb200, 0xf6ff4f00, 0x31031502, 0xf1012604, 0x07000000, 0x9f00ad02, 
0xffff0000, 0xf6ff5a00, 0xb0038002, 0xd3012604, 0x07000000, 0x9200b002, 0xffffb200, 0xf6ff4f00, 
0xfe021502, 0xf1012604, 0x06000000, 0x0059b002, 0x5a000200, 0x800224ff, 0x1500ca02, 0x00002900, 
0x33161445, 0x15373632, 0x22230606, 0x36343526, 0x0e373736, 0x06141302, 0x26222306, 0x11331135, 
0x32331614, 0x11353636, 0x18d20133, 0x08171115, 0x35141c0e, 0x142e2032, 0x13281e3f, 0x5f7b3cae, 
0x5d5a8b85, 0x2651415e, 0x191d6b59, 0x04380105, 0x20333405, 0x0b0e323d, 0x012e3622, 0x45774a4f, 
0xcc017791, 0x605731fe, 0x0136532f, 0xffff00ce, 0x24ff4f00, 0x18021d02, 0xf1012604, 0x07000000, 
0x5001ae02, 0xffff0000, 0x00000c00, 0xb0039503, 0xd5012604, 0x07000000, 0x0001a802, 0xffffb200, 
0x01000b00, 0xfe020703, 0xf3012604, 0x07000000, 0xb800a802, 0xffff0000, 0x00000000, 0xb0033602, 
0xd7012604, 0x07000000, 0x4a00a802, 0xffffb200, 0x10ff0100, 0xfe02fe01, 0xf5012604, 0x06000000, 
0x002ea802, 0x0000ffff, 0x36020000, 0x26048c03, 0x0000d701, 0xfe010700, 0xb200faff, 0x2600ffff, 
0x15020000, 0x2604b003, 0x0000d801, 0x05020700, 0xb200c500, 0x2700ffff, 0xaf010000, 0x2604fe02, 
0x0000f601, 0x05020700, 0x00008e00, 0x2600ffff, 0x15020000, 0x26049303, 0x0000d801, 0xac020700, 
0xb200c700, 0x2700ffff, 0xaf010000, 0x2604e102, 0x0000f601, 0xac020700, 0x00009000, 0x2600ffff, 
0x15020000, 0x2604b003, 0x0000d801, 0xa9020700, 0xb2005100, 0x2700ffff, 0xaf010000, 0x2604fe02, 
0x0000f601, 0xa9020600, 0xffff001a, 0x23ff3300, 0xd402f601, 0xd1012604, 0x07000000, 0x0101c402, 
0xffff0000, 0x23ff3300, 0x2202b201, 0xef012604, 0x07000000, 0xf000c402, 0x01000000, 0x5e022800, 
0xfe027a01, 0x00001200, 0x17021e53, 0x26262315, 0x07060627, 0x023e3523, 0x2d0cfd37, 0x1a3e1331, 
0x361b1b38, 0x2f133c1a, 0xfe020d2c, 0x13353716, 0x1b2f100b, 0x0b112e1b, 0x16373414, 0x28000100, 
0x7a015e02, 0x1200fe02, 0x2e530000, 0x33352702, 0x36171616, 0x15333736, 0xa307020e, 0x12302c0d, 
0x19381a3c, 0x3e1a381b, 0x0c2d3113, 0x35175e02, 0x110d1334, 0x301b1b30, 0x34130d11, 0x01001735, 
0x5e022800, 0xa5025101, 0x00000300, 0x35211541, 0xd7fe5101, 0x4747a502, 0x28000100, 0x5f015e02, 
0x0e00e402, 0x0e410000, 0x26222302, 0x16163327, 0x37363233, 0x27035f01, 0x4b4a3044, 0x32053604, 
0x0539272e, 0x3c28e402, 0x293d4922, 0x00271816, 0x28000100, 0x8f007102, 0x0b00e102, 0x32530000, 
0x06141516, 0x35262223, 0x145c3634, 0x16141f1f, 0xe1021e1e, 0x1c1c1d1b, 0x1b1d1c1c, 0x28000200, 
0x04015e02, 0x0b003103, 0x00001700, 0x35262253, 0x32333634, 0x06141516, 0x35363227, 0x22232634, 
0x16141506, 0x3c3c3195, 0x3f402f31, 0x201f1930, 0x1d201818, 0x32385e02, 0x31373732, 0x1e323833, 
0x1e1e1a1a, 0x001e1a1a, 0x28000100, 0xcd0024ff, 0x14000f00, 0x14570000, 0x36323316, 0x06061537, 
0x35262223, 0x37363634, 0x70060617, 0x17111518, 0x141c0e08, 0x2b1d3235, 0x22223014, 0x05171674, 
0x05043801, 0x361d2c32, 0x200f0e2c, 0x01000035, 0x5e022800, 0xdf029701, 0x00001900, 0x33033e53, 
0x33021e32, 0x33373632, 0x22230606, 0x2223022e, 0x03280706, 0x18261c11, 0x23262916, 0x07191710, 
0x2f380632, 0x23272815, 0x07181811, 0x2f1e5e02, 0x17111221, 0x3a1d1d11, 0x11171146, 0x02001d1d, 
0x5e022800, 0xfe028f01, 0x19000c00, 0x0e410000, 0x35230703, 0x3337023e, 0x07030e07, 0x023e3523, 
0x8f013337, 0x27271e08, 0x200e3211, 0xb0600a1f, 0x27271e08, 0x200e3211, 0x02600b1e, 0x2c280df4, 
0x130c0e27, 0x0a163734, 0x272c280d, 0x34130c0e, 0xffff1637, 0x00000c00, 0xb0039503, 0xd5012604, 
0x07000000, 0x2701dc01, 0xffffb200, 0x01000b00, 0xfe020703, 0xf3012604, 0x07000000, 0xdf00dc01, 
0xffff0000, 0x00000c00, 0xb0039503, 0xd5012604, 0x07000000, 0x74010502, 0xffffb200, 0x01000b00, 
0xfe020703, 0xf3012604, 0x07000000, 0x2c010502, 0xffff0000, 0x00000c00, 0x8c039503, 0xd5012604, 
0x07000000, 0xb000fe01, 0xffffb200, 0x01000b00, 0xda020703, 0xf3012604, 0x06000000, 0x0068fe01, 
0x0000ffff, 0x36020000, 0x2604b003, 0x0000d701, 0xdc010700, 0xb2007100, 0x0100ffff, 0xfe0110ff, 
0x2604fe02, 0x0000f501, 0xdc010600, 0x01000055, 0xe5002800, 0x3301cc01, 0x00000300, 0x15213577, 
0xe5a40128, 0x01004e4e, 0xe5002800, 0x3301c003, 0x00000300, 0x15213577, 0xe5980328, 0xffff4e4e, 
0x7fff3d00, 0x7400d400, 0x81000704, 0xaafd1300, 0x3d00ffff, 0x8c017fff, 0x07047400, 0x13007f00, 
0x0100aafd, 0xf1004d00, 0xe9012b01, 0x00000f00, 0x36363453, 0x16163233, 0x06061415, 0x26262223, 
0x1f331d4d, 0x1e1e321f, 0x331f1f32, 0x2d6d011d, 0x37181837, 0x19372c2d, 0xffff3719, 0xf2ff4800, 
0x7900cf02, 0xad012604, 0x27000000, 0x0601ad01, 0x07000000, 0x0b02ad01, 0x01000000, 0x38002800, 
0xd7010f01, 0x00000600, 0x07173753, 0x28270717, 0x8c8c3fa8, 0x0e01a83f, 0xabab24c9, 0x0100c925, 
0x38002700, 0xd7010e01, 0x00000600, 0x07151753, 0x65273727, 0x8c3ea9a9, 0xc9d7018c, 0xab25c90d, 
0x010000ab, 0xf6ff1700, 0xd3022f02, 0x00003600, 0x17163241, 0x23262607, 0x07020e22, 0x06231533, 
0x14141514, 0x23153317, 0x3233021e, 0x06153736, 0x26222306, 0x35232726, 0x35342633, 0x23353634, 
0x023e3335, 0x58327c01, 0x4b1c2529, 0x2f3e2527, 0xfbf40922, 0xd5dd0101, 0x3650320c, 0x1f1f4f27, 
0x7251304b, 0x48500f46, 0x4f480101, 0x0274460d, 0x481816d3, 0x30171a0f, 0x0a413048, 0x15090a12, 
0x5038410b, 0x4e0d132a, 0x733e130d, 0x100c414f, 0x06150b0d, 0x42785241, 0x11000200, 0xbd026a01, 
0x1400ca02, 0x00001c00, 0x13331141, 0x23113313, 0x37363435, 0x03230323, 0x15161623, 0x23112115, 
0x23152135, 0x5e450111, 0x405b615e, 0x65040102, 0x01046035, 0x65f5fe02, 0x01660a01, 0xfe60016a, 
0xfe0f01f1, 0x2f08cca0, 0x01f1fe0c, 0x0628100f, 0x362a01d1, 0x00d6fe36, 0xbe000100, 0x36015802, 
0x0c00f802, 0x0e410000, 0x35230702, 0x3337033e, 0x17043601, 0x05300f1e, 0x0207090a, 0x12ef0257, 
0x0c163936, 0x2729260e, 0x01000010, 0x23ffc0ff, 0xc3ff4000, 0x00000b00, 0x07020e57, 0x023e3523, 
0x04403337, 0x30122119, 0x020e1108, 0x37124657, 0x110c1638, 0x00153935, 0xb9000100, 0x3a015e02, 
0x0b00fe02, 0x0e410000, 0x35230702, 0x3337023e, 0x11083a01, 0x0557030e, 0x31122118, 0x3511f202, 
0x12091638, 0x00163936, 0x5a000100, 0xa202f6ff, 0x2b00d402, 0x32410000, 0x07171616, 0x1415021e, 
0x22230606, 0x16352726, 0x36323316, 0x23263435, 0x2e373523, 0x06222302, 0x23111506, 0x36363411, 
0x5f426801, 0x3f8e103e, 0x6d343862, 0x295d3458, 0x552c6129, 0x3e56564a, 0x38280c9c, 0x254e3d27, 
0x02783a59, 0x324927d4, 0x5a310297, 0x38613f40, 0x16521611, 0x40444b19, 0x1aa44143, 0x532f1223, 
0x0132fe36, 0x45774ace, 0x55000100, 0xad000000, 0x03001802, 0x23730000, 0x58ad3311, 0x00180258, 
0xc9ff0100, 0xad0010ff, 0x10001802, 0x22570000, 0x16352726, 0x36323316, 0x11331135, 0x16060614, 
0x0f0e2619, 0x2a201320, 0xf0422058, 0x04470507, 0x02312306, 0x3298fd6b, 0xffff2648, 0x770273ff, 
0xda028c00, 0xfe010704, 0x0000defe, 0xcdffffff, 0x34007102, 0x0604e102, 0x00a5ac02, 0x13feffff, 
0xdcfe5e02, 0x0704fe02, 0xebfddc01, 0xffff0000, 0x5e02bbfe, 0xfe0284ff, 0x05020704, 0x000093fe, 
0x82ffffff, 0xe9005e02, 0x0704fe02, 0x5affb002, 0xffff0000, 0x5e0259ff, 0xfe02ab00, 0xa8020704, 
0x000031ff, 0x57ffffff, 0xa9005e02, 0x0704fe02, 0x2fffa902, 0xffff0000, 0x5e0265ff, 0xe4029c00, 
0xab020704, 0x00003dff, 0x94ffffff, 0x70005e02, 0x07043103, 0x6cffad02, 0xffff0000, 0x5e0215fe, 
0xdf0284ff, 0xaf020704, 0x0000edfd, 0x6cffffff, 0x95005e02, 0x0704a502, 0x44ffaa02, 0xffff0000, 
0x10ff9eff, 0x00006400, 0x08020604, 0xffff0090, 0x24ffaeff, 0x0f005300, 0xae020604, 0x03000086, 
0x10ff40ff, 0xe3ffbf00, 0x23001700, 0x00002f00, 0x17163247, 0x32333636, 0x06141516, 0x27262223, 
0x22230606, 0x36343526, 0x33161417, 0x34353632, 0x06222326, 0x23263407, 0x14150622, 0x36323316, 
0x0d2a1c53, 0x311c2a0c, 0x1b313c3c, 0x2b0d0d2a, 0x3c3c311b, 0x1b191f9e, 0x1818201d, 0x18203520, 
0x1b1d2018, 0x141d1f19, 0x37141313, 0x15383232, 0x38151313, 0x69373232, 0x1a1e1e1a, 0x1a1e1e1a, 
0x1a1e1e1a, 0x001e1e1a, 0xa1ff0100, 0x5f005402, 0x07000f03, 0x07530000, 0x37233723, 0x225f0733, 
0x227b1233, 0xcc021233, 0x43784378, 0x32000100, 0x08023d01, 0x03008401, 0x15410000, 0x08023521, 
0x84012afe, 0x00004747, 
};
